0,8192,8192,76,8325,8239,162,8476,8292,286,8693,8368,452,8983,8471,663,9353,8601,924,9696,8762,1235,9932,8955,1582,10091,9168,1923,10246,9374,2258,10397,9572,
2587,10546,9763,2911,10692,9948,3231,10836,10125,3546,10979,10296,3857,11119,10460,4165,11258,10618,4469,11396,10769,4769,11532,10915,5067,11666,11054,5362,11799,11186,5654,11931,11313,
5944,12062,11433,6231,12192,11547,6516,12321,11656,6798,12448,11763,7079,12575,11870,7358,12701,11975,7634,12826,12080,7909,12950,12184,8182,13074,12288,8453,13196,12391,8723,13318,12493,
256,7988,8338,332,8121,8385,418,8272,8438,542,8488,8514,708,8779,8617,919,9137,8747,1180,9439,8908,1484,9658,9095,1795,9854,9285,2107,10040,9471,2419,10217,9654,
2729,10386,9832,3038,10550,10006,3344,10709,10175,3648,10863,10338,3950,11015,10496,4249,11163,10649,4546,11308,10796,4841,11451,10937,5133,11591,11072,5424,11730,11201,5712,11866,11325,
5997,12002,11443,6281,12135,11555,6563,12267,11663,6843,12398,11769,7121,12528,11875,7397,12656,11981,7672,12784,12085,7945,12910,12189,8216,13035,12292,8485,13160,12395,8754,13283,12497,
546,7757,8503,622,7890,8550,708,8041,8603,831,8257,8680,997,8548,8782,1209,8878,8913,1463,9149,9069,1734,9394,9234,2014,9620,9402,2300,9832,9571,2590,10031,9739,
2881,10219,9905,3174,10399,10068,3468,10572,10228,3760,10739,10384,4052,10901,10535,4343,11058,10682,4633,11211,10824,4921,11361,10960,5207,11508,11092,5492,11653,11218,5776,11795,11338,
6057,11934,11453,6337,12072,11563,6616,12208,11670,6893,12342,11776,7168,12475,11882,7442,12606,11987,7714,12736,12091,7985,12865,12195,8254,12992,12298,8522,13119,12400,8788,13244,12502,
961,7425,8740,1037,7558,8787,1123,7709,8840,1247,7926,8917,1410,8215,9017,1602,8519,9135,1817,8808,9265,2049,9079,9403,2295,9332,9549,2552,9568,9698,2816,9790,9849,
3086,10000,10000,3360,10199,10150,3636,10389,10299,3914,10570,10445,4193,10745,10587,4473,10914,10727,4753,11078,10862,5032,11238,10992,5311,11393,11119,5589,11545,11240,5866,11694,11356,
6142,11840,11467,6417,11983,11575,6690,12124,11681,6963,12263,11787,7234,12400,11892,7505,12535,11996,7774,12669,12100,8041,12801,12203,8308,12932,12305,8573,13061,12407,8837,13189,12509,
1509,6997,9051,1577,7144,9093,1651,7315,9138,1753,7565,9200,1883,7857,9278,2039,8156,9371,2217,8452,9477,2415,8737,9592,2629,9008,9716,2856,9265,9845,3093,9508,9978,
3339,9737,10113,3592,9955,10249,3849,10162,10385,4110,10360,10519,4374,10550,10652,4640,10733,10782,4908,10909,10909,5176,11079,11032,5445,11245,11152,5715,11406,11267,5984,11563,11378,
6253,11717,11485,6521,11867,11591,6789,12015,11696,7056,12159,11801,7322,12302,11905,7588,12442,12008,7853,12580,12111,8117,12717,12214,8380,12851,12316,8642,12984,12417,8903,13116,12518,
2073,6677,9358,2126,6850,9389,2184,7033,9424,2265,7263,9472,2371,7528,9533,2499,7811,9608,2648,8101,9693,2816,8389,9789,3001,8669,9893,3200,8939,10004,3412,9197,10119,
3634,9443,10238,3864,9678,10359,4102,9902,10482,4345,10115,10604,4592,10320,10725,4843,10517,10845,5097,10706,10963,5353,10889,11078,5611,11065,11190,5870,11237,11299,6130,11403,11404,
6390,11566,11508,6651,11724,11612,6911,11879,11716,7172,12031,11819,7432,12180,11922,7693,12326,12025,7952,12470,12127,8211,12611,12228,8470,12751,12330,8728,12888,12430,8985,13024,12530,
2621,6491,9637,2663,6638,9661,2711,6792,9688,2777,6991,9726,2863,7228,9775,2970,7490,9835,3096,7767,9905,3240,8049,9984,3400,8330,10072,3575,8605,10166,3763,8872,10265,
3962,9130,10369,4171,9378,10476,4389,9616,10585,4613,9843,10694,4843,10062,10804,5079,10272,10913,5318,10474,11021,5561,10669,11127,5806,10857,11231,6054,11040,11333,6303,11217,11435,
6554,11389,11537,6806,11556,11639,7058,11719,11741,7311,11879,11843,7565,12035,11944,7818,12188,12045,8072,12338,12146,8325,12485,12247,8579,12630,12347,8832,12773,12447,9084,12913,12546,
3155,6318,9888,3190,6440,9908,3229,6571,9929,3284,6743,9959,3357,6954,9999,3447,7194,10048,3554,7453,10106,3678,7723,10171,3818,7998,10245,3971,8273,10325,4138,8544,10410,
4317,8808,10500,4506,9065,10593,4704,9313,10689,4911,9552,10786,5124,9783,10885,5343,10005,10983,5567,10219,11081,5796,10425,11178,6028,10625,11276,6264,10818,11375,6502,11005,11474,
6742,11187,11573,6985,11364,11672,7228,11536,11772,7473,11704,11872,7719,11868,11971,7965,12028,12071,8212,12185,12170,8459,12339,12269,8706,12490,12368,8954,12638,12467,9202,12784,12565,
3676,6148,10113,3706,6252,10128,3739,6364,10146,3786,6515,10170,3848,6702,10203,3925,6920,10243,4018,7160,10291,4125,7416,10346,4247,7681,10407,4383,7950,10475,4531,8219,10548,
4692,8486,10625,4862,8747,10706,5043,9002,10790,5232,9249,10876,5429,9489,10963,5632,9721,11052,5842,9946,11143,6056,10163,11235,6276,10373,11329,6499,10576,11424,6725,10773,11519,
6955,10965,11615,7187,11151,11712,7421,11332,11809,7656,11508,11906,7894,11680,12004,8132,11848,12101,8372,12012,12199,8612,12173,12296,8853,12330,12394,9094,12485,12491,9336,12637,12588,
4187,5982,10311,4213,6072,10323,4241,6169,10338,4281,6302,10358,4335,6468,10384,4402,6665,10418,4482,6887,10457,4577,7126,10503,4684,7379,10555,4805,7639,10613,4937,7903,10675,
5081,8168,10741,5236,8430,10811,5400,8688,10886,5573,8940,10963,5754,9187,11044,5943,9427,11127,6138,9659,11213,6339,9885,11300,6545,10105,11389,6755,10317,11480,6970,10524,11572,
7188,10724,11665,7410,10919,11758,7634,11109,11852,7860,11294,11947,8089,11474,12042,8319,11649,12137,8550,11821,12232,8783,11989,12328,9017,12153,12424,9252,12314,12519,9488,12472,12615,
4689,5820,10482,4711,5897,10492,4736,5983,10504,4771,6100,10521,4818,6249,10543,4876,6428,10571,4947,6631,10604,5030,6855,10643,5126,7093,10688,5233,7343,10738,5352,7599,10793,
5482,7858,10853,5622,8118,10917,5771,8376,10985,5930,8631,11056,6097,8881,11131,6271,9126,11209,6452,9365,11290,6640,9598,11373,6833,9825,11457,7032,10046,11544,7235,10261,11631,
7442,10469,11720,7652,10673,11810,7866,10870,11901,8083,11063,11993,8302,11251,12085,8524,11435,12178,8747,11614,12271,8972,11789,12365,9199,11960,12458,9427,12127,12552,9656,12292,12646,
5182,5659,10636,5202,5728,10645,5223,5803,10656,5254,5908,10670,5295,6042,10690,5347,6204,10715,5410,6391,10744,5484,6598,10779,5569,6823,10819,5666,7060,10864,5773,7307,10914,
5890,7559,10968,6017,7814,11027,6154,8069,11089,6299,8324,11156,6453,8576,11225,6614,8823,11298,6783,9067,11374,6958,9305,11451,7139,9538,11532,7325,9765,11614,7517,9987,11697,
7713,10203,11782,7913,10414,11869,8116,10619,11957,8324,10819,12045,8534,11015,12135,8746,11205,12225,8961,11391,12315,9178,11573,12406,9397,11752,12498,9618,11926,12590,9840,12096,12682,
5668,5502,10788,5685,5563,10796,5704,5630,10806,5732,5724,10819,5768,5845,10836,5815,5993,10858,5871,6164,10885,5937,6357,10916,6014,6567,10952,6100,6792,10993,6197,7027,11038,
6303,7271,11087,6419,7519,11141,6544,7770,11199,6678,8022,11260,6820,8273,11324,6969,8522,11392,7125,8768,11463,7289,9009,11536,7458,9246,11612,7633,9479,11690,7814,9706,11769,
7999,9928,11851,8189,10145,11933,8383,10357,12018,8580,10564,12103,8781,10766,12189,8985,10964,12276,9191,11157,12364,9400,11345,12453,9611,11530,12542,9825,11711,12632,10040,11888,12722,
6146,5347,10938,6162,5401,10945,6179,5462,10954,6204,5546,10965,6236,5656,10981,6278,5791,11001,6328,5949,11025,6388,6127,11053,6457,6324,11086,6536,6536,11122,6624,6761,11164,
6721,6995,11209,6827,7235,11258,6941,7480,11311,7064,7728,11368,7195,7976,11428,7333,8224,11491,7479,8470,11557,7631,8713,11626,7790,8953,11697,7954,9189,11771,8124,9420,11847,
8299,9647,11924,8479,9870,12003,8663,10087,12084,8851,10300,12166,9042,10508,12249,9237,10712,12333,9436,10911,12418,9636,11106,12504,9840,11297,12591,10045,11484,12678,10253,11667,12766,
6618,5193,11086,6632,5243,11093,6648,5297,11100,6670,5374,11111,6700,5474,11125,6737,5598,11142,6783,5743,11164,6837,5909,11190,6900,6093,11220,6971,6293,11253,7052,6506,11291,
7140,6730,11332,7237,6962,11378,7343,7200,11427,7456,7442,11479,7577,7687,11535,7706,7932,11594,7841,8176,11656,7983,8420,11720,8132,8660,11788,8286,8898,11857,8446,9133,11929,
8611,9363,12003,8781,9590,12078,8956,9812,12155,9135,10030,12234,9317,10243,12314,9504,10452,12395,9693,10657,12477,9886,10858,12561,10081,11055,12645,10280,11247,12729,10480,11436,12815,
7085,5042,11232,7097,5087,11238,7111,5136,11245,7131,5206,11254,7158,5298,11267,7192,5411,11283,7234,5546,11303,7283,5700,11326,7341,5872,11354,7406,6060,11384,7479,6263,11419,
7561,6476,11457,7650,6699,11499,7748,6929,11544,7852,7165,11593,7965,7404,11645,8084,7646,11700,8210,7888,11758,8343,8130,11819,8482,8370,11882,8627,8609,11948,8778,8845,12016,
8933,9078,12086,9094,9307,12158,9260,9533,12231,9430,9755,12307,9604,9973,12384,9782,10187,12462,9963,10396,12541,10148,10602,12621,10336,10804,12703,10526,11002,12785,10719,11196,12868,
7545,4893,11376,7557,4933,11382,7569,4979,11388,7588,5043,11397,7612,5127,11408,7643,5232,11423,7682,5356,11441,7727,5500,11463,7779,5661,11488,7839,5838,11516,7907,6029,11548,
7982,6233,11583,8064,6447,11622,8154,6669,11664,8252,6897,11709,8356,7130,11757,8467,7367,11809,8585,7605,11863,8709,7845,11920,8839,8084,11980,8975,8322,12042,9117,8559,12106,
9264,8793,12173,9417,9024,12241,9574,9252,12312,9735,9477,12384,9901,9699,12457,10071,9916,12532,10244,10130,12609,10421,10341,12686,10601,10547,12765,10784,10750,12845,10970,10949,12925,
8001,4745,11519,8011,4782,11524,8023,4824,11530,8040,4883,11538,8062,4960,11548,8091,5057,11562,8126,5173,11579,8167,5307,11598,8216,5458,11621,8271,5624,11647,8333,5806,11677,
8403,5999,11709,8479,6204,11745,8563,6417,11784,8653,6638,11827,8750,6865,11872,8854,7096,11920,8964,7330,11971,9080,7566,12025,9202,7803,12081,9330,8039,12139,9464,8275,12200,
9603,8509,12264,9747,8742,12329,9896,8971,12396,10050,9198,12465,10207,9423,12535,10369,9643,12607,10535,9861,12681,10704,10075,12755,10877,10285,12831,11053,10492,12908,11232,10695,12987,
8451,4599,11660,8461,4633,11665,8472,4671,11670,8487,4726,11677,8508,4798,11687,8534,4888,11700,8567,4995,11715,8605,5120,11733,8650,5262,11754,8701,5419,11779,8759,5590,11806,
8823,5774,11836,8894,5970,11870,8971,6175,11906,9055,6388,11945,9146,6608,11988,9243,6833,12033,9346,7062,12081,9455,7293,12131,9570,7527,12184,9691,7761,12240,9817,7995,12297,
9948,8229,12357,10085,8461,12419,10226,8692,12483,10372,8920,12549,10522,9146,12617,10676,9369,12686,10834,9589,12756,10996,9806,12828,11162,10019,12902,11331,10230,12976,11503,10437,13052,
8897,4454,11800,8906,4486,11804,8916,4521,11809,8931,4572,11816,8950,4638,11825,8974,4722,11836,9004,4822,11851,9040,4939,11867,9081,5072,11887,9128,5221,11910,9182,5383,11935,
9242,5558,11963,9308,5744,11994,9380,5941,12028,9459,6146,12065,9544,6359,12105,9634,6577,12147,9731,6801,12192,9833,7028,12240,9942,7257,12290,10055,7488,12342,10174,7720,12397,
10299,7952,12454,10428,8184,12513,10562,8414,12574,10700,8643,12637,10843,8869,12701,10990,9094,12768,11142,9316,12835,11297,9535,12905,11455,9752,12975,11617,9965,13047,11782,10175,13120,
9339,4311,11938,9347,4340,11942,9357,4373,11947,9370,4420,11953,9388,4482,11961,9410,4560,11972,9438,4654,11985,9471,4764,12001,9510,4889,12019,9554,5029,12040,9604,5182,12064,
9660,5349,12090,9721,5527,12119,9789,5715,12151,9862,5912,12186,9942,6118,12223,10027,6330,12263,10118,6547,12305,10214,6769,12350,10316,6994,12397,10423,7221,12447,10536,7450,12499,
10654,7680,12553,10776,7910,12609,10903,8139,12667,11035,8368,12727,11171,8595,12789,11311,8820,12853,11456,9043,12918,11604,9264,12984,11756,9482,13052,11911,9698,13122,12070,9911,13192,
9777,4168,12075,9784,4196,12079,9793,4227,12083,9806,4270,12089,9822,4328,12097,9843,4401,12107,9869,4489,12119,9900,4592,12134,9936,4710,12151,9977,4842,12171,10024,4988,12193,
10076,5146,12217,10134,5316,12245,10197,5497,12275,10266,5686,12307,10340,5884,12342,10420,6090,12379,10506,6301,12419,10597,6517,12462,10693,6737,12507,10794,6960,12554,10901,7186,12603,
11012,7413,12654,11128,7640,12708,11249,7868,12763,11375,8096,12820,11504,8322,12879,11638,8548,12940,11776,8771,13003,11918,8993,13067,12063,9213,13132,12213,9431,13199,12365,9646,13267,
10211,4028,12211,10218,4053,12215,10226,4082,12218,10238,4123,12224,10253,4177,12231,10273,4246,12241,10297,4328,12252,10326,4425,12266,10359,4537,12282,10398,4662,12300,10442,4800,12321,
10491,4950,12344,10545,5112,12370,10604,5285,12398,10669,5467,12428,10739,5658,12461,10814,5857,12497,10895,6062,12534,10981,6272,12575,11072,6487,12617,11168,6706,12662,11268,6927,12708,
11374,7151,12757,11484,7375,12808,11599,7601,12861,11719,7827,12916,11842,8053,12972,11970,8277,13030,12102,8501,13090,12238,8724,13152,12377,8944,13215,12520,9163,13279,12666,9379,13345,
10641,3888,12346,10648,3912,12349,10655,3939,12353,10666,3977,12358,10681,4028,12365,10699,4093,12374,10722,4170,12384,10749,4262,12397,10780,4367,12412,10817,4485,12430,10858,4616,12449,
10904,4760,12471,10955,4915,12495,11010,5080,12521,11071,5255,12550,11138,5439,12581,11209,5631,12615,11285,5829,12650,11366,6034,12688,11452,6243,12728,11543,6457,12771,11638,6674,12815,
11738,6894,12862,11843,7116,12910,11953,7339,12961,12066,7562,13013,12184,7787,13067,12306,8010,13123,12432,8233,13180,12562,8456,13240,12696,8677,13300,12833,8896,13362,12974,9113,13425,
11068,3749,12480,11074,3772,12483,11081,3797,12486,11091,3833,12491,11105,3881,12497,11122,3942,12506,11144,4015,12516,11169,4102,12528,11199,4201,12542,11233,4313,12558,11271,4438,12577,
11315,4575,12597,11363,4722,12620,11415,4881,12645,11473,5049,12672,11535,5226,12701,11603,5411,12733,11674,5603,12767,11751,5802,12803,11833,6006,12841,11919,6214,12881,12010,6427,12923,
12105,6643,12968,12205,6861,13014,12309,7081,13062,12417,7302,13112,12530,7524,13164,12646,7747,13217,12767,7969,13273,12891,8190,13329,13019,8411,13388,13151,8630,13447,13286,8848,13508,
11491,3612,12612,11497,3633,12615,11504,3657,12618,11513,3691,12623,11526,3736,12629,11543,3793,12637,11563,3863,12646,11587,3945,12658,11615,4039,12671,11647,4145,12686,11683,4264,12704,
11724,4394,12723,11769,4535,12744,11819,4687,12768,11874,4848,12794,11932,5019,12822,11996,5197,12851,12064,5383,12884,12137,5576,12918,12214,5774,12954,12296,5978,12992,12382,6186,13032,
12473,6397,13075,12568,6612,13119,12667,6828,13165,12771,7047,13213,12878,7266,13262,12990,7487,13314,13105,7707,13367,13224,7928,13421,13347,8147,13477,13473,8367,13535,13603,8585,13594,
11912,3476,12744,11917,3496,12747,11924,3518,12750,11933,3550,12754,11945,3593,12760,11960,3647,12767,11979,3713,12776,12002,3790,12787,12028,3879,12799,12058,3981,12814,12093,4094,12830,
12131,4218,12848,12174,4353,12869,12221,4498,12891,12273,4653,12915,12329,4817,12942,12389,4989,12970,12454,5169,13001,12523,5356,13033,12596,5549,13068,12674,5747,13104,12756,5950,13142,
12842,6157,13183,12933,6368,13225,13028,6581,13269,13126,6796,13315,13229,7013,13362,13336,7230,13411,13446,7449,13462,13560,7668,13515,13678,7887,13569,13800,8105,13624,13924,8323,13681,
12329,3340,12875,12334,3359,12877,12340,3380,12880,12349,3411,12884,12360,3451,12890,12375,3502,12896,12393,3564,12905,12414,3638,12915,12439,3723,12927,12468,3819,12941,12500,3927,12956,
12537,4046,12974,12577,4175,12993,12622,4314,13014,12671,4463,13037,12724,4621,13062,12781,4787,13089,12843,4961,13118,12908,5142,13149,12978,5329,13182,13052,5522,13217,13130,5720,13253,
13213,5923,13292,13299,6129,13332,13390,6338,13374,13484,6550,13418,13582,6763,13464,13684,6979,13511,13790,7195,13560,13900,7412,13610,14013,7630,13662,14129,7847,13715,14249,8064,13770,
12743,3206,13004,12748,3224,13007,12754,3244,13010,12762,3272,13013,12773,3311,13019,12787,3359,13025,12804,3418,13033,12824,3488,13043,12848,3569,13054,12875,3661,13067,12906,3764,13082,
12940,3877,13098,12979,4001,13117,13021,4134,13137,13068,4277,13159,13118,4429,13182,13173,4590,13208,13231,4758,13236,13294,4933,13265,13360,5115,13296,13431,5303,13330,13505,5496,13365,
13584,5693,13401,13666,5895,13440,13753,6100,13480,13843,6308,13522,13937,6519,13566,14035,6731,13611,14136,6945,13658,14241,7160,13707,14350,7376,13757,14462,7591,13808,14577,7807,13861,
13155,3072,13133,13160,3089,13136,13165,3108,13138,13173,3135,13142,13183,3172,13147,13196,3218,13153,13212,3274,13161,13232,3341,13170,13254,3418,13181,13280,3505,13193,13309,3603,13207,
13342,3712,13222,13379,3830,13240,13419,3959,13259,13463,4096,13280,13511,4242,13303,13563,4397,13327,13619,4560,13353,13678,4729,13381,13742,4906,13411,13809,5088,13443,13880,5276,13476,
13955,5469,13512,14034,5667,13549,14117,5868,13587,14203,6072,13627,14293,6279,13669,14387,6488,13713,14485,6699,13758,14585,6912,13805,14690,7125,13853,14797,7339,13902,14908,7554,13953,
13564,2939,13262,13569,2955,13264,13574,2974,13266,13581,3000,13270,13591,3034,13274,13603,3078,13280,13618,3132,13287,13637,3195,13296,13658,3269,13306,13683,3352,13318,13711,3446,13331,
13742,3550,13346,13777,3663,13363,13815,3786,13381,13857,3919,13401,13903,4060,13423,13952,4209,13446,14005,4366,13471,14062,4530,13498,14123,4702,13526,14187,4879,13557,14255,5062,13589,
14327,5250,13622,14403,5443,13658,14482,5640,13695,14565,5840,13733,14651,6043,13774,14741,6249,13816,14834,6457,13859,14931,6667,13904,15031,6878,13950,15135,7091,13998,15242,7303,14047,
13971,2807,13389,13975,2823,13391,13980,2840,13393,13987,2865,13396,13996,2898,13401,14008,2940,13407,14022,2991,13413,14040,3051,13422,14060,3121,13431,14083,3201,13443,14110,3291,13455,
14140,3391,13469,14173,3500,13485,14210,3618,13503,14250,3745,13522,14293,3881,13542,14341,4025,13565,14391,4177,13589,14446,4336,13614,14504,4502,13642,14565,4674,13671,14630,4852,13701,
14699,5036,13733,14771,5224,13767,14847,5417,13803,14927,5613,13840,15009,5813,13879,15096,6015,13919,15186,6220,13961,15279,6427,14004,15375,6636,14049,15475,6845,14095,15578,7056,14142,
14375,2676,13515,14379,2691,13517,14383,2707,13519,14390,2731,13523,14399,2763,13527,14410,2802,13532,14424,2851,13539,14440,2909,13547,14460,2976,13556,14482,3053,13567,14508,3139,13579,
14536,3234,13592,14568,3339,13607,14603,3452,13624,14641,3575,13642,14683,3706,13662,14728,3845,13683,14776,3992,13706,14828,4146,13731,14884,4307,13757,14942,4474,13785,15005,4648,13814,
15071,4826,13845,15140,5010,13877,15213,5198,13912,15289,5391,13947,15369,5586,13984,15452,5785,14023,15538,5987,14063,15627,6191,14105,15720,6397,14148,15816,6604,14193,15915,6813,14238,
26,8263,7999,102,8396,8046,188,8547,8099,312,8764,8175,477,9054,8278,689,9420,8408,949,9741,8569,1261,9961,8762,1605,10115,8972,1943,10266,9176,2275,10415,9373,
2602,10561,9563,2924,10706,9746,3243,10849,9922,3556,10990,10092,3867,11130,10256,4173,11268,10413,4476,11404,10564,4777,11539,10709,5074,11673,10848,5368,11806,10980,5660,11938,11106,
5949,12068,11229,6236,12197,11350,6521,12326,11469,6803,12453,11586,7083,12580,11702,7362,12705,11816,7638,12830,11929,7913,12954,12040,8185,13077,12150,8457,13200,12260,8726,13321,12368,
282,8059,8145,358,8192,8192,444,8343,8245,568,8559,8321,733,8850,8424,945,9197,8554,1205,9480,8715,1507,9689,8901,1816,9880,9088,2125,10062,9273,2435,10236,9454,
2743,10403,9631,3050,10564,9804,3355,10722,9972,3658,10875,10135,3959,11025,10292,4258,11172,10444,4554,11316,10590,4848,11458,10731,5140,11598,10866,5430,11736,10995,5717,11873,11119,
6003,12007,11241,6286,12141,11361,6568,12273,11479,6847,12403,11595,7125,12532,11710,7401,12661,11824,7676,12788,11936,7948,12914,12047,8219,13039,12156,8489,13163,12265,8757,13287,12373,
572,7827,8310,648,7961,8357,734,8112,8410,857,8328,8487,1023,8619,8589,1235,8931,8720,1487,9189,8875,1755,9427,9038,2032,9647,9204,2316,9855,9371,2604,10050,9538,
2895,10236,9703,3186,10414,9866,3478,10585,10025,3770,10751,10180,4061,10911,10331,4351,11068,10477,4640,11220,10618,4928,11369,10755,5214,11516,10886,5498,11659,11011,5781,11801,11134,
6063,11940,11254,6342,12078,11373,6620,12213,11490,6897,12347,11605,7172,12479,11719,7446,12611,11832,7718,12740,11944,7988,12869,12054,8257,12996,12163,8525,13122,12272,8791,13248,12379,
987,7496,8547,1063,7629,8594,1149,7780,8647,1273,7997,8724,1435,8280,8823,1624,8571,8939,1837,8850,9068,2067,9113,9205,2312,9360,9349,2567,9592,9497,2830,9811,9647,
3098,10018,9798,3371,10215,9947,3646,10402,10095,3924,10583,10241,4202,10756,10383,4481,10924,10522,4760,11087,10656,5039,11246,10787,5317,11401,10912,5594,11552,11034,5871,11700,11154,
6147,11846,11273,6422,11989,11390,6695,12129,11505,6967,12268,11619,7239,12405,11732,7509,12540,11844,7777,12673,11955,8045,12805,12065,8311,12935,12173,8576,13064,12281,8840,13192,12388,
1532,7072,8857,1599,7221,8898,1673,7393,8942,1774,7639,9004,1903,7918,9081,2057,8207,9173,2234,8493,9278,2431,8771,9393,2643,9037,9515,2869,9290,9644,3106,9529,9776,
3350,9756,9910,3602,9971,10045,3858,10177,10181,4119,10373,10315,4382,10561,10447,4648,10743,10576,4915,10918,10703,5183,11088,10826,5452,11253,10946,5720,11413,11064,5989,11570,11182,
6258,11723,11298,6526,11873,11412,6793,12020,11526,7060,12165,11639,7327,12307,11750,7592,12447,11861,7856,12585,11970,8120,12721,12079,8383,12855,12187,8645,12988,12293,8906,13119,12399,
2091,6761,9160,2143,6931,9191,2201,7106,9225,2282,7328,9273,2387,7583,9334,2514,7859,9407,2662,8141,9493,2829,8423,9588,3014,8698,9691,3212,8964,9801,3423,9219,9916,
3644,9462,10035,3874,9694,10155,4111,9916,10277,4353,10128,10399,4600,10332,10520,4850,10527,10640,5104,10715,10757,5360,10897,10873,5617,11073,10988,5876,11244,11102,6135,11410,11216,
6395,11572,11329,6655,11730,11441,6916,11885,11553,7176,12036,11663,7436,12185,11773,7696,12331,11882,7956,12474,11990,8215,12615,12097,8473,12755,12204,8731,12892,12310,8988,13027,12415,
2635,6564,9436,2678,6706,9460,2725,6854,9487,2791,7048,9525,2877,7278,9573,2983,7534,9633,3108,7805,9703,3251,8082,9782,3411,8358,9869,3585,8630,9962,3773,8894,10062,
3972,9149,10165,4180,9395,10271,4397,9630,10380,4621,9857,10489,4851,10074,10599,5085,10283,10708,5324,10484,10817,5567,10678,10928,5812,10866,11038,6059,11047,11148,6308,11224,11258,
6559,11395,11368,6810,11562,11477,7062,11725,11585,7315,11884,11694,7569,12040,11801,7822,12192,11908,8075,12342,12014,8329,12489,12120,8582,12634,12225,8835,12776,12330,9087,12917,12433,
3167,6378,9686,3201,6497,9705,3240,6624,9727,3296,6793,9757,3368,6999,9796,3458,7234,9845,3565,7489,9902,3688,7755,9968,3827,8026,10041,3981,8298,10120,4147,8566,10205,
4325,8828,10295,4514,9082,10388,4712,9328,10484,4918,9566,10581,5130,9795,10682,5349,10016,10783,5573,10229,10887,5802,10435,10991,6034,10633,11096,6269,10826,11201,6507,11013,11307,
6747,11194,11413,6989,11370,11519,7232,11542,11624,7477,11709,11730,7722,11873,11835,7969,12033,11939,8215,12189,12043,8462,12343,12147,8710,12494,12251,8957,12642,12354,9204,12787,12456,
3686,6199,9909,3716,6301,9925,3749,6411,9942,3795,6559,9967,3857,6743,9999,3934,6956,10039,4027,7193,10086,4134,7446,10141,4256,7708,10203,4391,7974,10270,4539,8241,10343,
4699,8505,10421,4870,8764,10503,5050,9017,10590,5238,9263,10680,5435,9501,10772,5638,9732,10867,5847,9956,10964,6062,10172,11062,6281,10381,11162,6504,10584,11262,6730,10781,11363,
6959,10971,11465,7191,11157,11567,7424,11338,11669,7660,11513,11771,7897,11685,11874,8136,11853,11976,8375,12017,12078,8615,12177,12179,8856,12334,12281,9097,12489,12382,9339,12640,12483,
4196,6026,10106,4221,6114,10119,4250,6210,10133,4290,6340,10154,4343,6505,10181,4410,6699,10214,4490,6917,10255,4584,7154,10302,4692,7404,10355,4812,7662,10414,4944,7924,10479,
5088,8186,10549,5242,8447,10623,5406,8703,10702,5579,8954,10784,5760,9199,10870,5948,9438,10958,6143,9670,11048,6344,9895,11141,6550,10113,11235,6760,10325,11330,6974,10531,11426,
7193,10731,11524,7414,10926,11622,7638,11115,11720,7864,11299,11819,8092,11479,11918,8322,11654,12018,8554,11826,12117,8786,11993,12216,9020,12157,12316,9255,12318,12415,9491,12476,12514,
4697,5858,10289,4718,5934,10300,4743,6018,10313,4778,6134,10330,4825,6282,10354,4883,6458,10383,4954,6659,10418,5037,6881,10459,5132,7117,10506,5240,7364,10559,5358,7619,10617,
5488,7876,10679,5627,8134,10747,5777,8391,10818,5935,8644,10894,6102,8893,10973,6276,9137,11054,6457,9376,11139,6645,9608,11225,6838,9834,11314,7036,10054,11404,7239,10268,11496,
7446,10476,11589,7656,10679,11683,7870,10877,11777,8087,11069,11873,8306,11256,11969,8527,11439,12065,8750,11618,12162,8975,11793,12258,9202,11964,12355,9430,12131,12452,9659,12295,12549,
5189,5693,10465,5208,5761,10475,5230,5835,10486,5261,5939,10501,5302,6071,10521,5353,6232,10547,5416,6417,10578,5490,6623,10614,5575,6845,10656,5671,7081,10703,5778,7326,10755,
5895,7576,10812,6022,7830,10873,6159,8084,10938,6304,8337,11008,6458,8588,11080,6619,8835,11156,6787,9077,11235,6962,9315,11316,7143,9547,11399,7329,9773,11484,7520,9994,11571,
7716,10210,11660,7916,10420,11749,8120,10625,11840,8327,10825,11932,8537,11020,12024,8749,11210,12118,8964,11396,12211,9181,11578,12305,9400,11756,12400,9621,11930,12494,9843,12100,12589,
5674,5532,10635,5691,5592,10644,5710,5658,10653,5737,5751,10667,5774,5872,10685,5820,6018,10708,5876,6188,10735,5942,6379,10768,6019,6588,10805,6106,6811,10847,6202,7045,10894,
6308,7287,10946,6424,7535,11001,6549,7785,11061,6682,8035,11124,6824,8285,11191,6973,8533,11262,7130,8778,11335,7293,9019,11411,7462,9255,11489,7637,9487,11570,7817,9713,11652,
8003,9935,11736,8192,10152,11822,8386,10363,11908,8583,10570,11996,8784,10772,12085,8988,10969,12175,9194,11161,12266,9403,11350,12357,9614,11534,12449,9827,11715,12541,10042,11892,12633,
6152,5373,10800,6167,5427,10808,6184,5487,10816,6209,5571,10828,6241,5680,10844,6283,5814,10865,6333,5971,10890,6393,6148,10919,6462,6344,10952,6541,6555,10991,6628,6778,11033,
6725,7011,11080,6831,7250,11131,6946,7494,11185,7068,7741,11244,7199,7988,11306,7337,8235,11371,7483,8480,11439,7635,8723,11510,7793,8962,11584,7958,9197,11660,8128,9428,11737,
8303,9654,11817,8482,9876,11899,8666,10093,11982,8854,10306,12066,9045,10514,12151,9240,10717,12238,9438,10916,12325,9639,11111,12413,9842,11301,12502,10048,11488,12592,10255,11671,12682,
6623,5217,10961,6637,5266,10968,6652,5320,10975,6675,5397,10986,6704,5496,11001,6742,5619,11019,6787,5763,11041,6841,5928,11068,6904,6111,11098,6976,6310,11133,7056,6522,11172,
7144,6745,11214,7242,6976,11261,7347,7213,11311,7460,7455,11365,7581,7698,11423,7709,7942,11483,7845,8186,11547,7987,8429,11613,8135,8669,11682,8289,8906,11754,8449,9140,11827,
8614,9370,11903,8784,9596,11980,8959,9818,12059,9138,10036,12140,9320,10249,12222,9506,10458,12305,9696,10662,12389,9889,10863,12475,10084,11059,12560,10282,11251,12647,10482,11440,12734,
7089,5064,11118,7101,5108,11124,7115,5157,11131,7135,5227,11141,7162,5318,11154,7196,5431,11171,7238,5565,11191,7287,5718,11215,7345,5889,11243,7410,6077,11274,7483,6278,11310,
7565,6491,11349,7654,6713,11392,7751,6942,11438,7856,7177,11488,7968,7416,11541,8087,7656,11598,8214,7898,11657,8346,8139,11719,8485,8379,11784,8630,8617,11851,8781,8852,11921,
8936,9085,11993,9097,9314,12066,9263,9539,12141,9433,9761,12218,9607,9978,12297,9784,10192,12377,9966,10401,12458,10150,10607,12540,10338,10808,12623,10529,11006,12707,10722,11200,12791,
7549,4912,11272,7560,4953,11278,7573,4998,11284,7592,5062,11293,7616,5146,11305,7647,5250,11320,7685,5374,11338,7730,5516,11360,7783,5677,11386,7843,5853,11415,7910,6044,11447,
7986,6247,11483,8068,6460,11523,8158,6681,11566,8255,6909,11612,8359,7141,11661,8470,7377,11714,8588,7615,11769,8712,7854,11828,8842,8092,11889,8978,8330,11952,9120,8566,12018,
9267,8800,12086,9419,9031,12156,9576,9259,12227,9738,9483,12301,9904,9704,12376,10073,9922,12452,10246,10135,12530,10423,10345,12609,10603,10551,12689,10786,10754,12770,10972,10953,12852,
8004,4763,11423,8015,4800,11428,8026,4842,11434,8043,4900,11442,8066,4978,11453,8094,5074,11467,8129,5189,11484,8171,5322,11504,8219,5473,11527,8274,5639,11554,8337,5819,11584,
8406,6012,11617,8482,6216,11654,8566,6429,11694,8656,6649,11737,8753,6875,11783,8857,7106,11832,8967,7339,11884,9083,7575,11938,9205,7811,11996,9333,8047,12055,9467,8282,12118,
9606,8516,12182,9750,8748,12248,9899,8978,12316,10052,9204,12387,10210,9428,12458,10371,9649,12532,10537,9866,12606,10706,10079,12682,10879,10289,12760,11055,10496,12838,11234,10699,12917,
8455,4615,11572,8464,4649,11576,8475,4688,11582,8490,4742,11589,8511,4814,11599,8537,4903,11612,8570,5010,11627,8608,5135,11646,8653,5276,11668,8704,5433,11692,8762,5603,11720,
8826,5787,11751,8897,5982,11785,8974,6186,11822,9058,6399,11862,9149,6618,11905,9246,6842,11951,9349,7071,11999,9458,7302,12051,9573,7535,12105,9693,7769,12161,9819,8003,12220,
9951,8236,12281,10087,8468,12344,10228,8698,12409,10374,8926,12476,10524,9151,12544,10678,9374,12614,10836,9594,12686,10998,9810,12759,11164,10024,12834,11333,10234,12909,11505,10441,12986,
8900,4469,11718,8909,4501,11722,8919,4536,11727,8934,4587,11734,8953,4653,11743,8977,4736,11755,9007,4836,11769,9042,4953,11787,9084,5086,11807,9131,5233,11829,9185,5395,11855,
9245,5570,11884,9311,5756,11915,9383,5952,11950,9462,6157,11987,9546,6369,12028,9637,6587,12071,9734,6810,12116,9836,7036,12165,9944,7265,12215,10058,7496,12269,10177,7727,12324,
10301,7959,12382,10430,8190,12442,10564,8420,12504,10703,8648,12567,10845,8875,12633,10993,9099,12700,11144,9321,12769,11299,9540,12839,11457,9756,12911,11619,9969,12984,11784,10179,13057,
9342,4325,11862,9350,4354,11866,9359,4387,11870,9373,4434,11877,9390,4496,11886,9413,4573,11896,9441,4667,11910,9474,4777,11926,9512,4901,11944,9557,5041,11966,9607,5194,11990,
9662,5360,12016,9724,5537,12046,9792,5725,12078,9865,5922,12113,9944,6127,12151,10029,6339,12191,10120,6556,12234,10217,6777,12280,10319,7002,12328,10426,7229,12378,10538,7457,12430,
10656,7687,12485,10778,7916,12542,10905,8145,12601,11037,8373,12662,11173,8600,12724,11314,8825,12789,11458,9048,12855,11606,9269,12922,11758,9487,12991,11913,9702,13061,12072,9915,13132,
9779,4182,12004,9787,4209,12008,9796,4240,12012,9808,4283,12018,9825,4341,12026,9846,4414,12036,9872,4502,12049,9902,4605,12064,9938,4722,12081,9980,4854,12101,10026,4999,12123,
10079,5157,12148,10136,5327,12176,10200,5507,12206,10268,5696,12239,10343,5894,12274,10423,6098,12312,10508,6309,12353,10599,6525,12396,10695,6745,12441,10797,6968,12488,10903,7193,12538,
11014,7419,12590,11131,7647,12644,11251,7874,12700,11377,8101,12758,11506,8328,12818,11640,8553,12880,11778,8776,12943,11920,8998,13008,12065,9217,13074,12214,9435,13141,12367,9650,13210,
10213,4040,12145,10220,4066,12148,10228,4094,12152,10240,4135,12158,10255,4189,12165,10275,4257,12175,10299,4340,12186,10328,4437,12200,10362,4548,12216,10400,4672,12235,10444,4810,12256,
10493,4960,12279,10547,5122,12305,10607,5295,12334,10671,5477,12364,10741,5667,12398,10817,5865,12434,10897,6070,12472,10983,6280,12512,11074,6494,12555,11170,6713,12600,11271,6934,12647,
11376,7157,12697,11486,7382,12748,11601,7607,12802,11721,7833,12857,11844,8058,12914,11972,8283,12973,12104,8506,13034,12239,8728,13096,12379,8949,13159,12522,9167,13224,12668,9383,13291,
10643,3900,12284,10650,3924,12287,10658,3950,12291,10668,3989,12296,10683,4040,12303,10701,4104,12312,10724,4181,12323,10751,4273,12336,10783,4377,12351,10819,4496,12368,10860,4626,12388,
10906,4769,12410,10957,4924,12434,11013,5089,12461,11074,5264,12490,11140,5447,12521,11211,5639,12555,11287,5837,12591,11368,6041,12629,11454,6250,12670,11545,6464,12713,11640,6681,12758,
11740,6900,12805,11845,7122,12854,11955,7344,12905,12068,7568,12957,12186,7792,13012,12308,8015,13069,12434,8238,13127,12564,8460,13186,12698,8681,13247,12835,8900,13310,12975,9118,13374,
11070,3760,12421,11076,3783,12424,11083,3808,12428,11093,3844,12432,11107,3892,12439,11124,3952,12447,11146,4026,12458,11171,4112,12470,11201,4211,12484,11235,4323,12500,11274,4448,12519,
11317,4584,12540,11365,4731,12563,11417,4889,12588,11475,5057,12615,11537,5234,12645,11604,5419,12677,11676,5611,12711,11753,5809,12747,11835,6013,12786,11921,6221,12826,12012,6434,12869,
12107,6649,12914,12207,6867,12960,12311,7087,13009,12419,7308,13059,12532,7529,13112,12648,7752,13166,12769,7973,13221,12893,8195,13279,13021,8415,13337,13153,8635,13398,13288,8852,13459,
11493,3622,12557,11499,3643,12560,11506,3667,12563,11515,3701,12568,11528,3746,12574,11545,3803,12582,11565,3872,12591,11589,3954,12603,11617,4048,12616,11649,4155,12632,11685,4273,12649,
11726,4403,12669,11771,4544,12690,11821,4695,12714,11875,4856,12740,11934,5027,12768,11998,5205,12798,12066,5391,12831,12139,5583,12865,12216,5781,12902,12298,5985,12940,12384,6192,12981,
12475,6403,13024,12570,6617,13068,12669,6834,13114,12772,7052,13163,12880,7271,13213,12991,7491,13264,13107,7712,13318,13226,7932,13373,13349,8152,13429,13475,8371,13487,13605,8589,13547,
11914,3485,12692,11919,3505,12695,11925,3528,12698,11934,3560,12702,11947,3602,12708,11962,3656,12715,11981,3722,12724,12003,3799,12735,12030,3888,12748,12060,3990,12762,12095,4102,12779,
12133,4226,12797,12176,4361,12818,12223,4506,12840,12275,4661,12865,12331,4825,12891,12391,4997,12920,12455,5176,12951,12525,5363,12983,12598,5556,13018,12676,5754,13055,12758,5956,13094,
12844,6163,13134,12935,6373,13177,13029,6586,13221,13128,6801,13267,13231,7018,13315,13337,7235,13365,13448,7454,13416,13562,7673,13469,13680,7891,13523,13801,8110,13579,13926,8327,13636,
12331,3349,12825,12336,3368,12828,12342,3389,12831,12351,3420,12835,12362,3460,12840,12377,3511,12847,12394,3573,12856,12416,3647,12866,12441,3732,12878,12469,3828,12892,12502,3935,12908,
12539,4054,12925,12579,4183,12944,12624,4322,12966,12673,4470,12989,12726,4628,13014,12783,4794,13042,12844,4968,13071,12910,5149,13102,12980,5336,13135,13054,5529,13170,13132,5726,13207,
13214,5928,13246,13301,6134,13286,13391,6343,13329,13486,6555,13373,13584,6768,13419,13686,6983,13466,13792,7200,13515,13901,7417,13566,14014,7634,13618,14131,7851,13672,14251,8068,13727,
12745,3214,12958,12750,3232,12960,12756,3252,12963,12764,3281,12967,12775,3319,12972,12788,3368,12979,12805,3427,12987,12826,3497,12996,12849,3577,13008,12877,3669,13021,12907,3772,13036,
12942,3885,13052,12981,4008,13071,13023,4142,13091,13069,4285,13113,13120,4436,13137,13174,4596,13163,13233,4764,13191,13295,4940,13220,13362,5121,13252,13432,5309,13285,13507,5502,13320,
13585,5699,13357,13668,5900,13396,13754,6105,13437,13845,6313,13479,13939,6524,13523,14036,6736,13569,14138,6950,13616,14243,7164,13665,14351,7380,13715,14463,7595,13767,14579,7811,13820,
13157,3080,13089,13161,3097,13091,13167,3116,13094,13174,3144,13098,13185,3180,13103,13198,3226,13109,13214,3282,13117,13233,3349,13126,13256,3426,13137,13281,3513,13149,13311,3611,13163,
13344,3719,13179,13380,3838,13196,13421,3966,13216,13465,4103,13237,13513,4249,13259,13565,4404,13284,13620,4566,13310,13680,4736,13339,13743,4912,13369,13811,5094,13401,13882,5282,13434,
13957,5475,13470,14036,5672,13507,14118,5873,13546,14205,6077,13586,14295,6284,13628,14389,6493,13672,14486,6704,13718,14587,6916,13765,14691,7129,13813,14799,7343,13863,14910,7558,13914,
13566,2947,13219,13570,2963,13222,13575,2981,13224,13583,3007,13228,13592,3042,13232,13605,3086,13238,13620,3139,13246,13638,3203,13254,13660,3276,13265,13684,3360,13276,13712,3453,13290,
13743,3557,13305,13778,3670,13321,13817,3793,13340,13859,3925,13360,13904,4066,13381,13954,4215,13405,14007,4372,13430,14064,4536,13457,14124,4707,13486,14189,4885,13516,14257,5068,13548,
14329,5256,13582,14404,5448,13618,14483,5645,13655,14566,5845,13694,14652,6048,13735,14742,6254,13777,14836,6462,13820,14933,6671,13865,15033,6882,13912,15136,7094,13960,15243,7307,14010,
13972,2815,13349,13976,2830,13351,13981,2847,13353,13988,2872,13356,13997,2905,13361,14009,2947,13367,14024,2998,13374,14041,3058,13382,14061,3128,13392,14085,3208,13403,14111,3298,13416,
14141,3397,13430,14175,3506,13446,14211,3624,13463,14251,3751,13482,14295,3887,13503,14342,4031,13526,14393,4183,13550,14447,4342,13575,14505,4508,13603,14566,4680,13632,14632,4858,13663,
14700,5041,13695,14773,5229,13729,14848,5422,13765,14928,5618,13802,15011,5817,13841,15097,6020,13882,15187,6224,13924,15280,6431,13967,15376,6640,14012,15476,6849,14058,15579,7060,14106,
14376,2683,13477,14380,2698,13479,14385,2715,13481,14391,2738,13485,14400,2769,13489,14411,2809,13494,14425,2858,13501,14442,2916,13509,14461,2983,13518,14484,3059,13529,14509,3145,13541,
14537,3241,13554,14569,3345,13570,14604,3459,13586,14642,3581,13605,14684,3712,13624,14729,3851,13646,14778,3997,13669,14829,4151,13694,14885,4312,13720,14944,4480,13748,15006,4653,13777,
15072,4831,13808,15141,5015,13841,15214,5203,13875,15290,5395,13911,15370,5591,13949,15453,5790,13988,15539,5991,14028,15629,6195,14070,15721,6401,14113,15817,6608,14158,15916,6816,14204,
55,8343,7781,131,8477,7828,217,8627,7881,341,8844,7957,507,9134,8059,718,9491,8190,979,9790,8351,1290,9994,8543,1630,10142,8751,1964,10289,8953,2294,10435,9147,
2619,10579,9336,2939,10722,9518,3256,10863,9693,3568,11003,9862,3877,11141,10025,4183,11278,10182,4485,11414,10332,4785,11548,10478,5081,11681,10620,5375,11814,10758,5667,11945,10894,
5955,12075,11026,6242,12204,11156,6526,12332,11284,6808,12459,11410,7088,12585,11533,7366,12710,11654,7642,12835,11774,7917,12958,11892,8189,13081,12008,8460,13204,12123,8730,13325,12236,
311,8139,7927,387,8272,7974,473,8423,8027,597,8640,8103,763,8930,8205,974,9262,8336,1235,9524,8497,1534,9723,8680,1838,9909,8865,2145,10086,9048,2452,10257,9228,
2759,10421,9404,3064,10581,9576,3368,10736,9742,3670,10888,9904,3970,11037,10061,4267,11183,10212,4563,11326,10358,4856,11467,10501,5148,11607,10640,5437,11744,10776,5724,11880,10910,
6009,12014,11041,6292,12147,11170,6573,12278,11296,6852,12409,11421,7130,12538,11543,7406,12665,11664,7680,12792,11782,7952,12918,11900,8223,13043,12015,8492,13167,12130,8760,13290,12243,
601,7908,8092,677,8041,8139,763,8192,8192,887,8408,8268,1052,8698,8371,1264,8989,8501,1514,9234,8655,1778,9463,8815,2053,9678,8980,2335,9880,9146,2621,10072,9311,
2909,10255,9475,3200,10431,9637,3490,10600,9795,3781,10764,9949,4071,10923,10100,4361,11079,10245,4649,11230,10387,4936,11379,10526,5221,11524,10663,5505,11667,10797,5788,11808,10928,
6069,11947,11058,6348,12084,11185,6626,12219,11310,6902,12353,11433,7177,12485,11554,7450,12615,11674,7722,12745,11792,7992,12873,11909,8261,13000,12024,8529,13126,12137,8795,13251,12250,
1016,7576,8329,1092,7710,8376,1178,7861,8429,1302,8077,8505,1462,8351,8604,1649,8628,8718,1860,8896,8845,2088,9151,8981,2330,9392,9124,2583,9619,9271,2845,9834,9419,
3112,10038,9569,3383,10232,9718,3658,10418,9865,3934,10596,10010,4212,10769,10151,4490,10936,10290,4768,11098,10427,5046,11255,10562,5324,11409,10695,5601,11560,10825,5877,11708,10954,
6153,11853,11081,6427,11995,11206,6700,12135,11329,6972,12274,11451,7243,12410,11571,7513,12545,11689,7782,12678,11806,8049,12809,11922,8315,12940,12036,8580,13068,12149,8844,13196,12260,
1558,7158,8636,1624,7308,8677,1697,7481,8721,1797,7719,8781,1925,7985,8858,2078,8262,8949,2253,8540,9053,2448,8810,9166,2660,9070,9288,2884,9317,9415,3119,9553,9547,
3363,9776,9681,3614,9989,9815,3869,10193,9950,4129,10387,10083,4392,10574,10216,4656,10754,10348,4923,10929,10479,5190,11097,10608,5458,11261,10736,5727,11421,10863,5995,11577,10988,
6263,11730,11112,6531,11879,11234,6798,12026,11355,7065,12170,11475,7331,12312,11593,7596,12452,11709,7861,12589,11825,8124,12725,11939,8387,12859,12052,8648,12992,12164,8909,13123,12274,
2111,6856,8935,2163,7020,8966,2221,7187,9000,2301,7399,9047,2405,7645,9108,2531,7911,9181,2678,8186,9265,2845,8461,9360,3028,8731,9463,3225,8992,9572,3435,9243,9686,
3656,9483,9804,3885,9713,9924,4121,9933,10046,4362,10143,10169,4608,10345,10293,4859,10539,10417,5111,10726,10541,5367,10907,10665,5624,11082,10787,5882,11252,10909,6141,11418,11031,
6401,11579,11151,6661,11737,11270,6921,11891,11388,7181,12042,11504,7441,12190,11620,7701,12336,11735,7960,12479,11848,8218,12620,11961,8477,12759,12072,8734,12896,12183,8991,13031,12292,
2652,6644,9209,2694,6780,9233,2740,6923,9260,2806,7110,9297,2892,7334,9345,2997,7583,9405,3122,7847,9474,3265,8119,9552,3424,8390,9639,3597,8658,9732,3784,8919,9831,
3982,9171,9935,4190,9414,10043,4406,9647,10154,4629,9872,10267,4859,10087,10381,5093,10295,10497,5331,10495,10614,5573,10688,10731,5818,10875,10848,6065,11056,10965,6314,11231,11081,
6564,11402,11197,6815,11569,11312,7067,11731,11427,7320,11890,11540,7573,12045,11653,7826,12198,11766,8079,12347,11877,8332,12494,11987,8585,12638,12097,8838,12780,12206,9091,12921,12314,
3180,6445,9457,3215,6560,9476,3254,6684,9497,3308,6848,9527,3380,7049,9567,3470,7279,9615,3577,7528,9673,3700,7790,9739,3838,8057,9813,3991,8325,9893,4157,8590,9980,
4335,8849,10073,4523,9101,10169,4720,9345,10270,4925,9581,10373,5138,9809,10479,5356,10028,10587,5580,10240,10696,5808,10445,10806,6040,10643,10917,6275,10835,11028,6512,11021,11139,
6752,11201,11250,6994,11377,11361,7237,11548,11472,7481,11715,11583,7727,11878,11693,7973,12038,11802,8219,12194,11911,8466,12348,12019,8713,12498,12127,8960,12646,12234,9208,12791,12340,
3698,6256,9684,3727,6355,9700,3760,6462,9717,3806,6607,9742,3868,6788,9775,3945,6997,9816,4037,7230,9865,4144,7479,9922,4265,7737,9986,4400,8001,10056,4548,8264,10133,
4707,8526,10215,4878,8783,10302,5057,9034,10392,5246,9278,10487,5442,9515,10584,5645,9745,10684,5854,9967,10785,6068,10182,10889,6286,10391,10993,6509,10593,11099,6735,10789,11205,
6964,10979,11311,7195,11164,11418,7429,11344,11525,7664,11520,11631,7901,11691,11738,8139,11858,11844,8379,12022,11950,8619,12182,12056,8859,12339,12161,9101,12493,12266,9342,12644,12371,
4206,6075,9898,4231,6161,9911,4259,6255,9926,4299,6383,9947,4352,6545,9975,4419,6736,10010,4499,6952,10052,4593,7186,10101,4700,7433,10157,4820,7688,10219,4952,7947,10287,
5095,8207,10360,5249,8465,10438,5413,8720,10520,5586,8969,10606,5766,9213,10695,5954,9451,10787,6149,9681,10882,6349,9905,10978,6555,10123,11077,6765,10334,11176,6979,10540,11277,
7197,10739,11378,7418,10933,11480,7642,11122,11583,7868,11305,11686,8096,11485,11789,8326,11660,11892,8557,11831,11995,8790,11998,12098,9024,12162,12201,9258,12323,12303,9494,12480,12405,
4705,5900,10100,4727,5975,10112,4751,6058,10125,4786,6173,10143,4833,6318,10167,4891,6492,10197,4962,6691,10234,5045,6910,10277,5140,7144,10326,5247,7389,10380,5365,7641,10441,
5494,7896,10506,5634,8153,10576,5783,8408,10651,5941,8660,10729,6108,8907,10811,6282,9150,10896,6463,9387,10984,6650,9618,11074,6843,9844,11166,7041,10063,11260,7243,10276,11355,
7450,10484,11452,7660,10686,11549,7874,10883,11648,8090,11075,11746,8309,11262,11846,8531,11445,11945,8754,11623,12045,8979,11798,12145,9205,11969,12245,9433,12136,12345,9662,12300,12445,
5196,5730,10294,5215,5797,10304,5237,5871,10315,5268,5973,10331,5309,6104,10352,5361,6263,10378,5423,6446,10411,5497,6650,10448,5582,6870,10492,5678,7104,10540,5785,7347,10594,
5902,7596,10653,6028,7848,10716,6165,8100,10784,6310,8352,10856,6463,8602,10931,6624,8847,11009,6792,9089,11091,6967,9325,11175,7148,9557,11261,7334,9782,11349,7525,10003,11439,
7721,10218,11531,7920,10427,11624,8124,10632,11718,8331,10831,11812,8540,11026,11908,8753,11216,12004,8968,11402,12100,9185,11583,12197,9403,11760,12294,9624,11934,12392,9846,12104,12489,
5680,5565,10479,5697,5624,10488,5716,5690,10498,5744,5782,10512,5780,5901,10530,5826,6046,10554,5882,6215,10582,5949,6404,10616,6025,6612,10654,6111,6833,10698,6208,7066,10746,
6314,7306,10799,6430,7552,10857,6554,7801,10918,6688,8050,10984,6829,8299,11053,6978,8546,11126,7134,8789,11201,7297,9029,11280,7467,9265,11360,7641,9496,11443,7822,9722,11528,
8007,9943,11615,8196,10159,11703,8390,10370,11793,8587,10576,11883,8787,10778,11975,8991,10975,12067,9197,11167,12160,9406,11355,12254,9617,11539,12348,9830,11719,12443,10045,11896,12537,
6157,5403,10658,6173,5456,10665,6190,5516,10674,6214,5599,10686,6247,5707,10703,6289,5840,10724,6339,5995,10749,6399,6172,10779,6468,6366,10814,6546,6575,10853,6634,6797,10897,
6730,7029,10945,6836,7267,10997,6951,7510,11054,7073,7755,11114,7204,8002,11178,7342,8248,11245,7487,8492,11315,7639,8733,11388,7798,8972,11464,7962,9206,11541,8132,9436,11622,
8306,9662,11704,8486,9884,11787,8670,10100,11872,8857,10312,11959,9049,10520,12047,9244,10723,12135,9441,10922,12225,9642,11116,12315,9845,11306,12406,10051,11493,12498,10258,11675,12590,
6628,5244,10830,6642,5292,10837,6658,5346,10845,6680,5422,10856,6709,5521,10871,6747,5643,10890,6792,5786,10913,6847,5950,10940,6909,6132,10971,6981,6330,11007,7061,6541,11046,
7149,6762,11090,7246,6992,11138,7351,7228,11190,7465,7469,11245,7585,7711,11304,7714,7955,11366,7849,8198,11431,7991,8439,11499,8139,8679,11570,8293,8916,11643,8453,9149,11719,
8618,9378,11796,8788,9604,11876,8962,9825,11957,9141,10042,12039,9323,10255,12123,9509,10463,12208,9699,10668,12294,9891,10868,12381,10087,11064,12469,10285,11256,12558,10485,11444,12647,
7094,5088,10998,7106,5132,11004,7120,5181,11011,7140,5250,11021,7167,5341,11035,7201,5453,11052,7243,5586,11072,7292,5738,11097,7349,5909,11125,7414,6095,11158,7488,6295,11194,
7569,6507,11234,7658,6728,11278,7755,6957,11325,7860,7191,11376,7972,7428,11431,8091,7668,11488,8217,7909,11549,8350,8149,11613,8489,8389,11679,8634,8626,11748,8784,8861,11819,
8940,9093,11892,9101,9321,11967,9266,9546,12045,9436,9767,12123,9610,9984,12203,9787,10198,12285,9969,10407,12368,10153,10612,12451,10341,10813,12536,10531,11011,12622,10724,11205,12708,
7553,4935,11161,7565,4975,11167,7578,5020,11173,7596,5083,11182,7620,5166,11194,7652,5270,11210,7690,5393,11229,7735,5535,11251,7787,5695,11277,7847,5871,11307,7915,6060,11340,
7990,6262,11377,8072,6474,11417,8162,6695,11461,8259,6922,11508,8363,7154,11559,8474,7389,11612,8591,7626,11669,8716,7864,11728,8846,8102,11790,8982,8339,11855,9123,8574,11922,
9271,8808,11991,9423,9038,12063,9579,9266,12136,9741,9490,12211,9906,9710,12287,10076,9927,12365,10249,10141,12445,10426,10351,12525,10606,10556,12607,10789,10759,12689,10975,10957,12773,
8008,4783,11320,8019,4820,11325,8030,4861,11331,8047,4920,11340,8070,4997,11351,8098,5093,11365,8133,5207,11382,8175,5340,11403,8223,5490,11426,8278,5655,11454,8340,5835,11484,
8410,6027,11518,8486,6230,11555,8569,6442,11596,8660,6662,11640,8756,6887,11687,8860,7117,11737,8970,7350,11790,9086,7585,11845,9208,7820,11904,9336,8056,11964,9470,8291,12028,
9609,8524,12093,9753,8756,12161,9901,8985,12230,10055,9211,12302,10212,9434,12375,10374,9654,12449,10540,9871,12525,10709,10085,12603,10881,10294,12681,11057,10501,12761,11236,10704,12841,
8458,4634,11476,8468,4668,11481,8479,4706,11486,8494,4760,11494,8515,4831,11504,8541,4920,11517,8573,5027,11533,8612,5151,11552,8656,5292,11574,8707,5448,11599,8765,5618,11627,
8829,5801,11658,8900,5995,11693,8978,6199,11731,9062,6411,11771,9152,6629,11815,9249,6853,11862,9352,7081,11911,9461,7312,11963,9576,7544,12018,9696,7778,12076,9822,8011,12135,
9954,8244,12197,10090,8475,12261,10231,8705,12327,10377,8932,12395,10527,9157,12465,10681,9380,12536,10839,9599,12609,11001,9816,12683,11166,10029,12759,11335,10239,12836,11507,10446,12913,
8904,4487,11629,8913,4518,11633,8923,4553,11638,8937,4603,11645,8956,4670,11655,8980,4753,11667,9010,4852,11681,9046,4969,11699,9087,5101,11719,9135,5248,11742,9188,5409,11768,
9248,5583,11798,9314,5769,11830,9386,5964,11865,9465,6168,11903,9549,6380,11944,9640,6597,11987,9736,6820,12034,9839,7046,12083,9947,7274,12134,10061,7504,12188,10180,7736,12245,
10304,7967,12303,10433,8197,12364,10567,8427,12427,10705,8655,12491,10848,8881,12558,10995,9105,12626,11146,9326,12696,11301,9545,12767,11459,9761,12840,11621,9974,12914,11786,10184,12989,
9345,4341,11779,9353,4370,11783,9363,4403,11788,9376,4449,11794,9394,4511,11803,9416,4589,11814,9444,4682,11828,9477,4791,11844,9516,4915,11863,9560,5054,11884,9610,5207,11908,
9665,5373,11936,9727,5550,11965,9795,5737,11998,9868,5934,12034,9947,6138,12072,10032,6349,12113,10123,6566,12156,10219,6786,12202,10321,7011,12251,10428,7237,12302,10541,7465,12355,
10658,7694,12411,10781,7923,12469,10908,8152,12528,11040,8380,12590,11176,8606,12653,11316,8831,12719,11460,9054,12785,11608,9274,12854,11760,9492,12923,11915,9707,12994,12074,9920,13067,
9782,4197,11927,9790,4224,11930,9799,4255,11935,9811,4298,11941,9828,4356,11949,9849,4428,11959,9875,4516,11972,9905,4618,11987,9941,4735,12004,9983,4867,12024,10029,5012,12047,
10081,5169,12072,10139,5338,12100,10202,5518,12131,10271,5707,12164,10346,5904,12200,10425,6108,12238,10511,6319,12279,10602,6534,12323,10698,6753,12369,10799,6976,12417,10905,7200,12467,
11017,7427,12520,11133,7654,12575,11254,7881,12632,11379,8108,12690,11509,8334,12751,11642,8558,12813,11780,8782,12877,11922,9003,12943,12067,9222,13010,12216,9440,13078,12369,9654,13148,
10216,4054,12072,10223,4079,12075,10231,4108,12079,10243,4149,12085,10258,4203,12093,10278,4271,12102,10302,4353,12114,10331,4450,12128,10364,4560,12144,10403,4685,12163,10447,4822,12184,
10496,4972,12208,10550,5133,12234,10609,5305,12263,10674,5487,12294,10744,5677,12328,10819,5875,12364,10900,6079,12403,10985,6288,12444,11076,6503,12487,11172,6721,12533,11273,6941,12580,
11378,7164,12630,11489,7389,12682,11604,7614,12737,11723,7839,12793,11846,8064,12850,11974,8288,12910,12106,8512,12971,12241,8733,13034,12381,8954,13098,12524,9172,13164,12670,9388,13231,
10646,3913,12215,10653,3937,12219,10660,3963,12222,10671,4002,12227,10685,4052,12235,10704,4116,12244,10726,4194,12255,10754,4285,12268,10785,4389,12283,10821,4507,12301,10862,4638,12320,
10908,4780,12343,10959,4935,12367,11015,5099,12394,11076,5274,12424,11142,5457,12455,11213,5648,12490,11289,5846,12526,11370,6050,12565,11456,6259,12606,11547,6472,12649,11642,6688,12694,
11743,6907,12742,11847,7129,12791,11957,7351,12843,12070,7574,12896,12188,7798,12951,12310,8021,13008,12436,8244,13067,12566,8465,13127,12699,8686,13189,12837,8905,13252,12977,9122,13317,
11072,3773,12357,11079,3795,12360,11086,3820,12363,11096,3856,12368,11110,3904,12375,11127,3964,12383,11148,4037,12393,11173,4123,12406,11203,4222,12420,11237,4334,12437,11276,4458,12455,
11319,4594,12476,11367,4741,12499,11420,4899,12525,11477,5067,12553,11540,5243,12583,11607,5428,12615,11679,5619,12649,11755,5817,12686,11837,6021,12725,11923,6229,12766,12014,6441,12809,
12109,6656,12854,12209,6874,12901,12313,7093,12950,12421,7314,13001,12534,7535,13054,12650,7757,13108,12771,7979,13165,12895,8200,13222,13023,8420,13282,13154,8639,13343,13289,8857,13405,
11496,3634,12496,11502,3655,12499,11508,3679,12502,11518,3713,12507,11531,3758,12513,11547,3814,12521,11567,3884,12531,11591,3965,12542,11619,4059,12556,11651,4165,12572,11687,4283,12589,
11728,4413,12609,11773,4554,12631,11823,4705,12655,11878,4866,12681,11937,5035,12709,12000,5213,12740,12068,5399,12772,12141,5591,12807,12218,5789,12844,12300,5992,12883,12386,6199,12924,
12477,6410,12967,12572,6624,13012,12671,6840,13059,12774,7058,13107,12882,7277,13158,12993,7497,13210,13109,7717,13264,13228,7937,13319,13350,8157,13376,13477,8376,13435,13606,8593,13495,
11916,3496,12634,11921,3516,12637,11928,3539,12640,11937,3570,12644,11949,3613,12650,11964,3667,12658,11983,3732,12667,12006,3809,12678,12032,3899,12691,12062,3999,12705,12097,4112,12722,
12135,4236,12741,12178,4370,12761,12225,4515,12784,12277,4670,12809,12333,4833,12835,12393,5005,12864,12457,5184,12895,12526,5371,12928,12600,5563,12963,12678,5761,13000,12760,5963,13039,
12846,6170,13080,12937,6380,13123,13031,6592,13168,13130,6807,13214,13233,7023,13263,13339,7241,13313,13450,7459,13364,13564,7678,13418,13681,7896,13472,13803,8114,13529,13927,8332,13586,
12333,3360,12771,12338,3378,12773,12344,3400,12776,12353,3430,12780,12364,3470,12786,12379,3521,12793,12396,3583,12802,12418,3656,12812,12443,3741,12824,12471,3837,12838,12504,3945,12854,
12541,4063,12871,12581,4192,12891,12626,4330,12912,12675,4479,12936,12728,4636,12961,12785,4802,12989,12846,4976,13018,12912,5156,13049,12982,5343,13083,13056,5535,13118,13134,5733,13155,
13216,5935,13194,13303,6140,13235,13393,6349,13278,13487,6561,13322,13586,6774,13369,13688,6989,13416,13793,7205,13466,13903,7422,13517,14016,7639,13570,14132,7856,13624,14252,8072,13680,
12747,3224,12906,12752,3242,12909,12758,3262,12911,12766,3291,12915,12777,3329,12920,12790,3377,12927,12807,3436,12935,12828,3506,12945,12851,3586,12956,12878,3678,12970,12909,3780,12984,
12944,3893,13001,12982,4017,13020,13025,4150,13040,13071,4293,13062,13122,4444,13087,13176,4604,13113,13234,4772,13141,13297,4947,13170,13363,5128,13202,13434,5316,13236,13509,5508,13271,
13587,5705,13308,13670,5907,13348,13756,6111,13388,13846,6319,13431,13940,6529,13475,14038,6741,13521,14139,6955,13569,14244,7169,13618,14353,7384,13669,14465,7600,13721,14580,7816,13774,
13159,3090,13040,13163,3106,13042,13169,3126,13045,13176,3153,13049,13187,3189,13054,13200,3235,13060,13216,3291,13068,13235,3357,13077,13257,3434,13088,13283,3522,13100,13313,3619,13114,
13346,3728,13130,13382,3846,13148,13422,3974,13167,13467,4111,13188,13514,4257,13211,13566,4411,13236,13622,4573,13263,13681,4743,13291,13745,4919,13321,13812,5101,13354,13883,5288,13387,
13958,5481,13423,14037,5678,13460,14120,5878,13500,14206,6082,13540,14296,6289,13583,14390,6498,13627,14487,6709,13673,14588,6921,13720,14693,7134,13769,14800,7348,13819,14911,7562,13870,
13567,2956,13173,13572,2972,13175,13577,2990,13177,13584,3016,13181,13594,3051,13185,13606,3094,13191,13622,3148,13199,13640,3211,13208,13661,3284,13218,13686,3368,13230,13714,3461,13243,
13745,3565,13258,13780,3678,13275,13818,3801,13294,13860,3933,13314,13906,4073,13336,13955,4222,13359,14009,4379,13385,14065,4543,13412,14126,4714,13441,14190,4891,13471,14258,5074,13504,
14330,5262,13538,14406,5454,13574,14485,5650,13611,14567,5850,13650,14654,6053,13691,14744,6259,13733,14837,6467,13777,14934,6676,13823,15034,6887,13869,15138,7099,13918,15245,7311,13968,
13974,2823,13304,13978,2839,13306,13983,2856,13309,13990,2880,13312,13999,2913,13316,14011,2955,13322,14025,3006,13329,14043,3066,13337,14063,3136,13347,14087,3216,13359,14113,3306,13371,
14143,3405,13386,14176,3514,13402,14213,3632,13419,14253,3759,13438,14296,3894,13459,14344,4038,13482,14394,4189,13506,14449,4348,13532,14506,4514,13560,14568,4686,13589,14633,4864,13620,
14702,5047,13653,14774,5235,13687,14850,5427,13723,14929,5623,13760,15012,5822,13799,15098,6025,13840,15188,6229,13882,15281,6436,13926,15378,6644,13971,15477,6854,14018,15580,7064,14066,
14377,2691,13435,14382,2706,13437,14386,2722,13439,14393,2746,13442,14402,2777,13446,14413,2817,13452,14427,2866,13458,14443,2923,13466,14463,2990,13476,14485,3067,13486,14510,3153,13499,
14539,3248,13512,14571,3352,13528,14606,3466,13544,14644,3588,13563,14686,3719,13583,14731,3857,13604,14779,4004,13627,14831,4158,13652,14886,4318,13679,14945,4486,13707,15008,4659,13736,
15073,4837,13768,15143,5020,13800,15215,5208,13835,15292,5400,13871,15371,5596,13909,15454,5794,13948,15540,5996,13988,15630,6199,14030,15723,6405,14074,15819,6612,14119,15918,6820,14165,
97,8458,7467,173,8592,7514,259,8743,7568,383,8959,7644,549,9249,7746,760,9586,7877,1021,9855,8037,1332,10037,8230,1665,10179,8434,1995,10321,8632,2320,10463,8825,
2642,10604,9012,2960,10744,9195,3274,10883,9372,3585,11020,9545,3893,11157,9713,4197,11293,9876,4498,11427,10036,4797,11561,10191,5092,11693,10343,5385,11824,10491,5676,11955,10636,
5964,12084,10778,6250,12212,10917,6534,12340,11054,6815,12466,11187,7095,12592,11319,7373,12717,11448,7648,12841,11575,7923,12965,11700,8195,13087,11823,8466,13209,11944,8735,13330,12064,
353,8254,7613,429,8387,7660,515,8538,7714,639,8755,7790,805,9045,7892,1016,9348,8023,1277,9585,8184,1571,9771,8364,1871,9949,8546,2174,10121,8727,2477,10286,8905,
2781,10447,9081,3084,10604,9254,3386,10757,9424,3686,10906,9590,3985,11053,9752,4281,11198,9911,4575,11340,10067,4868,11480,10219,5158,11618,10367,5447,11755,10513,5733,11890,10656,
6017,12024,10796,6300,12156,10934,6581,12287,11068,6860,12416,11201,7137,12545,11331,7412,12672,11459,7686,12799,11585,7958,12925,11709,8229,13049,11832,8498,13173,11952,8765,13296,12071,
643,8023,7779,719,8156,7826,805,8307,7879,928,8523,7955,1094,8805,8057,1306,9066,8188,1551,9296,8339,1812,9514,8497,2083,9720,8659,2361,9916,8824,2644,10103,8990,
2931,10282,9155,3219,10455,9318,3508,10621,9480,3797,10783,9639,4086,10940,9795,4374,11094,9949,4661,11244,10101,4947,11392,10249,5232,11536,10395,5515,11678,10538,5797,11818,10678,
6077,11956,10816,6356,12093,10952,6633,12227,11085,6909,12360,11216,7184,12492,11345,7456,12622,11472,7728,12752,11597,7998,12879,11720,8267,13006,11842,8534,13132,11962,8800,13257,12080,
1058,7691,8016,1134,7825,8063,1220,7976,8116,1344,8192,8192,1500,8447,8288,1685,8706,8401,1892,8960,8526,2117,9204,8661,2357,9436,8803,2607,9657,8950,2866,9866,9100,
3132,10066,9251,3401,10257,9403,3674,10440,9555,3949,10616,9705,4226,10786,9855,4503,10952,10002,4780,11112,10148,5057,11269,10291,5334,11422,10433,5611,11571,10572,5886,11718,10709,
6161,11862,10844,6435,12004,10977,6708,12144,11108,6979,12282,11237,7250,12418,11365,7519,12552,11490,7787,12685,11614,8055,12816,11736,8320,12946,11856,8585,13074,11975,8849,13202,12092,
1595,7282,8321,1660,7433,8361,1731,7607,8404,1830,7827,8464,1956,8076,8540,2107,8339,8631,2280,8604,8734,2473,8864,8848,2683,9115,8970,2905,9356,9099,3139,9586,9233,
3381,9805,9370,3630,10015,9509,3885,10215,9649,4143,10407,9789,4405,10592,9930,4669,10771,10069,4934,10943,10208,5201,11111,10346,5468,11274,10482,5736,11433,10617,6004,11588,10750,
6272,11740,10881,6539,11889,11011,6806,12035,11139,7072,12178,11266,7338,12320,11391,7602,12459,11514,7866,12596,11636,8130,12732,11756,8392,12865,11875,8653,12998,11993,8914,13128,12109,
2140,6988,8620,2191,7140,8651,2248,7296,8685,2327,7496,8732,2430,7730,8792,2555,7984,8866,2701,8249,8952,2866,8515,9047,3048,8777,9152,3244,9032,9264,3453,9277,9382,
3672,9513,9504,3900,9739,9630,4135,9956,9758,4375,10164,9888,4621,10364,10019,4870,10556,10150,5122,10741,10281,5377,10921,10412,5633,11095,10542,5891,11264,10671,6149,11429,10800,
6409,11589,10927,6668,11746,11053,6928,11900,11178,7188,12050,11301,7447,12198,11423,7707,12343,11544,7966,12486,11664,8224,12626,11782,8482,12765,11899,8739,12902,12015,8996,13037,12130,
2675,6753,8900,2716,6882,8925,2763,7018,8952,2828,7197,8990,2913,7411,9039,3018,7651,9100,3142,7907,9171,3283,8171,9252,3441,8436,9341,3614,8697,9438,3800,8953,9542,
3997,9201,9651,4204,9441,9764,4419,9671,9880,4642,9893,9999,4870,10107,10120,5104,10312,10243,5342,10511,10366,5583,10702,10489,5827,10888,10613,6074,11068,10736,6322,11243,10859,
6572,11413,10981,6822,11578,11103,7074,11740,11223,7326,11898,11343,7579,12053,11462,7832,12205,11580,8085,12354,11697,8338,12501,11813,8591,12645,11928,8843,12786,12042,9095,12926,12155,
3199,6537,9164,3234,6648,9184,3272,6766,9206,3327,6925,9237,3398,7119,9278,3487,7342,9328,3593,7585,9388,3716,7840,9457,3854,8101,9534,4006,8364,9618,4171,8624,9709,
4348,8879,9805,4535,9128,9907,4732,9369,10012,4937,9603,10120,5149,9828,10232,5367,10046,10345,5590,10256,10460,5817,10460,10576,6048,10656,10692,6283,10847,10809,6520,11032,10926,
6760,11212,11043,7001,11387,11160,7244,11557,11277,7488,11724,11393,7733,11886,11508,7978,12045,11623,8225,12201,11737,8471,12354,11850,8718,12504,11963,8965,12652,12075,9212,12797,12186,
3714,6335,9411,3743,6431,9428,3776,6535,9446,3822,6675,9472,3883,6851,9506,3960,7055,9549,4051,7283,9600,4158,7526,9659,4279,7780,9725,4413,8038,9799,4561,8298,9879,
4720,8556,9964,4889,8810,10055,5068,9058,10150,5256,9300,10249,5452,9535,10351,5654,9763,10455,5863,9984,10562,6076,10197,10670,6294,10405,10780,6517,10605,10890,6742,10800,11002,
6971,10990,11113,7202,11174,11225,7435,11353,11337,7670,11528,11449,7907,11699,11560,8145,11866,11672,8384,12029,11782,8624,12189,11893,8864,12345,12003,9105,12499,12112,9347,12650,12221,
4220,6143,9645,4245,6227,9659,4273,6318,9675,4313,6444,9697,4366,6602,9726,4432,6789,9762,4512,7000,9806,4606,7230,9857,4712,7473,9915,4832,7724,9979,4963,7980,10050,
5106,8237,10126,5260,8492,10207,5423,8744,10293,5595,8991,10383,5776,9233,10476,5963,9469,10572,6157,9698,10671,6357,9921,10772,6563,10137,10875,6772,10347,10979,6986,10551,11084,
7204,10750,11190,7425,10943,11297,7648,11131,11404,7874,11314,11511,8102,11493,11619,8331,11668,11726,8562,11838,11833,8795,12005,11941,9028,12169,12048,9263,12329,12154,9498,12486,12260,
4717,5960,9867,4739,6034,9879,4763,6115,9892,4798,6227,9911,4845,6369,9936,4903,6540,9967,4973,6736,10005,5056,6951,10050,5151,7182,10101,5257,7424,10158,5375,7672,10220,
5504,7925,10288,5644,8179,10361,5792,8431,10439,5950,8681,10520,6116,8927,10606,6290,9168,10694,6471,9404,10786,6658,9634,10879,6850,9858,10975,7048,10076,11073,7250,10289,11172,
7456,10495,11273,7667,10697,11374,7880,10893,11477,8096,11084,11579,8315,11271,11683,8536,11453,11786,8759,11631,11890,8984,11805,11994,9210,11975,12098,9437,12142,12201,9666,12306,12305,
5207,5783,10078,5226,5849,10088,5248,5921,10099,5278,6021,10116,5319,6151,10138,5371,6307,10165,5433,6487,10199,5507,6688,10238,5592,6906,10283,5687,7137,10333,5794,7377,10389,
5910,7624,10450,6037,7873,10516,6173,8124,10586,6318,8374,10660,6471,8621,10738,6632,8865,10820,6799,9105,10904,6974,9341,10992,7154,9571,11081,7340,9796,11173,7531,10015,11266,
7727,10229,11361,7926,10438,11458,8129,10642,11555,8336,10841,11653,8546,11035,11752,8758,11224,11852,8972,11409,11952,9189,11590,12052,9408,11767,12153,9628,11941,12253,9850,12111,12354,
5690,5612,10279,5707,5670,10288,5726,5735,10298,5753,5826,10313,5790,5943,10332,5836,6086,10356,5891,6253,10386,5957,6440,10420,6034,6645,10460,6120,6864,10505,6216,7095,10555,
6322,7333,10610,6438,7577,10670,6562,7824,10734,6695,8071,10801,6836,8318,10873,6985,8564,10948,7141,8806,11026,7304,9045,11107,7473,9279,11191,7648,9509,11277,7828,9734,11365,
8012,9954,11455,8202,10170,11546,8395,10380,11638,8592,10586,11732,8792,10786,11827,8996,10983,11922,9202,11175,12019,9410,11362,12115,9621,11546,12212,9834,11726,12310,10049,11902,12408,
6166,5445,10472,6181,5498,10480,6198,5557,10489,6223,5639,10502,6255,5746,10519,6297,5877,10541,6347,6031,10567,6407,6205,10598,6475,6397,10634,6554,6605,10674,6641,6825,10719,
6738,7054,10769,6843,7291,10823,6958,7532,10881,7080,7776,10943,7211,8021,11009,7349,8265,11078,7494,8508,11151,7645,8749,11226,7804,8986,11304,7968,9219,11385,8137,9449,11467,
8312,9674,11552,8491,9894,11638,8675,10110,11726,8862,10322,11815,9053,10529,11906,9248,10731,11997,9446,10929,12090,9646,11123,12183,9849,11313,12277,10055,11499,12371,10262,11682,12466,
6636,5282,10659,6650,5330,10666,6665,5383,10674,6687,5458,10685,6717,5556,10700,6754,5677,10720,6800,5819,10743,6854,5981,10771,6916,6161,10803,6988,6358,10840,7068,6567,10881,
7156,6787,10926,7253,7015,10975,7358,7250,11028,7471,7489,11085,7592,7730,11146,7720,7972,11210,7855,8214,11277,7997,8455,11347,8145,8693,11420,8299,8929,11495,8458,9161,11573,
8623,9390,11653,8793,9615,11735,8967,9835,11818,9145,10052,11903,9328,10264,11989,9514,10472,12077,9703,10676,12165,9896,10875,12255,10091,11071,12345,10289,11263,12436,10489,11451,12528,
7101,5123,10838,7113,5166,10845,7127,5215,10852,7147,5283,10862,7174,5373,10876,7208,5484,10893,7249,5616,10915,7299,5767,10940,7356,5936,10969,7421,6121,11002,7494,6320,11040,
7575,6530,11081,7665,6750,11126,7761,6977,11175,7866,7210,11227,7978,7446,11283,8097,7685,11342,8223,7925,11404,8355,8164,11470,8494,8402,11538,8639,8639,11609,8789,8873,11682,
8945,9104,11757,9105,9332,11834,9271,9556,11913,9440,9777,11994,9614,9993,12076,9792,10206,12160,9973,10415,12245,10157,10620,12331,10345,10820,12418,10535,11018,12505,10728,11211,12594,
7560,4966,11013,7571,5006,11018,7584,5051,11025,7602,5113,11034,7627,5196,11047,7658,5299,11063,7696,5421,11082,7741,5562,11105,7793,5721,11131,7853,5895,11162,7920,6084,11196,
7995,6285,11233,8078,6495,11275,8167,6715,11320,8264,6940,11368,8368,7171,11420,8479,7405,11475,8597,7642,11533,8721,7879,11594,8851,8116,11658,8987,8352,11724,9128,8587,11792,
9275,8819,11863,9427,9049,11937,9584,9276,12012,9745,9499,12088,9911,9719,12167,10080,9936,12247,10253,10149,12328,10430,10358,12410,10610,10564,12494,10793,10765,12578,10978,10964,12664,
8014,4812,11182,8024,4849,11187,8036,4890,11193,8053,4948,11202,8075,5024,11213,8104,5120,11227,8139,5233,11245,8180,5365,11266,8228,5514,11290,8284,5679,11318,8346,5857,11349,
8415,6048,11384,8491,6250,11422,8575,6461,11464,8665,6680,11509,8761,6904,11557,8865,7133,11608,8975,7365,11662,9091,7599,11719,9213,7834,11778,9341,8069,11841,9474,8303,11905,
9613,8535,11972,9757,8766,12041,9906,8995,12112,10059,9220,12185,10216,9443,12260,10378,9663,12336,10543,9879,12414,10713,10092,12493,10885,10302,12573,11061,10508,12655,11239,10710,12737,
8463,4661,11347,8473,4695,11352,8484,4732,11357,8499,4786,11365,8520,4857,11375,8546,4945,11389,8578,5052,11405,8617,5175,11424,8661,5315,11446,8712,5470,11472,8770,5639,11501,
8834,5821,11533,8905,6014,11568,8983,6217,11607,9066,6428,11648,9157,6646,11693,9254,6869,11740,9356,7096,11791,9465,7326,11844,9580,7557,11900,9701,7790,11959,9826,8023,12020,
9958,8255,12083,10094,8486,12148,10235,8715,12216,10380,8942,12285,10530,9166,12356,10685,9388,12429,10843,9607,12503,11004,9823,12579,11170,10036,12656,11338,10246,12734,11510,10452,12814,
8909,4511,11508,8917,4543,11512,8927,4578,11517,8942,4627,11525,8961,4693,11534,8985,4776,11546,9015,4875,11561,9051,4991,11579,9092,5122,11600,9139,5269,11623,9193,5429,11650,
9253,5602,11680,9319,5787,11712,9391,5982,11748,9469,6185,11787,9554,6396,11828,9644,6612,11873,9741,6834,11920,9843,7059,11970,9951,7287,12023,10065,7517,12078,10183,7747,12135,
10308,7978,12195,10437,8208,12257,10570,8437,12321,10709,8664,12387,10852,8890,12455,10999,9113,12524,11150,9334,12595,11304,9553,12668,11463,9768,12742,11624,9981,12817,11789,10190,12893,
9350,4364,11665,9358,4393,11670,9367,4426,11674,9380,4472,11681,9398,4533,11690,9421,4610,11701,9448,4703,11715,9481,4812,11731,9520,4936,11750,9564,5074,11772,9614,5226,11797,
9670,5391,11825,9731,5567,11855,9799,5754,11888,9872,5950,11925,9951,6153,11963,10036,6364,12005,10127,6579,12049,10223,6800,12096,10325,7023,12146,10432,7249,12198,10545,7477,12252,
10662,7705,12309,10784,7934,12367,10911,8162,12428,11043,8389,12491,11179,8615,12555,11319,8839,12621,11463,9062,12689,11611,9282,12759,11763,9499,12830,11918,9714,12902,12077,9926,12976,
9787,4218,11820,9794,4245,11824,9803,4276,11828,9815,4319,11834,9832,4376,11842,9853,4449,11853,9879,4536,11866,9909,4638,11881,9945,4755,11899,9987,4885,11919,10033,5030,11942,
10085,5187,11968,10143,5355,11996,10206,5534,12027,10275,5722,12061,10349,5919,12098,10429,6122,12137,10515,6332,12178,10605,6547,12223,10701,6766,12269,10803,6988,12318,10909,7212,12369,
11020,7437,12423,11136,7664,12479,11257,7890,12536,11382,8117,12596,11512,8342,12658,11646,8567,12721,11783,8790,12786,11925,9011,12852,12070,9230,12920,12219,9446,12990,12372,9661,13061,
10220,4074,11971,10227,4099,11975,10235,4128,11979,10247,4168,11985,10262,4222,11992,10282,4290,12002,10306,4372,12014,10335,4468,12028,10368,4578,12045,10407,4702,12064,10451,4839,12086,
10499,4988,12110,10553,5149,12136,10613,5321,12165,10678,5502,12197,10748,5691,12231,10823,5888,12268,10903,6092,12307,10989,6301,12349,11080,6515,12393,11176,6732,12439,11276,6952,12488,
11382,7175,12538,11492,7399,12591,11607,7623,12646,11726,7848,12703,11849,8073,12761,11977,8297,12822,12109,8519,12884,12244,8741,12948,12384,8961,13013,12526,9179,13080,12673,9395,13148,
10650,3931,12120,10656,3955,12124,10664,3982,12127,10675,4020,12133,10689,4070,12140,10708,4134,12149,10730,4211,12160,10757,4302,12174,10789,4406,12189,10825,4524,12207,10866,4654,12227,
10912,4796,12250,10963,4950,12275,11019,5114,12302,11079,5288,12332,11145,5471,12364,11216,5661,12399,11292,5858,12435,11373,6062,12475,11459,6270,12516,11550,6483,12560,11646,6699,12606,
11746,6918,12654,11851,7138,12704,11960,7360,12757,12073,7583,12811,12191,7806,12867,12313,8029,12925,12439,8252,12984,12569,8473,13045,12702,8693,13108,12839,8912,13172,12980,9129,13237,
11076,3790,12267,11082,3813,12270,11089,3838,12274,11099,3873,12279,11113,3921,12285,11130,3981,12294,11152,4054,12304,11177,4140,12317,11207,4238,12331,11241,4350,12348,11279,4474,12367,
11322,4609,12388,11370,4756,12412,11423,4913,12437,11481,5080,12466,11543,5256,12496,11610,5440,12528,11682,5631,12563,11758,5829,12601,11840,6032,12640,11926,6240,12681,12017,6451,12725,
12112,6666,12771,12212,6883,12819,12316,7102,12868,12424,7323,12920,12536,7544,12973,12653,7765,13028,12773,7986,13085,12898,8207,13144,13025,8427,13204,13157,8646,13266,13292,8863,13329,
11499,3650,12412,11505,3671,12414,11511,3695,12418,11521,3729,12422,11534,3774,12429,11550,3830,12437,11570,3899,12447,11594,3981,12458,11622,4074,12472,11654,4180,12488,11690,4298,12506,
11731,4427,12525,11777,4567,12548,11826,4718,12572,11881,4879,12598,11940,5048,12627,12003,5226,12658,12071,5411,12691,12144,5602,12726,12221,5800,12763,12303,6002,12803,12389,6209,12844,
12480,6420,12888,12575,6633,12933,12674,6849,12981,12777,7067,13030,12885,7285,13081,12996,7505,13134,13111,7725,13188,13230,7944,13244,13353,8164,13302,13479,8382,13361,13609,8600,13422,
11919,3512,12554,11924,3532,12557,11931,3554,12560,11940,3586,12564,11952,3628,12570,11967,3682,12578,11986,3747,12587,12009,3824,12598,12035,3913,12611,12065,4014,12626,12100,4126,12643,
12138,4249,12661,12181,4384,12682,12228,4528,12705,12280,4682,12730,12335,4845,12757,12396,5017,12787,12460,5196,12818,12529,5382,12851,12603,5574,12887,12680,5771,12924,12762,5973,12964,
12849,6179,13005,12939,6389,13048,13034,6601,13093,13133,6815,13140,13235,7031,13189,13342,7249,13240,13452,7467,13292,13566,7685,13346,13684,7903,13401,13805,8121,13458,13930,8338,13516,
12336,3374,12695,12341,3393,12697,12347,3414,12700,12355,3444,12704,12367,3485,12710,12381,3535,12717,12399,3597,12726,12421,3670,12736,12446,3755,12748,12474,3851,12762,12507,3958,12778,
12543,4076,12796,12584,4204,12816,12629,4343,12838,12677,4491,12861,12730,4648,12887,12788,4813,12915,12849,4987,12944,12915,5167,12976,12984,5353,13010,13058,5545,13045,13137,5743,13083,
13219,5944,13122,13305,6149,13164,13396,6358,13207,13490,6569,13252,13588,6782,13298,13690,6996,13347,13796,7212,13397,13905,7429,13449,14018,7645,13502,14135,7862,13556,14254,8079,13613,
12750,3238,12834,12755,3256,12836,12760,3276,12839,12768,3304,12843,12779,3343,12848,12793,3391,12855,12810,3450,12863,12830,3519,12873,12854,3600,12884,12881,3691,12898,12912,3793,12913,
12947,3906,12930,12985,4029,12948,13028,4162,12969,13074,4304,12991,13124,4456,13016,13179,4615,13042,13237,4783,13070,13299,4957,13100,13366,5138,13132,13437,5325,13166,13511,5517,13202,
13590,5714,13240,13672,5915,13279,13758,6120,13321,13849,6327,13364,13943,6537,13408,14040,6749,13455,14142,6962,13503,14247,7176,13552,14355,7391,13603,14467,7606,13656,14582,7822,13710,
13161,3103,12971,13166,3120,12973,13171,3139,12976,13179,3166,12980,13189,3202,12985,13202,3248,12991,13218,3304,12999,13237,3370,13008,13260,3447,13019,13286,3534,13032,13315,3632,13046,
13348,3739,13062,13385,3857,13080,13425,3985,13099,13469,4122,13121,13517,4268,13144,13569,4422,13169,13624,4584,13196,13684,4753,13224,13747,4928,13255,13815,5110,13287,13886,5298,13321,
13961,5490,13357,14040,5686,13395,14122,5887,13435,14209,6090,13476,14299,6297,13519,14392,6505,13563,14490,6716,13609,14590,6928,13657,14695,7141,13706,14802,7354,13757,14913,7568,13809,
13570,2969,13107,13574,2985,13109,13579,3003,13111,13587,3028,13115,13596,3063,13120,13609,3107,13126,13624,3160,13133,13642,3223,13142,13664,3296,13153,13688,3380,13164,13716,3473,13178,
13748,3576,13193,13782,3689,13210,13821,3812,13229,13863,3943,13249,13908,4084,13271,13958,4233,13295,14011,4389,13321,14068,4553,13348,14128,4723,13377,14193,4900,13408,14261,5083,13441,
14332,5270,13475,14408,5462,13511,14487,5658,13549,14570,5858,13588,14656,6061,13629,14746,6266,13672,14839,6474,13716,14936,6683,13762,15036,6894,13809,15140,7105,13858,15247,7317,13908,
13976,2835,13241,13980,2851,13243,13985,2868,13246,13992,2892,13249,14001,2925,13254,14013,2967,13259,14028,3018,13266,14045,3078,13275,14065,3148,13285,14089,3227,13296,14115,3317,13309,
14145,3416,13324,14178,3524,13340,14215,3642,13357,14255,3769,13377,14299,3904,13398,14346,4048,13420,14397,4199,13445,14451,4358,13471,14509,4523,13499,14570,4695,13528,14635,4872,13560,
14704,5055,13593,14776,5243,13627,14852,5435,13663,14931,5631,13701,15014,5830,13741,15101,6032,13782,15190,6236,13824,15283,6442,13868,15380,6651,13914,15479,6860,13961,15582,7070,14009,
14380,2703,13375,14384,2717,13377,14388,2734,13379,14395,2757,13382,14404,2789,13386,14415,2828,13392,14429,2877,13398,14446,2935,13406,14465,3001,13416,14487,3078,13427,14513,3163,13439,
14541,3258,13453,14573,3363,13468,14608,3476,13485,14646,3598,13504,14688,3728,13524,14733,3867,13545,14781,4013,13569,14833,4167,13594,14888,4327,13620,14947,4494,13649,15010,4667,13678,
15075,4845,13710,15145,5028,13743,15218,5216,13778,15294,5408,13814,15373,5603,13852,15456,5801,13891,15542,6003,13932,15632,6206,13975,15725,6411,14019,15821,6618,14064,15920,6826,14110,
153,8613,7088,229,8746,7136,316,8897,7190,439,9113,7268,605,9404,7372,816,9703,7506,1077,9936,7670,1387,10093,7865,1712,10227,8068,2035,10363,8268,2356,10500,8464,
2673,10636,8655,2988,10773,8842,3299,10909,9025,3608,11044,9204,3913,11179,9379,4216,11313,9550,4515,11445,9716,4812,11577,9880,5107,11709,10039,5399,11839,10195,5689,11968,10348,
5976,12097,10498,6261,12224,10645,6544,12351,10789,6825,12477,10930,7104,12602,11069,7381,12726,11206,7657,12850,11340,7930,12973,11472,8202,13095,11601,8473,13217,11729,8741,13338,11855,
409,8408,7240,485,8542,7288,572,8693,7342,695,8909,7420,861,9191,7524,1072,9454,7658,1333,9659,7822,1620,9833,8002,1913,10001,8184,2211,10165,8367,2511,10325,8549,
2811,10481,8729,3111,10634,8907,3410,10784,9082,3708,10931,9254,4005,11076,9423,4299,11218,9588,4592,11359,9751,4883,11497,9911,5173,11634,10067,5460,11770,10221,5745,11904,10371,
6029,12036,10519,6311,12168,10664,6591,12298,10806,6869,12427,10946,7146,12555,11084,7421,12682,11219,7694,12808,11352,7966,12933,11483,8236,13057,11612,8505,13180,11739,8772,13303,11864,
699,8177,7412,775,8311,7460,861,8462,7514,985,8678,7592,1151,8934,7696,1362,9163,7829,1601,9375,7979,1855,9579,8138,2122,9775,8302,2396,9963,8469,2675,10144,8638,
2959,10318,8807,3244,10486,8975,3531,10649,9142,3818,10808,9307,4105,10963,9470,4392,11115,9631,4677,11263,9789,4962,11409,9945,5246,11552,10098,5528,11693,10248,5809,11832,10396,
6089,11969,10542,6367,12105,10685,6643,12239,10825,6919,12371,10964,7193,12502,11100,7465,12632,11234,7736,12760,11366,8006,12888,11495,8274,13014,11623,8541,13140,11750,8806,13264,11874,
1114,7846,7659,1190,7979,7707,1277,8130,7761,1398,8337,7838,1551,8567,7934,1731,8805,8046,1934,9042,8172,2155,9272,8308,2391,9494,8452,2639,9706,8602,2895,9909,8755,
3158,10103,8911,3425,10289,9067,3696,10469,9224,3969,10642,9381,4244,10810,9536,4520,10973,9690,4796,11131,9842,5072,11286,9993,5348,11438,10141,5624,11586,10288,5898,11732,10432,
6172,11875,10574,6446,12016,10714,6718,12155,10852,6989,12292,10988,7259,12428,11123,7528,12561,11255,7796,12694,11385,8062,12824,11513,8328,12954,11640,8592,13082,11765,8855,13209,11889,
1643,7449,7972,1707,7603,8012,1777,7762,8056,1873,7963,8116,1997,8192,8192,2146,8437,8283,2316,8686,8388,2507,8934,8504,2713,9175,8628,2934,9407,8760,3165,9630,8897,
3405,9844,9038,3652,10049,9182,3905,10245,9327,4162,10434,9473,4422,10616,9619,4685,10793,9765,4949,10963,9910,5215,11129,10054,5482,11291,10197,5749,11448,10338,6016,11602,10478,
6283,11753,10616,6549,11901,10753,6816,12046,10888,7081,12189,11021,7346,12330,11153,7611,12468,11282,7874,12605,11411,8137,12740,11537,8399,12874,11662,8660,13005,11786,8920,13136,11908,
2178,7152,8280,2229,7291,8311,2285,7434,8345,2363,7620,8393,2464,7838,8454,2587,8078,8529,2732,8330,8616,2895,8584,8714,3075,8837,8821,3269,9084,8936,3476,9323,9057,
3694,9553,9183,3920,9774,9314,4154,9987,9447,4393,10191,9581,4637,10388,9718,4886,10578,9855,5137,10762,9992,5390,10940,10128,5646,11112,10265,5903,11280,10400,6161,11443,10535,
6419,11603,10669,6678,11759,10801,6937,11912,10932,7197,12061,11062,7456,12208,11190,7715,12353,11317,7973,12495,11443,8231,12635,11567,8489,12773,11690,8746,12910,11812,9002,13044,11932,
2706,6891,8572,2747,7012,8597,2793,7140,8625,2857,7308,8663,2941,7511,8714,3045,7740,8775,3168,7985,8848,3308,8239,8931,3465,8495,9023,3636,8749,9123,3821,8999,9230,
4017,9241,9342,4222,9476,9459,4437,9703,9580,4658,9921,9704,4886,10132,9830,5118,10335,9957,5355,10532,10086,5596,10722,10215,5839,10905,10344,6085,11084,10473,6333,11258,10602,
6582,11426,10730,6832,11591,10858,7083,11752,10985,7335,11910,11110,7587,12064,11235,7840,12215,11359,8093,12363,11482,8345,12509,11603,8598,12653,11724,8850,12794,11843,9102,12934,11961,
3225,6655,8850,3259,6760,8870,3297,6873,8893,3351,7024,8924,3422,7210,8966,3511,7424,9018,3616,7658,9080,3737,7905,9150,3874,8159,9229,4026,8415,9316,4190,8670,9410,
4366,8920,9510,4552,9164,9615,4748,9401,9724,4952,9632,9837,5163,9854,9953,5380,10069,10071,5602,10278,10191,5829,10479,10312,6060,10674,10433,6294,10864,10556,6531,11047,10678,
6769,11226,10801,7010,11400,10923,7253,11570,11045,7496,11735,11167,7741,11897,11288,7986,12056,11408,8232,12211,11527,8478,12363,11646,8725,12513,11763,8972,12660,11880,9219,12805,11996,
3735,6437,9113,3764,6529,9130,3797,6629,9149,3843,6764,9175,3904,6933,9211,3980,7131,9254,4071,7351,9307,4177,7588,9368,4297,7835,9436,4431,8088,9512,4577,8343,9595,
4736,8596,9683,4904,8846,9777,5083,9091,9876,5270,9329,9978,5465,9561,10084,5667,9787,10193,5875,10005,10304,6088,10217,10417,6305,10423,10532,6527,10622,10647,6752,10816,10763,
6980,11004,10880,7211,11188,10996,7444,11366,11113,7679,11540,11230,7915,11710,11347,8153,11876,11463,8391,12039,11579,8631,12198,11694,8871,12354,11809,9112,12507,11923,9353,12658,12036,
4238,6232,9363,4263,6313,9377,4291,6402,9393,4331,6523,9416,4383,6676,9446,4450,6858,9483,4529,7064,9529,4622,7288,9581,4728,7526,9641,4847,7772,9707,4978,8023,9780,
5121,8276,9859,5274,8528,9943,5437,8776,10032,5608,9021,10125,5788,9260,10222,5975,9493,10322,6169,9720,10425,6368,9941,10530,6573,10156,10637,6782,10364,10745,6996,10567,10855,
7213,10765,10966,7433,10957,11077,7656,11144,11189,7882,11326,11300,8109,11504,11413,8338,11678,11525,8569,11848,11636,8801,12014,11748,9035,12177,11859,9269,12337,11970,9504,12494,12081,
4733,6038,9601,4755,6110,9613,4779,6189,9627,4814,6298,9646,4860,6437,9672,4918,6604,9704,4988,6795,9744,5071,7006,9790,5165,7232,9842,5271,7470,9901,5389,7714,9965,
5517,7963,10036,5656,8214,10111,5805,8463,10192,5962,8710,10276,6128,8954,10365,6301,9192,10457,6481,9426,10551,6668,9654,10649,6860,9877,10749,7057,10093,10850,7259,10305,10954,
7465,10510,11058,7675,10711,11164,7888,10906,11270,8104,11096,11377,8322,11282,11484,8543,11464,11592,8766,11641,11700,8990,11814,11808,9216,11984,11916,9443,12151,12023,9672,12314,12131,
5221,5852,9827,5240,5917,9838,5262,5987,9850,5292,6086,9867,5333,6212,9889,5384,6365,9918,5447,6542,9952,5520,6739,9992,5605,6954,10039,5700,7181,10091,5806,7418,10148,
5922,7661,10211,6049,7907,10279,6184,8155,10352,6329,8402,10429,6481,8648,10510,6642,8890,10594,6809,9128,10682,6983,9361,10772,7163,9590,10865,7349,9813,10960,7540,10031,11057,
7735,10244,11156,7934,10452,11256,8137,10655,11357,8343,10853,11459,8553,11046,11562,8765,11235,11665,8979,11419,11769,9195,11600,11873,9414,11776,11977,9634,11949,12081,9855,12119,12186,
5702,5674,10044,5719,5731,10053,5738,5795,10064,5766,5884,10079,5802,5999,10098,5848,6140,10123,5903,6303,10154,5969,6488,10190,6045,6690,10231,6131,6906,10277,6227,7133,10329,
6333,7369,10385,6448,7610,10447,6572,7854,10513,6705,8099,10583,6846,8344,10657,6995,8588,10735,7150,8828,10815,7313,9065,10899,7481,9298,10986,7656,9527,11075,7835,9751,11166,
8020,9970,11259,8209,10184,11353,8402,10393,11449,8599,10598,11546,8799,10798,11644,9002,10994,11743,9208,11185,11843,9416,11372,11943,9627,11555,12043,9840,11735,12144,10054,11910,12245,
6177,5501,10252,6192,5553,10260,6209,5610,10269,6234,5691,10282,6266,5797,10300,6308,5926,10322,6358,6077,10349,6417,6249,10381,6486,6439,10418,6564,6644,10460,6651,6861,10506,
6748,7088,10557,6853,7323,10613,6967,7562,10673,7089,7803,10737,7220,8046,10805,7357,8289,10876,7502,8530,10951,7654,8769,11029,7812,9005,11110,7975,9237,11193,8145,9465,11278,
8319,9689,11365,8498,9909,11455,8681,10124,11546,8869,10334,11638,9060,10541,11731,9254,10742,11826,9452,10940,11921,9652,11133,12017,9855,11323,12114,10060,11508,12211,10267,11690,12309,
6646,5333,10451,6660,5380,10459,6675,5432,10467,6697,5506,10479,6727,5603,10494,6764,5722,10514,6810,5862,10539,6863,6022,10567,6926,6201,10600,6997,6395,10638,7077,6602,10680,
7165,6820,10726,7262,7046,10777,7367,7278,10832,7479,7515,10891,7600,7755,10953,7728,7995,11019,7863,8236,11088,8004,8475,11160,8152,8712,11235,8306,8946,11313,8465,9177,11393,
8630,9405,11476,8799,9629,11560,8973,9849,11646,9152,10064,11733,9334,10276,11822,9520,10483,11913,9709,10686,12004,9901,10885,12096,10096,11080,12189,10294,11272,12283,10494,11459,12377,
7110,5169,10644,7122,5212,10650,7136,5260,10658,7156,5327,10668,7183,5416,10683,7217,5526,10700,7258,5656,10722,7307,5806,10748,7364,5973,10778,7430,6156,10812,7503,6353,10851,
7584,6562,10893,7673,6780,10939,7770,7005,10989,7874,7236,11043,7986,7471,11101,8105,7708,11162,8230,7946,11226,8363,8184,11293,8501,8421,11363,8646,8656,11436,8796,8889,11511,
8951,9120,11588,9112,9346,11668,9277,9570,11749,9446,9790,11832,9620,10005,11917,9797,10217,12003,9978,10425,12090,10162,10630,12179,10350,10830,12268,10540,11027,12358,10733,11219,12449,
7568,5008,10830,7579,5048,10836,7592,5092,10842,7610,5154,10852,7635,5236,10865,7666,5337,10881,7704,5459,10901,7749,5598,10924,7801,5755,10952,7861,5928,10983,7928,6115,11018,
8003,6314,11056,8085,6524,11099,8175,6741,11145,8272,6966,11195,8375,7195,11248,8486,7427,11304,8604,7662,11364,8727,7898,11426,8857,8134,11492,8993,8369,11560,9134,8603,11630,
9281,8834,11703,9433,9063,11778,9590,9289,11855,9751,9512,11934,9916,9731,12015,10085,9947,12097,10258,10160,12180,10435,10368,12265,10615,10573,12350,10797,10775,12437,10983,10972,12525,
8022,4851,11010,8032,4887,11015,8044,4928,11022,8060,4985,11030,8083,5061,11042,8111,5155,11057,8146,5268,11075,8188,5399,11096,8236,5546,11121,8291,5710,11150,8353,5887,11182,
8422,6077,11217,8498,6277,11256,8581,6487,11299,8671,6704,11345,8768,6927,11394,8872,7155,11446,8981,7385,11502,9097,7618,11560,9219,7852,11621,9347,8086,11685,9480,8319,11751,
9619,8551,11820,9763,8780,11891,9911,9008,11964,10064,9233,12039,10222,9455,12115,10383,9674,12193,10548,9890,12273,10717,10102,12354,10890,10311,12436,11065,10517,12520,11244,10719,12604,
8471,4696,11185,8480,4730,11190,8491,4767,11196,8506,4821,11204,8527,4891,11214,8553,4979,11228,8585,5084,11244,8624,5206,11264,8668,5345,11287,8719,5499,11313,8777,5667,11343,
8841,5848,11375,8912,6040,11411,8989,6242,11451,9073,6451,11493,9163,6668,11539,9260,6890,11588,9362,7116,11639,9471,7344,11694,9586,7575,11751,9706,7807,11811,9832,8038,11874,
9963,8270,11938,10099,8500,12005,10240,8728,12074,10386,8954,12145,10535,9178,12218,10689,9400,12292,10847,9618,12368,11009,9834,12446,11174,10046,12525,11343,10255,12605,11514,10461,12686,
8915,4544,11356,8924,4575,11360,8934,4610,11365,8948,4660,11372,8967,4725,11382,8992,4807,11395,9021,4905,11410,9057,5020,11428,9098,5151,11449,9146,5296,11473,9199,5456,11501,
9259,5628,11531,9325,5811,11564,9397,6005,11601,9475,6207,11640,9560,6417,11683,9650,6633,11728,9746,6853,11777,9849,7078,11828,9957,7304,11882,10070,7533,11938,10189,7763,11997,
10313,7992,12058,10442,8222,12121,10575,8450,12186,10714,8677,12254,10856,8902,12323,11003,9125,12394,11154,9345,12466,11309,9563,12540,11467,9778,12616,11629,9990,12693,11794,10199,12771,
9356,4394,11522,9364,4423,11526,9373,4456,11531,9386,4502,11537,9404,4563,11546,9427,4639,11558,9454,4732,11572,9487,4840,11589,9526,4963,11608,9570,5100,11631,9620,5251,11656,
9675,5415,11684,9737,5591,11715,9804,5776,11749,9878,5971,11786,9957,6174,11826,10042,6383,11868,10132,6598,11913,10229,6817,11961,10330,7040,12012,10437,7265,12065,10550,7492,12120,
10667,7720,12178,10789,7947,12238,10916,8175,12300,11048,8402,12364,11184,8627,12429,11324,8851,12497,11468,9072,12566,11616,9292,12637,11767,9509,12710,11923,9723,12783,12081,9935,12858,
9792,4247,11684,9800,4274,11688,9808,4304,11692,9821,4347,11699,9837,4404,11707,9858,4476,11718,9884,4562,11731,9915,4664,11746,9951,4780,11764,9992,4910,11785,10039,5054,11809,
10091,5210,11835,10148,5377,11864,10211,5555,11896,10280,5743,11930,10355,5939,11967,10434,6141,12007,10520,6350,12049,10610,6564,12094,10706,6782,12142,10808,7003,12192,10914,7227,12244,
11025,7452,12299,11141,7677,12355,11262,7903,12414,11387,8129,12475,11516,8354,12538,11650,8578,12602,11788,8800,12668,11929,9021,12736,12074,9239,12805,12223,9456,12876,12375,9670,12948,
10225,4101,11843,10232,4126,11847,10240,4154,11851,10252,4195,11856,10267,4248,11864,10287,4315,11874,10311,4397,11886,10340,4493,11901,10373,4602,11918,10412,4726,11937,10456,4862,11959,
10504,5011,11984,10559,5171,12011,10618,5341,12040,10682,5522,12073,10752,5710,12107,10828,5907,12145,10908,6109,12185,10994,6318,12227,11084,6531,12272,11180,6747,12319,11281,6967,12368,
11386,7189,12420,11496,7412,12474,11611,7636,12529,11730,7860,12587,11854,8084,12647,11981,8308,12708,12113,8530,12772,12248,8751,12837,12388,8970,12903,12530,9188,12971,12676,9403,13040,
10654,3956,11999,10661,3980,12002,10669,4007,12006,10680,4044,12011,10694,4095,12019,10712,4158,12028,10735,4235,12039,10762,4325,12053,10794,4429,12069,10830,4546,12087,10871,4676,12107,
10917,4817,12130,10967,4970,12155,11023,5134,12183,11084,5307,12214,11150,5489,12246,11221,5679,12281,11297,5875,12319,11378,6078,12359,11464,6286,12401,11554,6498,12446,11650,6713,12493,
11750,6931,12541,11855,7151,12592,11964,7373,12646,12077,7595,12701,12195,7818,12757,12317,8040,12816,12443,8262,12877,12573,8483,12939,12706,8703,13002,12843,8921,13067,12983,9137,13134,
11080,3814,12152,11087,3836,12155,11094,3861,12158,11104,3897,12163,11118,3944,12170,11135,4004,12179,11156,4076,12190,11181,4162,12202,11211,4260,12217,11245,4371,12234,11284,4494,12253,
11327,4629,12275,11375,4775,12299,11427,4932,12325,11485,5099,12353,11547,5274,12384,11614,5457,12417,11686,5648,12453,11763,5845,12490,11844,6047,12530,11930,6254,12572,12021,6465,12617,
12116,6679,12663,12216,6896,12712,12319,7115,12762,12428,7334,12815,12540,7555,12869,12657,7776,12925,12777,7997,12983,12901,8217,13042,13029,8437,13103,13160,8655,13166,13295,8872,13230,
11503,3673,12302,11509,3693,12305,11516,3717,12308,11525,3751,12313,11538,3795,12319,11554,3852,12328,11574,3920,12338,11598,4001,12349,11626,4095,12363,11658,4200,12379,11695,4317,12397,
11736,4446,12418,11781,4586,12440,11830,4736,12465,11885,4896,12491,11944,5065,12521,12007,5242,12552,12075,5427,12585,12148,5618,12621,12225,5815,12659,12307,6017,12699,12393,6223,12741,
12483,6433,12785,12578,6646,12831,12677,6861,12879,12781,7078,12929,12888,7296,12981,12999,7516,13035,13115,7735,13090,13234,7954,13147,13356,8173,13205,13482,8391,13265,13612,8608,13327,
11923,3533,12450,11928,3552,12453,11935,3575,12456,11944,3606,12460,11956,3649,12466,11971,3702,12474,11990,3767,12483,12013,3844,12494,12039,3932,12508,12069,4033,12523,12104,4145,12540,
12142,4268,12559,12185,4401,12580,12232,4545,12603,12284,4699,12628,12339,4862,12656,12400,5033,12686,12464,5211,12717,12533,5397,12751,12606,5588,12787,12684,5785,12825,12766,5986,12865,
12852,6192,12907,12943,6401,12951,13037,6613,12997,13136,6827,13044,13239,7042,13094,13345,7259,13145,13455,7477,13198,13570,7694,13252,13687,7912,13308,13808,8130,13366,13933,8347,13425,
12340,3394,12596,12345,3413,12598,12351,3434,12601,12359,3464,12605,12371,3504,12611,12385,3555,12618,12403,3616,12627,12424,3689,12638,12449,3773,12650,12478,3869,12664,12511,3976,12680,
12547,4093,12698,12588,4221,12718,12632,4359,12740,12681,4507,12764,12734,4664,12790,12791,4829,12818,12853,5001,12848,12918,5181,12880,12988,5367,12915,13062,5559,12951,13140,5756,12989,
13222,5957,13029,13309,6161,13070,13399,6369,13114,13493,6580,13160,13591,6793,13207,13693,7007,13256,13799,7222,13307,13908,7438,13359,14021,7655,13413,14138,7871,13468,14257,8087,13525,
12754,3257,12739,12758,3275,12742,12764,3294,12744,12772,3323,12748,12783,3361,12754,12797,3409,12761,12814,3468,12769,12834,3537,12779,12858,3617,12791,12885,3708,12804,12916,3810,12819,
12950,3923,12836,12989,4045,12855,13031,4178,12876,13077,4320,12899,13128,4471,12923,13182,4630,12950,13240,4797,12979,13303,4971,13009,13369,5152,13042,13440,5338,13076,13514,5530,13112,
13593,5727,13150,13675,5927,13190,13762,6131,13232,13852,6338,13275,13946,6547,13321,14044,6759,13368,14145,6972,13416,14250,7186,13466,14358,7400,13518,14470,7615,13571,14585,7830,13626,
13165,3121,12881,13169,3137,12883,13175,3156,12886,13182,3183,12890,13193,3220,12895,13206,3265,12901,13222,3321,12909,13241,3387,12918,13263,3464,12930,13289,3550,12942,13319,3648,12957,
13351,3755,12973,13388,3873,12991,13428,4000,13011,13472,4137,13032,13520,4282,13056,13572,4436,13081,13628,4597,13108,13687,4766,13137,13751,4941,13168,13818,5123,13201,13889,5310,13235,
13964,5502,13272,14043,5698,13310,14125,5898,13350,14212,6101,13391,14302,6307,13435,14395,6515,13480,14493,6725,13526,14593,6937,13574,14698,7149,13624,14805,7363,13675,14916,7576,13728,
13573,2985,13021,13578,3001,13023,13583,3019,13025,13590,3045,13029,13600,3080,13034,13612,3123,13040,13627,3176,13047,13646,3239,13056,13667,3312,13067,13692,3395,13079,13720,3488,13093,
13751,3591,13108,13786,3704,13125,13824,3826,13144,13866,3958,13164,13912,4098,13187,13961,4246,13211,14014,4402,13237,14071,4566,13264,14131,4736,13294,14196,4912,13325,14264,5094,13358,
14335,5282,13393,14411,5473,13429,14490,5669,13467,14573,5869,13507,14659,6071,13549,14749,6276,13592,14842,6483,13637,14939,6692,13683,15039,6902,13731,15143,7114,13780,15249,7326,13831,
13979,2851,13159,13983,2867,13161,13988,2884,13164,13995,2908,13167,14004,2941,13171,14016,2983,13177,14031,3033,13184,14048,3093,13193,14069,3163,13203,14092,3243,13214,14119,3332,13227,
14148,3431,13242,14182,3539,13258,14218,3656,13276,14258,3783,13296,14302,3918,13317,14349,4061,13340,14400,4212,13365,14454,4370,13391,14512,4535,13419,14573,4707,13449,14638,4884,13480,
14707,5067,13514,14779,5254,13549,14855,5445,13585,14934,5641,13623,15017,5840,13663,15103,6041,13705,15193,6245,13748,15286,6451,13792,15382,6659,13838,15482,6868,13885,15585,7078,13934,
14383,2718,13296,14387,2733,13298,14391,2749,13300,14398,2772,13303,14407,2804,13308,14418,2843,13313,14432,2892,13320,14449,2949,13328,14468,3016,13338,14490,3092,13348,14516,3178,13361,
14544,3272,13375,14576,3376,13390,14611,3489,13407,14649,3611,13426,14691,3741,13446,14736,3880,13468,14784,4026,13492,14836,4179,13517,14891,4339,13544,14950,4506,13572,15012,4678,13603,
15078,4856,13634,15148,5039,13668,15220,5226,13703,15296,5418,13739,15376,5613,13778,15459,5811,13817,15545,6012,13859,15635,6215,13901,15727,6420,13946,15823,6627,13991,15922,6834,14038,
225,8810,6730,301,8943,6779,387,9094,6834,511,9310,6913,677,9585,7019,888,9835,7154,1149,10029,7321,1455,10161,7517,1771,10287,7717,2086,10415,7915,2400,10546,8111,
2713,10677,8304,3023,10809,8493,3331,10942,8679,3636,11074,8861,3939,11206,9040,4239,11338,9216,4537,11468,9388,4832,11599,9556,5125,11728,9721,5416,11857,9884,5705,11985,10043,
5991,12112,10199,6275,12239,10352,6557,12365,10502,6838,12490,10650,7116,12615,10795,7392,12738,10938,7667,12861,11078,7940,12984,11217,8212,13105,11352,8482,13226,11486,8750,13347,11618,
481,8606,6887,557,8739,6935,643,8890,6990,767,9106,7069,933,9354,7176,1144,9574,7311,1402,9747,7476,1681,9907,7653,1967,10065,7833,2258,10221,8016,2552,10374,8198,
2848,10524,8380,3144,10672,8560,3440,10818,8738,3736,10962,8914,4030,11103,9087,4322,11244,9257,4614,11382,9425,4903,11519,9590,5191,11654,9752,5477,11788,9911,5761,11921,10068,
6044,12052,10222,6325,12183,10373,6604,12312,10521,6882,12440,10668,7157,12567,10811,7432,12694,10953,7704,12819,11092,7976,12944,11229,8245,13067,11364,8514,13190,11497,8780,13312,11628,
771,8374,7064,847,8508,7112,933,8659,7168,1057,8866,7247,1222,9080,7353,1430,9277,7486,1662,9470,7633,1910,9659,7790,2170,9843,7953,2439,10021,8120,2715,10194,8290,
2994,10362,8461,3276,10526,8632,3560,10685,8802,3845,10840,8971,4129,10992,9138,4414,11141,9303,4698,11287,9466,4981,11431,9627,5264,11572,9786,5545,11712,9942,5825,11850,10096,
6103,11986,10247,6380,12120,10396,6656,12253,10543,6931,12385,10687,7204,12515,10830,7476,12644,10970,7746,12772,11108,8015,12899,11244,8283,13025,11378,8550,13149,11510,8815,13273,11640,
1186,8043,7318,1262,8176,7367,1348,8322,7422,1466,8503,7497,1614,8707,7591,1789,8923,7702,1987,9141,7827,2203,9356,7962,2435,9565,8107,2679,9767,8257,2931,9962,8412,
3191,10149,8569,3455,10330,8728,3724,10505,8888,3995,10675,9048,4268,10839,9208,4541,11000,9366,4816,11156,9523,5091,11309,9679,5366,11459,9833,5640,11606,9985,5914,11750,10135,
6187,11892,10283,6459,12032,10429,6730,12170,10573,7001,12306,10715,7270,12441,10855,7538,12573,10993,7806,12705,11130,8072,12835,11264,8337,12964,11397,8601,13092,11527,8864,13218,11656,
1703,7663,7632,1765,7801,7672,1834,7942,7715,1928,8122,7774,2048,8329,7850,2194,8554,7941,2362,8786,8046,2549,9019,8162,2752,9248,8287,2969,9470,8420,3198,9685,8559,
3436,9892,8702,3680,10091,8848,3931,10283,8997,4186,10468,9146,4445,10647,9297,4706,10820,9447,4969,10989,9597,5233,11152,9746,5499,11312,9894,5764,11468,10040,6030,11620,10186,
6297,11770,10330,6562,11917,10472,6828,12061,10613,7093,12203,10752,7358,12343,10889,7621,12481,11025,7884,12617,11159,8147,12751,11291,8408,12884,11422,8669,13015,11551,8929,13145,11678,
2226,7342,7942,2275,7467,7973,2330,7597,8007,2407,7767,8055,2506,7968,8117,2628,8192,8192,2770,8428,8280,2931,8670,8378,3109,8911,8487,3301,9148,8603,3506,9379,8726,
3722,9602,8855,3946,9818,8988,4178,10026,9124,4416,10226,9262,4658,10420,9403,4905,10607,9544,5155,10788,9685,5408,10963,9827,5662,11134,9968,5918,11300,10109,6175,11462,10248,
6433,11620,10387,6691,11775,10525,6950,11927,10662,7208,12075,10797,7467,12222,10931,7725,12365,11064,7983,12507,11195,8241,12646,11325,8498,12784,11453,8755,12920,11580,9011,13054,11706,
2744,7056,8241,2785,7167,8266,2830,7285,8294,2894,7442,8333,2977,7632,8383,3079,7847,8446,3201,8080,8520,3339,8323,8604,3495,8569,8697,3664,8814,8799,3847,9056,8908,
4042,9292,9022,4246,9521,9142,4459,9743,9266,4679,9957,9393,4905,10164,9523,5137,10364,9654,5373,10558,9787,5612,10746,9921,5855,10928,10054,6100,11105,10188,6347,11277,10322,
6595,11444,10455,6845,11608,10588,7095,11767,10720,7346,11924,10851,7598,12077,10981,7850,12228,11110,8102,12375,11238,8354,12521,11365,8606,12664,11491,8858,12805,11615,9110,12943,11739,
3257,6798,8527,3291,6897,8548,3329,7003,8571,3382,7145,8603,3453,7321,8646,3540,7525,8698,3644,7749,8761,3765,7986,8833,3901,8231,8913,4051,8479,9002,4214,8726,9098,
4389,8970,9200,4574,9209,9308,4769,9442,9420,4971,9668,9536,5181,9887,9655,5397,10099,9777,5619,10305,9901,5845,10504,10026,6075,10697,10152,6308,10885,10279,6544,11067,10406,
6782,11244,10533,7022,11417,10660,7264,11585,10787,7507,11750,10914,7751,11911,11040,7996,12069,11165,8241,12223,11289,8487,12375,11413,8734,12524,11535,8980,12670,11657,9226,12815,11778,
3763,6562,8802,3792,6649,8819,3824,6744,8838,3869,6873,8865,3930,7034,8901,4005,7224,8946,4096,7436,8999,4201,7665,9061,4320,7905,9131,4453,8151,9209,4599,8399,9293,
4756,8646,9384,4924,8891,9481,5102,9131,9582,5288,9366,9688,5482,9595,9797,5683,9817,9909,5890,10033,10024,6102,10243,10141,6319,10446,10259,6540,10644,10379,6765,10836,10499,
6992,11023,10620,7223,11205,10741,7455,11382,10863,7689,11555,10984,7925,11724,11105,8162,11889,11226,8400,12051,11347,8639,12210,11467,8879,12365,11586,9120,12518,11704,9360,12668,11822,
4262,6342,9064,4286,6419,9078,4314,6504,9095,4354,6621,9118,4406,6769,9148,4472,6944,9187,4551,7143,9233,4643,7361,9287,4749,7592,9348,4867,7832,9416,4998,8078,9491,
5139,8325,9572,5292,8572,9658,5454,8817,9750,5625,9057,9846,5804,9293,9946,5990,9523,10049,6183,9748,10155,6382,9967,10263,6586,10179,10374,6795,10386,10486,7008,10587,10600,
7224,10783,10714,7444,10974,10830,7667,11160,10946,7892,11342,11062,8119,11519,11178,8348,11692,11295,8578,11861,11411,8810,12026,11527,9043,12189,11643,9277,12348,11758,9511,12504,11873,
4754,6135,9314,4775,6204,9327,4799,6281,9341,4834,6386,9361,4880,6521,9387,4938,6683,9420,5007,6869,9461,5089,7074,9508,5183,7295,9561,5289,7527,9622,5406,7767,9688,
5534,8012,9760,5672,8258,9838,5820,8503,9921,5977,8747,10008,6142,8987,10099,6315,9223,10194,6495,9454,10292,6680,9680,10392,6872,9901,10496,7069,10116,10601,7270,10325,10707,
7476,10529,10816,7685,10728,10925,7898,10922,11035,8113,11112,11146,8331,11297,11258,8552,11477,11369,8774,11654,11481,8998,11827,11593,9224,11996,11705,9451,12161,11817,9679,12324,11928,
5239,5939,9554,5258,6001,9565,5279,6070,9577,5310,6165,9594,5350,6289,9618,5402,6438,9647,5464,6610,9682,5537,6803,9723,5621,7013,9771,5716,7236,9824,5822,7468,9883,
5938,7707,9948,6063,7950,10018,6199,8194,10093,6342,8439,10172,6495,8681,10255,6655,8920,10342,6822,9156,10433,6995,9387,10526,7175,9614,10622,7360,9835,10721,7550,10052,10821,
7745,10264,10923,7944,10470,11026,8147,10672,11131,8352,10868,11236,8561,11061,11343,8773,11249,11450,8987,11432,11557,9203,11612,11665,9421,11788,11773,9641,11960,11881,9863,12129,11989,
5718,5751,9784,5735,5807,9793,5754,5870,9804,5781,5957,9819,5817,6069,9840,5863,6206,9865,5919,6367,9896,5984,6548,9933,6060,6746,9975,6146,6958,10023,6242,7182,10076,
6347,7414,10134,6462,7651,10197,6586,7892,10265,6718,8135,10337,6858,8377,10414,7007,8618,10494,7162,8856,10577,7324,9091,10664,7492,9322,10753,7666,9549,10845,7846,9771,10939,
8030,9989,11035,8218,10202,11132,8411,10410,11231,8608,10614,11332,8807,10813,11433,9010,11008,11535,9216,11198,11638,9424,11385,11742,9635,11567,11846,9847,11746,11950,10061,11921,12055,
6191,5571,10004,6207,5622,10013,6224,5678,10022,6248,5757,10036,6280,5861,10054,6322,5987,10077,6372,6136,10104,6431,6305,10137,6499,6492,10175,6577,6694,10218,6664,6908,10265,
6760,7132,10318,6866,7363,10375,6979,7599,10437,7101,7838,10503,7231,8078,10573,7368,8319,10646,7513,8558,10723,7664,8795,10804,7822,9029,10887,7985,9259,10972,8154,9486,11060,
8328,9709,11151,8507,9927,11243,8690,10141,11336,8877,10350,11432,9068,10556,11528,9262,10757,11626,9459,10953,11724,9659,11146,11823,9862,11335,11923,10067,11519,12024,10274,11701,12125,
6659,5396,10217,6673,5442,10224,6688,5494,10233,6710,5567,10245,6739,5661,10261,6777,5778,10281,6822,5917,10306,6876,6074,10335,6938,6250,10369,7009,6441,10408,7089,6646,10451,
7177,6861,10499,7273,7085,10551,7378,7315,10607,7490,7549,10668,7611,7786,10732,7738,8025,10799,7873,8263,10871,8014,8500,10945,8162,8736,11022,8315,8968,11102,8474,9198,11185,
8639,9425,11270,8808,9647,11356,8982,9866,11445,9160,10080,11535,9342,10291,11627,9527,10497,11720,9716,10700,11814,9908,10898,11909,10103,11092,12005,10300,11283,12102,10500,11470,12199,
7121,5227,10421,7134,5269,10428,7148,5316,10435,7168,5383,10446,7194,5470,10461,7228,5578,10479,7270,5707,10502,7319,5854,10528,7376,6020,10559,7440,6201,10594,7513,6395,10633,
7594,6601,10677,7683,6817,10724,7780,7040,10776,7884,7269,10831,7996,7501,10890,8114,7737,10953,8240,7973,11019,8372,8209,11088,8510,8445,11160,8654,8679,11234,8804,8910,11312,
8959,9139,11391,9120,9365,11473,9285,9587,11557,9454,9806,11642,9627,10021,11729,9804,10232,11818,9985,10439,11908,10169,10642,11999,10356,10842,12091,10546,11038,12184,10739,11230,12277,
7579,5061,10619,7590,5100,10625,7603,5144,10632,7621,5205,10641,7645,5286,10655,7676,5386,10671,7714,5506,10692,7759,5644,10716,7811,5799,10744,7871,5970,10775,7938,6155,10811,
8013,6352,10851,8095,6559,10894,8184,6775,10942,8281,6997,10993,8385,7225,11047,8495,7456,11105,8612,7689,11166,8736,7923,11231,8866,8157,11298,9001,8391,11368,9143,8623,11440,
9289,8854,11515,9441,9081,11592,9597,9306,11671,9758,9528,11752,9923,9747,11835,10092,9962,11919,10265,10173,12005,10441,10381,12092,10621,10585,12180,10804,10786,12269,10989,10983,12359,
8031,4900,10810,8042,4936,10815,8053,4976,10822,8070,5032,10831,8093,5107,10843,8121,5201,10858,8156,5312,10876,8197,5441,10898,8245,5587,10924,8300,5749,10953,8362,5925,10986,
8431,6113,11022,8507,6311,11062,8590,6519,11106,8680,6735,11153,8777,6956,11203,8880,7182,11257,8989,7411,11314,9105,7642,11373,9227,7875,11436,9355,8107,11502,9488,8339,11570,
9626,8570,11640,9770,8799,11713,9918,9025,11788,10071,9249,11864,10228,9470,11943,10390,9689,12023,10555,9904,12105,10724,10115,12188,10896,10324,12272,11071,10529,12358,11250,10730,12444,
8480,4741,10995,8489,4775,11000,8500,4812,11006,8515,4864,11014,8536,4934,11025,8562,5021,11039,8594,5125,11056,8632,5246,11076,8677,5384,11099,8728,5536,11126,8785,5703,11156,
8849,5882,11190,8920,6073,11227,8997,6273,11267,9081,6481,11311,9171,6696,11357,9268,6916,11407,9370,7141,11460,9479,7368,11516,9593,7598,11575,9714,7828,11636,9839,8059,11700,
9970,8289,11766,10106,8518,11835,10247,8745,11906,10392,8970,11978,10542,9194,12053,10696,9414,12129,10853,9632,12207,11015,9847,12286,11180,10058,12367,11348,10267,12449,11520,10472,12532,
8923,4586,11175,8932,4617,11180,8942,4651,11185,8957,4700,11193,8976,4765,11203,9000,4846,11216,9030,4944,11231,9065,5058,11250,9106,5187,11271,9154,5331,11296,9207,5490,11324,
9267,5660,11355,9332,5843,11389,9404,6035,11426,9483,6236,11467,9567,6444,11510,9657,6658,11557,9754,6878,11606,9856,7101,11658,9964,7326,11713,10077,7554,11771,10196,7782,11831,
10319,8011,11893,10448,8239,11958,10582,8467,12025,10720,8693,12094,10862,8917,12165,11009,9139,12237,11160,9359,12312,11314,9576,12387,11473,9790,12465,11634,10002,12543,11799,10210,12623,
9363,4433,11351,9372,4462,11355,9381,4494,11360,9394,4540,11367,9412,4600,11376,9434,4676,11388,9462,4768,11402,9495,4875,11419,9533,4997,11439,9577,5133,11462,9627,5283,11488,
9683,5446,11517,9744,5620,11548,9812,5805,11583,9885,5999,11621,9964,6200,11661,10049,6408,11705,10139,6622,11751,10235,6840,11800,10337,7062,11851,10444,7286,11905,10556,7511,11962,
10673,7738,12021,10795,7965,12082,10922,8192,12145,11054,8417,12211,11189,8642,12278,11329,8865,12347,11473,9086,12418,11621,9305,12490,11773,9521,12564,11928,9735,12640,12086,9946,12716,
9799,4283,11522,9807,4310,11526,9816,4340,11530,9828,4382,11537,9845,4439,11545,9866,4510,11556,9891,4596,11569,9922,4697,11585,9958,4812,11604,9999,4941,11625,10046,5084,11649,
10098,5239,11676,10155,5406,11705,10218,5583,11737,10287,5769,11773,10361,5964,11810,10441,6165,11851,10526,6373,11894,10617,6586,11940,10713,6803,11989,10814,7023,12040,10920,7246,12093,
11031,7470,12149,11147,7695,12207,11267,7920,12267,11392,8145,12329,11522,8369,12393,11655,8592,12458,11793,8814,12526,11934,9034,12595,12080,9252,12666,12228,9467,12738,12380,9681,12812,
10232,4135,11689,10239,4160,11692,10247,4188,11696,10259,4228,11702,10274,4281,11710,10294,4348,11720,10318,4429,11733,10346,4524,11748,10380,4633,11765,10419,4755,11785,10462,4891,11807,
10511,5039,11832,10565,5198,11859,10624,5367,11890,10689,5547,11923,10759,5735,11958,10834,5930,11996,10914,6132,12037,11000,6339,12080,11090,6551,12126,11186,6767,12174,11286,6986,12224,
11392,7206,12277,11502,7429,12331,11617,7652,12388,11736,7876,12447,11859,8099,12508,11986,8322,12571,12118,8543,12635,12253,8764,12701,12392,8983,12769,12535,9200,12838,12681,9415,12909,
10661,3988,11852,10667,4012,11855,10675,4038,11859,10686,4076,11865,10700,4126,11872,10719,4189,11882,10741,4265,11893,10768,4355,11907,10800,4458,11923,10836,4574,11941,10877,4703,11962,
10923,4844,11986,10973,4996,12011,11029,5159,12040,11090,5331,12071,11156,5512,12104,11227,5701,12140,11303,5897,12178,11384,6099,12219,11469,6306,12262,11560,6517,12307,11655,6731,12355,
11755,6949,12404,11860,7168,12456,11969,7389,12510,12083,7610,12566,12200,7832,12624,12322,8054,12684,12448,8275,12746,12577,8496,12809,12711,8715,12874,12847,8932,12940,12988,9148,13008,
11086,3844,12012,11093,3866,12015,11100,3891,12019,11110,3926,12024,11123,3973,12031,11141,4033,12040,11162,4105,12050,11187,4190,12063,11217,4287,12078,11251,4398,12096,11289,4520,12115,
11333,4655,12137,11380,4800,12161,11433,4956,12188,11490,5122,12217,11553,5296,12248,11620,5479,12282,11692,5669,12318,11768,5865,12356,11849,6066,12397,11935,6273,12440,12026,6483,12485,
12121,6696,12532,12221,6912,12581,12324,7130,12633,12433,7349,12686,12545,7569,12741,12661,7790,12798,12782,8010,12857,12906,8230,12918,13034,8449,12980,13165,8667,13043,13300,8883,13108,
11509,3701,12169,11515,3721,12172,11521,3745,12175,11531,3778,12180,11544,3823,12186,11560,3879,12195,11580,3947,12205,11604,4028,12217,11632,4121,12231,11664,4225,12247,11700,4342,12266,
11741,4470,12286,11786,4610,12309,11836,4759,12334,11890,4918,12361,11949,5087,12391,12012,5263,12423,12080,5447,12457,12153,5637,12493,12230,5833,12531,12312,6035,12572,12398,6240,12615,
12488,6450,12660,12583,6662,12706,12682,6877,12755,12785,7093,12806,12893,7311,12859,13004,7529,12913,13119,7748,12969,13238,7967,13027,13361,8185,13087,13487,8403,13148,13616,8619,13210,
11928,3559,12323,11934,3579,12326,11940,3601,12329,11949,3633,12333,11961,3675,12339,11976,3728,12347,11995,3793,12357,12018,3869,12368,12044,3957,12381,12074,4057,12397,12109,4168,12414,
12147,4291,12433,12190,4424,12455,12237,4567,12478,12289,4721,12504,12344,4883,12532,12404,5053,12562,12469,5231,12594,12538,5415,12629,12611,5606,12665,12689,5802,12704,12771,6003,12744,
12857,6208,12787,12947,6417,12831,13042,6628,12878,13141,6841,12926,13243,7056,12976,13350,7272,13028,13460,7489,13082,13574,7707,13138,13691,7924,13194,13812,8141,13253,13937,8357,13313,
12345,3419,12474,12350,3438,12477,12356,3459,12480,12364,3489,12484,12376,3529,12490,12390,3579,12497,12408,3640,12506,12429,3713,12517,12454,3797,12529,12483,3892,12544,12516,3998,12560,
12552,4115,12578,12593,4243,12599,12637,4381,12621,12686,4528,12645,12739,4684,12672,12796,4848,12700,12857,5020,12731,12923,5199,12763,12993,5385,12798,13066,5576,12834,13145,5772,12873,
13227,5973,12913,13313,6177,12956,13403,6384,13000,13497,6594,13046,13596,6806,13094,13697,7020,13144,13803,7235,13196,13912,7450,13249,14025,7666,13303,14142,7882,13359,14261,8098,13417,
12758,3281,12623,12763,3298,12626,12769,3318,12628,12777,3346,12633,12788,3384,12638,12801,3432,12645,12818,3491,12653,12839,3560,12663,12862,3640,12675,12889,3730,12689,12920,3832,12704,
12955,3944,12722,12993,4066,12741,13036,4198,12762,13082,4340,12785,13132,4490,12810,13187,4649,12837,13245,4815,12866,13307,4989,12897,13374,5169,12930,13444,5355,12964,13519,5546,13001,
13597,5742,13040,13680,5942,13080,13766,6146,13123,13856,6352,13167,13950,6561,13213,14048,6772,13260,14149,6984,13309,14254,7198,13360,14362,7412,13413,14474,7626,13467,14589,7841,13522,
13169,3143,12770,13174,3160,12772,13179,3179,12775,13187,3206,12779,13197,3242,12784,13210,3287,12790,13226,3343,12798,13245,3409,12808,13268,3485,12819,13294,3571,12832,13323,3668,12847,
13356,3776,12863,13392,3893,12881,13433,4020,12901,13477,4156,12923,13525,4301,12947,13576,4454,12973,13632,4615,13000,13691,4783,13029,13755,4958,13061,13822,5139,13094,13893,5325,13129,
13968,5517,13166,14047,5712,13204,14129,5912,13245,14216,6115,13287,14306,6320,13331,14399,6528,13376,14496,6738,13424,14597,6949,13472,14701,7161,13523,14809,7374,13574,14920,7587,13628,
13577,3007,12915,13582,3023,12917,13587,3041,12919,13594,3066,12923,13604,3101,12928,13616,3144,12934,13632,3197,12942,13650,3260,12951,13671,3333,12961,13696,3415,12974,13724,3508,12987,
13755,3611,13003,13790,3723,13020,13828,3845,13039,13870,3976,13060,13916,4116,13083,13965,4264,13107,14018,4419,13133,14075,4582,13161,14135,4752,13191,14200,4928,13223,14268,5110,13256,
14339,5296,13291,14415,5488,13328,14494,5683,13367,14576,5882,13407,14663,6084,13449,14752,6288,13493,14846,6495,13538,14943,6704,13585,15043,6914,13633,15146,7125,13683,15253,7336,13734,
13983,2872,13057,13987,2887,13059,13992,2904,13062,13999,2929,13065,14008,2961,13070,14020,3003,13076,14035,3053,13083,14052,3113,13092,14073,3183,13102,14096,3262,13113,14122,3351,13126,
14152,3449,13141,14185,3557,13158,14222,3674,13176,14262,3800,13196,14306,3935,13217,14353,4078,13240,14403,4228,13265,14458,4386,13292,14515,4551,13320,14577,4722,13351,14642,4899,13382,
14711,5081,13416,14783,5268,13451,14859,5459,13488,14938,5654,13527,15021,5852,13567,15107,6053,13609,15196,6257,13653,15289,6463,13698,15386,6670,13744,15485,6879,13792,15588,7089,13841,
14387,2738,13198,14391,2752,13200,14395,2768,13202,14402,2792,13206,14411,2823,13210,14422,2863,13216,14436,2911,13223,14452,2968,13231,14472,3035,13240,14494,3110,13251,14519,3196,13264,
14548,3290,13278,14580,3394,13294,14614,3507,13311,14653,3628,13330,14694,3758,13350,14739,3896,13372,14788,4041,13396,14840,4194,13422,14895,4354,13449,14954,4520,13478,15016,4693,13508,
15082,4870,13540,15151,5053,13574,15224,5240,13610,15300,5431,13647,15379,5625,13685,15462,5823,13725,15548,6023,13767,15638,6226,13810,15731,6431,13855,15826,6637,13901,15925,6845,13949,
313,9052,6396,390,9186,6445,476,9337,6500,599,9549,6580,765,9775,6687,977,9975,6824,1237,10129,6992,1536,10240,7185,1840,10356,7380,2147,10476,7575,2454,10600,7769,
2760,10726,7961,3065,10853,8151,3369,10982,8338,3671,11110,8522,3971,11239,8703,4268,11368,8881,4564,11496,9056,4857,11624,9229,5148,11752,9398,5437,11879,9564,5724,12006,9728,
6009,12132,9889,6292,12257,10047,6573,12382,10202,6853,12506,10355,7130,12630,10506,7406,12753,10654,7680,12875,10799,7953,12997,10943,8223,13118,11084,8493,13238,11223,8760,13358,11361,
569,8848,6555,646,8981,6604,732,9132,6660,855,9328,6740,1021,9526,6847,1233,9703,6984,1485,9848,7147,1753,9994,7319,2031,10140,7496,2315,10286,7676,2603,10431,7857,
2894,10575,8038,3185,10718,8219,3477,10859,8398,3769,10999,8576,4060,11137,8751,4351,11275,8925,4640,11410,9096,4927,11545,9264,5213,11678,9430,5498,11811,9594,5781,11942,9755,
6062,12072,9913,6342,12201,10069,6620,12329,10223,6897,12457,10374,7172,12583,10523,7445,12708,10670,7717,12833,10814,7988,12957,10957,8257,13080,11097,8525,13202,11236,8791,13324,11372,
859,8617,6736,935,8750,6785,1021,8894,6841,1145,9063,6920,1311,9235,7028,1512,9405,7157,1735,9578,7301,1976,9751,7454,2229,9922,7615,2492,10090,7781,2762,10255,7950,
3037,10415,8121,3315,10573,8293,3596,10727,8464,3877,10878,8635,4159,11026,8805,4442,11172,8973,4724,11316,9139,5005,11458,9304,5285,11597,9466,5565,11735,9627,5844,11871,9785,
6121,12006,9941,6397,12139,10095,6672,12270,10246,6946,12401,10396,7218,12530,10543,7489,12659,10688,7759,12786,10832,8027,12912,10973,8295,13037,11112,8561,13161,11249,8825,13285,11385,
1274,8285,6995,1350,8407,7044,1433,8530,7097,1546,8685,7170,1689,8864,7262,1858,9056,7370,2050,9254,7492,2261,9453,7626,2488,9648,7769,2727,9839,7919,2975,10025,8074,
3231,10205,8232,3492,10379,8392,3757,10549,8554,4026,10714,8716,4296,10875,8878,4568,11032,9039,4841,11186,9199,5114,11336,9359,5387,11484,9516,5660,11629,9672,5932,11772,9827,
6204,11912,9979,6476,12051,10130,6746,12188,10279,7016,12323,10426,7284,12456,10571,7552,12588,10714,7818,12719,10856,8084,12848,10995,8348,12977,11133,8612,13104,11269,8874,13230,11403,
1775,7899,7305,1835,8018,7343,1901,8141,7385,1993,8299,7444,2110,8485,7518,2252,8689,7608,2416,8902,7712,2599,9119,7827,2799,9334,7952,3013,9545,8085,3238,9751,8224,
3473,9950,8368,3715,10142,8516,3963,10328,8666,4215,10509,8818,4472,10684,8971,4731,10854,9124,4992,11019,9277,5255,11180,9429,5519,11338,9581,5784,11492,9732,6049,11643,9882,
6314,11791,10030,6579,11936,10177,6843,12079,10322,7107,12220,10466,7371,12359,10608,7634,12496,10749,7897,12631,10887,8159,12765,11025,8419,12897,11160,8680,13027,11295,8939,13157,11427,
2283,7553,7612,2332,7664,7643,2385,7781,7677,2461,7934,7724,2558,8117,7786,2677,8324,7860,2817,8544,7948,2975,8770,8046,3150,8999,8155,3340,9225,8272,3542,9446,8396,
3755,9662,8526,3978,9871,8660,4207,10073,8798,4443,10268,8939,4684,10458,9082,4929,10641,9226,5178,10819,9370,5429,10992,9515,5682,11160,9660,5937,11324,9805,6193,11485,9949,
6449,11641,10092,6707,11795,10234,6964,11945,10375,7222,12093,10515,7480,12238,10654,7738,12381,10791,7995,12521,10927,8252,12660,11062,8509,12797,11195,8765,12932,11327,9021,13065,11457,
2791,7243,7913,2831,7344,7938,2876,7452,7966,2938,7596,8005,3020,7772,8055,3121,7973,8118,3241,8192,8192,3378,8421,8276,3531,8656,8370,3699,8891,8473,3880,9124,8583,
4072,9352,8699,4275,9575,8821,4486,9791,8947,4705,10000,9076,4929,10203,9208,5160,10400,9342,5394,10590,9478,5632,10775,9615,5874,10955,9753,6118,11130,9890,6363,11300,10028,
6611,11466,10165,6860,11628,10302,7110,11786,10439,7360,11941,10574,7611,12094,10709,7863,12243,10842,8114,12390,10975,8366,12535,11107,8617,12677,11237,8869,12817,11366,9120,12955,11494,
3296,6963,8204,3330,7054,8225,3367,7153,8248,3420,7286,8281,3489,7451,8323,3576,7643,8376,3679,7855,8439,3798,8082,8512,3932,8317,8593,4081,8556,8683,4243,8794,8780,
4416,9031,8884,4600,9264,8993,4793,9491,9108,4995,9712,9226,5204,9927,9348,5419,10135,9472,5639,10338,9599,5864,10534,9727,6093,10725,9857,6325,10910,9987,6560,11090,10118,
6797,11266,10249,7037,11437,10380,7278,11604,10511,7520,11768,10642,7764,11928,10772,8008,12084,10902,8253,12238,11031,8498,12389,11158,8744,12537,11286,8990,12683,11412,9236,12827,11537,
3796,6707,8486,3825,6789,8503,3857,6879,8522,3902,7001,8550,3961,7154,8586,4036,7335,8631,4126,7537,8685,4230,7757,8748,4348,7988,8819,4480,8225,8898,4625,8466,8984,
4781,8707,9076,4948,8945,9174,5124,9180,9278,5310,9411,9386,5503,9635,9497,5703,9854,9612,5909,10067,9730,6120,10273,9849,6336,10474,9971,6557,10670,10094,6780,10860,10218,
7007,11045,10343,7237,11226,10468,7468,11401,10593,7702,11573,10719,7937,11741,10844,8174,11905,10969,8412,12066,11094,8650,12224,11218,8890,12379,11341,9130,12531,11464,9370,12680,11586,
4290,6471,8756,4315,6545,8771,4342,6626,8787,4382,6737,8811,4434,6878,8842,4499,7047,8881,4577,7238,8928,4669,7448,8982,4774,7672,9044,4892,7905,9114,5021,8144,9190,
5162,8385,9272,5313,8626,9361,5474,8866,9454,5645,9102,9552,5823,9334,9654,6008,9561,9760,6201,9782,9869,6399,9998,9980,6602,10208,10094,6810,10413,10209,7023,10612,10326,
7238,10806,10444,7458,10996,10563,7680,11180,10683,7904,11360,10803,8131,11536,10923,8359,11708,11043,8589,11876,11164,8820,12041,11284,9053,12202,11403,9286,12361,11523,9521,12516,11641,
4779,6250,9016,4800,6317,9029,4824,6390,9043,4858,6491,9063,4904,6621,9090,4961,6777,9124,5031,6957,9165,5112,7156,9213,5206,7371,9268,5311,7597,9329,5427,7831,9397,
5555,8070,9470,5692,8311,9550,5839,8552,9634,5996,8791,9724,6160,9028,9817,6332,9260,9914,6511,9488,10015,6696,9712,10118,6887,9930,10224,7083,10142,10332,7284,10350,10442,
7489,10553,10553,7698,10750,10666,7910,10943,10780,8125,11131,10894,8343,11314,11009,8563,11494,11125,8785,11670,11240,9008,11841,11356,9234,12010,11472,9460,12175,11587,9688,12337,11702,
5261,6042,9266,5280,6102,9277,5301,6169,9290,5332,6261,9307,5372,6380,9331,5423,6525,9361,5485,6693,9397,5557,6880,9439,5641,7085,9487,5736,7302,9542,5841,7530,9602,
5956,7764,9668,6081,8002,9740,6216,8242,9816,6359,8483,9898,6511,8721,9983,6671,8957,10072,6837,9190,10165,7010,9419,10261,7189,9643,10359,7374,9863,10461,7564,10077,10564,
7758,10287,10669,7956,10492,10775,8158,10692,10883,8364,10888,10992,8572,11079,11102,8784,11266,11212,8997,11448,11323,9213,11627,11434,9431,11802,11546,9650,11974,11657,9871,12142,11769,
5738,5844,9507,5755,5899,9517,5774,5959,9528,5801,6044,9543,5837,6153,9564,5882,6287,9590,5937,6443,9622,6003,6620,9659,6078,6813,9702,6164,7021,9751,6259,7241,9805,
6364,7468,9865,6478,7702,9930,6602,7939,9999,6734,8178,10073,6874,8417,10151,7021,8655,10233,7176,8890,10319,7338,9123,10407,7506,9352,10499,7679,9576,10594,7858,9797,10690,
8042,10013,10789,8230,10224,10889,8422,10431,10991,8618,10633,11095,8818,10831,11199,9020,11025,11305,9226,11214,11411,9434,11400,11518,9644,11581,11625,9856,11759,11732,10070,11934,11840,
6209,5655,9738,6224,5705,9747,6241,5760,9757,6265,5837,9771,6298,5938,9789,6339,6062,9812,6388,6207,9841,6447,6372,9874,6516,6555,9913,6593,6754,9956,6680,6964,10005,
6776,7184,10059,6881,7412,10118,6994,7644,10181,7116,7880,10248,7245,8118,10320,7382,8355,10395,7526,8592,10474,7677,8826,10557,7834,9058,10642,7997,9287,10730,8166,9512,10821,
8340,9732,10913,8518,9949,11008,8701,10162,11104,8888,10370,11202,9078,10574,11302,9272,10774,11402,9469,10970,11504,9668,11161,11606,9871,11349,11709,10075,11533,11813,10282,11714,11917,
6675,5473,9962,6689,5518,9969,6704,5569,9978,6726,5640,9990,6755,5732,10007,6792,5847,10028,6837,5983,10053,6891,6138,10083,6953,6310,10118,7024,6498,10157,7103,6699,10202,
7191,6911,10250,7287,7132,10304,7391,7359,10361,7504,7590,10423,7624,7825,10489,7751,8060,10558,7885,8296,10631,8026,8531,10708,8173,8765,10787,8327,8996,10869,8485,9224,10954,
8649,9448,11041,8818,9670,11130,8992,9887,11221,9170,10100,11314,9351,10309,11408,9537,10515,11504,9725,10716,11601,9917,10914,11699,10111,11107,11798,10309,11297,11897,10508,11483,11997,
7136,5297,10177,7148,5338,10184,7162,5385,10192,7182,5450,10203,7209,5536,10218,7242,5642,10236,7284,5768,10259,7332,5913,10287,7389,6076,10318,7454,6254,10354,7527,6446,10394,
7607,6649,10438,7696,6862,10487,7792,7083,10540,7896,7309,10596,8008,7539,10657,8126,7772,10721,8251,8006,10789,8383,8240,10859,8521,8474,10933,8665,8706,11010,8815,8936,11089,
8970,9163,11171,9130,9387,11255,9294,9608,11341,9463,9825,11429,9636,10039,11518,9813,10249,11609,9994,10456,11702,10178,10658,11795,10364,10857,11890,10554,11052,11985,10747,11244,12082,
7592,5126,10385,7603,5164,10392,7616,5207,10399,7634,5267,10409,7658,5346,10422,7689,5445,10439,7727,5563,10460,7772,5699,10484,7824,5852,10513,7883,6021,10546,7950,6203,10582,
8025,6398,10623,8107,6603,10667,8196,6816,10716,8292,7036,10768,8396,7261,10824,8506,7490,10883,8623,7721,10946,8746,7953,11012,8876,8186,11080,9011,8418,11152,9152,8648,11226,
9299,8877,11303,9450,9104,11382,9606,9327,11463,9767,9548,11547,9932,9765,11631,10101,9979,11718,10273,10190,11806,10449,10397,11895,10629,10600,11986,10811,10800,12077,10996,10997,12170,
8043,4959,10587,8054,4994,10593,8065,5034,10599,8082,5090,10608,8104,5164,10620,8133,5255,10636,8168,5366,10655,8209,5493,10677,8257,5637,10703,8312,5797,10733,8374,5970,10767,
8442,6156,10804,8518,6353,10845,8601,6559,10889,8691,6772,10937,8787,6991,10989,8890,7215,11044,9000,7443,11102,9115,7672,11163,9237,7903,11228,9364,8134,11295,9497,8364,11364,
9635,8593,11437,9779,8821,11511,9927,9046,11588,10080,9269,11666,10237,9489,11747,10398,9706,11829,10563,9920,11913,10731,10131,11998,10903,10339,12085,11079,10543,12172,11257,10744,12261,
8491,4796,10782,8500,4829,10787,8511,4866,10793,8526,4918,10802,8547,4986,10813,8573,5072,10827,8605,5175,10844,8643,5295,10865,8688,5431,10889,8738,5582,10916,8796,5746,10947,
8860,5924,10981,8930,6112,11019,9007,6311,11060,9091,6517,11105,9181,6730,11152,9277,6949,11203,9380,7172,11258,9488,7397,11315,9603,7625,11375,9723,7854,11438,9848,8083,11503,
9979,8312,11571,10114,8540,11641,10255,8766,11713,10400,8990,11788,10550,9212,11864,10703,9432,11942,10861,9649,12022,11022,9862,12104,11187,10073,12186,11355,10281,12270,11527,10486,12356,
8934,4637,10972,8943,4667,10977,8952,4701,10982,8967,4750,10990,8986,4814,11000,9010,4894,11013,9040,4991,11029,9075,5103,11048,9116,5231,11070,9163,5374,11095,9217,5531,11123,
9276,5700,11155,9342,5881,11190,9414,6071,11228,9492,6270,11269,9576,6477,11314,9666,6690,11361,9763,6908,11412,9865,7129,11465,9972,7353,11521,10085,7579,11580,10204,7807,11642,
10328,8034,11706,10456,8261,11772,10590,8488,11840,10728,8712,11911,10870,8936,11983,11017,9157,12058,11167,9376,12134,11322,9592,12211,11480,9805,12290,11641,10016,12371,11806,10224,12452,
9373,4481,11156,9381,4509,11161,9390,4541,11166,9404,4586,11173,9421,4646,11182,9444,4721,11194,9471,4812,11209,9504,4918,11226,9543,5039,11247,9587,5174,11270,9636,5323,11296,
9692,5484,11326,9753,5657,11358,9820,5840,11393,9894,6032,11432,9972,6232,11473,10057,6439,11518,10148,6651,11565,10244,6868,11615,10345,7088,11667,10452,7311,11723,10564,7535,11781,
10681,7761,11841,10803,7986,11903,10930,8212,11968,11061,8437,12035,11197,8660,12104,11336,8882,12174,11480,9103,12247,11628,9321,12321,11779,9536,12396,11934,9749,12473,12092,9960,12552,
9808,4327,11336,9816,4354,11340,9825,4383,11345,9837,4426,11351,9853,4482,11360,9874,4552,11371,9900,4638,11385,9931,4737,11401,9967,4852,11420,10008,4980,11441,10054,5121,11466,
10106,5275,11493,10163,5440,11523,10227,5616,11556,10295,5801,11592,10369,5994,11631,10449,6195,11672,10534,6401,11716,10625,6613,11763,10720,6829,11813,10821,7048,11865,10927,7269,11919,
11038,7492,11976,11154,7716,12035,11274,7940,12096,11399,8164,12159,11529,8387,12225,11662,8610,12292,11800,8830,12361,11941,9050,12432,12086,9267,12504,12234,9482,12578,12386,9694,12653,
10240,4176,11511,10247,4201,11515,10255,4229,11519,10267,4268,11525,10282,4321,11533,10302,4387,11544,10326,4468,11556,10355,4562,11571,10388,4670,11589,10427,4792,11609,10470,4926,11632,
10519,5073,11657,10573,5231,11685,10632,5399,11716,10696,5578,11750,10766,5764,11786,10841,5958,11825,10922,6159,11866,11007,6365,11910,11098,6576,11957,11193,6791,12006,11294,7008,12057,
11399,7228,12111,11509,7450,12167,11623,7672,12225,11742,7895,12285,11865,8117,12347,11993,8339,12411,12124,8560,12477,12260,8779,12544,12398,8998,12613,12541,9214,12684,12687,9428,12756,
10669,4027,11682,10675,4050,11686,10683,4077,11690,10693,4114,11695,10708,4163,11703,10726,4226,11713,10749,4302,11724,10776,4391,11738,10807,4493,11755,10843,4609,11773,10884,4737,11795,
10930,4877,11819,10981,5028,11845,11037,5189,11874,11097,5361,11905,11163,5541,11939,11234,5729,11975,11310,5923,12014,11390,6124,12056,11476,6330,12100,11567,6540,12146,11662,6754,12194,
11762,6970,12245,11866,7188,12298,11975,7408,12353,12089,7629,12410,12206,7850,12469,12328,8071,12530,12454,8292,12593,12583,8511,12657,12716,8730,12723,12853,8947,12791,12993,9162,12860,
11094,3880,11850,11100,3902,11853,11107,3927,11857,11117,3962,11862,11131,4009,11869,11148,4068,11878,11169,4139,11889,11194,4224,11902,11224,4321,11917,11258,4430,11935,11297,4552,11955,
11340,4686,11977,11387,4830,12002,11440,4986,12029,11497,5150,12058,11559,5324,12090,11626,5506,12124,11698,5694,12161,11775,5889,12200,11856,6090,12242,11942,6295,12285,12032,6505,12331,
12127,6717,12379,12227,6932,12429,12331,7149,12482,12439,7368,12536,12551,7587,12592,12667,7807,12650,12787,8026,12710,12911,8245,12772,13039,8464,12835,13170,8681,12900,13305,8897,12966,
11516,3735,12014,11522,3756,12017,11528,3779,12020,11538,3812,12025,11550,3856,12032,11567,3912,12040,11587,3980,12050,11611,4060,12063,11638,4152,12077,11670,4257,12093,11707,4373,12112,
11748,4500,12133,11793,4639,12156,11842,4787,12182,11897,4946,12209,11955,5113,12239,12019,5289,12272,12087,5471,12306,12159,5661,12343,12236,5856,12382,12318,6057,12424,12404,6262,12467,
12494,6470,12513,12589,6681,12560,12688,6895,12610,12791,7111,12662,12898,7328,12715,13010,7546,12771,13125,7764,12828,13243,7982,12887,13366,8200,12947,13492,8417,13009,13621,8633,13073,
11935,3592,12174,11940,3611,12177,11946,3633,12180,11955,3665,12185,11967,3707,12191,11983,3759,12199,12002,3824,12209,12024,3900,12220,12051,3987,12234,12081,4087,12249,12115,4197,12267,
12154,4319,12286,12196,4452,12308,12243,4594,12332,12295,4747,12358,12350,4908,12387,12410,5078,12417,12475,5255,12450,12544,5438,12485,12617,5629,12522,12695,5824,12561,12777,6024,12602,
12863,6228,12646,12953,6436,12691,13048,6646,12738,13146,6859,12787,13249,7073,12839,13355,7289,12891,13465,7505,12946,13579,7722,13002,13696,7939,13060,13817,8155,13120,13942,8371,13181,
12351,3450,12332,12356,3469,12335,12362,3489,12338,12370,3519,12342,12382,3559,12348,12396,3609,12355,12414,3670,12364,12435,3742,12375,12460,3826,12388,12489,3920,12403,12521,4026,12419,
12558,4142,12438,12598,4269,12458,12643,4406,12481,12692,4553,12506,12745,4708,12532,12802,4872,12561,12863,5043,12592,12928,5222,12625,12998,5406,12660,13072,5597,12698,13150,5792,12737,
13232,5992,12778,13318,6196,12821,13409,6402,12866,13503,6612,12913,13601,6823,12962,13703,7036,13012,13808,7250,13064,13917,7465,13118,14030,7681,13174,14146,7896,13231,14266,8111,13289,
12764,3310,12487,12769,3327,12489,12775,3347,12492,12783,3375,12496,12793,3413,12502,12807,3461,12509,12824,3519,12517,12844,3587,12528,12868,3667,12540,12895,3757,12553,12926,3858,12569,
12960,3970,12587,12999,4091,12606,13041,4223,12628,13087,4364,12651,13138,4514,12676,13192,4672,12704,13250,4837,12733,13313,5010,12764,13379,5190,12798,13449,5375,12833,13524,5566,12870,
13602,5761,12910,13685,5960,12951,13771,6163,12994,13861,6369,13038,13955,6577,13085,14052,6788,13133,14154,6999,13183,14258,7212,13235,14367,7426,13288,14479,7640,13343,14594,7854,13399,
13175,3171,12639,13179,3188,12641,13185,3206,12644,13192,3233,12648,13203,3269,12653,13216,3314,12660,13232,3370,12668,13251,3435,12678,13273,3511,12689,13299,3597,12702,13328,3694,12717,
13361,3801,12734,13398,3917,12752,13438,4044,12772,13482,4179,12794,13530,4323,12819,13581,4476,12845,13637,4636,12872,13696,4804,12902,13760,4978,12934,13827,5159,12968,13898,5344,13003,
13973,5535,13040,14052,5730,13080,14134,5929,13121,14220,6131,13163,14310,6336,13208,14404,6543,13254,14501,6753,13302,14602,6963,13351,14706,7175,13402,14813,7387,13455,14924,7600,13509,
13583,3033,12789,13587,3049,12791,13592,3067,12794,13599,3093,12797,13609,3127,12802,13622,3170,12809,13637,3223,12816,13655,3285,12826,13676,3357,12836,13701,3440,12849,13729,3532,12863,
13760,3635,12879,13795,3747,12896,13833,3868,12915,13875,3999,12936,13921,4138,12959,13970,4285,12984,14023,4440,13010,14080,4603,13039,14140,4772,13069,14204,4947,13101,14272,5128,13135,
14344,5314,13171,14419,5505,13208,14498,5700,13247,14581,5898,13288,14667,6100,13331,14757,6304,13375,14850,6510,13421,14947,6718,13468,15047,6927,13517,15150,7138,13568,15257,7349,13620,
13988,2897,12937,13992,2912,12939,13997,2929,12941,14004,2953,12945,14013,2986,12949,14025,3027,12955,14040,3077,12963,14057,3137,12971,14077,3206,12982,14101,3285,12993,14127,3374,13007,
14157,3472,13022,14190,3580,13038,14227,3696,13057,14267,3822,13077,14310,3956,13098,14357,4098,13122,14408,4249,13147,14462,4406,13174,14520,4570,13203,14581,4741,13234,14646,4917,13266,
14715,5098,13300,14787,5285,13336,14863,5475,13373,14942,5670,13412,15025,5868,13453,15111,6068,13495,15201,6272,13539,15294,6477,13585,15390,6684,13632,15490,6892,13681,15592,7101,13731,
14391,2762,13082,14395,2776,13084,14400,2792,13087,14407,2816,13090,14415,2847,13094,14427,2886,13100,14440,2934,13107,14457,2991,13115,14476,3057,13125,14499,3133,13136,14524,3218,13149,
14553,3312,13163,14584,3415,13179,14619,3528,13196,14657,3649,13215,14699,3778,13236,14744,3916,13259,14792,4061,13283,14844,4213,13309,14899,4373,13336,14958,4538,13365,15020,4710,13396,
15086,4887,13429,15155,5069,13463,15228,5256,13499,15304,5446,13536,15384,5640,13575,15466,5838,13616,15553,6038,13658,15642,6240,13702,15735,6444,13747,15830,6650,13794,15929,6857,13842,
419,9343,6083,495,9476,6132,581,9621,6188,705,9791,6269,871,9965,6377,1082,10118,6514,1343,10230,6684,1628,10329,6869,1921,10435,7058,2218,10547,7248,2516,10663,7439,
2816,10783,7629,3116,10905,7817,3414,11028,8004,3712,11153,8188,4008,11278,8370,4302,11404,8550,4595,11529,8727,4886,11655,8901,5175,11781,9073,5462,11906,9243,5748,12031,9409,
6031,12155,9574,6313,12279,9735,6593,12403,9895,6871,12526,10052,7147,12648,10206,7422,12770,10359,7696,12891,10509,7967,13012,10657,8237,13132,10803,8506,13252,10946,8773,13371,11088,
675,9138,6244,751,9269,6294,837,9397,6350,961,9547,6430,1127,9700,6538,1338,9834,6676,1580,9960,6833,1837,10091,6999,2105,10225,7172,2381,10361,7348,2662,10497,7527,
2947,10634,7706,3233,10771,7886,3521,10907,8065,3809,11042,8243,4097,11177,8420,4384,11311,8595,4670,11444,8768,4956,11576,8938,5240,11707,9107,5522,11838,9274,5804,11967,9438,
6084,12095,9600,6362,12223,9759,6639,12350,9917,6915,12476,10072,7189,12601,10225,7461,12726,10376,7733,12849,10525,8002,12972,10672,8271,13095,10817,8538,13216,10960,8803,13337,11100,
965,8905,6428,1041,9019,6477,1127,9130,6533,1251,9260,6614,1414,9396,6720,1605,9544,6844,1820,9698,6983,2052,9855,7132,2298,10012,7289,2554,10169,7453,2818,10324,7620,
3088,10477,7790,3361,10628,7961,3638,10777,8132,3916,10923,8304,4195,11067,8474,4474,11210,8644,4754,11350,8813,5033,11489,8979,5312,11626,9145,5589,11762,9308,5866,11896,9469,
6142,12029,9629,6417,12161,9786,6691,12291,9942,6964,12421,10095,7235,12549,10247,7505,12676,10396,7774,12802,10543,8042,12928,10689,8308,13052,10833,8574,13176,10974,8838,13298,11114,
1379,8544,6689,1451,8644,6736,1530,8746,6787,1638,8878,6857,1775,9033,6946,1938,9203,7051,2124,9381,7171,2329,9562,7302,2550,9743,7442,2783,9922,7590,3027,10097,7744,
3278,10269,7901,3536,10437,8062,3797,10600,8223,4063,10760,8386,4330,10917,8550,4600,11070,8713,4870,11221,8875,5141,11368,9037,5412,11514,9197,5684,11657,9356,5955,11797,9514,
6225,11936,9670,6495,12073,9824,6765,12209,9977,7033,12343,10127,7301,12475,10277,7567,12606,10424,7833,12736,10569,8098,12864,10713,8362,12992,10855,8625,13118,10996,8886,13243,11134,
1858,8145,6989,1916,8246,7027,1980,8352,7068,2068,8490,7125,2182,8654,7198,2320,8838,7286,2480,9032,7387,2659,9232,7501,2854,9433,7625,3064,9631,7757,3285,9826,7896,
3516,10017,8040,3755,10202,8187,4000,10382,8338,4250,10557,8491,4504,10727,8645,4761,10893,8800,5021,11055,8955,5282,11213,9110,5544,11368,9265,5807,11520,9418,6070,11669,9571,
6334,11815,9723,6598,11959,9873,6861,12101,10022,7125,12240,10170,7388,12378,10316,7650,12514,10461,7912,12648,10604,8173,12781,10745,8433,12912,10885,8692,13042,11024,8951,13171,11160,
2350,7779,7292,2398,7876,7322,2450,7980,7356,2523,8116,7402,2618,8282,7463,2735,8471,7537,2872,8673,7623,3027,8884,7721,3199,9099,7829,3386,9313,7946,3585,9524,8070,
3795,9731,8200,4015,9932,8335,4242,10128,8474,4476,10318,8616,4715,10503,8760,4958,10682,8906,5204,10856,9053,5454,11026,9200,5706,11192,9348,5959,11353,9495,6214,11512,9642,
6469,11666,9789,6726,11818,9934,6982,11967,10079,7239,12113,10223,7496,12257,10365,7753,12399,10506,8010,12538,10646,8266,12676,10785,8522,12812,10923,8778,12947,11059,9033,13079,11193,
2847,7447,7592,2886,7538,7616,2929,7636,7644,2991,7767,7682,3071,7929,7733,3170,8115,7795,3288,8319,7869,3423,8535,7953,3574,8756,8047,3740,8980,8150,3918,9203,8260,
4109,9422,8377,4309,9638,8499,4518,9847,8626,4735,10051,8757,4958,10249,8891,5186,10442,9027,5420,10629,9165,5656,10810,9304,5896,10987,9444,6139,11159,9585,6384,11327,9726,
6630,11491,9866,6878,11652,10007,7127,11809,10146,7376,11962,10285,7627,12113,10424,7877,12262,10561,8128,12408,10698,8379,12551,10833,8630,12692,10968,8881,12832,11101,9132,12969,11233,
3343,7146,7885,3376,7230,7905,3412,7321,7928,3464,7444,7961,3533,7598,8003,3618,7778,8056,3720,7978,8119,3837,8192,8192,3970,8416,8274,4117,8644,8364,4277,8874,8462,
4449,9102,8566,4631,9327,8677,4823,9548,8792,5023,9764,8912,5230,9974,9036,5444,10178,9162,5663,10377,9291,5887,10570,9422,6114,10758,9554,6345,10941,9687,6579,11119,9821,
6816,11292,9955,7054,11462,10090,7295,11627,10224,7536,11789,10358,7779,11948,10492,8022,12103,10625,8267,12256,10758,8512,12406,10889,8757,12553,11020,9002,12698,11150,9248,12841,11280,
3836,6871,8170,3864,6948,8187,3895,7032,8206,3940,7146,8234,3999,7290,8270,4073,7461,8316,4161,7653,8370,4265,7863,8433,4382,8084,8505,4513,8312,8584,4656,8544,8671,
4811,8778,8764,4976,9009,8864,5152,9238,8969,5336,9463,9078,5528,9683,9191,5726,9897,9308,5931,10106,9428,6142,10310,9550,6357,10508,9674,6576,10701,9800,6799,10889,9926,
7025,11072,10054,7253,11250,10182,7484,11425,10311,7717,11595,10440,7952,11761,10568,8188,11925,10697,8425,12084,10825,8663,12241,10953,8902,12395,11080,9141,12546,11207,9381,12695,11333,
4324,6618,8446,4349,6688,8461,4376,6764,8477,4415,6870,8501,4466,7004,8532,4531,7164,8571,4609,7348,8619,4700,7549,8674,4804,7764,8737,4920,7989,8807,5049,8220,8884,
5189,8455,8967,5339,8690,9057,5499,8924,9152,5668,9155,9251,5846,9382,9355,6030,9605,9463,6222,9822,9574,6419,10035,9687,6621,10242,9803,6829,10444,9921,7040,10641,10041,
7255,10833,10162,7474,11021,10284,7695,11204,10406,7919,11382,10530,8145,11557,10653,8373,11727,10777,8602,11895,10900,8833,12058,11024,9065,12219,11147,9298,12376,11270,9532,12531,11393,
4808,6383,8713,4830,6446,8726,4854,6516,8740,4888,6613,8760,4933,6737,8788,4990,6887,8822,5059,7060,8863,5139,7252,8912,5232,7459,8967,5337,7678,9029,5453,7906,9098,
5579,8138,9173,5716,8374,9253,5862,8609,9339,6018,8844,9430,6181,9076,9525,6352,9305,9624,6531,9529,9727,6715,9749,9832,6905,9964,9940,7101,10174,10051,7301,10380,10163,
7505,10580,10278,7713,10776,10393,7925,10967,10510,8139,11153,10627,8356,11336,10745,8576,11514,10864,8797,11688,10983,9020,11859,11102,9245,12026,11221,9472,12190,11340,9699,12352,11458,
5287,6162,8971,5306,6219,8982,5327,6283,8994,5357,6372,9012,5397,6487,9036,5448,6626,9066,5509,6788,9103,5582,6970,9145,5665,7169,9195,5759,7380,9250,5864,7602,9311,
5978,7830,9379,6103,8063,9451,6237,8299,9529,6380,8534,9612,6531,8769,9699,6689,9002,9790,6855,9231,9885,7028,9456,9982,7206,9678,10083,7390,9895,10187,7579,10107,10292,
7773,10315,10400,7971,10518,10509,8172,10717,10619,8377,10911,10731,8585,11100,10844,8796,11286,10957,9009,11467,11071,9225,11645,11186,9442,11819,11300,9661,11990,11415,9882,12157,11530,
5761,5953,9220,5778,6005,9230,5797,6064,9241,5824,6145,9256,5859,6251,9278,5905,6381,9304,5960,6533,9336,6025,6704,9374,6100,6893,9418,6185,7096,9468,6280,7310,9523,
6384,7533,9584,6498,7762,9649,6621,7994,9720,6752,8229,9795,6892,8464,9875,7039,8699,9959,7193,8931,10046,7354,9160,10137,7522,9387,10231,7695,9609,10327,7873,9827,10426,
8056,10041,10527,8244,10251,10630,8436,10456,10735,8631,10656,10841,8830,10853,10948,9032,11045,11057,9237,11234,11166,9445,11418,11275,9654,11599,11386,9866,11776,11496,10080,11949,11607,
6230,5753,9460,6245,5802,9469,6262,5855,9479,6286,5930,9493,6318,6028,9512,6359,6149,9535,6409,6290,9564,6467,6452,9598,6535,6630,9637,6613,6824,9682,6699,7030,9732,
6794,7246,9787,6899,7469,9846,7012,7698,9911,7133,7930,9979,7262,8164,10053,7398,8399,10130,7542,8632,10210,7693,8864,10294,7849,9093,10382,8012,9319,10472,8180,9542,10564,
8353,9761,10659,8531,9976,10756,8714,10187,10855,8900,10393,10956,9090,10596,11058,9283,10795,11161,9480,10989,11265,9679,11180,11370,9881,11367,11476,10086,11550,11582,10292,11729,11689,
6694,5563,9693,6707,5607,9701,6723,5656,9709,6744,5725,9722,6774,5816,9739,6811,5928,9760,6856,6060,9786,6909,6212,9816,6971,6381,9852,7041,6565,9892,7120,6762,9937,
7208,6971,9987,7304,7187,10041,7408,7411,10100,7520,7639,10163,7639,7870,10230,7766,8103,10301,7900,8336,10376,8041,8569,10454,8187,8799,10535,8340,9028,10619,8499,9254,10706,
8662,9477,10795,8831,9696,10886,9004,9912,10979,9181,10124,11075,9363,10332,11171,9548,10536,11269,9736,10736,11369,9927,10932,11469,10122,11125,11571,10318,11314,11673,10518,11499,11776,
7153,5379,9918,7165,5420,9925,7179,5465,9933,7199,5529,9944,7225,5613,9959,7259,5717,9978,7300,5841,10001,7349,5983,10029,7406,6143,10061,7470,6318,10098,7543,6506,10139,
7623,6706,10184,7711,6916,10233,7807,7133,10287,7911,7356,10345,8022,7583,10407,8140,7813,10472,8265,8045,10541,8397,8277,10614,8534,8508,10689,8678,8738,10768,8827,8966,10849,
8982,9191,10933,9141,9414,11019,9306,9633,11107,9474,9849,11197,9647,10061,11289,9824,10270,11382,10004,10475,11477,10188,10677,11573,10374,10875,11670,10564,11069,11768,10756,11260,11866,
7608,5201,10135,7619,5239,10142,7631,5281,10149,7650,5340,10159,7674,5418,10173,7705,5515,10190,7742,5631,10211,7787,5764,10236,7839,5915,10265,7898,6081,10299,7965,6260,10336,
8039,6452,10377,8121,6654,10423,8210,6865,10472,8306,7082,10526,8409,7304,10583,8519,7531,10643,8636,7759,10707,8759,7989,10774,8888,8220,10845,9023,8450,10918,9164,8678,10994,
9310,8905,11073,9461,9130,11154,9617,9352,11237,9778,9572,11322,9942,9788,11409,10111,10000,11497,10283,10210,11588,10459,10416,11679,10638,10618,11772,10820,10817,11866,11005,11013,11961,
8058,5029,10346,8068,5064,10352,8080,5102,10358,8096,5157,10368,8119,5230,10380,8147,5320,10396,8182,5429,10415,8223,5554,10438,8271,5696,10465,8325,5854,10495,8387,6025,10529,
8456,6208,10567,8532,6402,10609,8614,6606,10655,8704,6816,10704,8800,7033,10756,8903,7255,10813,9012,7480,10872,9127,7708,10935,9248,7936,11000,9376,8165,11069,9508,8394,11140,
9646,8621,11214,9789,8847,11290,9937,9071,11368,10090,9293,11449,10247,9511,11531,10407,9727,11616,10572,9940,11701,10740,10150,11789,10912,10357,11877,11087,10560,11967,11265,10760,12058,
8504,4861,10551,8513,4893,10556,8524,4929,10562,8539,4981,10570,8560,5048,10582,8586,5133,10596,8618,5234,10614,8656,5352,10635,8700,5486,10659,8751,5635,10687,8808,5798,10719,
8872,5973,10754,8943,6160,10792,9019,6356,10834,9103,6560,10880,9193,6771,10928,9289,6987,10980,9391,7208,11036,9499,7432,11094,9614,7658,11155,9733,7885,11220,9859,8112,11286,
9989,8340,11356,10125,8566,11428,10265,8791,11502,10410,9014,11578,10559,9234,11656,10713,9453,11736,10870,9669,11818,11031,9881,11901,11196,10091,11986,11364,10298,12072,11535,10502,12159,
8946,4697,10749,8955,4727,10754,8965,4761,10760,8979,4809,10767,8998,4872,10778,9022,4951,10791,9052,5046,10807,9087,5157,10827,9128,5284,10849,9175,5425,10875,9228,5580,10904,
9288,5747,10936,9353,5926,10972,9425,6114,11011,9503,6312,11053,9587,6516,11098,9677,6727,11147,9773,6943,11198,9875,7163,11253,9983,7385,11310,10095,7610,11370,10214,7835,11433,
10337,8061,11498,10466,8287,11566,10599,8512,11636,10737,8736,11708,10879,8958,11782,11025,9178,11858,11176,9396,11936,11330,9611,12015,11488,9824,12096,11649,10033,12178,11813,10241,12262,
9384,4537,10943,9392,4565,10947,9402,4596,10952,9415,4641,10959,9432,4700,10969,9455,4774,10981,9483,4864,10996,9515,4969,11014,9554,5088,11035,9598,5222,11058,9647,5369,11085,
9703,5529,11115,9764,5700,11148,9831,5881,11184,9904,6072,11223,9983,6270,11266,10067,6475,11311,10158,6685,11359,10253,6901,11410,10355,7119,11464,10461,7340,11520,10573,7563,11579,
10690,7788,11641,10812,8012,11705,10939,8236,11771,11070,8460,11839,11205,8682,11909,11345,8903,11981,11488,9122,12055,11636,9340,12131,11787,9554,12208,11942,9767,12287,12100,9976,12367,
9819,4380,11131,9826,4406,11135,9835,4435,11139,9847,4477,11146,9864,4532,11155,9885,4602,11166,9910,4687,11180,9941,4785,11197,9977,4899,11216,10018,5025,11238,10064,5165,11263,
10116,5318,11291,10173,5482,11321,10236,5656,11355,10305,5839,11391,10379,6031,11431,10458,6230,11473,10543,6435,11518,10634,6645,11566,10729,6859,11616,10830,7077,11669,10936,7297,11725,
11047,7518,11783,11163,7741,11843,11283,7964,11906,11408,8187,11970,11537,8409,12037,11670,8630,12106,11807,8850,12176,11949,9068,12248,12093,9285,12322,12242,9499,12397,12394,9711,12474,
10250,4225,11314,10257,4250,11318,10265,4277,11322,10277,4317,11328,10292,4369,11337,10312,4434,11347,10336,4514,11360,10364,4607,11375,10398,4714,11393,10436,4835,11414,10480,4968,11437,
10528,5114,11463,10582,5270,11491,10641,5438,11523,10706,5614,11557,10775,5799,11594,10850,5992,11633,10930,6191,11676,11016,6396,11720,11106,6606,11768,11202,6819,11818,11302,7036,11870,
11407,7254,11925,11517,7474,11982,11631,7696,12041,11750,7917,12102,11873,8139,12166,12001,8359,12231,12132,8579,12298,12267,8798,12367,12406,9016,12437,12548,9231,12509,12694,9445,12583,
10678,4073,11493,10684,4096,11497,10692,4122,11501,10703,4159,11506,10717,4208,11514,10736,4270,11524,10758,4345,11536,10785,4434,11550,10816,4535,11567,10852,4650,11586,10893,4777,11607,
10939,4915,11632,10990,5065,11658,11045,5226,11688,11106,5396,11720,11172,5575,11754,11242,5761,11791,11318,5955,11831,11399,6154,11873,11484,6359,11918,11575,6568,11965,11670,6780,12014,
11770,6996,12066,11874,7213,12120,11983,7432,12176,12096,7651,12234,12214,7871,12295,12335,8091,12357,12461,8311,12421,12590,8530,12486,12723,8747,12554,12860,8964,12623,13000,9178,12693,
11102,3924,11668,11109,3945,11671,11116,3970,11675,11126,4005,11680,11139,4051,11687,11157,4110,11696,11178,4181,11708,11203,4264,11721,11233,4361,11737,11266,4469,11754,11305,4590,11775,
11348,4723,11797,11396,4867,11822,11448,5021,11850,11506,5184,11880,11568,5357,11912,11634,5537,11947,11706,5725,11985,11783,5919,12024,11864,6118,12067,11949,6323,12111,12040,6531,12158,
12135,6742,12207,12234,6956,12258,12338,7172,12311,12446,7390,12366,12558,7608,12424,12674,7827,12483,12794,8045,12544,12918,8264,12606,13046,8481,12671,13177,8698,12737,13312,8913,12804,
11524,3776,11839,11530,3797,11842,11536,3820,11845,11546,3853,11850,11559,3896,11857,11575,3952,11866,11595,4019,11876,11619,4099,11889,11646,4190,11903,11678,4294,11920,11715,4409,11939,
11755,4536,11960,11801,4673,11984,11850,4821,12010,11904,4978,12038,11963,5145,12068,12026,5319,12101,12094,5501,12137,12167,5689,12174,12244,5884,12214,12325,6083,12256,12411,6287,12300,
12501,6494,12347,12596,6705,12395,12695,6918,12446,12798,7133,12498,12905,7349,12553,13016,7566,12609,13131,7783,12667,13250,8000,12727,13372,8217,12789,13498,8434,12852,13628,8649,12917,
11942,3630,12006,11948,3650,12009,11954,3672,12012,11963,3703,12017,11975,3744,12023,11991,3797,12031,12009,3861,12041,12032,3936,12053,12058,4023,12067,12088,4122,12082,12123,4232,12100,
12161,4353,12120,12204,4485,12143,12251,4627,12167,12302,4778,12194,12358,4938,12222,12418,5107,12253,12482,5283,12287,12551,5466,12322,12624,5655,12360,12702,5850,12400,12783,6049,12442,
12870,6252,12486,12960,6459,12532,13054,6668,12580,13153,6880,12630,13255,7094,12682,13361,7308,12735,13471,7524,12791,13585,7740,12848,13703,7956,12907,13824,8172,12968,13948,8387,13030,
12358,3487,12170,12363,3505,12173,12369,3526,12176,12378,3555,12181,12389,3595,12187,12404,3645,12194,12421,3705,12203,12443,3777,12214,12468,3860,12227,12496,3954,12242,12529,4059,12259,
12565,4175,12278,12605,4301,12299,12650,4437,12322,12699,4583,12347,12751,4738,12374,12809,4900,12403,12870,5071,12435,12935,5248,12469,13005,5432,12504,13079,5622,12542,13157,5816,12582,
13239,6015,12624,13325,6218,12667,13415,6424,12713,13509,6632,12761,13607,6843,12810,13709,7055,12862,13814,7269,12915,13923,7483,12970,14036,7698,13026,14152,7913,13084,14272,8127,13143,
12771,3345,12331,12776,3362,12334,12781,3382,12337,12790,3410,12341,12800,3447,12347,12814,3494,12354,12831,3552,12363,12851,3621,12373,12875,3700,12385,12902,3789,12399,12933,3890,12415,
12967,4001,12433,13006,4122,12453,13048,4253,12474,13094,4393,12498,13144,4542,12524,13199,4699,12552,13257,4864,12582,13319,5036,12613,13385,5215,12647,13456,5399,12683,13530,5589,12721,
13609,5784,12761,13691,5982,12802,13777,6184,12846,13867,6389,12892,13961,6597,12939,14058,6807,12988,14159,7018,13039,14264,7230,13091,14372,7443,13145,14484,7656,13201,14599,7870,13258,
13181,3204,12490,13186,3220,12492,13191,3239,12495,13199,3266,12499,13209,3301,12504,13222,3347,12511,13238,3402,12519,13257,3467,12529,13280,3542,12540,13305,3628,12554,13335,3724,12569,
13368,3830,12585,13404,3946,12604,13444,4072,12625,13488,4207,12647,13536,4351,12672,13588,4503,12698,13643,4662,12726,13703,4829,12757,13766,5003,12789,13833,5182,12823,13904,5367,12859,
13979,5557,12897,14058,5752,12937,14140,5950,12978,14226,6151,13022,14316,6356,13067,14410,6562,13114,14507,6771,13162,14607,6981,13213,14711,7192,13264,14819,7403,13318,14929,7615,13373,
13589,3065,12645,13593,3080,12647,13598,3098,12650,13606,3124,12654,13615,3158,12659,13628,3201,12665,13643,3253,12673,13661,3315,12682,13683,3387,12693,13707,3469,12706,13735,3561,12720,
13766,3663,12736,13801,3775,12754,13839,3895,12773,13881,4025,12795,13927,4164,12818,13976,4311,12843,14029,4465,12870,14086,4627,12899,14146,4795,12929,14210,4970,12962,14278,5150,12996,
14350,5336,13032,14425,5526,13070,14504,5720,13110,14587,5918,13151,14673,6119,13194,14762,6322,13239,14856,6528,13286,14952,6735,13334,15052,6944,13384,15156,7154,13435,15262,7364,13488,
13994,2927,12798,13998,2942,12800,14003,2959,12803,14010,2983,12806,14019,3015,12811,14031,3056,12817,14046,3106,12824,14063,3166,12833,14083,3235,12844,14107,3313,12856,14133,3402,12869,
14163,3499,12884,14196,3606,12901,14233,3723,12920,14273,3848,12940,14316,3981,12962,14363,4123,12986,14414,4273,13012,14468,4429,13039,14526,4593,13068,14587,4763,13099,14652,4938,13132,
14721,5119,13166,14793,5305,13203,14868,5495,13241,14948,5689,13280,15030,5886,13322,15116,6086,13365,15206,6289,13409,15299,6494,13455,15395,6700,13503,15495,6908,13552,15597,7116,13603,
14397,2790,12949,14401,2805,12951,14406,2821,12953,14412,2844,12957,14421,2875,12961,14432,2914,12967,14446,2962,12974,14463,3019,12982,14482,3085,12992,14504,3160,13003,14530,3244,13016,
14558,3338,13031,14590,3441,13047,14625,3553,13064,14663,3674,13084,14704,3803,13105,14749,3940,13127,14798,4084,13152,14849,4236,13178,14905,4395,13206,14963,4560,13235,15026,4731,13267,
15091,4908,13300,15161,5089,13334,15233,5275,13371,15309,5465,13409,15389,5658,13448,15471,5855,13489,15557,6055,13532,15647,6256,13577,15739,6460,13622,15835,6665,13670,15934,6872,13719,
543,9678,5791,620,9788,5841,706,9895,5897,829,10020,5978,995,10147,6086,1207,10256,6225,1461,10337,6391,1732,10425,6568,2012,10522,6750,2298,10625,6934,2588,10734,7120,
2880,10847,7307,3173,10963,7493,3467,11081,7678,3759,11201,7862,4051,11323,8044,4342,11445,8224,4632,11567,8402,4920,11690,8577,5207,11813,8751,5492,11936,8922,5775,12059,9091,
6057,12182,9258,6337,12304,9422,6615,12426,9584,6892,12548,9744,7168,12669,9902,7441,12790,10058,7714,12910,10211,7984,13030,10363,8254,13150,10512,8521,13269,10660,8788,13387,10806,
799,9454,5954,876,9552,6004,962,9645,6061,1085,9756,6141,1251,9867,6250,1457,9969,6385,1686,10079,6534,1932,10197,6693,2190,10319,6860,2457,10444,7032,2730,10572,7207,
3008,10701,7384,3289,10831,7562,3572,10962,7740,3855,11093,7918,4139,11223,8094,4423,11353,8269,4706,11483,8443,4989,11612,8615,5271,11741,8786,5551,11869,8954,5831,11996,9120,
6109,12123,9285,6386,12249,9447,6662,12374,9607,6936,12499,9766,7209,12623,9922,7480,12746,10076,7750,12868,10229,8019,12990,10379,8287,13112,10528,8553,13233,10674,8818,13353,10819,
1089,9188,6139,1165,9272,6189,1251,9353,6245,1374,9450,6326,1528,9564,6427,1710,9691,6545,1915,9826,6678,2138,9968,6822,2376,10112,6976,2625,10257,7135,2882,10402,7300,
3146,10547,7467,3414,10691,7637,3686,10833,7808,3960,10974,7979,4236,11114,8150,4512,11253,8320,4789,11390,8489,5066,11526,8657,5342,11660,8824,5618,11794,8989,5893,11926,9153,
6167,12057,9315,6441,12187,9475,6713,12316,9633,6985,12443,9790,7255,12570,9944,7524,12696,10097,7792,12822,10248,8059,12946,10397,8324,13069,10544,8589,13192,10690,8852,13314,10834,
1496,8798,6399,1564,8880,6443,1639,8965,6492,1741,9077,6559,1872,9210,6644,2029,9359,6745,2208,9517,6861,2406,9682,6989,2621,9848,7126,2848,10014,7272,3087,10179,7423,
3333,10342,7579,3586,10502,7738,3844,10659,7900,4105,10814,8062,4370,10965,8226,4636,11115,8390,4904,11261,8553,5173,11406,8716,5442,11548,8878,5711,11689,9039,5981,11827,9199,
6250,11964,9357,6518,12099,9514,6786,12233,9670,7054,12366,9824,7320,12497,9976,7586,12627,10127,7851,12755,10276,8115,12883,10423,8378,13009,10568,8640,13135,10712,8901,13259,10855,
1952,8393,6687,2008,8479,6723,2069,8570,6762,2154,8690,6818,2264,8834,6888,2397,8998,6974,2552,9173,7074,2727,9356,7185,2917,9542,7307,3123,9728,7438,3340,9912,7575,
3567,10092,7718,3802,10269,7865,4044,10443,8016,4291,10612,8169,4542,10777,8324,4796,10939,8479,5053,11097,8636,5312,11252,8792,5572,11404,8948,5834,11553,9104,6096,11699,9259,
6358,11844,9413,6620,11986,9566,6883,12126,9718,7145,12264,9868,7407,12400,10018,7668,12535,10165,7929,12668,10312,8189,12799,10457,8449,12930,10600,8707,13059,10742,8965,13187,10883,
2427,8013,6982,2473,8099,7012,2523,8190,7044,2595,8311,7090,2687,8460,7149,2801,8630,7222,2934,8816,7307,3086,9011,7404,3255,9211,7510,3438,9412,7626,3635,9612,7750,
3842,9809,7879,4058,10002,8014,4283,10191,8153,4514,10375,8296,4750,10554,8441,4991,10729,8587,5236,10899,8736,5483,11066,8884,5733,11228,9034,5985,11387,9183,6238,11543,9333,
6492,11695,9481,6747,11845,9630,7003,11992,9777,7259,12137,9924,7515,12280,10069,7771,12420,10214,8027,12559,10357,8282,12695,10499,8538,12830,10640,8792,12964,10780,9047,13096,10918,
2910,7664,7278,2948,7746,7302,2991,7834,7330,3051,7953,7368,3130,8100,7418,3227,8271,7479,3342,8459,7552,3475,8660,7636,3623,8869,7729,3787,9080,7832,3963,9292,7942,
4151,9502,8058,4349,9709,8181,4556,9912,8309,4770,10110,8440,4991,10302,8575,5218,10490,8712,5449,10673,8851,5684,10851,8992,5923,11024,9134,6164,11194,9277,6407,11359,9420,
6653,11521,9563,6899,11679,9705,7147,11834,9848,7396,11987,9990,7645,12136,10131,7895,12283,10272,8145,12428,10412,8395,12570,10550,8645,12711,10688,8895,12849,10825,9145,12986,10961,
3396,7345,7570,3428,7421,7591,3465,7504,7614,3516,7618,7646,3583,7760,7688,3667,7927,7741,3767,8114,7804,3883,8315,7876,4014,8527,7958,4159,8744,8048,4317,8964,8146,
4487,9183,8251,4668,9400,8362,4858,9614,8478,5056,9823,8599,5261,10028,8723,5473,10228,8851,5691,10422,8981,5913,10611,9113,6139,10796,9247,6369,10976,9383,6602,11151,9519,
6837,11323,9655,7075,11490,9792,7314,11654,9929,7555,11814,10066,7797,11971,10203,8039,12125,10339,8283,12276,10475,8527,12425,10610,8772,12572,10744,9016,12716,10878,9261,12858,11010,
3881,7052,7857,3909,7123,7874,3940,7200,7894,3984,7307,7921,4042,7442,7957,4115,7602,8003,4203,7783,8057,4305,7982,8120,4421,8192,8192,4550,8410,8272,4692,8634,8359,
4845,8858,8453,5010,9083,8553,5183,9305,8658,5366,9523,8769,5556,9738,8883,5754,9948,9001,5957,10152,9123,6167,10352,9246,6380,10547,9372,6599,10737,9500,6820,10922,9629,
7045,11103,9759,7273,11279,9890,7503,11452,10021,7735,11620,10152,7969,11785,10284,8204,11947,10415,8441,12105,10547,8678,12261,10677,8916,12414,10808,9155,12564,10938,9395,12712,11067,
4364,6782,8136,4388,6847,8151,4415,6919,8168,4453,7018,8191,4504,7145,8223,4568,7297,8262,4645,7471,8310,4735,7663,8365,4838,7869,8428,4954,8085,8499,5081,8308,8576,
5220,8535,8660,5369,8763,8751,5528,8990,8846,5696,9215,8947,5872,9437,9052,6056,9655,9161,6246,9869,9274,6442,10078,9389,6644,10282,9507,6850,10481,9627,7061,10675,9749,
7275,10865,9872,7493,11050,9996,7713,11231,10121,7936,11408,10247,8161,11581,10373,8388,11750,10500,8617,11916,10626,8848,12079,10753,9079,12238,10879,9311,12395,11005,9545,12548,11131,
4843,6531,8408,4864,6591,8421,4888,6657,8435,4922,6749,8456,4966,6867,8483,5023,7010,8517,5091,7176,8559,5171,7360,8608,5263,7559,8664,5367,7771,8726,5482,7991,8796,
5608,8217,8871,5743,8445,8953,5889,8675,9040,6043,8904,9131,6206,9131,9228,6376,9356,9328,6553,9576,9432,6737,9792,9539,6926,10004,9649,7121,10212,9762,7320,10414,9876,
7524,10612,9993,7731,10806,10111,7942,10995,10230,8156,11180,10350,8372,11360,10470,8591,11537,10592,8812,11710,10713,9035,11880,10835,9259,12046,10957,9485,12209,11079,9712,12369,11201,
5318,6296,8671,5337,6351,8683,5358,6412,8695,5387,6497,8713,5427,6607,8737,5477,6741,8768,5538,6897,8804,5610,7073,8848,5693,7264,8897,5786,7469,8953,5890,7684,9015,
6004,7907,9083,6128,8134,9157,6261,8364,9236,6403,8594,9320,6554,8824,9408,6712,9053,9500,6877,9278,9596,7048,9500,9696,7226,9718,9798,7409,9932,9904,7598,10142,10011,
7791,10348,10121,7988,10548,10232,8189,10745,10345,8393,10937,10459,8601,11125,10575,8811,11309,10691,9024,11489,10807,9238,11666,10924,9455,11839,11042,9674,12009,11160,9894,12175,11277,
5788,6075,8927,5805,6126,8937,5824,6182,8948,5850,6261,8964,5886,6363,8985,5931,6488,9012,5986,6635,9045,6050,6801,9083,6125,6984,9128,6209,7181,9178,6304,7389,9234,
6408,7607,9295,6521,7830,9362,6643,8058,9433,6774,8288,9510,6913,8519,9591,7059,8749,9676,7213,8978,9765,7374,9204,9857,7540,9427,9953,7713,9647,10051,7890,9862,10152,
8073,10074,10255,8260,10281,10360,8451,10484,10467,8647,10683,10575,8845,10878,10685,9047,11069,10795,9251,11256,10907,9458,11439,11019,9667,11619,11132,9879,11795,11246,10092,11967,11360,
6254,5866,9175,6269,5912,9183,6286,5964,9193,6310,6036,9208,6342,6131,9227,6383,6248,9251,6432,6386,9280,6490,6542,9314,6558,6716,9354,6635,6905,9399,6721,7106,9450,
6816,7317,9505,6920,7536,9566,7032,7760,9631,7153,7988,9701,7281,8218,9775,7417,8449,9854,7561,8679,9936,7711,8907,10021,7867,9133,10110,8029,9357,10202,8196,9577,10296,
8369,9794,10393,8547,10007,10492,8728,10216,10593,8914,10421,10696,9104,10622,10800,9297,10819,10906,9493,11012,11012,9692,11201,11120,9894,11387,11228,10097,11569,11337,10304,11748,11447,
6716,5666,9415,6729,5708,9423,6745,5756,9431,6766,5823,9444,6795,5911,9461,6832,6020,9483,6877,6149,9509,6930,6297,9540,6992,6462,9576,7062,6642,9617,7140,6835,9662,
7228,7039,9713,7323,7252,9768,7427,7471,9828,7538,7695,9892,7657,7923,9960,7784,8152,10032,7917,8382,10108,8057,8612,10188,8204,8840,10270,8356,9066,10356,8514,9289,10445,
8677,9510,10536,8845,9727,10629,9018,9941,10724,9195,10151,10821,9376,10357,10920,9561,10560,11021,9748,10759,11122,9939,10954,11225,10133,11145,11329,10330,11333,11434,10529,11518,11539,
7173,5474,9647,7185,5513,9655,7199,5557,9663,7219,5620,9674,7245,5702,9689,7279,5803,9709,7320,5924,9732,7368,6063,9761,7425,6219,9793,7489,6391,9830,7561,6575,9872,
7641,6772,9918,7729,6978,9968,7825,7191,10023,7928,7411,10082,8039,7635,10145,8157,7862,10211,8281,8090,10282,8412,8319,10355,8550,8548,10432,8693,8775,10512,8842,9001,10595,
8996,9224,10681,9155,9445,10768,9319,9662,10858,9487,9877,10950,9660,10087,11044,9836,10295,11139,10016,10499,11236,10199,10699,11334,10385,10896,11434,10575,11089,11534,10766,11279,11635,
7626,5289,9873,7637,5325,9880,7650,5366,9887,7668,5424,9897,7692,5500,9911,7723,5595,9929,7760,5708,9950,7805,5839,9976,7856,5987,10005,7916,6150,10039,7982,6326,10077,
8056,6515,10119,8138,6714,10165,8226,6921,10216,8322,7135,10270,8425,7355,10328,8535,7578,10390,8651,7804,10455,8774,8031,10523,8903,8259,10595,9038,8487,10670,9178,8713,10747,
9324,8938,10828,9474,9161,10910,9630,9382,10995,9790,9599,11082,9954,9814,11171,10123,10025,11261,10295,10233,11354,10470,10438,11447,10649,10639,11542,10831,10837,11638,11015,11032,11735,
8075,5110,10092,8085,5144,10098,8096,5182,10105,8113,5236,10114,8135,5307,10127,8163,5395,10143,8198,5502,10162,8239,5625,10186,8287,5765,10213,8341,5919,10244,8403,6087,10279,
8471,6268,10317,8547,6459,10360,8629,6660,10406,8719,6868,10456,8814,7082,10510,8917,7301,10567,9026,7524,10627,9141,7749,10691,9262,7975,10758,9389,8202,10828,9521,8428,10901,
9659,8654,10976,9802,8878,11054,9949,9100,11134,10102,9320,11216,10258,9537,11300,10419,9752,11386,10583,9964,11474,10751,10172,11563,10923,10378,11654,11097,10580,11746,11275,10779,11839,
8519,4936,10305,8529,4968,10310,8540,5003,10316,8555,5053,10325,8575,5120,10337,8601,5203,10351,8633,5303,10369,8671,5419,10391,8715,5551,10415,8766,5697,10444,8823,5858,10476,
8887,6031,10511,8957,6214,10551,9034,6408,10593,9117,6610,10640,9206,6818,10689,9302,7032,10742,9404,7251,10799,9512,7472,10858,9626,7696,10921,9746,7921,10986,9871,8147,11054,
10001,8372,11125,10136,8596,11198,10276,8820,11274,10421,9041,11352,10570,9260,11431,10723,9477,11513,10881,9692,11596,11041,9904,11682,11206,10112,11768,11374,10318,11856,11544,10521,11945,
8960,4767,10512,8969,4796,10517,8979,4829,10522,8993,4876,10530,9012,4939,10541,9036,5017,10554,9066,5110,10571,9101,5220,10591,9142,5345,10613,9189,5484,10640,9242,5637,10669,
9301,5802,10702,9367,5978,10738,9438,6165,10778,9516,6360,10821,9600,6562,10867,9690,6771,10916,9786,6985,10969,9887,7202,11024,9995,7423,11083,10107,7645,11144,10225,7869,11208,
10349,8093,11275,10477,8317,11344,10610,8541,11415,10748,8763,11488,10889,8984,11564,11036,9202,11642,11186,9419,11721,11340,9633,11802,11497,9845,11885,11658,10054,11969,11823,10260,12054,
9398,4602,10713,9406,4629,10718,9415,4660,10723,9428,4704,10730,9446,4763,10740,9468,4836,10752,9496,4924,10768,9528,5028,10786,9567,5146,10807,9610,5278,10831,9660,5423,10858,
9715,5581,10889,9776,5750,10922,9843,5929,10959,9916,6118,10999,9995,6314,11042,10079,6517,11088,10169,6726,11137,10265,6939,11189,10366,7156,11244,10473,7375,11301,10584,7597,11361,
10701,7819,11424,10823,8042,11489,10949,8265,11557,11080,8487,11626,11215,8708,11698,11355,8928,11772,11498,9146,11847,11645,9362,11924,11796,9575,12003,11951,9787,12083,12109,9996,12165,
9831,4440,10909,9839,4466,10913,9847,4495,10918,9860,4537,10925,9876,4591,10934,9897,4660,10945,9923,4744,10959,9953,4841,10976,9989,4953,10996,10030,5078,11018,10076,5217,11044,
10128,5368,11072,10185,5530,11103,10248,5702,11137,10316,5884,11175,10390,6074,11215,10470,6271,11258,10555,6474,11304,10645,6682,11352,10740,6895,11404,10841,7111,11458,10947,7329,11514,
11057,7549,11573,11173,7770,11635,11293,7992,11699,11417,8214,11764,11546,8435,11832,11679,8655,11902,11817,8873,11974,11958,9090,12048,12102,9306,12123,12251,9519,12200,12402,9730,12278,
10262,4282,11100,10269,4306,11104,10277,4334,11109,10288,4373,11115,10304,4424,11123,10323,4489,11134,10347,4568,11147,10376,4660,11162,10409,4766,11181,10447,4885,11202,10491,5017,11225,
10539,5161,11251,10593,5316,11281,10652,5482,11313,10716,5657,11347,10786,5841,11385,10861,6032,11425,10941,6229,11468,11026,6433,11514,11116,6641,11562,11212,6853,11613,11312,7067,11666,
11417,7285,11722,11527,7503,11780,11641,7723,11840,11759,7944,11903,11882,8164,11967,12009,8384,12034,12141,8602,12102,12276,8820,12173,12414,9036,12244,12556,9251,12318,12702,9464,12393,
10689,4127,11287,10695,4150,11290,10703,4175,11294,10714,4212,11300,10728,4261,11308,10746,4322,11318,10769,4396,11330,10796,4484,11345,10827,4584,11362,10863,4697,11381,10904,4823,11403,
10949,4961,11428,11000,5109,11455,11056,5268,11485,11116,5437,11517,11182,5614,11552,11252,5800,11590,11328,5992,11631,11409,6190,11674,11494,6393,11719,11584,6600,11767,11679,6811,11817,
11779,7025,11870,11883,7241,11925,11992,7459,11982,12105,7677,12041,12223,7896,12103,12344,8115,12166,12469,8334,12231,12599,8552,12298,12732,8768,12367,12868,8984,12437,13008,9198,12509,
11113,3974,11469,11119,3996,11472,11126,4020,11476,11136,4054,11481,11149,4100,11489,11167,4158,11498,11188,4229,11509,11213,4312,11523,11243,4407,11539,11276,4515,11557,11315,4635,11578,
11358,4766,11601,11406,4909,11626,11458,5061,11654,11515,5224,11685,11577,5395,11718,11644,5574,11753,11715,5760,11791,11792,5953,11832,11873,6151,11874,11959,6354,11920,12049,6561,11967,
12144,6771,12017,12243,6984,12069,12346,7199,12123,12454,7415,12180,12566,7633,12238,12682,7850,12298,12802,8068,12360,12926,8285,12424,13054,8502,12490,13185,8718,12557,13319,8932,12625,
11533,3824,11647,11539,3844,11650,11546,3867,11654,11555,3900,11659,11568,3943,11665,11584,3998,11674,11604,4065,11685,11628,4143,11697,11656,4234,11712,11688,4337,11729,11724,4451,11749,
11765,4577,11770,11810,4713,11794,11859,4860,11821,11913,5016,11849,11972,5181,11880,12035,5355,11914,12103,5535,11950,12175,5723,11988,12252,5916,12028,12334,6114,12071,12420,6317,12116,
12510,6523,12163,12604,6732,12213,12703,6944,12264,12806,7158,12317,12913,7373,12373,13024,7589,12430,13139,7805,12489,13258,8022,12550,13380,8238,12613,13506,8453,12677,13635,8668,12743,
11951,3676,11821,11957,3695,11824,11963,3716,11827,11972,3747,11832,11984,3789,11839,11999,3841,11847,12018,3904,11857,12041,3979,11869,12067,4065,11883,12097,4163,11899,12131,4272,11917,
12170,4393,11937,12213,4523,11960,12259,4664,11984,12311,4815,12011,12366,4974,12041,12426,5141,12072,12491,5316,12106,12559,5498,12142,12632,5686,12180,12710,5880,12221,12792,6078,12264,
12878,6280,12308,12968,6486,12355,13062,6694,12404,13160,6905,12455,13263,7117,12508,13369,7331,12562,13479,7546,12619,13592,7761,12677,13710,7976,12737,13831,8191,12799,13955,8406,12862,
12367,3529,11992,12372,3548,11995,12378,3568,11998,12386,3598,12002,12398,3637,12008,12412,3686,12016,12430,3746,12025,12451,3818,12036,12476,3900,12050,12505,3993,12065,12537,4098,12082,
12573,4213,12101,12614,4338,12122,12658,4473,12146,12707,4618,12171,12760,4772,12199,12817,4934,12229,12878,5103,12261,12943,5280,12295,13013,5462,12331,13086,5651,12369,13164,5844,12410,
13246,6042,12452,13332,6244,12497,13422,6449,12543,13516,6657,12592,13614,6866,12642,13716,7078,12694,13821,7290,12748,13930,7504,12804,14043,7718,12861,14159,7932,12920,14279,8146,12981,
12779,3385,12159,12784,3402,12162,12790,3422,12165,12798,3450,12169,12808,3487,12175,12822,3534,12182,12839,3591,12191,12859,3659,12201,12883,3738,12214,12910,3827,12228,12941,3927,12244,
12975,4037,12262,13013,4157,12282,13056,4287,12304,13102,4426,12328,13152,4575,12354,13206,4731,12383,13264,4895,12413,13327,5066,12445,13393,5244,12480,13463,5428,12516,13538,5617,12555,
13616,5810,12595,13698,6008,12637,13784,6209,12682,13874,6413,12728,13968,6620,12776,14065,6829,12826,14166,7039,12877,14271,7250,12931,14379,7463,12985,14491,7675,13042,14606,7888,13100,
13189,3242,12323,13194,3259,12326,13199,3277,12329,13206,3304,12333,13217,3339,12338,13230,3384,12345,13246,3439,12353,13265,3503,12363,13287,3578,12375,13313,3664,12388,13342,3759,12403,
13375,3865,12421,13412,3980,12440,13452,4105,12460,13496,4239,12483,13543,4382,12508,13595,4533,12535,13650,4692,12564,13710,4858,12594,13773,5031,12627,13840,5210,12662,13911,5394,12698,
13986,5583,12737,14065,5777,12777,14147,5974,12819,14233,6175,12863,14323,6378,12909,14416,6584,12957,14513,6792,13006,14614,7001,13057,14718,7211,13110,14825,7422,13164,14936,7634,13220,
13596,3101,12485,13601,3117,12487,13606,3135,12490,13613,3160,12493,13623,3194,12498,13635,3236,12505,13650,3289,12513,13668,3350,12522,13690,3422,12533,13714,3504,12546,13742,3595,12560,
13773,3696,12577,13808,3807,12595,13846,3927,12615,13888,4057,12636,13934,4194,12660,13983,4340,12685,14036,4494,12712,14092,4655,12742,14153,4823,12773,14217,4997,12806,14285,5176,12841,
14356,5361,12877,14432,5550,12916,14510,5744,12956,14593,5941,12998,14679,6141,13042,14769,6343,13087,14862,6548,13135,14958,6755,13184,15058,6963,13234,15162,7172,13286,15268,7382,13340,
14001,2962,12643,14005,2977,12645,14010,2994,12648,14017,3018,12651,14026,3050,12656,14038,3091,12662,14053,3140,12670,14070,3200,12679,14090,3268,12689,14114,3346,12701,14140,3434,12715,
14170,3531,12730,14203,3638,12748,14239,3753,12766,14279,3878,12787,14323,4011,12809,14370,4152,12834,14420,4301,12860,14474,4457,12887,14532,4620,12917,14593,4789,12948,14658,4964,12982,
14727,5144,13017,14799,5329,13053,14875,5518,13092,14954,5711,13132,15036,5908,13174,15122,6107,13218,15212,6309,13263,15305,6513,13310,15401,6719,13358,15500,6926,13408,15603,7134,13459,
14404,2824,12799,14408,2838,12801,14412,2854,12804,14419,2877,12807,14428,2908,12811,14439,2947,12817,14453,2994,12824,14469,3051,12833,14489,3116,12843,14511,3191,12854,14536,3276,12867,
14565,3369,12882,14596,3471,12898,14631,3583,12916,14669,3703,12936,14711,3831,12957,14756,3967,12980,14804,4111,13005,14856,4263,13031,14911,4421,13060,14970,4585,13090,15032,4756,13121,
15098,4931,13155,15167,5112,13190,15239,5297,13227,15315,5487,13265,15395,5680,13305,15477,5876,13347,15563,6074,13390,15653,6276,13435,15745,6479,13482,15841,6684,13530,15940,6890,13579,
687,9990,5520,763,10067,5570,849,10142,5626,973,10229,5707,1138,10314,5816,1350,10383,5955,1590,10450,6113,1846,10528,6280,2113,10616,6454,2388,10711,6632,2669,10812,6814,
2953,10918,6996,3239,11028,7179,3526,11141,7362,3813,11256,7544,4101,11373,7724,4388,11491,7904,4674,11611,8082,4959,11730,8258,5243,11851,8432,5525,11971,8604,5806,12092,8775,
6086,12213,8943,6364,12333,9109,6641,12454,9273,6917,12574,9436,7191,12694,9596,7463,12813,9754,7734,12932,9910,8004,13051,10065,8272,13169,10217,8539,13288,10368,8805,13405,10517,
943,9737,5684,1019,9805,5734,1105,9871,5791,1229,9947,5872,1393,10023,5980,1586,10109,6107,1802,10205,6248,2036,10309,6400,2284,10420,6561,2541,10535,6728,2806,10654,6899,
3077,10776,7072,3352,10899,7248,3629,11023,7424,3908,11149,7600,4187,11275,7775,4467,11401,7950,4747,11527,8124,5027,11653,8297,5306,11779,8468,5584,11904,8637,5862,12029,8805,
6138,12154,8971,6413,12278,9135,6687,12401,9297,6960,12524,9458,7232,12647,9617,7502,12769,9774,7771,12890,9929,8039,13011,10082,8305,13132,10233,8571,13252,10383,8835,13371,10531,
1232,9442,5871,1309,9501,5921,1393,9560,5976,1508,9639,6052,1653,9734,6147,1825,9843,6259,2020,9962,6386,2234,10088,6525,2463,10219,6674,2704,10353,6829,2954,10488,6990,
3212,10624,7155,3475,10760,7322,3741,10897,7491,4011,11032,7661,4283,11167,7831,4555,11301,8001,4829,11435,8171,5103,11567,8339,5377,11699,8507,5650,11829,8673,5923,11959,8838,
6196,12088,9002,6468,12216,9164,6739,12343,9324,7009,12470,9483,7277,12595,9640,7545,12720,9795,7812,12844,9949,8078,12967,10101,8343,13089,10251,8607,13211,10399,8869,13332,10546,
1622,9046,6121,1687,9113,6163,1757,9184,6209,1855,9277,6273,1979,9391,6354,2129,9521,6451,2301,9662,6563,2492,9810,6687,2700,9962,6821,2922,10115,6963,3154,10269,7112,
3395,10423,7266,3643,10575,7423,3896,10725,7583,4154,10873,7745,4415,11020,7908,4678,11165,8072,4943,11307,8236,5209,11448,8399,5476,11588,8562,5743,11725,8724,6011,11861,8885,
6278,11996,9046,6545,12129,9204,6811,12261,9362,7077,12392,9518,7343,12522,9673,7607,12650,9826,7871,12778,9978,8134,12904,10128,8396,13029,10276,8657,13154,10423,8918,13278,10569,
2056,8642,6396,2109,8714,6431,2168,8792,6469,2249,8895,6522,2355,9021,6591,2484,9166,6674,2634,9324,6771,2803,9490,6880,2989,9661,6999,3189,9833,7127,3402,10006,7263,
3624,10176,7404,3855,10345,7550,4093,10511,7700,4337,10674,7852,4585,10833,8007,4836,10990,8163,5091,11144,8319,5347,11295,8477,5605,11444,8634,5865,11590,8791,6125,11734,8947,
6385,11876,9103,6646,12016,9258,6907,12154,9412,7168,12290,9564,7429,12425,9716,7689,12558,9866,7949,12690,10015,8208,12821,10163,8467,12950,10310,8725,13078,10455,8982,13205,10598,
2512,8253,6683,2557,8328,6711,2606,8407,6743,2675,8514,6788,2765,8647,6846,2875,8800,6917,3005,8968,7000,3154,9147,7095,3319,9333,7200,3498,9521,7315,3691,9709,7437,
3894,9896,7565,4108,10080,7700,4329,10261,7838,4557,10439,7980,4791,10612,8125,5029,10782,8272,5271,10948,8421,5517,11110,8571,5765,11269,8721,6015,11425,8872,6266,11578,9023,
6519,11729,9174,6773,11876,9324,7027,12021,9473,7282,12164,9622,7536,12305,9770,7791,12444,9917,8046,12581,10063,8301,12717,10208,8555,12851,10351,8809,12983,10494,9063,13114,10635,
2982,7890,6973,3019,7963,6997,3061,8042,7024,3119,8148,7061,3196,8282,7111,3291,8437,7171,3404,8611,7243,3534,8797,7326,3680,8992,7418,3840,9191,7520,4014,9391,7629,
4199,9592,7745,4394,9790,7868,4598,9984,7995,4811,10175,8126,5029,10362,8261,5254,10544,8399,5483,10723,8539,5716,10897,8681,5953,11067,8824,6193,11233,8968,6434,11396,9112,
6678,11555,9257,6924,11711,9402,7170,11864,9547,7418,12015,9691,7666,12162,9834,7915,12308,9978,8164,12451,10120,8413,12592,10261,8663,12732,10402,8912,12869,10541,9161,13005,10680,
3457,7555,7263,3488,7624,7283,3524,7700,7306,3574,7803,7338,3640,7934,7380,3723,8088,7432,3821,8262,7494,3935,8450,7566,4064,8649,7647,4207,8854,7737,4363,9063,7835,
4531,9273,7939,4709,9482,8050,4897,9688,8166,5093,9891,8287,5297,10089,8412,5507,10283,8541,5723,10473,8672,5943,10659,8805,6168,10839,8940,6396,11016,9077,6628,11189,9215,
6862,11357,9353,7098,11522,9492,7336,11684,9631,7576,11842,9770,7817,11998,9909,8059,12150,10048,8302,12300,10186,8545,12448,10324,8789,12593,10461,9033,12736,10597,9277,12877,10733,
3933,7245,7549,3961,7311,7566,3991,7382,7586,4035,7481,7613,4092,7606,7649,4164,7756,7694,4250,7926,7748,4351,8113,7811,4465,8312,7883,4593,8520,7962,4733,8733,8049,
4885,8949,8143,5047,9165,8244,5220,9379,8350,5400,9591,8460,5589,9800,8576,5785,10004,8695,5987,10205,8817,6195,10400,8942,6408,10591,9069,6625,10778,9198,6845,10960,9328,
7069,11138,9460,7296,11312,9593,7525,11483,9726,7756,11649,9860,7989,11813,9993,8223,11973,10127,8459,12130,10261,8695,12284,10395,8933,12435,10528,9171,12584,10660,9410,12731,10793,
4409,6959,7830,4433,7020,7845,4460,7087,7861,4497,7180,7885,4548,7299,7916,4611,7442,7955,4687,7607,8003,4776,7789,8058,4878,7985,8121,4992,8192,8192,5119,8406,8270,
5256,8624,8354,5404,8845,8445,5562,9065,8541,5728,9284,8642,5903,9500,8748,6085,9713,8858,6274,9922,8972,6469,10127,9088,6669,10327,9207,6875,10523,9329,7084,10714,9452,
7297,10901,9577,7514,11084,9703,7734,11263,9830,7956,11438,9958,8180,11609,10087,8407,11776,10216,8635,11941,10345,8864,12102,10474,9095,12260,10603,9327,12415,10731,9560,12568,10860,
4883,6693,8104,4903,6750,8117,4927,6812,8131,4960,6899,8152,5005,7011,8179,5060,7147,8214,5128,7304,8256,5208,7480,8304,5299,7671,8360,5402,7874,8423,5516,8087,8493,
5640,8305,8569,5775,8526,8651,5919,8750,8738,6073,8973,8831,6234,9194,8928,6403,9414,9030,6580,9630,9135,6762,9842,9243,6951,10050,9355,7144,10254,9469,7343,10454,9585,
7545,10649,9703,7752,10840,9822,7962,11027,9943,8175,11210,10065,8391,11388,10188,8609,11564,10312,8829,11735,10436,9051,11903,10560,9275,12068,10685,9500,12230,10809,9726,12389,10934,
5353,6445,8371,5371,6497,8383,5392,6555,8395,5422,6636,8414,5461,6741,8438,5511,6869,8468,5571,7019,8505,5643,7187,8548,5725,7371,8598,5817,7569,8655,5921,7777,8717,
6034,7993,8786,6157,8213,8860,6289,8437,8940,6430,8662,9024,6580,8887,9113,6737,9111,9207,6901,9332,9304,7072,9550,9405,7249,9764,9509,7431,9975,9615,7619,10182,9724,
7811,10385,9836,8008,10583,9949,8208,10777,10064,8411,10968,10180,8618,11154,10297,8828,11336,10415,9040,11515,10534,9254,11690,10654,9470,11862,10774,9689,12030,10894,9908,12195,11014,
5820,6212,8632,5836,6260,8642,5855,6314,8653,5881,6389,8669,5917,6487,8690,5961,6607,8717,6015,6749,8750,6080,6909,8789,6154,7085,8834,6238,7276,8884,6331,7479,8941,
6435,7690,9003,6547,7908,9070,6669,8130,9142,6799,8355,9220,6937,8581,9302,7083,8807,9388,7236,9031,9478,7396,9254,9571,7562,9473,9668,7733,9690,9768,7910,9902,9870,
8092,10111,9975,8279,10316,10082,8470,10517,10190,8664,10714,10301,8862,10907,10412,9063,11096,10525,9267,11282,10639,9473,11464,10754,9682,11642,10869,9893,11817,10985,10105,11988,11101,
6282,5991,8885,6297,6036,8894,6314,6085,8904,6338,6155,8918,6370,6247,8937,6410,6360,8961,6459,6493,8991,6517,6644,9026,6584,6813,9066,6661,6997,9111,6746,7192,9162,
6841,7398,9219,6944,7611,9280,7056,7831,9346,7176,8054,9417,7304,8279,9492,7439,8506,9571,7582,8732,9654,7731,8957,9741,7887,9180,9831,8048,9400,9925,8215,9617,10021,
8387,9832,10119,8564,10042,10220,8746,10249,10323,8931,10452,10427,9120,10651,10533,9312,10846,10641,9508,11038,10749,9707,11226,10859,9908,11410,10970,10111,11591,11081,10317,11769,11193,
6741,5781,9131,6755,5822,9139,6770,5868,9148,6791,5933,9161,6820,6019,9178,6857,6124,9200,6901,6250,9226,6954,6393,9258,7016,6554,9294,7085,6729,9335,7164,6917,9381,
7250,7117,9432,7345,7325,9488,7449,7540,9549,7560,7760,9614,7678,7983,9683,7804,8209,9756,7937,8435,9833,8077,8661,9914,8223,8886,9998,8375,9109,10085,8532,9330,10175,
8695,9548,10267,8862,9763,10362,9035,9974,10459,9211,10182,10558,9391,10387,10659,9575,10588,10761,9763,10785,10865,9953,10979,10970,10147,11169,11076,10343,11356,11182,10542,11539,11290,
7196,5580,9370,7208,5618,9377,7222,5661,9385,7242,5722,9397,7268,5801,9413,7301,5900,9432,7342,6018,9456,7390,6154,9485,7446,6306,9518,7511,6473,9555,7582,6654,9597,
7662,6846,9644,7750,7048,9695,7845,7258,9750,7948,7473,9810,8058,7694,9874,8176,7917,9941,8300,8142,10013,8431,8368,10088,8567,8593,10166,8710,8818,10247,8859,9041,10331,
9012,9262,10418,9171,9480,10508,9335,9696,10599,9503,9908,10693,9675,10117,10788,9850,10323,10886,10030,10525,10984,10213,10724,11084,10399,10919,11186,10587,11111,11288,10779,11300,11392,
7647,5387,9603,7658,5423,9609,7671,5463,9617,7689,5519,9627,7713,5593,9641,7743,5686,9659,7781,5797,9681,7825,5925,9707,7877,6069,9737,7935,6228,9771,8002,6401,9809,
8076,6586,9852,8157,6781,9899,8245,6985,9950,8341,7196,10005,8443,7412,10064,8553,7632,10126,8669,7855,10193,8791,8079,10262,8920,8304,10335,9054,8529,10411,9194,8753,10490,
9339,8976,10572,9490,9197,10656,9645,9415,10742,9804,9631,10831,9968,9843,10921,10136,10053,11013,10308,10260,11107,10483,10463,11203,10662,10663,11300,10843,10860,11398,11027,11054,11497,
8094,5201,9829,8104,5234,9835,8116,5271,9841,8132,5324,9851,8154,5394,9864,8183,5480,9880,8217,5584,9900,8258,5705,9924,8305,5842,9951,8360,5994,9982,8421,6159,10018,
8489,6336,10057,8565,6524,10100,8647,6722,10147,8736,6927,10198,8831,7138,10252,8934,7354,10310,9042,7574,10372,9157,7796,10437,9278,8019,10505,9404,8244,10576,9536,8468,10650,
9674,8691,10726,9816,8913,10805,9963,9134,10887,10115,9352,10971,10271,9567,11056,10432,9780,11144,10596,9991,11234,10764,10198,11325,10935,10402,11417,11109,10603,11511,11287,10801,11606,
8537,5021,10049,8547,5052,10054,8557,5087,10060,8573,5136,10069,8593,5201,10081,8619,5282,10096,8651,5380,10114,8689,5494,10136,8733,5624,10161,8783,5768,10190,8840,5926,10222,
8903,6096,10258,8973,6277,10298,9050,6467,10341,9133,6666,10388,9222,6872,10439,9318,7083,10493,9420,7299,10550,9527,7518,10611,9641,7740,10674,9760,7962,10741,9885,8186,10810,
10015,8409,10882,10150,8631,10956,10290,8853,11033,10434,9072,11113,10583,9290,11194,10736,9506,11277,10893,9719,11362,11053,9929,11449,11217,10137,11537,11385,10341,11627,11556,10543,11718,
8977,4846,10263,8986,4875,10268,8995,4907,10274,9010,4954,10282,9028,5015,10292,9053,5091,10306,9082,5184,10323,9117,5291,10343,9158,5414,10366,9205,5551,10392,9258,5701,10422,
9317,5864,10456,9382,6038,10493,9454,6222,10533,9531,6414,10576,9615,6614,10623,9705,6821,10674,9800,7032,10727,9901,7247,10783,10009,7466,10843,10121,7686,10905,10239,7908,10970,
10362,8130,11038,10490,8352,11108,10623,8574,11181,10760,8794,11256,10902,9013,11333,11048,9231,11412,11197,9446,11493,11351,9659,11575,11508,9869,11660,11669,10077,11745,11833,10282,11832,
9413,4676,10472,9421,4703,10476,9430,4733,10481,9443,4777,10489,9461,4834,10499,9483,4906,10511,9511,4993,10527,9543,5095,10545,9581,5211,10566,9625,5341,10591,9675,5485,10619,
9730,5640,10650,9791,5807,10684,9858,5984,10721,9930,6171,10762,10009,6365,10805,10093,6565,10852,10183,6772,10902,10278,6983,10955,10379,7198,11011,10486,7415,11069,10597,7634,11130,
10713,7855,11194,10835,8076,11260,10961,8297,11329,11092,8518,11400,11227,8738,11473,11366,8956,11548,11509,9172,11625,11656,9387,11703,11807,9600,11784,11961,9810,11866,12119,10018,11949,
9846,4510,10675,9853,4535,10679,9862,4564,10684,9874,4604,10691,9890,4658,10700,9911,4726,10711,9937,4808,10726,9967,4905,10743,10003,5015,10763,10044,5139,10785,10090,5275,10811,
10142,5424,10840,10199,5584,10872,10261,5755,10906,10330,5935,10944,10403,6122,10985,10483,6318,11029,10567,6519,11075,10657,6725,11125,10753,6936,11177,10853,7150,11232,10959,7366,11290,
11069,7585,11350,11184,7804,11412,11304,8024,11477,11429,8244,11544,11557,8464,11614,11690,8682,11685,11827,8900,11758,11968,9116,11833,12113,9330,11910,12261,9542,11988,12412,9752,12068,
10275,4347,10873,10282,4371,10877,10290,4398,10881,10301,4436,10888,10317,4487,10896,10336,4551,10907,10360,4629,10920,10389,4720,10936,10422,4825,10955,10460,4943,10976,10504,5073,11000,
10552,5215,11027,10606,5369,11056,10665,5533,11089,10729,5706,11124,10798,5888,11162,10873,6077,11203,10953,6273,11247,11038,6474,11293,11128,6681,11342,11223,6891,11394,11323,7104,11448,
11428,7319,11505,11538,7537,11564,11652,7755,11625,11770,7974,11689,11893,8193,11755,12020,8411,11822,12151,8629,11892,12286,8845,11963,12424,9061,12037,12566,9274,12111,12712,9486,12188,
10701,4188,11066,10708,4211,11070,10715,4236,11074,10726,4272,11080,10740,4320,11088,10759,4381,11098,10781,4454,11111,10808,4541,11125,10839,4640,11143,10875,4752,11162,10916,4876,11185,
10961,5012,11210,11012,5160,11237,11067,5317,11268,11128,5484,11301,11193,5660,11336,11264,5843,11375,11339,6034,11416,11420,6230,11460,11505,6432,11506,11595,6638,11555,11690,6847,11606,
11790,7059,11659,11894,7274,11715,12003,7490,11773,12115,7707,11834,12233,7925,11896,12354,8143,11960,12479,8360,12027,12608,8577,12095,12741,8792,12165,12877,9007,12236,13017,9219,12309,
11124,4032,11256,11130,4053,11259,11138,4077,11263,11148,4111,11268,11161,4157,11276,11178,4214,11285,11199,4284,11297,11225,4366,11310,11254,4460,11327,11288,4567,11345,11326,4686,11366,
11369,4816,11389,11417,4957,11415,11469,5108,11444,11526,5269,11475,11588,5439,11508,11655,5616,11544,11726,5801,11583,11802,5992,11624,11883,6189,11668,11969,6390,11714,12059,6596,11762,
12154,6805,11813,12253,7016,11866,12356,7230,11921,12464,7445,11978,12576,7661,12037,12692,7877,12098,12812,8094,12162,12935,8310,12227,13063,8526,12293,13193,8740,12362,13328,8954,12432,
11544,3878,11440,11550,3898,11444,11557,3921,11447,11566,3953,11452,11579,3996,11459,11595,4051,11468,11615,4117,11479,11639,4195,11492,11667,4285,11507,11699,4386,11524,11735,4500,11544,
11775,4624,11566,11820,4759,11590,11870,4905,11617,11924,5060,11646,11982,5224,11677,12046,5395,11711,12113,5575,11748,12186,5761,11787,12262,5952,11828,12344,6149,11871,12429,6351,11917,
12520,6556,11965,12614,6764,12015,12713,6974,12067,12815,7187,12122,12922,7401,12178,13033,7615,12236,13148,7831,12297,13266,8046,12359,13388,8261,12422,13514,8476,12488,13643,8690,12555,
11962,3727,11621,11967,3746,11624,11974,3768,11628,11983,3798,11632,11995,3839,11639,12010,3891,11647,12029,3954,11657,12051,4028,11669,12077,4113,11684,12107,4210,11700,12142,4319,11718,
12180,4438,11739,12223,4567,11762,12269,4707,11787,12321,4856,11814,12376,5014,11844,12436,5181,11876,12500,5355,11910,12569,5535,11947,12642,5722,11986,12719,5914,12027,12801,6111,12070,
12887,6312,12116,12977,6516,12164,13071,6724,12213,13169,6933,12265,13271,7145,12319,13377,7358,12374,13487,7571,12432,13601,7785,12491,13718,8000,12552,13839,8214,12614,13963,8427,12679,
12376,3578,11798,12382,3596,11801,12388,3617,11804,12396,3646,11809,12407,3685,11815,12422,3734,11823,12440,3793,11832,12461,3864,11844,12486,3946,11857,12514,4038,11872,12547,4142,11890,
12583,4256,11909,12623,4380,11931,12668,4515,11954,12716,4658,11980,12769,4811,12008,12826,4972,12039,12887,5140,12071,12952,5315,12106,13022,5497,12142,13095,5684,12181,13173,5877,12223,
13255,6074,12266,13341,6274,12311,13431,6478,12358,13525,6685,12407,13623,6893,12459,13724,7104,12512,13830,7315,12566,13939,7528,12623,14051,7741,12681,14167,7954,12741,14286,8167,12803,
12788,3432,11972,12793,3449,11974,12799,3468,11977,12807,3496,11982,12818,3533,11987,12831,3579,11995,12848,3636,12004,12868,3703,12014,12892,3781,12027,12919,3870,12041,12950,3969,12058,
12984,4078,12076,13023,4198,12097,13065,4327,12119,13111,4465,12143,13161,4612,12170,13215,4768,12199,13273,4931,12229,13335,5101,12262,13402,5278,12297,13472,5460,12334,13546,5648,12373,
13624,5841,12414,13706,6037,12457,13792,6237,12502,13882,6441,12549,13976,6646,12598,14073,6854,12648,14174,7064,12701,14279,7274,12755,14387,7486,12811,14498,7697,12868,14613,7909,12927,
13198,3287,12142,13202,3303,12144,13208,3321,12147,13215,3348,12151,13226,3383,12157,13239,3427,12164,13255,3481,12172,13274,3546,12182,13296,3620,12194,13322,3705,12208,13351,3800,12223,
13384,3905,12241,13420,4019,12260,13460,4143,12281,13504,4277,12304,13552,4419,12329,13603,4569,12357,13659,4727,12386,13718,4892,12417,13781,5064,12450,13848,5241,12485,13919,5425,12522,
13994,5613,12561,14072,5805,12602,14155,6002,12645,14241,6201,12690,14331,6404,12736,14424,6609,12785,14521,6816,12835,14621,7024,12887,14725,7234,12940,14832,7444,12995,14943,7655,13052,
13605,3143,12309,13609,3159,12311,13614,3177,12314,13621,3202,12318,13631,3235,12323,13643,3278,12330,13659,3329,12338,13677,3391,12347,13698,3462,12358,13723,3543,12371,13750,3634,12386,
13782,3734,12402,13816,3845,12421,13854,3964,12441,13896,4092,12463,13942,4230,12487,13991,4375,12512,14044,4528,12540,14100,4688,12570,14161,4855,12601,14225,5028,12635,14293,5206,12670,
14364,5390,12707,14439,5578,12746,14518,5771,12787,14600,5967,12830,14686,6166,12874,14776,6368,12921,14869,6572,12968,14966,6778,13018,15065,6985,13069,15169,7194,13122,15275,7403,13176,
14009,3002,12473,14013,3017,12475,14018,3033,12478,14025,3057,12481,14034,3089,12486,14046,3130,12493,14061,3179,12500,14078,3238,12509,14098,3306,12520,14121,3384,12532,14148,3471,12546,
14178,3568,12562,14211,3674,12579,14247,3789,12598,14287,3912,12619,14331,4045,12642,14377,4185,12666,14428,4333,12692,14482,4488,12721,14540,4650,12751,14601,4819,12783,14666,4993,12816,
14734,5172,12852,14806,5356,12889,14882,5545,12928,14961,5737,12969,15044,5933,13011,15130,6132,13056,15219,6333,13101,15312,6536,13149,15408,6741,13198,15507,6947,13249,15610,7155,13301,
14411,2862,12634,14415,2876,12637,14420,2892,12639,14426,2915,12642,14435,2945,12647,14446,2984,12653,14460,3032,12660,14477,3088,12669,14496,3153,12679,14518,3228,12690,14544,3311,12704,
14572,3404,12718,14604,3506,12735,14638,3617,12753,14677,3736,12773,14718,3864,12795,14763,3999,12818,14811,4143,12843,14863,4293,12870,14918,4451,12898,14977,4614,12929,15039,4784,12961,
15105,4959,12995,15174,5139,13030,15246,5323,13068,15322,5512,13107,15401,5704,13148,15484,5899,13190,15570,6097,13234,15659,6298,13279,15752,6500,13327,15847,6704,13375,15946,6910,13425,
850,10258,5268,926,10309,5319,1012,10357,5375,1136,10412,5457,1302,10462,5566,1504,10509,5699,1728,10568,5846,1969,10637,6005,2223,10716,6171,2487,10803,6342,2757,10896,6518,
3033,10995,6695,3311,11099,6875,3592,11206,7054,3874,11317,7234,4156,11429,7413,4439,11543,7591,4721,11659,7768,5002,11775,7944,5283,11893,8118,5563,12010,8291,5842,12129,8462,
6119,12247,8631,6396,12366,8798,6671,12484,8964,6944,12603,9128,7217,12721,9290,7488,12839,9450,7758,12957,9608,8026,13075,9765,8293,13192,9920,8559,13309,10073,8824,13426,10224,
1106,9982,5434,1182,10027,5484,1268,10068,5541,1390,10117,5622,1544,10179,5722,1724,10252,5841,1928,10336,5974,2150,10428,6120,2386,10528,6274,2634,10633,6435,2891,10743,6601,
3154,10856,6770,3422,10973,6942,3693,11091,7116,3966,11211,7290,4241,11332,7464,4517,11454,7638,4794,11576,7811,5070,11698,7983,5346,11821,8154,5622,11944,8324,5897,12066,8492,
6171,12189,8659,6444,12311,8825,6716,12432,8989,6987,12554,9151,7257,12675,9311,7526,12795,9470,7794,12915,9627,8061,13035,9782,8327,13154,9936,8591,13273,10088,8854,13391,10239,
1394,9667,5621,1466,9712,5668,1544,9760,5719,1651,9825,5790,1787,9905,5879,1950,9999,5985,2135,10103,6106,2339,10215,6239,2559,10333,6383,2792,10456,6533,3034,10581,6690,
3285,10708,6851,3542,10837,7016,3803,10966,7183,4068,11096,7351,4335,11226,7520,4604,11355,7689,4874,11485,7858,5145,11614,8026,5416,11742,8194,5687,11870,8361,5958,11997,8527,
6228,12123,8691,6498,12249,8854,6767,12375,9016,7036,12499,9176,7303,12623,9335,7570,12746,9492,7835,12869,9648,8100,12991,9802,8364,13112,9955,8627,13233,10106,8888,13353,10255,
1758,9285,5855,1819,9340,5895,1885,9399,5938,1977,9478,5999,2096,9575,6076,2238,9688,6169,2403,9812,6276,2587,9945,6396,2788,10082,6526,3002,10224,6665,3228,10367,6810,
3464,10511,6961,3706,10654,7116,3955,10797,7274,4208,10939,7435,4465,11080,7597,4725,11220,7760,4987,11359,7923,5250,11496,8087,5514,11632,8250,5779,11766,8413,6044,11900,8575,
6310,12032,8736,6575,12163,8896,6840,12293,9055,7104,12422,9213,7368,12550,9369,7631,12677,9524,7894,12803,9678,8156,12928,9830,8417,13052,9981,8677,13176,10130,8936,13298,10278,
2168,8886,6117,2219,8948,6150,2275,9014,6187,2354,9103,6238,2455,9213,6304,2579,9340,6384,2724,9481,6478,2887,9631,6584,3068,9787,6700,3263,9947,6826,3470,10108,6959,
3688,10268,7098,3915,10428,7242,4149,10586,7391,4389,10742,7542,4633,10896,7696,4881,11048,7851,5133,11197,8008,5387,11344,8165,5642,11489,8323,5900,11632,8480,6158,11773,8637,
6416,11913,8794,6676,12050,8950,6935,12186,9106,7194,12321,9260,7454,12454,9414,7713,12586,9566,7971,12716,9717,8229,12845,9867,8487,12973,10016,8744,13100,10163,9001,13226,10309,
2606,8495,6394,2649,8559,6421,2697,8628,6452,2763,8722,6495,2850,8840,6552,2958,8977,6621,3084,9129,6703,3228,9292,6795,3389,9463,6899,3565,9638,7011,3753,9815,7132,
3953,9991,7259,4163,10166,7392,4381,10339,7529,4606,10509,7671,4836,10677,7815,5072,10841,7962,5312,11002,8111,5555,11160,8261,5801,11316,8412,6048,11468,8563,6298,11618,8715,
6549,11766,8867,6801,11911,9018,7054,12054,9169,7307,12195,9320,7561,12334,9469,7815,12472,9618,8068,12607,9766,8322,12742,9913,8576,12874,10059,8829,13006,10204,9082,13136,10348,
3061,8122,6678,3097,8186,6701,3138,8256,6727,3195,8352,6764,3270,8472,6812,3362,8613,6871,3473,8772,6942,3600,8943,7024,3743,9124,7115,3900,9310,7215,4070,9499,7323,
4253,9689,7438,4445,9878,7560,4647,10064,7686,4856,10248,7818,5072,10428,7952,5294,10605,8090,5521,10779,8230,5752,10948,8373,5987,11114,8516,6225,11277,8661,6465,11437,8806,
6707,11593,8952,6951,11747,9098,7196,11898,9245,7443,12046,9390,7690,12192,9536,7937,12336,9681,8186,12478,9825,8434,12617,9969,8683,12755,10112,8931,12892,10254,9180,13026,10395,
3524,7773,6963,3555,7836,6983,3590,7905,7005,3639,7999,7037,3704,8118,7078,3785,8259,7129,3881,8420,7191,3993,8595,7262,4120,8781,7343,4261,8975,7432,4415,9173,7529,
4580,9372,7633,4756,9572,7743,4941,9770,7859,5135,9965,7980,5337,10157,8105,5545,10346,8233,5759,10530,8365,5978,10711,8499,6201,10888,8635,6427,11061,8772,6657,11230,8911,
6890,11396,9051,7125,11559,9191,7362,11718,9331,7600,11874,9472,7840,12028,9613,8081,12179,9754,8323,12327,9894,8565,12473,10034,8808,12617,10173,9051,12759,10311,9295,12899,10449,
3992,7449,7247,4018,7509,7264,4048,7575,7283,4091,7666,7310,4148,7782,7346,4218,7921,7391,4303,8079,7445,4402,8255,7507,4515,8442,7578,4641,8639,7657,4780,8842,7744,
4929,9048,7838,5090,9255,7938,5260,9462,8044,5440,9667,8155,5627,9869,8270,5821,10068,8390,6021,10263,8512,6228,10454,8638,6439,10641,8766,6654,10824,8896,6873,11003,9028,
7096,11178,9161,7321,11350,9295,7549,11518,9429,7779,11682,9565,8011,11843,9700,8245,12002,9836,8479,12157,9972,8715,12310,10107,8952,12460,10243,9189,12608,10378,9427,12753,10512,
4460,7148,7528,4483,7205,7542,4510,7267,7559,4547,7354,7582,4596,7465,7614,4659,7599,7653,4734,7754,7700,4822,7926,7755,4923,8112,7818,5036,8309,7889,5161,8514,7966,
5297,8723,8051,5443,8935,8141,5599,9148,8238,5764,9360,8339,5938,9570,8446,6118,9777,8556,6306,9981,8670,6500,10181,8787,6699,10378,8908,6903,10570,9030,7111,10758,9155,
7323,10942,9281,7539,11122,9408,7757,11298,9537,7978,11471,9667,8202,11640,9797,8427,11806,9927,8655,11968,10058,8883,12128,10189,9114,12285,10321,9345,12439,10452,9577,12591,10582,
4927,6868,7803,4948,6921,7816,4971,6980,7830,5004,7062,7851,5048,7167,7878,5103,7296,7913,5170,7445,7954,5249,7612,8003,5339,7794,8059,5441,7988,8122,5553,8192,8192,
5677,8402,8268,5811,8616,8350,5954,8832,8438,6106,9049,8531,6266,9265,8629,6434,9478,8731,6609,9689,8837,6791,9897,8946,6978,10101,9058,7171,10302,9173,7368,10498,9291,
7570,10690,9410,7775,10879,9531,7984,11063,9654,8197,11243,9777,8411,11420,9902,8629,11594,10027,8848,11763,10153,9069,11930,10280,9292,12094,10406,9517,12254,10533,9743,12412,10660,
5392,6606,8073,5411,6656,8084,5431,6711,8097,5461,6788,8115,5500,6887,8139,5549,7009,8170,5609,7152,8207,5679,7312,8250,5761,7489,8300,5853,7679,8357,5955,7880,8419,
6067,8088,8488,6190,8302,8563,6321,8519,8643,6461,8738,8728,6610,8957,8817,6766,9175,8912,6929,9392,9010,7099,9606,9111,7275,9816,9216,7456,10023,9324,7643,10227,9434,
7834,10427,9547,8030,10622,9662,8229,10814,9778,8432,11002,9896,8638,11186,10015,8847,11367,10135,9058,11544,10255,9272,11717,10377,9488,11887,10499,9705,12054,10621,9924,12219,10744,
5855,6360,8336,5871,6407,8346,5890,6458,8358,5916,6530,8374,5951,6623,8395,5995,6739,8422,6049,6874,8455,6113,7028,8494,6186,7198,8539,6270,7382,8590,6363,7578,8647,
6466,7783,8709,6577,7994,8777,6698,8211,8850,6827,8430,8928,6965,8651,9010,7110,8872,9097,7262,9091,9188,7421,9310,9282,7586,9525,9380,7757,9738,9481,7933,9948,9584,
8114,10154,9690,8300,10356,9799,8490,10554,9909,8684,10749,10021,8881,10940,10134,9081,11127,10249,9285,11311,10364,9490,11491,10481,9699,11668,10598,9909,11841,10716,10121,12012,10834,
6314,6128,8593,6329,6171,8602,6345,6219,8613,6369,6286,8627,6401,6374,8646,6441,6483,8670,6490,6611,8700,6547,6757,8735,6614,6920,8775,6690,7098,8821,6775,7288,8873,
6869,7488,8929,6972,7696,8991,7083,7909,9058,7202,8127,9129,7330,8348,9205,7464,8570,9285,7606,8791,9369,7755,9012,9457,7910,9232,9548,8070,9449,9642,8237,9663,9740,
8408,9874,9839,8585,10082,9941,8765,10286,10046,8950,10487,10152,9138,10684,10260,9330,10878,10369,9525,11068,10479,9723,11254,10591,9924,11437,10703,10127,11616,10817,10332,11793,10931,
6770,5908,8844,6783,5948,8852,6798,5992,8861,6820,6055,8874,6848,6138,8892,6885,6240,8913,6929,6361,8940,6982,6500,8972,7043,6655,9008,7112,6826,9050,7190,7009,9097,
7276,7203,9148,7371,7406,9205,7473,7616,9266,7584,7831,9331,7702,8050,9401,7827,8272,9475,7960,8494,9553,8099,8716,9634,8244,8937,9719,8395,9157,9808,8552,9375,9899,
8714,9590,9992,8881,9803,10089,9053,10012,10187,9229,10218,10288,9409,10420,10390,9592,10619,10494,9779,10815,10599,9969,11007,10706,10162,11196,10814,10358,11381,10922,10556,11563,11032,
7222,5698,9089,7234,5735,9096,7248,5776,9104,7268,5835,9116,7294,5912,9131,7327,6008,9151,7367,6122,9175,7415,6254,9204,7471,6402,9237,7535,6566,9275,7607,6742,9318,
7686,6929,9365,7773,7127,9416,7868,7332,9472,7971,7543,9533,8081,7760,9597,8197,7979,9666,8321,8200,9738,8451,8422,9814,8588,8645,9893,8730,8866,9975,8878,9086,10061,
9031,9305,10149,9189,9520,10239,9352,9734,10332,9520,9944,10427,9691,10151,10525,9867,10355,10623,10046,10555,10724,10228,10753,10826,10413,10946,10929,10602,11137,11033,10793,11324,11138,
7671,5496,9327,7682,5531,9333,7694,5570,9341,7712,5625,9351,7736,5697,9366,7767,5787,9384,7804,5895,9406,7848,6020,9432,7899,6160,9462,7958,6316,9497,8024,6485,9536,
8098,6666,9579,8178,6857,9626,8266,7057,9678,8362,7264,9733,8464,7476,9793,8573,7692,9856,8688,7912,9923,8810,8133,9994,8938,8355,10068,9072,8577,10145,9212,8798,10225,
9357,9018,10308,9507,9237,10393,9661,9453,10481,9821,9666,10571,9984,9877,10663,10152,10085,10756,10323,10290,10852,10498,10492,10949,10676,10690,11048,10857,10886,11148,11041,11078,11248,
8116,5303,9559,8126,5335,9565,8138,5371,9572,8154,5423,9581,8176,5490,9594,8204,5575,9611,8238,5677,9631,8279,5795,9655,8326,5929,9682,8381,6077,9714,8442,6239,9750,
8510,6413,9789,8585,6597,9833,8667,6791,9881,8755,6993,9932,8851,7200,9987,8952,7413,10046,9061,7630,10108,9175,7849,10174,9296,8069,10243,9422,8291,10315,9553,8512,10390,
9690,8733,10468,9833,8953,10548,9979,9171,10631,10131,9387,10716,10287,9601,10803,10447,9812,10893,10610,10021,10983,10778,10227,11076,10949,10429,11170,11123,10629,11266,11300,10826,11362,
8557,5116,9785,8567,5146,9791,8577,5180,9797,8593,5228,9806,8613,5292,9817,8639,5372,9832,8671,5467,9851,8708,5579,9873,8752,5706,9898,8802,5847,9927,8859,6002,9960,
8922,6169,9997,8992,6347,10037,9068,6534,10081,9151,6730,10129,9240,6933,10180,9336,7141,10235,9437,7354,10293,9545,7570,10354,9658,7789,10418,9777,8009,10486,9901,8230,10556,
10031,8451,10629,10165,8671,10705,10305,8890,10783,10449,9108,10864,10597,9324,10946,10750,9538,11031,10906,9749,11117,11067,9958,11206,11231,10164,11295,11398,10368,11387,11568,10568,11479,
8996,4935,10005,9004,4963,10011,9014,4995,10016,9028,5040,10024,9047,5100,10035,9071,5175,10049,9100,5265,10066,9135,5371,10086,9176,5492,10110,9223,5626,10137,9276,5774,10167,
9335,5934,10201,9400,6105,10238,9471,6286,10279,9548,6476,10323,9632,6673,10371,9721,6877,10421,9816,7085,10476,9918,7298,10533,10024,7514,10593,10137,7732,10656,10254,7951,10723,
10377,8171,10791,10504,8391,10863,10637,8611,10937,10774,8830,11013,10915,9047,11091,11061,9262,11171,11211,9476,11253,11364,9687,11338,11521,9896,11423,11682,10103,11510,11845,10307,11599,
9430,4759,10220,9438,4785,10225,9448,4815,10230,9461,4858,10238,9478,4914,10248,9500,4985,10261,9528,5070,10276,9560,5170,10295,9598,5285,10317,9642,5413,10342,9691,5554,10370,
9746,5707,10401,9807,5872,10436,9874,6046,10474,9946,6230,10515,10025,6421,10559,10109,6620,10606,10198,6824,10657,10293,7032,10711,10394,7245,10767,10500,7460,10826,10611,7677,10889,
10728,7896,10953,10849,8115,11021,10975,8334,11090,11105,8553,11162,11240,8771,11237,11379,8988,11313,11522,9203,11391,11669,9416,11471,11819,9627,11553,11973,9836,11636,12131,10043,11721,
9862,4588,10430,9869,4613,10435,9878,4641,10439,9890,4681,10446,9906,4734,10456,9927,4801,10467,9953,4881,10482,9983,4976,10499,10019,5085,10519,10059,5207,10542,10105,5342,10569,
10157,5488,10598,10214,5646,10630,10277,5814,10665,10345,5992,10703,10418,6177,10745,10497,6370,10789,10582,6569,10837,10672,6773,10887,10767,6982,10940,10867,7194,10996,10972,7408,11054,
11083,7625,11115,11198,7842,11179,11317,8061,11245,11441,8279,11313,11570,8497,11383,11703,8714,11456,11839,8930,11530,11980,9145,11606,12124,9357,11684,12272,9568,11764,12423,9777,11845,
10290,4420,10635,10297,4444,10639,10305,4471,10643,10317,4508,10650,10332,4558,10659,10351,4622,10670,10375,4698,10683,10404,4788,10699,10437,4891,10718,10475,5007,10739,10518,5136,10764,
10567,5276,10791,10620,5428,10821,10679,5590,10854,10743,5761,10889,10812,5941,10928,10887,6128,10970,10967,6322,11014,11052,6521,11061,11141,6726,11111,11236,6934,11164,11336,7145,11219,
11441,7359,11276,11550,7574,11336,11664,7791,11399,11782,8008,11463,11905,8226,11530,12032,8443,11599,12162,8659,11670,12297,8874,11742,12435,9088,11817,12577,9300,11893,12722,9511,11970,
10715,4257,10835,10722,4279,10839,10729,4304,10843,10740,4340,10849,10754,4387,10857,10773,4447,10867,10795,4520,10880,10822,4605,10895,10853,4703,10912,10889,4814,10932,10930,4936,10955,
10975,5071,10980,11025,5216,11008,11081,5372,11039,11141,5537,11073,11207,5711,11109,11277,5893,11148,11352,6081,11189,11433,6276,11234,11518,6475,11281,11608,6680,11330,11703,6887,11382,
11802,7098,11437,11906,7311,11493,12014,7526,11552,12127,7741,11614,12244,7957,11677,12365,8174,11742,12490,8390,11810,12619,8605,11879,12752,8819,11950,12888,9033,12023,13027,9244,12097,
11138,4097,11030,11144,4118,11034,11151,4142,11038,11161,4175,11043,11174,4220,11051,11192,4277,11060,11213,4346,11072,11238,4427,11086,11267,4520,11102,11301,4625,11121,11339,4743,11142,
11382,4871,11166,11430,5011,11192,11482,5161,11221,11539,5320,11253,11601,5488,11287,11667,5664,11323,11739,5847,11363,11815,6037,11404,11895,6232,11449,11981,6431,11495,12071,6635,11544,
12165,6843,11596,12264,7053,11650,12368,7265,11705,12475,7478,11764,12587,7693,11824,12703,7908,11886,12822,8123,11950,12946,8338,12016,13073,8553,12084,13204,8766,12154,13338,8979,12225,
11557,3940,11222,11563,3960,11225,11569,3982,11228,11579,4014,11234,11592,4057,11241,11608,4110,11250,11628,4176,11261,11651,4253,11274,11679,4342,11289,11711,4442,11307,11747,4554,11326,
11788,4678,11349,11832,4812,11373,11882,4956,11400,11936,5109,11430,11994,5271,11462,12057,5442,11497,12125,5619,11533,12197,5804,11573,12274,5994,11615,12355,6189,11659,12441,6389,11705,
12531,6593,11754,12625,6799,11805,12723,7008,11858,12826,7220,11913,12933,7432,11970,13043,7646,12030,13158,7860,12091,13276,8074,12154,13398,8288,12219,13524,8502,12285,13653,8714,12353,
11974,3785,11409,11979,3804,11412,11985,3826,11415,11994,3856,11420,12006,3896,11427,12022,3947,11435,12040,4009,11445,12063,4083,11458,12089,4168,11472,12119,4264,11488,12153,4371,11507,
12192,4489,11528,12234,4617,11551,12281,4756,11577,12332,4904,11605,12387,5060,11635,12447,5225,11667,12511,5398,11702,12580,5577,11739,12653,5762,11779,12730,5953,11821,12811,6148,11864,
12897,6348,11911,12987,6551,11959,13081,6757,12009,13179,6966,12062,13281,7176,12116,13387,7387,12173,13497,7600,12231,13611,7813,12291,13728,8026,12353,13848,8239,12417,13972,8452,12482,
12388,3634,11592,12393,3651,11595,12399,3672,11598,12407,3700,11602,12419,3739,11609,12433,3787,11617,12451,3847,11626,12472,3916,11638,12497,3997,11651,12525,4089,11667,12558,4192,11684,
12594,4305,11704,12634,4428,11726,12679,4561,11750,12727,4704,11776,12780,4855,11805,12836,5015,11836,12897,5182,11869,12963,5356,11904,13032,5536,11941,13106,5722,11981,13183,5913,12022,
13265,6109,12066,13351,6308,12112,13441,6511,12160,13535,6716,12210,13632,6924,12262,13734,7133,12316,13839,7344,12371,13948,7555,12429,14060,7767,12488,14176,7979,12549,14295,8191,12611,
12799,3484,11771,12804,3501,11774,12809,3520,11777,12818,3548,11781,12828,3584,11787,12842,3630,11795,12859,3687,11804,12879,3753,11815,12902,3831,11827,12929,3918,11842,12960,4017,11859,
12995,4125,11877,13033,4244,11898,13075,4372,11921,13121,4509,11945,13171,4655,11972,13225,4809,12001,13283,4971,12033,13345,5140,12066,13411,5316,12101,13482,5497,12139,13556,5684,12178,
13634,5875,12220,13716,6071,12264,13802,6270,12309,13891,6472,12357,13985,6676,12407,14082,6883,12458,14183,7091,12511,14288,7301,12566,14396,7511,12623,14507,7722,12681,14622,7933,12741,
13208,3337,11947,13212,3353,11950,13218,3371,11953,13225,3397,11957,13236,3432,11962,13249,3476,11969,13265,3530,11978,13284,3594,11988,13306,3667,12000,13332,3751,12014,13361,3845,12030,
13394,3950,12047,13430,4063,12067,13470,4187,12088,13514,4319,12112,13562,4460,12137,13613,4609,12165,13668,4766,12195,13728,4930,12226,13791,5101,12260,13858,5277,12295,13928,5459,12333,
14003,5646,12373,14082,5838,12414,14164,6033,12458,14250,6232,12503,14339,6433,12550,14433,6637,12599,14529,6843,12650,14630,7051,12703,14733,7259,12757,14841,7469,12813,14951,7678,12870,
13614,3191,12120,13619,3206,12122,13624,3224,12125,13631,3249,12129,13641,3282,12134,13653,3324,12141,13668,3375,12149,13686,3436,12159,13708,3507,12170,13732,3587,12183,13760,3678,12198,
13791,3778,12215,13826,3887,12233,13864,4006,12254,13906,4133,12276,13951,4269,12300,14000,4414,12326,14053,4565,12354,14109,4725,12384,14170,4890,12416,14234,5062,12450,14301,5240,12486,
14373,5423,12524,14448,5610,12563,14527,5802,12605,14609,5997,12648,14695,6195,12693,14784,6396,12740,14877,6599,12789,14974,6804,12839,15074,7011,12891,15177,7218,12945,15283,7427,13000,
14018,3047,12290,14022,3062,12292,14027,3079,12295,14034,3102,12298,14043,3134,12303,14055,3174,12309,14070,3223,12317,14087,3282,12326,14107,3349,12337,14130,3427,12350,14157,3513,12364,
14187,3609,12379,14220,3714,12397,14256,3829,12416,14296,3952,12438,14339,4083,12461,14386,4222,12485,14437,4370,12512,14491,4524,12541,14548,4685,12571,14609,4852,12603,14674,5026,12637,
14743,5204,12673,14815,5387,12711,14890,5575,12751,14969,5766,12792,15052,5961,12835,15138,6159,12880,15227,6359,12927,15320,6562,12975,15416,6766,13025,15515,6971,13076,15617,7178,13129,
14420,2905,12456,14424,2919,12459,14429,2935,12461,14435,2958,12464,14444,2988,12469,14455,3027,12475,14469,3074,12482,14485,3130,12491,14505,3194,12501,14527,3268,12513,14552,3352,12527,
14581,3444,12542,14612,3545,12558,14647,3655,12577,14685,3774,12597,14726,3901,12619,14771,4036,12642,14820,4178,12668,14871,4328,12695,14926,4484,12724,14985,4647,12755,15047,4816,12787,
15113,4990,12822,15182,5169,12858,15254,5353,12896,15330,5540,12935,15409,5732,12976,15492,5926,13019,15578,6123,13064,15667,6323,13110,15759,6525,13158,15855,6728,13207,15954,6933,13258,
1034,10482,5037,1110,10511,5088,1196,10538,5145,1320,10565,5226,1478,10596,5331,1664,10637,5454,1873,10688,5591,2100,10750,5740,2341,10821,5898,2594,10900,6063,2854,10986,6232,
3120,11079,6405,3391,11176,6579,3665,11278,6756,3940,11383,6932,4218,11490,7109,4495,11600,7286,4773,11712,7461,5051,11825,7636,5328,11939,7810,5605,12054,7982,5881,12169,8153,
6156,12285,8323,6430,12402,8491,6703,12518,8657,6975,12635,8822,7246,12752,8985,7516,12868,9147,7784,12985,9307,8051,13101,9465,8317,13217,9621,8582,13333,9776,8846,13448,9930,
1290,10188,5204,1365,10214,5254,1447,10242,5308,1560,10282,5382,1701,10334,5475,1870,10396,5586,2061,10469,5712,2271,10551,5850,2497,10640,5997,2735,10736,6152,2983,10838,6313,
3238,10943,6478,3498,11053,6646,3763,11165,6816,4031,11279,6988,4301,11395,7160,4573,11512,7332,4845,11630,7504,5118,11749,7675,5391,11868,7846,5663,11988,8016,5936,12108,8184,
6207,12227,8352,6478,12347,8518,6749,12467,8682,7018,12586,8845,7287,12706,9007,7554,12825,9167,7820,12943,9326,8086,13061,9483,8350,13179,9638,8614,13297,9792,8876,13414,9945,
1563,9878,5381,1629,9914,5425,1702,9954,5473,1802,10008,5538,1929,10076,5622,2082,10156,5722,2257,10247,5837,2452,10346,5964,2663,10453,6102,2887,10564,6248,3122,10680,6400,
3366,10799,6557,3616,10920,6719,3871,11042,6883,4131,11166,7048,4393,11290,7215,4658,11415,7383,4924,11540,7551,5192,11665,7719,5460,11790,7886,5728,11914,8053,5996,12039,8219,
6264,12163,8384,6532,12286,8548,6799,12409,8710,7066,12532,8872,7332,12654,9032,7597,12776,9190,7861,12897,9347,8125,13017,9503,8387,13137,9657,8649,13257,9810,8910,13376,9962,
1902,9514,5600,1958,9560,5637,2021,9609,5678,2108,9676,5735,2220,9759,5809,2356,9857,5897,2513,9966,6000,2690,10085,6115,2883,10209,6241,3091,10339,6376,3310,10471,6518,
3540,10605,6665,3777,10740,6818,4020,10876,6974,4269,11011,7132,4522,11147,7292,4777,11281,7454,5036,11415,7617,5296,11548,7780,5557,11680,7943,5819,11812,8105,6082,11942,8268,
6345,12072,8429,6608,12201,8590,6871,12328,8750,7134,12455,8909,7396,12581,9066,7658,12707,9223,7920,12831,9378,8180,12955,9532,8440,13078,9685,8699,13200,9836,8958,13322,9986,
2289,9125,5848,2337,9177,5880,2391,9234,5915,2466,9310,5964,2563,9406,6027,2682,9518,6105,2821,9643,6195,2980,9778,6298,3154,9920,6411,3344,10067,6534,3546,10216,6664,
3759,10367,6801,3981,10518,6943,4210,10668,7089,4446,10817,7239,4687,10964,7391,4932,11110,7546,5180,11255,7702,5431,11398,7859,5684,11539,8016,5939,11679,8174,6194,11817,8331,
6451,11953,8489,6708,12088,8645,6966,12222,8802,7224,12355,8957,7482,12486,9112,7739,12616,9266,7997,12745,9418,8254,12872,9570,8510,12999,9720,8766,13125,9870,9022,13250,10018,
2708,8735,6114,2750,8790,6141,2795,8851,6171,2860,8933,6213,2944,9037,6267,3047,9159,6335,3170,9296,6414,3310,9444,6505,3467,9601,6606,3638,9763,6716,3823,9928,6834,
4018,10093,6960,4224,10259,7091,4438,10424,7227,4660,10587,7367,4887,10747,7511,5120,10906,7657,5357,11062,7805,5597,11216,7955,5840,11367,8106,6086,11516,8258,6334,11663,8410,
6583,11807,8562,6833,11950,8714,7084,12091,8866,7336,12230,9018,7588,12367,9169,7841,12502,9319,8093,12637,9469,8346,12769,9617,8598,12900,9765,8850,13030,9912,9102,13159,10058,
3148,8356,6391,3183,8413,6413,3222,8475,6439,3278,8560,6475,3350,8668,6522,3441,8796,6580,3548,8940,6649,3672,9098,6729,3812,9265,6819,3966,9438,6917,4133,9615,7024,
4312,9794,7138,4502,9973,7258,4700,10151,7384,4906,10328,7514,5120,10501,7648,5339,10672,7786,5564,10840,7926,5793,11005,8068,6025,11167,8212,6261,11326,8357,6499,11482,8503,
6740,11636,8649,6982,11786,8796,7226,11935,8943,7471,12081,9090,7716,12225,9237,7963,12367,9384,8210,12507,9529,8457,12645,9675,8705,12782,9819,8952,12917,9963,9200,13050,10106,
3599,7998,6671,3629,8054,6690,3663,8116,6712,3711,8201,6743,3774,8310,6784,3853,8439,6834,3948,8587,6895,4058,8749,6965,4182,8922,7045,4320,9104,7133,4471,9290,7229,
4634,9479,7332,4808,9669,7441,4991,9859,7557,5182,10046,7677,5382,10232,7802,5587,10414,7930,5799,10594,8061,6016,10769,8196,6237,10942,8332,6462,11111,8470,6690,11277,8609,
6921,11440,8749,7155,11599,8891,7390,11756,9032,7627,11910,9174,7866,12062,9316,8106,12211,9458,8346,12357,9600,8588,12502,9742,8830,12644,9883,9072,12784,10023,9315,12923,10163,
4056,7661,6952,4082,7716,6969,4112,7776,6987,4154,7860,7014,4209,7966,7050,4278,8095,7094,4362,8242,7147,4460,8406,7209,4571,8582,7279,4695,8767,7358,4831,8960,7444,
4979,9156,7537,5138,9354,7637,5306,9552,7742,5483,9750,7853,5668,9945,7968,5861,10138,8088,6059,10327,8210,6264,10514,8336,6473,10696,8465,6687,10875,8595,6905,11051,8728,
7126,11223,8861,7350,11391,8996,7577,11556,9132,7805,11718,9269,8036,11878,9406,8269,12034,9543,8502,12188,9680,8737,12339,9818,8973,12487,9955,9210,12634,10091,9447,12778,10228,
4516,7347,7231,4539,7400,7245,4565,7457,7262,4602,7538,7285,4651,7641,7316,4712,7766,7355,4786,7911,7402,4873,8073,7456,4972,8249,7519,5084,8436,7589,5207,8630,7667,
5342,8831,7751,5486,9034,7841,5641,9239,7938,5804,9443,8039,5976,9647,8145,6155,9848,8256,6341,10047,8370,6534,10242,8488,6731,10434,8609,6934,10622,8732,7141,10806,8857,
7352,10987,8984,7566,11164,9113,7784,11338,9243,8004,11508,9373,8226,11675,9505,8451,11839,9637,8677,12000,9770,8905,12158,9902,9134,12313,10035,9365,12466,10168,9596,12616,10301,
4977,7054,7506,4997,7103,7519,5020,7158,7533,5053,7235,7554,5096,7334,7581,5150,7455,7615,5216,7595,7657,5294,7754,7705,5383,7927,7761,5484,8112,7824,5596,8307,7894,
5718,8508,7970,5850,8714,8052,5992,8923,8140,6143,9133,8233,6302,9342,8331,6469,9550,8433,6643,9755,8539,6823,9958,8649,7009,10158,8762,7200,10355,8878,7397,10547,8996,
7597,10736,9116,7802,10922,9238,8010,11103,9362,8221,11281,9487,8435,11456,9613,8651,11627,9740,8870,11795,9867,9090,11960,9995,9312,12122,10124,9536,12281,10252,9761,12438,10381,
5436,6779,7777,5455,6826,7788,5475,6877,7801,5504,6950,7819,5543,7044,7843,5591,7160,7873,5651,7295,7910,5721,7448,7954,5801,7617,8004,5892,7799,8060,5994,7991,8123,
6105,8192,8192,6226,8398,8267,6356,8609,8347,6496,8821,8432,6643,9034,8522,6798,9247,8617,6960,9458,8715,7129,9667,8818,7304,9874,8923,7484,10077,9032,7670,10277,9143,
7860,10473,9257,8055,10666,9372,8253,10855,9490,8455,11041,9609,8661,11222,9729,8869,11401,9851,9079,11576,9973,9292,11748,10096,9507,11916,10220,9724,12082,10344,9942,12244,10468,
5894,6521,8042,5910,6564,8052,5929,6613,8064,5955,6682,8080,5990,6771,8101,6033,6881,8128,6087,7010,8161,6150,7157,8200,6223,7321,8245,6306,7498,8296,6398,7686,8353,
6500,7884,8416,6611,8089,8484,6731,8299,8557,6859,8512,8635,6996,8727,8718,7140,8943,8805,7291,9158,8897,7449,9371,8992,7613,9583,9090,7783,9792,9192,7959,9998,9297,
8139,10201,9404,8324,10400,9513,8513,10596,9624,8706,10788,9738,8902,10977,9852,9102,11162,9968,9305,11344,10085,9510,11522,10204,9717,11697,10322,9927,11869,10442,10138,12038,10562,
6350,6277,8302,6364,6318,8311,6381,6364,8321,6404,6428,8336,6436,6512,8355,6475,6616,8380,6524,6739,8409,6581,6880,8444,6647,7037,8485,6723,7209,8531,6807,7392,8583,
6900,7586,8639,7002,7788,8701,7113,7996,8768,7232,8208,8840,7358,8424,8917,7492,8640,8997,7633,8858,9082,7781,9074,9170,7935,9289,9262,8095,9503,9358,8261,9713,9456,
8432,9921,9556,8607,10126,9660,8787,10328,9765,8971,10526,9872,9159,10721,9981,9350,10913,10092,9544,11101,10204,9742,11285,10317,9942,11466,10431,10144,11644,10546,10349,11819,10662,
6802,6046,8557,6815,6084,8565,6830,6127,8574,6852,6188,8587,6880,6267,8604,6916,6365,8626,6960,6482,8653,7012,6616,8685,7073,6767,8721,7142,6932,8763,7219,7110,8810,
7305,7298,8862,7399,7496,8919,7501,7701,8980,7611,7911,9046,7729,8125,9117,7853,8341,9191,7985,8559,9270,8123,8777,9352,8268,8995,9438,8419,9211,9527,8575,9426,9619,
8736,9638,9714,8903,9847,9811,9074,10054,9911,9249,10258,10012,9428,10458,10116,9611,10655,10221,9798,10848,10328,9987,11039,10436,10180,11226,10546,10375,11409,10656,10572,11590,10767,
7251,5826,8805,7263,5862,8812,7277,5902,8821,7297,5959,8832,7323,6034,8848,7356,6126,8868,7396,6237,8892,7444,6365,8921,7499,6508,8955,7563,6667,8993,7634,6838,9036,
7713,7021,9083,7800,7214,9135,7894,7414,9192,7996,7621,9252,8105,7832,9317,8222,8048,9386,8345,8265,9459,8474,8483,9536,8610,8702,9616,8752,8920,9699,8899,9137,9785,
9052,9352,9874,9210,9565,9966,9372,9776,10060,9539,9984,10157,9710,10188,10255,9885,10390,10355,10063,10589,10457,10245,10784,10560,10430,10977,10665,10618,11166,10771,10809,11352,10878,
7698,5616,9048,7709,5650,9054,7721,5687,9062,7739,5740,9073,7763,5811,9087,7793,5898,9105,7830,6003,9127,7874,6124,9153,7925,6261,9184,7983,6413,9219,8049,6578,9258,
8122,6754,9302,8203,6941,9349,8290,7137,9401,8385,7339,9458,8487,7547,9518,8595,7760,9582,8711,7975,9649,8832,8193,9721,8960,8411,9795,9093,8630,9873,9232,8849,9954,
9377,9066,10038,9526,9281,10124,9680,9495,10213,9839,9706,10304,10002,9915,10398,10169,10121,10493,10340,10324,10590,10514,10524,10688,10692,10721,10788,10873,10915,10890,11056,11106,10992,
8140,5414,9285,8151,5446,9291,8162,5481,9298,8179,5531,9307,8200,5597,9320,8228,5680,9337,8262,5779,9357,8303,5894,9381,8350,6024,9409,8404,6169,9441,8465,6327,9477,
8533,6497,9517,8607,6678,9561,8689,6868,9609,8777,7066,9661,8872,7270,9717,8974,7479,9776,9082,7692,9839,9196,7908,9906,9316,8125,9976,9441,8344,10049,9573,8562,10125,
9709,8780,10203,9851,8998,10285,9997,9213,10369,10148,9427,10455,10304,9639,10543,10463,9848,10634,10627,10055,10726,10794,10259,10820,10964,10460,10915,11138,10658,11012,11314,10853,11111,
8580,5220,9516,8590,5250,9522,8600,5283,9528,8615,5330,9537,8636,5392,9549,8661,5470,9564,8693,5563,9582,8730,5672,9605,8774,5797,9630,8824,5935,9660,8881,6086,9693,
8944,6250,9730,9013,6425,9771,9089,6609,9815,9172,6801,9863,9260,7000,9915,9355,7205,9970,9457,7415,10029,9564,7628,10091,9677,7844,10156,9795,8061,10225,9919,8279,10296,
10049,8497,10370,10183,8715,10447,10322,8932,10526,10466,9148,10607,10614,9362,10691,10766,9574,10777,10922,9783,10865,11082,9990,10954,11245,10195,11045,11412,10397,11138,11582,10596,11232,
9017,5032,9742,9025,5060,9747,9035,5091,9753,9049,5136,9761,9068,5194,9772,9092,5268,9786,9121,5356,9803,9156,5460,9823,9197,5578,9847,9243,5710,9874,9296,5855,9905,
9354,6012,9939,9419,6180,9977,9490,6358,10018,9567,6544,10063,9651,6739,10111,9740,6939,10162,9835,7145,10217,9936,7355,10275,10042,7568,10336,10154,7783,10400,10271,8000,10467,
10394,8217,10537,10521,8435,10609,10653,8653,10684,10790,8869,10761,10931,9084,10841,11076,9298,10922,11225,9510,11006,11379,9720,11091,11535,9927,11178,11695,10132,11267,11859,10335,11357,
9450,4851,9962,9458,4877,9967,9467,4906,9972,9480,4948,9980,9498,5003,9990,9520,5072,10003,9547,5156,10019,9580,5254,10038,9617,5366,10060,9661,5492,10085,9710,5631,10113,
9765,5782,10145,9825,5943,10180,9892,6115,10218,9964,6296,10260,10042,6485,10305,10126,6680,10353,10216,6882,10404,10310,7088,10458,10411,7297,10516,10517,7510,10576,10628,7725,10639,
10744,7941,10704,10864,8158,10773,10990,8375,10843,11120,8592,10916,11255,8808,10992,11393,9023,11069,11536,9237,11148,11683,9448,11230,11833,9658,11313,11987,9866,11397,12144,10071,11484,
9880,4674,10178,9888,4698,10182,9896,4726,10187,9908,4765,10194,9925,4817,10204,9945,4883,10216,9971,4962,10230,10001,5056,10248,10036,5162,10268,10077,5282,10291,10123,5415,10318,
10174,5559,10347,10231,5715,10380,10294,5881,10416,10362,6056,10454,10435,6239,10496,10514,6429,10541,10598,6626,10589,10688,6827,10640,10783,7033,10694,10883,7243,10750,10988,7455,10810,
11098,7670,10872,11212,7885,10936,11332,8101,11003,11456,8318,11072,11584,8534,11143,11716,8749,11217,11853,8964,11292,11993,9177,11370,12137,9388,11449,12285,9598,11530,12436,9805,11612,
10307,4502,10389,10314,4525,10393,10322,4551,10397,10333,4588,10404,10349,4637,10412,10368,4699,10423,10392,4775,10437,10420,4863,10453,10454,4965,10472,10492,5079,10494,10535,5206,10519,
10583,5344,10546,10636,5494,10577,10695,5653,10610,10759,5822,10646,10828,6000,10685,10902,6185,10727,10982,6376,10772,11067,6574,10820,11156,6776,10871,11251,6982,10924,11351,7191,10980,
11455,7403,11038,11564,7616,11099,11678,7831,11162,11796,8047,11228,11918,8262,11296,12045,8478,11365,12175,8692,11437,12310,8906,11511,12448,9119,11587,12589,9330,11664,12734,9539,11743,
10731,4334,10594,10738,4356,10598,10745,4380,10602,10756,4415,10608,10770,4462,10617,10789,4521,10627,10811,4592,10640,10838,4676,10655,10869,4773,10672,10905,4882,10693,10945,5003,10716,
10990,5136,10741,11041,5279,10770,11096,5433,10801,11156,5596,10835,11221,5768,10872,11292,5948,10911,11367,6134,10953,11447,6327,10998,11532,6524,11046,11622,6727,11096,11716,6932,11149,
11816,7141,11204,11919,7352,11261,12028,7565,11321,12140,7779,11383,12257,7994,11448,12378,8208,11514,12503,8423,11583,12631,8637,11653,12764,8850,11725,12900,9062,11799,13039,9272,11874,
11153,4169,10796,11159,4190,10799,11166,4213,10803,11176,4247,10809,11189,4291,10816,11206,4347,10826,11227,4415,10838,11253,4495,10852,11282,4587,10869,11316,4691,10888,11354,4807,10909,
11397,4934,10933,11444,5072,10960,11496,5220,10989,11553,5377,11021,11615,5543,11055,11681,5717,11093,11752,5899,11132,11828,6086,11175,11909,6279,11219,11994,6477,11267,12084,6679,11316,
12178,6885,11369,12277,7093,11423,12380,7304,11480,12488,7516,11539,12599,7729,11600,12715,7942,11663,12834,8156,11728,12957,8370,11795,13084,8583,11864,13215,8795,11935,13349,9006,12007,
11571,4008,10993,11577,4028,10996,11584,4050,11000,11593,4082,11005,11606,4124,11012,11622,4177,11021,11642,4241,11032,11665,4317,11046,11693,4405,11061,11725,4505,11079,11761,4615,11099,
11801,4737,11121,11846,4870,11147,11895,5012,11174,11949,5164,11204,12008,5325,11236,12070,5493,11271,12138,5669,11309,12210,5852,11349,12287,6040,11391,12368,6234,11436,12453,6432,11483,
12543,6634,11532,12637,6839,11584,12735,7047,11638,12838,7256,11694,12945,7468,11752,13055,7680,11812,13169,7892,11874,13288,8105,11938,13409,8318,12004,13535,8530,12071,13664,8742,12140,
11987,3850,11186,11993,3869,11189,11999,3890,11192,12008,3920,11197,12020,3960,11204,12035,4010,11212,12054,4072,11223,12076,4144,11235,12102,4228,11250,12132,4323,11266,12166,4429,11285,
12204,4546,11307,12247,4673,11330,12294,4810,11356,12345,4957,11384,12400,5112,11415,12460,5275,11448,12524,5446,11483,12592,5624,11521,12665,5807,11561,12742,5997,11603,12823,6190,11648,
12909,6389,11694,12999,6590,11743,13093,6795,11795,13191,7002,11848,13293,7211,11903,13398,7421,11960,13508,7632,12020,13621,7844,12081,13738,8056,12143,13859,8268,12208,13982,8479,12274,
12400,3695,11375,12405,3713,11377,12411,3733,11381,12420,3761,11385,12431,3799,11392,12446,3847,11400,12463,3906,11409,12484,3975,11421,12509,4055,11435,12538,4146,11451,12570,4248,11468,
12606,4360,11488,12646,4482,11511,12691,4614,11535,12739,4755,11562,12792,4905,11590,12848,5063,11622,12909,5228,11655,12974,5401,11691,13044,5580,11728,13117,5765,11769,13195,5954,11811,
13276,6149,11855,13362,6347,11902,13452,6548,11950,13545,6752,12001,13643,6958,12054,13744,7166,12108,13849,7375,12165,13958,7586,12223,14070,7797,12283,14186,8008,12345,14305,8218,12408,
12811,3543,11560,12816,3559,11562,12821,3578,11566,12829,3606,11570,12840,3642,11576,12854,3688,11583,12871,3743,11593,12891,3809,11604,12914,3886,11617,12941,3973,11631,12972,4070,11648,
13006,4178,11667,13044,4295,11688,13086,4422,11711,13132,4558,11736,13182,4703,11763,13236,4856,11793,13294,5016,11825,13356,5184,11858,13422,5358,11894,13492,5538,11932,13567,5724,11972,
13645,5914,12015,13726,6108,12059,13812,6306,12105,13902,6507,12153,13995,6710,12204,14092,6915,12256,14193,7123,12310,14297,7331,12365,14405,7540,12423,14517,7750,12482,14631,7960,12543,
13219,3392,11741,13224,3408,11744,13229,3426,11747,13237,3452,11751,13247,3487,11757,13260,3531,11764,13276,3584,11772,13295,3647,11783,13317,3720,11795,13343,3803,11809,13372,3897,11825,
13405,4000,11843,13441,4113,11862,13481,4235,11884,13525,4366,11908,13572,4506,11934,13624,4654,11962,13679,4810,11992,13738,4973,12024,13801,5142,12058,13868,5317,12094,13939,5498,12132,
14013,5684,12172,14092,5874,12215,14174,6069,12259,14260,6266,12305,14349,6466,12352,14442,6669,12402,14539,6874,12454,14639,7080,12507,14743,7288,12562,14850,7496,12619,14960,7705,12677,
13625,3244,11920,13629,3259,11922,13634,3277,11925,13642,3301,11929,13651,3334,11934,13664,3376,11941,13679,3427,11949,13697,3487,11959,13718,3557,11970,13743,3637,11984,13770,3727,11999,
13801,3826,12015,13836,3934,12034,13874,4052,12055,13916,4179,12077,13961,4314,12102,14010,4457,12128,14063,4608,12157,14120,4766,12187,14180,4931,12220,14244,5101,12254,14311,5278,12290,
14383,5460,12329,14458,5646,12369,14536,5836,12411,14619,6030,12455,14704,6227,12500,14794,6427,12548,14887,6629,12597,14983,6833,12648,15083,7039,12701,15186,7245,12755,15292,7453,12811,
14028,3098,12095,14033,3113,12097,14037,3129,12099,14044,3153,12103,14054,3184,12108,14065,3224,12115,14080,3273,12122,14097,3331,12132,14117,3398,12143,14141,3474,12155,14167,3560,12169,
14197,3655,12185,14230,3760,12203,14266,3873,12223,14306,3995,12244,14349,4126,12268,14396,4264,12293,14446,4411,12320,14500,4564,12349,14558,4724,12380,14619,4890,12412,14684,5063,12447,
14752,5240,12483,14824,5422,12522,14899,5609,12562,14978,5799,12604,15061,5993,12647,15147,6190,12693,15236,6389,12740,15328,6590,12789,15424,6794,12839,15523,6998,12891,15626,7204,12945,
14430,2954,12266,14434,2968,12269,14438,2983,12271,14445,3006,12275,14454,3036,12279,14465,3074,12285,14479,3121,12293,14495,3176,12302,14514,3241,12312,14537,3314,12324,14562,3397,12337,
14590,3488,12353,14622,3589,12370,14656,3698,12388,14695,3816,12409,14736,3942,12431,14781,4076,12455,14829,4218,12480,14881,4367,12508,14936,4522,12537,14994,4684,12569,15056,4852,12602,
15122,5025,12636,15191,5203,12673,15263,5386,12711,15339,5572,12751,15418,5763,12793,15500,5956,12837,15586,6153,12882,15675,6351,12929,15768,6552,12977,15863,6755,13027,15962,6958,13079,
1239,10661,4826,1315,10674,4877,1399,10686,4932,1514,10704,5008,1659,10731,5104,1831,10766,5217,2025,10812,5345,2238,10866,5485,2467,10930,5635,2708,11002,5793,2958,11081,5956,
3215,11167,6123,3477,11258,6293,3744,11354,6466,4013,11454,6639,4285,11557,6813,4557,11662,6987,4831,11770,7161,5105,11879,7335,5378,11990,7507,5652,12101,7679,5925,12214,7849,
6197,12328,8019,6469,12442,8187,6740,12556,8354,7010,12671,8519,7279,12785,8683,7546,12900,8845,7813,13015,9006,8079,13130,9166,8344,13245,9324,8607,13359,9480,8870,13474,9635,
1487,10366,4988,1556,10387,5033,1631,10411,5083,1734,10444,5151,1865,10488,5237,2022,10541,5341,2202,10605,5459,2401,10677,5589,2616,10757,5730,2844,10844,5879,3082,10938,6035,
3329,11036,6195,3582,11138,6359,3840,11243,6525,4102,11352,6694,4367,11463,6863,4633,11575,7033,4901,11689,7204,5170,11804,7374,5440,11920,7543,5709,12036,7713,5979,12153,7881,
6248,12270,8048,6517,12387,8214,6785,12505,8379,7052,12622,8543,7319,12740,8705,7585,12857,8866,7849,12974,9026,8114,13091,9184,8377,13207,9341,8639,13324,9497,8900,13440,9651,
1737,10079,5150,1798,10109,5191,1865,10142,5235,1958,10187,5296,2077,10245,5375,2221,10314,5469,2387,10393,5578,2572,10481,5699,2774,10577,5831,2990,10678,5972,3217,10784,6119,
3453,10895,6272,3696,11008,6430,3946,11123,6591,4200,11241,6754,4457,11360,6918,4718,11479,7084,4980,11600,7251,5243,11721,7417,5508,11842,7584,5773,11963,7750,6039,12085,7916,
6304,12206,8081,6570,12327,8245,6835,12448,8408,7100,12568,8569,7364,12688,8730,7627,12808,8890,7890,12928,9048,8152,13047,9205,8413,13165,9361,8674,13284,9515,8933,13402,9668,
2052,9735,5354,2105,9773,5389,2164,9814,5428,2246,9871,5482,2352,9942,5551,2481,10027,5636,2631,10123,5734,2800,10228,5844,2986,10341,5966,3187,10459,6096,3399,10581,6234,
3622,10705,6378,3853,10832,6527,4091,10960,6680,4335,11089,6837,4583,11218,6995,4835,11347,7155,5089,11477,7316,5346,11605,7478,5604,11734,7640,5864,11862,7803,6124,11989,7965,
6384,12116,8126,6645,12242,8287,6906,12367,8448,7167,12492,8607,7428,12616,8765,7688,12740,8923,7948,12862,9079,8207,12985,9234,8466,13106,9388,8724,13227,9541,8981,13347,9693,
2417,9358,5589,2463,9402,5619,2514,9450,5652,2586,9516,5699,2679,9599,5760,2793,9698,5834,2927,9809,5922,3079,9930,6021,3248,10059,6131,3432,10193,6250,3628,10331,6377,
3836,10472,6511,4053,10613,6651,4278,10755,6795,4509,10897,6943,4746,11038,7093,4987,11179,7246,5232,11318,7401,5480,11457,7557,5730,11594,7714,5982,11730,7871,6235,11864,8029,
6489,11998,8186,6745,12130,8344,7000,12262,8500,7256,12392,8657,7513,12521,8812,7769,12649,8967,8025,12776,9120,8280,12902,9273,8536,13028,9425,8791,13152,9576,9045,13276,9726,
2818,8971,5844,2857,9020,5870,2901,9072,5899,2963,9144,5939,3044,9236,5992,3145,9344,6057,3263,9467,6134,3399,9602,6222,3551,9745,6321,3718,9894,6429,3898,10047,6545,
4090,10202,6668,4291,10358,6797,4501,10515,6931,4719,10670,7070,4943,10824,7212,5172,10976,7357,5406,11127,7505,5644,11276,7654,5885,11423,7805,6128,11568,7956,6373,11712,8108,
6620,11853,8261,6868,11993,8413,7118,12131,8566,7368,12268,8718,7619,12403,8870,7870,12536,9021,8121,12669,9172,8372,12800,9322,8623,12929,9471,8874,13058,9619,9125,13186,9767,
3242,8591,6112,3276,8641,6134,3314,8696,6159,3367,8772,6194,3438,8868,6240,3526,8983,6297,3631,9114,6364,3752,9258,6442,3888,9412,6530,4039,9573,6627,4202,9738,6732,
4378,9907,6845,4564,10076,6963,4759,10245,7088,4962,10413,7217,5173,10580,7350,5389,10745,7486,5611,10907,7626,5837,11067,7768,6068,11224,7911,6301,11379,8056,6537,11532,8202,
6776,11682,8349,7016,11830,8496,7258,11976,8644,7502,12120,8792,7746,12262,8940,7991,12402,9087,8237,12540,9234,8483,12676,9381,8729,12811,9527,8976,12945,9672,9223,13077,9817,
3680,8226,6387,3709,8276,6406,3742,8332,6427,3789,8409,6457,3851,8507,6497,3928,8625,6547,4021,8760,6606,4128,8910,6675,4250,9071,6753,4386,9240,6840,4534,9415,6935,
4694,9594,7037,4865,9774,7146,5045,9955,7260,5234,10134,7379,5431,10313,7503,5634,10489,7631,5844,10662,7762,6058,10833,7896,6277,11001,8032,6500,11166,8170,6727,11328,8310,
6956,11487,8451,7188,11644,8592,7422,11798,8735,7658,11950,8877,7895,12099,9020,8133,12246,9163,8373,12390,9306,8613,12533,9449,8854,12674,9591,9095,12813,9733,9337,12950,9875,
4126,7879,6663,4152,7929,6680,4181,7984,6698,4222,8060,6725,4276,8158,6759,4345,8276,6803,4426,8413,6855,4522,8565,6917,4631,8729,6986,4754,8904,7064,4888,9085,7149,
5034,9271,7242,5190,9460,7341,5356,9650,7446,5531,9839,7556,5714,10028,7670,5904,10214,7789,6101,10398,7912,6304,10579,8038,6511,10757,8166,6723,10931,8297,6940,11103,8430,
7159,11271,8564,7382,11437,8700,7607,11599,8836,7835,11759,8974,8064,11916,9112,8295,12070,9250,8528,12221,9388,8762,12371,9527,8997,12518,9665,9232,12663,9804,9469,12805,9942,
4578,7554,6940,4600,7602,6954,4626,7655,6970,4662,7729,6993,4710,7825,7024,4771,7942,7062,4843,8077,7109,4929,8229,7163,5027,8394,7225,5137,8570,7295,5259,8755,7372,
5391,8946,7455,5534,9140,7545,5687,9337,7641,5849,9534,7742,6019,9730,7849,6196,9925,7959,6381,10118,8073,6571,10308,8191,6767,10495,8312,6968,10679,8436,7174,10860,8561,
7384,11037,8689,7597,11211,8818,7813,11382,8949,8032,11549,9080,8253,11714,9213,8477,11875,9346,8702,12034,9480,8929,12190,9614,9157,12344,9748,9387,12495,9882,9617,12644,10017,
5031,7248,7214,5051,7294,7226,5074,7345,7241,5106,7417,7261,5149,7509,7288,5203,7623,7322,5268,7755,7363,5344,7904,7412,5433,8068,7467,5532,8244,7530,5643,8430,7599,
5763,8622,7675,5894,8820,7757,6035,9021,7845,6184,9223,7938,6342,9426,8035,6507,9628,8138,6679,9828,8244,6858,10026,8354,7043,10221,8467,7233,10413,8584,7428,10601,8702,
7627,10787,8823,7831,10969,8946,8038,11148,9071,8248,11323,9196,8461,11495,9323,8676,11664,9451,8894,11830,9580,9113,11993,9709,9335,12153,9839,9558,12311,9969,9782,12466,10099,
5485,6961,7484,5503,7005,7496,5523,7054,7508,5552,7122,7526,5590,7211,7550,5638,7320,7581,5697,7448,7617,5766,7593,7661,5846,7754,7711,5936,7928,7767,6036,8112,7830,
6146,8304,7898,6266,8503,7973,6396,8706,8053,6534,8912,8139,6680,9118,8229,6833,9325,8323,6994,9531,8422,7162,9735,8525,7336,9937,8631,7515,10136,8740,7700,10332,8852,
7889,10524,8966,8083,10714,9082,8280,10900,9201,8481,11083,9321,8685,11262,9442,8893,11438,9565,9102,11611,9688,9314,11781,9813,9529,11948,9938,9745,12112,10063,9962,12273,10189,
5938,6691,7751,5954,6732,7761,5972,6778,7772,5998,6843,7788,6032,6928,7810,6076,7032,7837,6128,7156,7870,6191,7296,7909,6263,7452,7954,6345,7622,8005,6437,7804,8061,
6538,7994,8124,6648,8192,8192,6767,8395,8265,6894,8602,8344,7030,8811,8427,7173,9021,8514,7323,9231,8606,7480,9439,8702,7643,9646,8801,7812,9851,8903,7987,10053,9008,
8166,10253,9116,8350,10449,9226,8539,10642,9338,8731,10831,9453,8926,11017,9568,9125,11200,9685,9327,11380,9804,9531,11556,9923,9738,11729,10044,9947,11900,10165,10158,12067,10286,
6389,6436,8013,6403,6475,8022,6420,6519,8032,6443,6580,8046,6474,6660,8066,6513,6760,8090,6561,6878,8120,6618,7013,8155,6684,7164,8195,6759,7329,8242,6843,7506,8293,
6935,7693,8350,7037,7889,8412,7146,8090,8480,7264,8297,8552,7390,8506,8628,7523,8718,8709,7663,8930,8794,7810,9142,8883,7964,9353,8976,8123,9562,9072,8288,9769,9170,
8458,9974,9272,8632,10175,9376,8811,10374,9482,8995,10570,9591,9182,10762,9701,9372,10951,9813,9566,11137,9926,9763,11320,10040,9962,11499,10156,10164,11675,10272,10368,11849,10389,
6838,6195,8269,6851,6231,8278,6866,6272,8287,6887,6330,8300,6915,6406,8317,6951,6501,8339,6995,6613,8366,7046,6742,8398,7107,6888,8435,7175,7047,8477,7252,7219,8524,
7337,7402,8576,7431,7594,8633,7532,7793,8694,7641,7998,8761,7758,8206,8832,7882,8418,8907,8013,8631,8986,8151,8845,9068,8295,9058,9155,8445,9271,9244,8600,9482,9337,
8761,9690,9433,8927,9897,9531,9097,10100,9631,9272,10301,9734,9450,10499,9839,9633,10694,9945,9818,10885,10053,10007,11074,10163,10199,11259,10274,10394,11441,10385,10591,11620,10498,
7284,5965,8521,7296,5999,8528,7309,6038,8537,7329,6093,8548,7355,6165,8564,7387,6254,8584,7427,6361,8608,7475,6484,8637,7530,6624,8671,7593,6777,8709,7664,6944,8752,
7742,7121,8800,7829,7309,8852,7923,7504,8909,8024,7706,8970,8133,7912,9036,8249,8123,9105,8371,8336,9179,8500,8550,9256,8635,8765,9336,8776,8979,9420,8923,9193,9507,
9075,9405,9597,9232,9615,9690,9394,9822,9785,9560,10028,9882,9731,10230,9982,9905,10430,10083,10083,10626,10186,10264,10820,10290,10449,11010,10396,10636,11198,10504,10826,11382,10612,
7727,5746,8767,7738,5778,8774,7751,5815,8781,7768,5866,8792,7792,5934,8806,7822,6019,8825,7859,6120,8847,7903,6238,8873,7954,6371,8904,8012,6518,8939,8077,6679,8979,
8150,6851,9022,8230,7033,9070,8317,7224,9123,8411,7422,9179,8513,7625,9240,8621,7834,9304,8735,8045,9373,8856,8259,9445,8983,8474,9520,9116,8689,9598,9255,8904,9680,
9399,9118,9765,9548,9331,9852,9701,9542,9942,9859,9750,10034,10022,9957,10128,10189,10160,10224,10359,10361,10323,10533,10559,10422,10710,10755,10524,10890,10947,10626,11073,11136,10730,
8168,5536,9008,8178,5566,9014,8189,5601,9021,8206,5649,9031,8227,5713,9044,8255,5793,9061,8289,5889,9081,8329,6001,9105,8376,6128,9133,8430,6270,9166,8491,6424,9202,
8558,6590,9242,8633,6767,9287,8714,6952,9335,8802,7146,9387,8896,7346,9443,8997,7551,9503,9105,7760,9567,9218,7972,9634,9338,8186,9704,9463,8402,9778,9594,8617,9855,
9730,8832,9934,9871,9047,10016,10017,9260,10101,10168,9471,10188,10323,9681,10278,10482,9888,10369,10645,10092,10463,10811,10295,10558,10981,10494,10655,11154,10690,10753,11331,10884,10853,
8605,5334,9244,8615,5363,9249,8625,5395,9256,8640,5441,9265,8661,5501,9277,8686,5577,9292,8718,5668,9311,8755,5775,9333,8798,5896,9359,8848,6031,9388,8905,6179,9422,
8967,6339,9459,9037,6510,9500,9112,6690,9545,9194,6879,9594,9283,7074,9646,9377,7276,9702,9478,7482,9761,9585,7692,9823,9698,7904,9889,9816,8118,9958,9939,8333,10030,
10068,8549,10105,10202,8764,10183,10341,8979,10263,10484,9192,10345,10632,9403,10430,10784,9613,10517,10939,9821,10606,11099,10026,10697,11262,10229,10789,11428,10429,10883,11598,10627,10978,
9040,5139,9474,9049,5166,9479,9058,5197,9485,9072,5240,9493,9091,5297,9504,9115,5369,9519,9144,5455,9536,9179,5556,9556,9219,5672,9580,9266,5801,9608,9318,5943,9639,
9377,6097,9673,9441,6262,9711,9512,6436,9753,9589,6620,9798,9672,6811,9846,9760,7008,9898,9855,7210,9954,9956,7417,10012,10062,7627,10074,10173,7839,10139,10290,8053,10206,
10412,8268,10277,10539,8484,10350,10671,8699,10426,10807,8913,10504,10948,9126,10584,11093,9338,10667,11242,9548,10751,11395,9756,10838,11551,9961,10926,11711,10165,11016,11874,10366,11107,
9472,4951,9700,9480,4976,9704,9489,5005,9710,9502,5046,9717,9519,5100,9728,9541,5168,9741,9568,5250,9756,9601,5346,9776,9639,5456,9798,9682,5579,9823,9731,5715,9852,
9785,5863,9884,9846,6022,9919,9912,6191,9958,9984,6369,10000,10062,6555,10045,10146,6747,10094,10235,6945,10145,10329,7149,10200,10430,7356,10258,10535,7566,10319,10646,7778,10383,
10761,7992,10449,10882,8206,10518,11007,8421,10590,11137,8636,10664,11271,8850,10740,11409,9063,10818,11552,9274,10899,11698,9484,10981,11848,9692,11065,12001,9898,11151,12158,10102,11238,
9900,4768,9920,9908,4792,9924,9916,4820,9929,9928,4858,9936,9945,4909,9946,9965,4973,9958,9991,5051,9973,10021,5143,9990,10056,5247,10011,10097,5365,10035,10143,5495,10061,
10194,5638,10091,10250,5790,10124,10313,5954,10160,10380,6126,10199,10454,6306,10242,10532,6494,10287,10616,6688,10335,10706,6887,10387,10800,7090,10441,10900,7297,10498,11005,7507,10558,
11115,7719,10621,11229,7932,10686,11348,8147,10754,11472,8361,10824,11600,8575,10896,11732,8789,10971,11868,9001,11047,12008,9212,11126,12152,9422,11206,12299,9630,11288,12450,9836,11372,
10326,4591,10136,10333,4614,10140,10341,4639,10144,10352,4676,10151,10368,4724,10160,10387,4785,10171,10411,4859,10185,10439,4946,10201,10472,5046,10220,10510,5158,10242,10553,5283,10267,
10601,5419,10295,10654,5566,10326,10713,5724,10359,10777,5890,10396,10846,6065,10436,10920,6248,10478,10999,6437,10524,11084,6632,10572,11173,6831,10623,11268,7035,10677,11367,7242,10733,
11471,7452,10793,11580,7663,10854,11693,7876,10918,11811,8089,10985,11933,8303,11053,12060,8516,11124,12190,8729,11197,12324,8942,11272,12462,9153,11348,12603,9362,11427,12748,9570,11507,
10749,4418,10347,10756,4439,10351,10763,4464,10355,10774,4498,10361,10788,4544,10369,10806,4602,10380,10828,4672,10393,10855,4755,10408,10886,4850,10426,10922,4958,10446,10962,5077,10469,
11008,5208,10495,11058,5349,10524,11113,5501,10556,11173,5662,10590,11238,5831,10627,11308,6009,10667,11383,6193,10710,11463,6383,10755,11548,6579,10803,11637,6779,10854,11732,6982,10907,
11831,7189,10963,11934,7398,11022,12042,7609,11082,12155,7821,11145,12271,8034,11210,12392,8247,11278,12516,8460,11347,12645,8672,11418,12777,8884,11491,12913,9094,11566,13052,9303,11643,
11169,4249,10553,11176,4269,10557,11182,4292,10561,11193,4325,10567,11206,4369,10574,11223,4424,10584,11244,4491,10596,11269,4569,10610,11298,4660,10627,11332,4763,10646,11370,4877,10668,
11413,5002,10692,11460,5138,10719,11512,5285,10749,11569,5440,10781,11630,5604,10816,11697,5776,10854,11768,5955,10894,11843,6141,10937,11924,6332,10982,12009,6528,11030,12099,6728,11080,
12193,6932,11133,12291,7138,11188,12394,7347,11246,12502,7557,11306,12613,7768,11367,12728,7980,11431,12847,8193,11498,12970,8405,11565,13097,8616,11635,13228,8827,11707,13361,9037,11780,
11587,4084,10756,11593,4103,10759,11599,4125,10763,11609,4156,10768,11621,4197,10775,11638,4250,10785,11657,4313,10796,11681,4389,10809,11708,4475,10825,11740,4573,10843,11776,4683,10863,
11817,4803,10886,11861,4934,10911,11910,5074,10939,11964,5225,10969,12022,5383,11002,12085,5550,11038,12153,5724,11076,12224,5905,11116,12301,6092,11159,12382,6284,11204,12467,6480,11252,
12557,6680,11302,12651,6883,11354,12749,7089,11409,12851,7297,11465,12958,7507,11524,13068,7717,11585,13182,7929,11648,13300,8140,11713,13422,8351,11780,13547,8562,11848,13675,8773,11918,
12002,3922,10954,12007,3940,10957,12014,3961,10961,12022,3991,10966,12034,4030,10972,12050,4080,10981,12068,4141,10992,12091,4212,11004,12117,4295,11019,12147,4389,11036,12181,4494,11055,
12219,4609,11076,12261,4735,11100,12308,4870,11126,12359,5015,11155,12414,5169,11186,12474,5330,11219,12538,5499,11255,12606,5675,11293,12679,5857,11334,12755,6045,11376,12837,6237,11422,
12922,6434,11469,13012,6633,11519,13106,6836,11571,13203,7042,11624,13305,7249,11680,13411,7458,11739,13520,7668,11798,13633,7878,11860,13750,8089,11924,13870,8299,11990,13994,8510,12057,
12414,3763,11148,12419,3781,11151,12425,3800,11155,12434,3829,11159,12445,3866,11166,12459,3914,11174,12477,3971,11184,12498,4040,11195,12523,4119,11209,12551,4209,11225,12584,4309,11243,
12620,4420,11263,12660,4541,11286,12704,4671,11311,12752,4811,11338,12805,4960,11367,12862,5116,11398,12922,5280,11432,12987,5451,11468,13057,5629,11506,13130,5812,11547,13207,6000,11590,
13289,6192,11635,13374,6389,11682,13464,6589,11731,13558,6791,11783,13655,6996,11836,13756,7203,11891,13861,7411,11949,13970,7620,12008,14082,7829,12069,14197,8039,12131,14316,8249,12195,
12824,3607,11339,12829,3624,11342,12835,3643,11345,12843,3670,11349,12853,3705,11355,12867,3751,11363,12884,3806,11372,12904,3871,11383,12927,3947,11396,12954,4033,11411,12985,4129,11428,
13019,4236,11447,13057,4352,11469,13099,4478,11492,13145,4612,11517,13195,4756,11545,13249,4907,11575,13307,5067,11607,13369,5233,11641,13435,5406,11677,13505,5584,11716,13579,5768,11757,
13657,5957,11799,13738,6149,11844,13824,6346,11891,13913,6545,11940,14007,6747,11991,14104,6951,12043,14204,7157,12098,14309,7365,12155,14416,7573,12213,14527,7781,12273,14642,7990,12334,
13232,3454,11526,13236,3470,11528,13242,3488,11531,13249,3513,11535,13259,3548,11541,13272,3591,11548,13288,3644,11557,13307,3706,11568,13330,3778,11580,13355,3861,11594,13384,3953,11610,
13417,4055,11628,13453,4167,11648,13493,4288,11670,13537,4418,11694,13584,4557,11721,13636,4704,11749,13691,4858,11779,13750,5020,11812,13813,5188,11846,13880,5362,11883,13950,5541,11921,
14025,5726,11962,14103,5915,12005,14185,6108,12049,14271,6304,12096,14360,6503,12144,14453,6705,12195,14550,6908,12247,14650,7113,12301,14753,7320,12357,14860,7527,12414,14970,7735,12473,
13637,3303,11709,13641,3318,11712,13646,3335,11714,13654,3360,11718,13663,3392,11724,13676,3434,11730,13691,3484,11739,13709,3544,11749,13730,3613,11760,13754,3692,11774,13782,3781,11789,
13813,3879,11806,13848,3987,11825,13886,4104,11846,13928,4229,11869,13973,4363,11894,14022,4505,11921,14074,4655,11949,14131,4812,11980,14191,4975,12013,14255,5145,12048,14322,5320,12084,
14394,5500,12123,14468,5685,12164,14547,5875,12206,14629,6067,12251,14715,6263,12297,14804,6462,12345,14897,6663,12395,14993,6866,12447,15093,7070,12500,15196,7276,12555,15302,7482,12612,
14040,3154,11889,14044,3169,11891,14049,3185,11894,14056,3208,11898,14065,3240,11903,14077,3279,11909,14091,3327,11917,14108,3385,11927,14129,3451,11938,14152,3527,11951,14178,3612,11965,
14208,3707,11981,14241,3810,11999,14277,3923,12019,14317,4044,12041,14360,4174,12064,14407,4311,12090,14457,4456,12117,14511,4608,12146,14569,4767,12178,14630,4932,12211,14694,5103,12246,
14763,5280,12283,14834,5461,12321,14910,5646,12362,14989,5835,12405,15071,6028,12449,15157,6224,12495,15246,6422,12543,15338,6622,12592,15434,6825,12643,15533,7028,12696,15635,7233,12750,
14441,3007,12066,14445,3021,12068,14449,3037,12071,14456,3059,12074,14465,3089,12079,14476,3127,12085,14490,3173,12093,14506,3228,12102,14525,3292,12112,14547,3365,12124,14573,3447,12138,
14601,3538,12153,14632,3637,12171,14667,3746,12189,14705,3863,12210,14746,3988,12232,14791,4121,12257,14839,4262,12283,14891,4410,12311,14946,4564,12340,15004,4725,12372,15066,4892,12405,
15132,5064,12441,15201,5241,12478,15273,5422,12516,15349,5608,12557,15428,5797,12599,15510,5990,12643,15596,6185,12689,15685,6383,12737,15777,6583,12786,15872,6784,12836,15971,6987,12889,
1461,10806,4631,1530,10815,4677,1606,10826,4727,1710,10842,4796,1843,10865,4884,2001,10897,4988,2182,10936,5108,2383,10985,5240,2599,11043,5382,2829,11108,5532,3068,11181,5689,
3316,11260,5851,3570,11345,6016,3830,11435,6184,4092,11530,6354,4358,11628,6524,4625,11728,6696,4894,11832,6868,5163,11937,7039,5433,12045,7211,5703,12153,7381,5973,12263,7551,
6242,12374,7720,6511,12485,7888,6780,12597,8054,7047,12710,8220,7314,12822,8384,7580,12935,8547,7845,13049,8709,8110,13162,8869,8373,13275,9028,8635,13388,9185,8896,13501,9341,
1686,10537,4778,1748,10554,4819,1817,10574,4864,1912,10602,4927,2033,10640,5007,2180,10686,5104,2348,10741,5215,2536,10805,5338,2741,10877,5472,2959,10956,5615,3188,11042,5765,
3426,11133,5920,3672,11228,6080,3923,11327,6242,4179,11430,6407,4438,11535,6574,4700,11643,6742,4963,11752,6910,5228,11863,7078,5493,11975,7247,5760,12088,7415,6026,12202,7582,
6292,12316,7749,6558,12431,7915,6824,12546,8080,7090,12662,8244,7354,12777,8407,7618,12892,8568,7881,13008,8728,8144,13123,8888,8406,13238,9045,8666,13353,9202,8926,13468,9357,
1915,10272,4927,1971,10297,4964,2033,10324,5005,2120,10362,5062,2231,10411,5136,2366,10471,5224,2523,10540,5328,2699,10618,5443,2892,10704,5569,3099,10796,5705,3318,10893,5847,
3547,10995,5996,3783,11101,6149,4026,11210,6306,4274,11321,6466,4527,11434,6629,4782,11549,6792,5040,11665,6957,5300,11781,7122,5561,11899,7287,5823,12016,7452,6085,12134,7617,
6348,12253,7782,6611,12371,7946,6874,12490,8109,7137,12608,8271,7399,12726,8432,7661,12844,8592,7922,12962,8751,8182,13079,8909,8442,13196,9065,8701,13313,9221,8960,13430,9375,
2207,9947,5116,2257,9978,5149,2313,10013,5186,2390,10062,5236,2490,10123,5302,2612,10197,5383,2755,10281,5476,2917,10375,5582,3096,10476,5699,3289,10583,5825,3495,10695,5959,
3711,10811,6099,3936,10929,6245,4168,11050,6395,4407,11172,6548,4650,11295,6704,4898,11419,6863,5148,11543,7022,5401,11667,7183,5656,11792,7344,5912,11916,7505,6169,12040,7667,
6427,12163,7828,6686,12287,7989,6945,12410,8149,7204,12532,8309,7463,12654,8468,7721,12776,8625,7979,12897,8783,8237,13017,8939,8494,13137,9094,8751,13257,9247,9007,13376,9400,
2552,9583,5338,2596,9621,5367,2644,9662,5399,2712,9719,5443,2801,9791,5502,2910,9877,5573,3038,9976,5657,3185,10085,5753,3348,10201,5859,3526,10324,5975,3717,10451,6099,
3919,10582,6229,4131,10714,6366,4351,10848,6508,4577,10983,6653,4810,11118,6802,5047,11252,6953,5288,11386,7107,5533,11520,7262,5780,11653,7418,6029,11785,7574,6280,11916,7731,
6532,12047,7888,6785,12176,8045,7038,12305,8202,7292,12433,8359,7547,12560,8515,7801,12686,8670,8056,12811,8824,8310,12935,8978,8564,13059,9131,8818,13182,9283,9071,13304,9434,
2934,9204,5583,2972,9245,5608,3014,9291,5635,3074,9354,5674,3152,9435,5725,3248,9531,5788,3363,9642,5863,3495,9763,5948,3642,9893,6044,3804,10030,6149,3980,10172,6263,
4167,10317,6383,4364,10464,6510,4570,10611,6643,4784,10759,6780,5004,10906,6920,5230,11052,7064,5460,11197,7210,5695,11341,7358,5933,11484,7508,6173,11625,7659,6416,11765,7811,
6661,11903,7963,6907,12040,8116,7155,12175,8269,7403,12309,8421,7652,12442,8574,7901,12573,8725,8151,12704,8877,8401,12833,9028,8651,12961,9178,8901,13088,9327,9151,13214,9476,
3342,8824,5842,3375,8868,5863,3412,8917,5887,3464,8984,5921,3532,9070,5966,3617,9173,6021,3719,9292,6087,3837,9423,6163,3970,9564,6249,4117,9713,6344,4277,9867,6447,
4449,10025,6558,4631,10184,6675,4823,10345,6797,5023,10505,6925,5230,10665,7057,5443,10823,7192,5663,10979,7331,5886,11134,7472,6114,11287,7615,6345,11438,7760,6579,11586,7905,
6816,11733,8052,7054,11878,8200,7294,12021,8348,7536,12162,8496,7779,12302,8644,8022,12439,8792,8267,12576,8940,8511,12710,9087,8757,12844,9234,9002,12976,9381,9248,13106,9527,
3767,8455,6110,3796,8500,6128,3828,8550,6149,3873,8619,6179,3934,8708,6217,4009,8815,6266,4099,8939,6324,4204,9076,6392,4324,9225,6469,4457,9382,6554,4602,9546,6648,
4759,9714,6748,4927,9885,6856,5104,10057,6969,5291,10229,7087,5485,10399,7210,5685,10569,7337,5892,10736,7468,6105,10902,7601,6321,11065,7737,6542,11226,7874,6767,11384,8014,
6994,11540,8155,7224,11693,8297,7457,11844,8439,7691,11993,8582,7926,12139,8726,8164,12284,8870,8402,12427,9014,8641,12568,9157,8880,12707,9301,9121,12844,9444,9362,12980,9586,
4203,8101,6381,4228,8146,6398,4256,8196,6416,4296,8266,6442,4349,8355,6476,4416,8464,6519,4497,8590,6570,4590,8730,6631,4698,8884,6699,4818,9047,6776,4950,9218,6860,
5093,9394,6952,5247,9573,7050,5411,9754,7154,5584,9935,7263,5764,10116,7377,5952,10296,7496,6147,10473,7618,6348,10649,7743,6553,10822,7872,6764,10992,8002,6978,11160,8135,
7196,11325,8269,7417,11487,8405,7640,11646,8542,7867,11803,8680,8095,11957,8819,8325,12109,8958,8556,12258,9097,8789,12406,9237,9023,12551,9376,9257,12694,9516,9493,12836,9655,
4645,7766,6654,4667,7810,6669,4692,7859,6685,4728,7927,6707,4775,8016,6737,4834,8124,6775,4906,8250,6821,4990,8391,6875,5087,8547,6936,5195,8713,7005,5315,8887,7082,
5446,9069,7165,5587,9254,7254,5738,9442,7349,5898,9631,7450,6066,9820,7556,6241,10008,7666,6424,10195,7780,6613,10380,7898,6807,10562,8018,7007,10741,8142,7211,10918,8268,
7419,11091,8396,7630,11262,8525,7845,11429,8656,8063,11594,8789,8283,11756,8922,8505,11915,9056,8729,12072,9190,8955,12226,9325,9182,12378,9461,9411,12527,9596,9640,12674,9732,
5091,7449,6926,5111,7492,6939,5133,7540,6953,5164,7606,6973,5207,7693,7000,5260,7799,7034,5324,7923,7075,5399,8063,7123,5486,8218,7178,5585,8384,7240,5694,8561,7309,
5813,8744,7384,5943,8933,7466,6081,9126,7553,6229,9321,7646,6385,9516,7743,6549,9712,7845,6720,9906,7952,6897,10098,8062,7080,10288,8175,7269,10476,8291,7463,10660,8410,
7661,10842,8532,7863,11021,8655,8068,11196,8780,8277,11369,8906,8489,11538,9034,8703,11705,9163,8920,11868,9293,9139,12029,9423,9359,12188,9554,9581,12344,9685,9805,12497,9816,
5538,7151,7196,5556,7192,7207,5576,7238,7220,5604,7302,7238,5642,7385,7262,5689,7488,7292,5747,7609,7328,5816,7747,7371,5894,7899,7421,5983,8065,7477,6083,8240,7540,
6192,8425,7608,6311,8615,7683,6439,8811,7762,6575,9009,7848,6720,9209,7938,6873,9410,8032,7032,9609,8131,7199,9808,8234,7371,10005,8340,7549,10200,8450,7733,10391,8562,
7921,10580,8676,8113,10767,8793,8310,10949,8912,8510,11129,9033,8713,11306,9155,8919,11480,9279,9128,11650,9403,9339,11818,9529,9552,11983,9655,9768,12145,9781,9985,12305,9909,
5986,6870,7463,6001,6909,7473,6019,6953,7484,6045,7014,7500,6079,7094,7521,6122,7193,7548,6174,7310,7581,6236,7444,7620,6308,7593,7665,6389,7755,7716,6479,7929,7772,
6579,8112,7835,6689,8302,7903,6807,8499,7976,6933,8699,8054,7067,8901,8138,7209,9105,8225,7359,9309,8317,7514,9513,8413,7677,9715,8512,7845,9916,8615,8018,10114,8720,
8196,10309,8829,8379,10502,8939,8567,10691,9052,8758,10878,9167,8953,11062,9284,9150,11242,9402,9351,11419,9521,9555,11594,9642,9761,11765,9763,9969,11933,9885,10179,12099,10008,
6432,6604,7725,6446,6641,7734,6462,6683,7745,6486,6741,7759,6516,6818,7778,6555,6912,7803,6603,7025,7832,6659,7154,7867,6724,7299,7908,6799,7457,7954,6882,7628,8006,
6974,7808,8062,7074,7997,8125,7183,8192,8192,7300,8392,8264,7425,8596,8341,7557,8802,8422,7696,9009,8508,7843,9215,8597,7995,9422,8690,8153,9627,8786,8317,9830,8885,
8486,10031,8987,8660,10229,9092,8838,10425,9199,9021,10617,9308,9207,10807,9419,9397,10994,9532,9589,11177,9646,9785,11358,9761,9984,11535,9878,10185,11710,9995,10388,11881,10114,
6877,6352,7984,6890,6388,7992,6904,6427,8001,6925,6482,8014,6954,6555,8031,6989,6645,8053,7032,6753,8080,7084,6877,8112,7144,7017,8149,7212,7171,8191,7288,7337,8238,
7373,7514,8290,7465,7699,8347,7566,7892,8409,7675,8091,8476,7791,8295,8547,7914,8501,8622,8044,8709,8701,8181,8918,8784,8324,9127,8871,8473,9335,8961,8628,9542,9055,
8788,9748,9151,8953,9951,9250,9123,10151,9351,9296,10349,9454,9474,10544,9560,9656,10737,9667,9841,10926,9776,10029,11112,9887,10220,11295,9999,10414,11476,10112,10611,11653,10225,
7320,6113,8237,7331,6146,8245,7345,6183,8253,7364,6236,8265,7390,6305,8281,7422,6391,8301,7462,6494,8325,7509,6613,8354,7564,6747,8388,7627,6896,8426,7697,7057,8469,
7775,7229,8517,7861,7411,8570,7954,7601,8627,8055,7797,8688,8163,7999,8754,8278,8205,8823,8400,8413,8897,8528,8623,8975,8663,8833,9056,8803,9044,9140,8949,9253,9228,
9101,9462,9318,9257,9669,9412,9418,9873,9507,9584,10076,9606,9754,10276,9706,9927,10473,9808,10105,10667,9912,10285,10858,10018,10469,11047,10125,10656,11233,10233,10846,11415,10342,
7760,5885,8486,7771,5916,8493,7783,5951,8501,7801,6001,8511,7824,6066,8526,7854,6148,8544,7891,6246,8566,7934,6360,8593,7985,6489,8624,8043,6632,8659,8108,6788,8698,
8180,6955,8742,8259,7132,8791,8346,7318,8843,8440,7511,8900,8541,7710,8961,8648,7914,9026,8762,8121,9095,8883,8331,9167,9009,8542,9243,9142,8753,9322,9280,8964,9404,
9423,9175,9489,9571,9385,9577,9724,9593,9668,9882,9799,9761,10044,10002,9856,10210,10204,9953,10380,10403,10052,10553,10599,10153,10730,10792,10255,10909,10982,10359,11092,11170,10464,
8198,5666,8730,8208,5696,8736,8219,5729,8743,8236,5776,8753,8257,5838,8766,8285,5916,8783,8319,6009,8804,8359,6118,8828,8405,6241,8856,8459,6378,8889,8519,6528,8925,
8586,6690,8966,8660,6863,9010,8741,7044,9059,8828,7233,9111,8923,7429,9168,9023,7630,9228,9130,7835,9292,9243,8043,9360,9362,8253,9431,9487,8465,9505,9617,8677,9582,
9753,8889,9662,9894,9101,9745,10039,9311,9831,10189,9520,9919,10344,9727,10009,10502,9931,10102,10664,10134,10196,10831,10334,10292,11000,10531,10390,11173,10726,10489,11349,10918,10590,
8633,5457,8969,8642,5485,8975,8653,5516,8981,8668,5560,8990,8688,5619,9003,8714,5693,9018,8745,5781,9037,8782,5885,9059,8825,6003,9085,8875,6135,9115,8931,6279,9149,
8993,6435,9186,9062,6602,9227,9138,6779,9273,9219,6963,9321,9308,7155,9374,9402,7353,9430,9502,7555,9490,9609,7761,9553,9721,7970,9619,9838,8181,9689,9962,8393,9762,
10090,8605,9837,10223,8818,9915,10362,9029,9996,10504,9240,10079,10652,9449,10165,10803,9657,10253,10958,9862,10343,11117,10066,10434,11280,10266,10528,11446,10465,10623,11615,10661,10720,
9066,5255,9204,9074,5281,9209,9084,5311,9215,9098,5353,9223,9117,5408,9234,9140,5478,9248,9169,5563,9266,9204,5661,9286,9244,5774,9311,9290,5900,9338,9343,6039,9369,
9401,6189,9404,9465,6351,9442,9536,6522,9484,9612,6702,9530,9695,6889,9579,9783,7083,9631,9878,7282,9687,9978,7485,9746,10084,7692,9808,10195,7901,9873,10311,8112,9942,
10433,8324,10013,10560,8537,10087,10691,8749,10163,10827,8961,10242,10967,9172,10323,11112,9381,10407,11260,9589,10492,11413,9795,10579,11569,9999,10669,11728,10201,10760,11891,10400,10852,
9496,5060,9433,9504,5085,9438,9513,5113,9443,9526,5152,9451,9543,5205,9461,9565,5272,9475,9592,5352,9491,9624,5446,9510,9662,5553,9532,9705,5674,9558,9754,5807,9587,
9808,5952,9619,9868,6108,9654,9935,6274,9693,10006,6448,9736,10084,6631,9781,10167,6820,9830,10256,7015,9883,10350,7215,9938,10450,7419,9996,10555,7626,10058,10666,7836,10122,
10781,8047,10189,10901,8259,10259,11026,8471,10331,11155,8683,10406,11289,8895,10483,11427,9106,10562,11569,9315,10643,11715,9523,10727,11865,9730,10812,12018,9934,10899,12174,10136,10987,
9923,4871,9658,9930,4895,9662,9939,4921,9667,9951,4959,9675,9967,5009,9684,9987,5072,9696,10013,5148,9711,10043,5237,9729,10078,5340,9750,10118,5456,9773,10164,5583,9800,
10215,5723,9830,10272,5873,9864,10334,6033,9900,10401,6202,9940,10474,6380,9982,10552,6565,10028,10636,6756,10077,10725,6952,10129,10820,7153,10184,10919,7357,10242,11024,7564,10302,
11133,7773,10365,11247,7984,10431,11366,8196,10500,11489,8408,10570,11617,8620,10643,11749,8832,10719,11885,9042,10796,12024,9252,10876,12168,9460,10957,12315,9666,11040,12465,9871,11125,
10347,4688,9878,10354,4710,9882,10362,4735,9887,10373,4771,9894,10388,4818,9902,10408,4878,9914,10431,4951,9928,10460,5036,9944,10493,5134,9964,10530,5244,9986,10573,5367,10011,
10621,5501,10039,10674,5646,10070,10733,5800,10104,10796,5964,10141,10865,6137,10181,10939,6316,10224,11018,6503,10270,11102,6695,10318,11192,6892,10370,11286,7093,10424,11385,7298,10482,
11489,7505,10541,11597,7714,10604,11711,7925,10668,11828,8136,10735,11950,8348,10805,12076,8559,10876,12206,8770,10950,12340,8981,11026,12477,9190,11103,12618,9398,11183,12763,9604,11264,
10769,4510,10094,10775,4531,10098,10783,4555,10102,10793,4588,10108,10808,4634,10117,10826,4690,10127,10848,4759,10140,10874,4841,10155,10905,4934,10173,10941,5040,10194,10981,5157,10218,
11026,5286,10244,11076,5425,10273,11131,5575,10305,11191,5733,10339,11256,5900,10377,11326,6075,10417,11401,6257,10460,11481,6445,10506,11565,6638,10555,11655,6836,10606,11749,7037,10660,
11848,7242,10717,11951,7448,10775,12059,7657,10837,12171,7867,10900,12287,8078,10966,12407,8289,11034,12532,8500,11105,12660,8711,11177,12792,8921,11251,12927,9130,11327,13066,9337,11404,
11188,4336,10305,11194,4356,10309,11201,4379,10313,11211,4411,10319,11224,4454,10326,11241,4508,10336,11262,4573,10348,11287,4651,10363,11316,4740,10380,11350,4841,10399,11388,4954,10421,
11431,5077,10446,11478,5211,10473,11530,5356,10503,11586,5509,10535,11648,5671,10570,11714,5841,10608,11785,6018,10649,11860,6201,10692,11940,6390,10738,12025,6584,10787,12115,6782,10837,
12209,6983,10891,12307,7188,10947,12410,7394,11005,12517,7602,11065,12628,7812,11128,12743,8022,11193,12862,8233,11260,12985,8443,11328,13111,8653,11399,13242,8863,11471,13375,9071,11546,
11604,4166,10512,11610,4185,10516,11617,4207,10520,11626,4237,10525,11639,4278,10532,11655,4330,10541,11674,4392,10553,11698,4466,10566,11726,4552,10582,11757,4648,10600,11793,4756,10621,
11833,4875,10644,11878,5004,10670,11927,5143,10698,11981,5291,10728,12039,5448,10761,12101,5613,10797,12169,5785,10835,12240,5964,10876,12317,6148,10920,12397,6338,10965,12482,6532,11014,
12572,6730,11064,12666,6932,11117,12764,7136,11172,12866,7342,11230,12972,7550,11289,13082,7759,11351,13196,7968,11415,13314,8178,11480,13435,8388,11548,13560,8598,11617,13689,8806,11688,
12018,4000,10716,12024,4018,10719,12030,4039,10722,12039,4068,10727,12051,4107,10734,12066,4156,10743,12085,4216,10753,12107,4286,10766,12133,4368,10781,12163,4461,10798,12197,4564,10817,
12235,4678,10839,12277,4802,10863,12324,4936,10890,12374,5079,10918,12430,5231,10950,12489,5391,10983,12553,5558,11020,12621,5732,11058,12693,5912,11099,12770,6098,11142,12851,6288,11188,
12937,6483,11236,13026,6681,11286,13120,6882,11339,13217,7086,11393,13319,7292,11450,13424,7499,11509,13534,7707,11570,13647,7916,11632,13763,8125,11697,13883,8334,11763,14007,8543,11831,
12430,3838,10915,12435,3855,10918,12441,3874,10921,12449,3902,10926,12461,3939,10932,12475,3986,10940,12493,4043,10950,12514,4111,10962,12538,4189,10976,12567,4278,10992,12599,4377,11011,
12635,4486,11031,12675,4606,11054,12719,4735,11079,12767,4873,11106,12820,5020,11135,12876,5175,11167,12937,5337,11202,13002,5506,11238,13071,5682,11277,13144,5863,11318,13221,6050,11361,
13303,6241,11407,13388,6435,11454,13478,6634,11504,13571,6834,11556,13668,7038,11610,13769,7243,11666,13874,7449,11724,13982,7657,11784,14094,7865,11846,14210,8074,11909,14328,8282,11974,
12839,3678,11110,12844,3695,11113,12849,3713,11116,12857,3740,11121,12868,3775,11127,12882,3820,11134,12898,3874,11144,12918,3939,11155,12942,4014,11168,12969,4099,11183,12999,4194,11201,
13034,4299,11220,13072,4414,11241,13114,4538,11265,13159,4672,11291,13209,4814,11319,13263,4964,11349,13321,5122,11381,13383,5286,11416,13448,5457,11452,13518,5634,11491,13592,5817,11532,
13670,6004,11576,13751,6195,11621,13837,6390,11669,13926,6588,11718,14019,6788,11769,14116,6991,11823,14217,7196,11878,14321,7401,11935,14428,7608,11994,14539,7816,12055,14654,8023,12117,
13246,3522,11302,13250,3537,11304,13256,3555,11307,13263,3580,11312,13273,3614,11317,13286,3657,11325,13302,3709,11334,13321,3771,11344,13343,3842,11357,13369,3924,11371,13398,4015,11387,
13431,4117,11406,13467,4227,11426,13507,4347,11448,13550,4476,11472,13598,4613,11499,13649,4759,11528,13704,4912,11558,13763,5072,11591,13826,5238,11626,13893,5411,11663,13963,5589,11702,
14037,5772,11743,14116,5959,11786,14197,6151,11832,14283,6346,11879,14372,6543,11928,14465,6744,11979,14562,6946,12032,14662,7150,12086,14765,7355,12143,14872,7561,12201,14982,7767,12261,
13650,3368,11490,13655,3383,11493,13660,3399,11495,13667,3424,11499,13677,3456,11505,13689,3497,11512,13704,3547,11520,13722,3606,11530,13743,3675,11542,13768,3753,11556,13795,3841,11571,
13826,3938,11588,13861,4045,11607,13899,4160,11629,13940,4284,11652,13986,4417,11677,14034,4558,11704,14087,4706,11733,14143,4862,11764,14203,5024,11797,14267,5192,11833,14335,5366,11870,
14406,5545,11909,14480,5729,11950,14559,5917,11993,14641,6108,12038,14727,6303,12085,14816,6500,12134,14908,6700,12184,15005,6902,12237,15104,7105,12291,15207,7309,12346,15313,7514,12404,
14053,3216,11675,14057,3230,11677,14062,3246,11680,14068,3270,11684,14078,3300,11689,14089,3340,11695,14104,3387,11703,14121,3444,11713,14141,3510,11724,14164,3585,11737,14191,3670,11752,
14220,3763,11768,14253,3866,11786,14289,3977,11806,14329,4097,11828,14372,4226,11852,14419,4362,11878,14469,4506,11906,14523,4657,11935,14581,4815,11967,14642,4979,12000,14706,5149,12036,
14774,5323,12073,14846,5503,12112,14921,5687,12153,15000,5875,12196,15082,6067,12241,15168,6261,12288,15257,6458,12336,15349,6658,12386,15445,6859,12438,15544,7061,12492,15646,7265,12547,
14453,3066,11857,14457,3080,11859,14461,3096,11862,14468,3118,11865,14477,3147,11870,14488,3185,11876,14501,3231,11884,14518,3285,11893,14537,3349,11903,14559,3421,11916,14584,3502,11929,
14613,3592,11945,14644,3691,11962,14679,3798,11981,14717,3914,12002,14758,4039,12025,14803,4171,12049,14851,4310,12076,14902,4457,12104,14957,4610,12134,15016,4770,12166,15078,4936,12200,
15143,5106,12236,15212,5282,12273,15284,5463,12312,15359,5647,12353,15438,5835,12396,15521,6027,12441,15606,6221,12487,15695,6418,12535,15787,6616,12585,15883,6817,12636,15981,7018,12689,
1680,10947,4439,1743,10955,4481,1812,10964,4526,1907,10979,4589,2029,10999,4670,2175,11027,4767,2344,11062,4878,2533,11106,5002,2737,11158,5137,2956,11217,5280,3185,11284,5430,
3424,11357,5586,3670,11436,5746,3921,11521,5910,4177,11610,6076,4436,11703,6243,4698,11799,6412,4961,11898,6581,5226,12000,6750,5492,12103,6920,5758,12209,7089,6025,12315,7258,
6291,12423,7426,6557,12532,7593,6823,12642,7759,7089,12752,7924,7353,12863,8089,7617,12974,8252,7881,13085,8414,8143,13197,8574,8405,13308,8734,8666,13420,8892,8925,13532,9049,
1884,10702,4572,1942,10717,4610,2005,10734,4652,2092,10758,4710,2205,10790,4784,2342,10830,4874,2500,10879,4979,2677,10935,5095,2872,11000,5223,3080,11072,5360,3300,11150,5504,
3530,11234,5654,3768,11322,5809,4012,11416,5967,4261,11512,6128,4515,11612,6292,4771,11715,6457,5030,11820,6623,5290,11927,6789,5552,12035,6956,5814,12145,7123,6077,12255,7289,
6341,12367,7455,6604,12479,7620,6867,12591,7785,7130,12704,7949,7393,12817,8111,7655,12931,8273,7916,13044,8434,8177,13158,8593,8437,13271,8752,8697,13385,8909,8955,13498,9065,
2095,10457,4709,2147,10477,4744,2205,10501,4782,2286,10533,4835,2390,10575,4904,2517,10627,4988,2665,10687,5085,2832,10757,5195,3016,10833,5316,3215,10917,5446,3425,11006,5583,
3646,11100,5727,3876,11199,5877,4113,11301,6030,4355,11406,6187,4602,11513,6346,4852,11623,6507,5105,11734,6669,5361,11846,6832,5618,11959,6996,5877,12074,7160,6136,12188,7324,
6396,12304,7488,6656,12419,7651,6917,12535,7814,7177,12651,7976,7437,12767,8137,7697,12883,8297,7957,12999,8456,8215,13114,8615,8474,13230,8772,8731,13345,8928,8988,13460,9083,
2368,10150,4886,2415,10177,4917,2467,10207,4951,2539,10248,4999,2634,10301,5062,2750,10365,5138,2886,10439,5227,3040,10522,5328,3212,10613,5440,3398,10711,5562,3596,10813,5692,
3806,10920,5828,4025,11031,5970,4251,11144,6117,4484,11259,6267,4723,11376,6421,4965,11495,6576,5211,11614,6734,5460,11733,6893,5712,11854,7053,5965,11974,7213,6219,12094,7373,
6474,12215,7534,6730,12335,7694,6987,12456,7854,7244,12576,8014,7500,12695,8173,7757,12815,8331,8014,12934,8488,8270,13053,8645,8526,13171,8801,8781,13289,8955,9036,13407,9109,
2693,9801,5096,2734,9833,5123,2780,9869,5153,2845,9918,5196,2929,9981,5251,3033,10057,5320,3157,10144,5400,3297,10241,5493,3455,10347,5595,3627,10459,5707,3812,10576,5828,
4008,10697,5955,4214,10820,6089,4429,10946,6228,4651,11074,6371,4879,11202,6517,5112,11330,6667,5350,11459,6818,5590,11588,6972,5834,11716,7126,6080,11844,7282,6328,11972,7438,
6577,12099,7595,6828,12226,7751,7079,12352,7908,7331,12477,8064,7584,12601,8220,7837,12725,8376,8089,12849,8531,8342,12971,8685,8595,13093,8839,8847,13215,8991,9099,13335,9143,
3057,9430,5330,3093,9467,5353,3133,9507,5380,3190,9562,5417,3265,9633,5466,3358,9719,5527,3469,9817,5599,3596,9927,5682,3739,10045,5775,3897,10171,5878,4067,10302,5988,
4250,10437,6106,4442,10574,6231,4644,10713,6361,4853,10853,6496,5070,10993,6634,5292,11133,6776,5519,11272,6921,5750,11411,7068,5985,11549,7217,6223,11686,7367,6463,11822,7518,
6706,11956,7670,6950,12090,7822,7195,12223,7975,7441,12354,8127,7688,12484,8280,7936,12614,8432,8184,12742,8584,8433,12869,8735,8681,12996,8886,8930,13121,9036,9179,13246,9186,
3449,9054,5580,3480,9093,5600,3516,9136,5624,3566,9196,5656,3633,9273,5700,3715,9365,5753,3814,9472,5817,3928,9592,5892,4058,9721,5976,4201,9858,6068,4357,10001,6169,
4525,10149,6278,4704,10299,6393,4892,10450,6514,5088,10602,6640,5292,10754,6770,5502,10906,6904,5718,11057,7041,5939,11206,7181,6164,11354,7324,6393,11500,7467,6625,11645,7613,
6859,11788,7759,7095,11930,7907,7333,12070,8055,7573,12208,8203,7814,12345,8351,8056,12480,8500,8299,12614,8648,8542,12747,8796,8786,12879,8944,9031,13009,9091,9275,13138,9238,
3860,8683,5840,3888,8724,5858,3919,8769,5878,3964,8831,5907,4022,8911,5945,4096,9008,5993,4184,9121,6050,4286,9247,6116,4403,9384,6191,4533,9530,6275,4675,9683,6367,
4829,9841,6466,4994,10002,6572,5169,10165,6684,5352,10328,6801,5543,10492,6922,5741,10654,7048,5945,10816,7178,6155,10976,7310,6369,11134,7445,6588,11290,7583,6810,11444,7722,
7036,11596,7862,7264,11746,8004,7494,11894,8147,7727,12040,8290,7961,12184,8434,8197,12326,8578,8433,12466,8723,8671,12605,8867,8910,12742,9011,9149,12878,9155,9388,13012,9299,
4285,8325,6106,4309,8366,6122,4337,8411,6140,4376,8474,6165,4428,8556,6199,4493,8655,6241,4572,8771,6292,4664,8901,6351,4769,9044,6418,4887,9196,6494,5016,9356,6577,
5157,9522,6668,5309,9692,6764,5470,9864,6867,5641,10037,6976,5819,10211,7089,6005,10383,7207,6197,10555,7328,6395,10724,7453,6599,10892,7581,6807,11058,7711,7020,11221,7844,
7236,11382,7978,7455,11541,8114,7677,11697,8251,7902,11850,8389,8128,12002,8528,8357,12151,8667,8587,12299,8807,8818,12444,8948,9051,12587,9088,9285,12729,9228,9519,12868,9368,
4717,7982,6375,4739,8022,6389,4764,8067,6405,4799,8130,6427,4845,8212,6457,4903,8312,6494,4974,8428,6540,5056,8560,6593,5151,8705,6653,5258,8861,6721,5376,9026,6797,
5505,9198,6879,5644,9374,6968,5793,9553,7062,5951,9734,7162,6117,9916,7267,6290,10097,7377,6471,10278,7490,6658,10457,7608,6850,10634,7728,7048,10808,7851,7250,10980,7977,
7457,11150,8105,7667,11317,8235,7880,11481,8366,8096,11643,8499,8315,11802,8632,8536,11959,8767,8759,12113,8902,8984,12265,9038,9210,12415,9174,9437,12562,9310,9666,12708,9447,
5155,7656,6644,5175,7696,6657,5197,7740,6671,5228,7802,6691,5269,7882,6717,5321,7981,6751,5385,8097,6791,5459,8228,6838,5545,8374,6893,5642,8531,6955,5749,8698,7023,
5867,8873,7098,5995,9053,7179,6132,9238,7266,6278,9425,7358,6433,9613,7455,6595,9802,7557,6764,9990,7663,6940,10176,7772,7121,10361,7886,7308,10544,8002,7501,10724,8121,
7697,10902,8242,7898,11077,8366,8102,11249,8491,8310,11418,8618,8520,11585,8746,8733,11749,8876,8949,11910,9006,9167,12069,9137,9386,12225,9269,9607,12379,9401,9830,12531,9533,
5596,7348,6913,5613,7387,6924,5633,7429,6936,5661,7489,6954,5698,7567,6978,5745,7664,7007,5802,7778,7044,5869,7908,7086,5947,8052,7136,6035,8209,7191,6133,8376,7253,
6241,8552,7322,6359,8735,7396,6485,8922,7475,6621,9113,7560,6764,9306,7650,6915,9500,7744,7073,9694,7843,7238,9887,7946,7410,10079,8052,7586,10268,8161,7768,10456,8274,
7955,10641,8389,8147,10823,8506,8342,11003,8625,8541,11180,8746,8743,11354,8869,8948,11525,8993,9156,11693,9118,9366,11858,9244,9578,12021,9371,9793,12181,9499,10009,12339,9627,
6037,7057,7178,6053,7093,7188,6071,7134,7200,6096,7192,7215,6130,7268,7237,6172,7361,7264,6224,7472,7296,6285,7599,7335,6356,7741,7379,6436,7896,7430,6526,8062,7486,
6625,8237,7549,6733,8420,7616,6850,8609,7690,6975,8802,7768,7108,8998,7851,7249,9196,7938,7397,9394,8030,7552,9592,8126,7713,9789,8225,7880,9985,8328,8052,10179,8434,
8229,10370,8543,8411,10559,8654,8597,10746,8767,8788,10929,8882,8981,11110,8999,9178,11288,9118,9378,11462,9238,9581,11634,9359,9786,11804,9482,9994,11970,9605,10203,12134,9729,
6479,6781,7441,6493,6816,7450,6509,6855,7460,6532,6910,7475,6562,6983,7494,6601,7073,7518,6648,7180,7548,6704,7303,7583,6768,7442,7623,6842,7593,7669,6924,7757,7720,
7015,7930,7777,7115,8112,7839,7223,8301,7907,7339,8494,7979,7463,8692,8056,7594,8892,8137,7733,9093,8222,7878,9295,8312,8029,9496,8405,8186,9697,8501,8349,9896,8601,
8517,10092,8703,8690,10287,8808,8868,10479,8916,9049,10669,9025,9234,10856,9137,9423,11040,9250,9615,11221,9365,9810,11399,9481,10008,11574,9599,10209,11747,9717,10411,11917,9837,
6919,6519,7700,6932,6552,7708,6947,6590,7718,6968,6642,7731,6996,6712,7748,7031,6798,7770,7074,6901,7797,7125,7020,7828,7184,7154,7865,7251,7302,7907,7327,7462,7954,
7411,7633,8006,7503,7812,8064,7603,7999,8125,7711,8192,8192,7826,8389,8263,7949,8590,8338,8078,8793,8418,8214,8997,8501,8356,9201,8588,8505,9405,8679,8658,9608,8772,
8818,9810,8869,8982,10009,8968,9151,10206,9070,9324,10401,9174,9501,10594,9280,9682,10783,9388,9866,10970,9498,10053,11154,9609,10244,11335,9722,10437,11513,9836,10633,11689,9951,
7358,6270,7955,7370,6302,7963,7384,6337,7971,7403,6387,7983,7428,6454,7999,7460,6536,8019,7500,6635,8043,7547,6750,8072,7601,6879,8106,7663,7022,8144,7733,7178,8187,
7811,7345,8235,7896,7521,8288,7989,7705,8345,8089,7896,8406,8196,8092,8472,8311,8293,8542,8432,8496,8616,8559,8701,8694,8693,8907,8775,8833,9113,8860,8978,9319,8948,
9129,9524,9039,9285,9727,9133,9445,9929,9229,9610,10128,9328,9779,10325,9429,9952,10520,9532,10129,10712,9637,10309,10901,9743,10492,11087,9851,10678,11271,9960,10867,11451,10071,
7796,6033,8206,7807,6063,8213,7819,6096,8220,7836,6144,8231,7860,6207,8246,7889,6286,8264,7926,6381,8286,7969,6490,8313,8019,6615,8344,8076,6753,8379,8141,6904,8419,
8213,7066,8463,8292,7239,8511,8378,7419,8564,8472,7608,8621,8572,7802,8682,8679,8001,8747,8792,8203,8816,8912,8408,8889,9038,8615,8965,9170,8822,9044,9307,9030,9127,
9449,9237,9213,9597,9443,9301,9750,9648,9392,9907,9851,9486,10068,10052,9582,10233,10251,9680,10402,10447,9780,10575,10641,9881,10751,10832,9984,10930,11021,10089,11112,11206,10195,
8231,5806,8453,8241,5834,8459,8252,5866,8466,8268,5911,8476,8290,5971,8489,8317,6046,8506,8351,6137,8526,8391,6242,8550,8437,6361,8579,8490,6495,8611,8550,6641,8648,
8617,6798,8689,8690,6966,8733,8771,7142,8782,8858,7327,8835,8952,7518,8892,9052,7715,8952,9158,7916,9017,9271,8120,9084,9389,8326,9156,9513,8534,9230,9643,8742,9308,
9778,8951,9389,9918,9159,9472,10063,9366,9558,10213,9572,9647,10367,9776,9738,10524,9979,9831,10686,10179,9926,10852,10377,10023,11021,10572,10122,11193,10765,10222,11368,10955,10324,
8664,5588,8695,8673,5615,8700,8683,5645,8706,8698,5688,8716,8718,5745,8728,8744,5817,8743,8775,5903,8762,8812,6003,8785,8855,6118,8811,8904,6246,8841,8960,6387,8874,
9022,6539,8912,9091,6702,8954,9166,6874,8999,9247,7055,9048,9335,7242,9101,9428,7436,9157,9528,7634,9217,9634,7836,9281,9746,8041,9348,9863,8249,9418,9986,8457,9491,
10114,8667,9567,10247,8876,9646,10385,9085,9727,10527,9292,9811,10674,9499,9897,10824,9704,9986,10979,9907,10077,11138,10108,10169,11300,10307,10263,11466,10504,10359,11634,10698,10457,
9094,5379,8932,9103,5404,8937,9112,5433,8943,9126,5474,8951,9145,5528,8963,9168,5596,8977,9197,5678,8994,9231,5774,9015,9272,5884,9039,9318,6007,9067,9370,6142,9098,
9428,6289,9133,9492,6447,9172,9562,6614,9214,9638,6790,9260,9720,6974,9309,9808,7164,9362,9902,7359,9418,10002,7559,9477,10108,7762,9540,10218,7968,9606,10334,8176,9674,
10456,8385,9746,10582,8594,9820,10713,8804,9897,10848,9013,9977,10988,9221,10059,11132,9429,10143,11280,9634,10229,11432,9838,10318,11588,10040,10408,11747,10240,10499,11909,10437,10593,
9522,5177,9165,9530,5201,9170,9539,5228,9175,9552,5267,9183,9569,5318,9193,9591,5383,9206,9618,5461,9222,9650,5553,9242,9687,5658,9264,9730,5776,9290,9779,5906,9319,
9833,6048,9351,9893,6200,9387,9959,6363,9427,10030,6534,9469,10108,6713,9515,10191,6899,9564,10279,7091,9617,10373,7287,9673,10473,7488,9732,10578,7692,9793,10687,7898,9858,
10802,8107,9926,10922,8316,9996,11047,8525,10069,11176,8735,10144,11309,8945,10222,11447,9153,10302,11588,9360,10384,11734,9566,10468,11883,9771,10554,12036,9973,10642,12192,10174,10732,
9947,4982,9393,9955,5005,9398,9963,5030,9403,9975,5067,9410,9991,5116,9420,10012,5178,9432,10037,5252,9447,10067,5340,9465,10102,5440,9486,10142,5553,9509,10188,5678,9537,
10239,5815,9567,10295,5962,9600,10357,6119,9637,10424,6285,9677,10497,6460,9720,10575,6641,9766,10658,6829,9815,10747,7022,9867,10841,7220,9923,10940,7422,9981,11044,7626,10042,
11154,7833,10106,11267,8041,10172,11386,8250,10241,11509,8460,10313,11636,8669,10387,11768,8879,10463,11903,9087,10541,12042,9295,10621,12186,9501,10703,12332,9705,10787,12482,9908,10872,
10370,4792,9617,10377,4814,9621,10385,4839,9626,10396,4874,9633,10411,4920,9642,10430,4979,9653,10454,5050,9667,10482,5133,9684,10515,5229,9703,10553,5338,9726,10595,5458,9751,
10643,5589,9779,10696,5731,9810,10754,5883,9845,10818,6044,9882,10886,6214,9922,10960,6391,9965,11039,6575,10012,11123,6764,10061,11212,6958,10113,11306,7157,10168,11405,7359,10225,
11508,7563,10286,11617,7770,10349,11729,7978,10414,11847,8187,10482,11968,8396,10552,12094,8606,10624,12223,8815,10698,12357,9023,10775,12494,9231,10853,12635,9437,10933,12779,9642,11015,
10790,4609,9837,10797,4629,9841,10804,4653,9845,10815,4686,9851,10829,4730,9860,10847,4786,9870,10869,4854,9884,10896,4933,9899,10926,5025,9917,10962,5129,9938,11002,5244,9962,
11047,5371,9988,11097,5508,10017,11152,5655,10049,11212,5811,10084,11276,5975,10122,11346,6148,10163,11421,6327,10206,11500,6512,10253,11584,6703,10302,11674,6898,10354,11768,7097,10408,
11866,7299,10465,11969,7503,10524,12077,7710,10586,12188,7918,10651,12304,8126,10717,12425,8335,10786,12549,8545,10857,12676,8753,10930,12808,8962,11005,12943,9169,11081,13082,9375,11160,
11208,4430,10053,11214,4450,10056,11221,4472,10060,11231,4503,10066,11244,4545,10074,11261,4599,10084,11282,4663,10096,11307,4739,10111,11336,4827,10128,11370,4927,10147,11408,5037,10169,
11450,5159,10194,11497,5291,10221,11549,5433,10252,11605,5584,10284,11667,5743,10320,11732,5911,10358,11803,6085,10399,11879,6266,10443,11959,6453,10489,12043,6644,10538,12133,6840,10590,
12226,7039,10643,12324,7241,10700,12427,7446,10759,12534,7652,10820,12645,7860,10883,12759,8068,10948,12878,8277,11016,13001,8485,11085,13127,8694,11157,13257,8902,11230,13390,9109,11305,
11623,4256,10264,11629,4274,10267,11636,4295,10271,11645,4326,10277,11658,4366,10284,11674,4416,10293,11693,4478,10305,11717,4551,10318,11744,4635,10334,11776,4730,10353,11812,4836,10373,
11852,4953,10397,11896,5080,10423,11945,5217,10451,11999,5363,10482,12057,5518,10515,12119,5681,10551,12186,5851,10590,12258,6027,10631,12334,6209,10675,12414,6397,10721,12499,6589,10770,
12589,6785,10821,12682,6985,10874,12780,7187,10930,12882,7391,10988,12988,7597,11048,13098,7804,11111,13212,8012,11175,13329,8220,11241,13450,8428,11310,13575,8636,11380,13703,8843,11451,
12036,4085,10472,12042,4103,10475,12048,4123,10478,12057,4152,10483,12069,4190,10490,12084,4239,10499,12102,4297,10510,12125,4367,10523,12151,4447,10538,12180,4539,10555,12214,4641,10574,
12252,4753,10596,12294,4875,10621,12341,5008,10647,12392,5149,10676,12447,5299,10708,12506,5456,10742,12570,5622,10778,12638,5794,10817,12710,5972,10859,12787,6156,10903,12868,6344,10949,
12953,6537,10997,13042,6733,11048,13135,6932,11101,13233,7134,11156,13334,7338,11213,13439,7543,11273,13548,7750,11334,13661,7957,11397,13778,8165,11463,13897,8372,11530,14021,8580,11598,
12447,3919,10675,12452,3936,10678,12458,3955,10681,12466,3982,10686,12478,4019,10693,12492,4065,10701,12509,4121,10711,12530,4188,10723,12555,4265,10737,12583,4352,10754,12615,4450,10772,
12652,4558,10793,12691,4676,10815,12736,4804,10841,12784,4940,10868,12836,5085,10898,12892,5238,10930,12953,5399,10965,13018,5566,11002,13087,5740,11041,13160,5920,11082,13237,6104,11126,
13318,6293,11172,13403,6486,11220,13493,6683,11271,13586,6882,11323,13683,7083,11378,13784,7287,11434,13888,7492,11493,13996,7698,11553,14108,7904,11616,14223,8111,11680,14342,8318,11746,
12855,3755,10875,12860,3772,10878,12866,3790,10881,12873,3816,10886,12884,3851,10892,12898,3895,10899,12914,3949,10909,12934,4013,10920,12958,4086,10934,12985,4170,10949,13015,4264,10966,
13049,4368,10986,13087,4482,11007,13129,4605,11031,13175,4737,11057,13225,4877,11086,13278,5026,11116,13336,5182,11149,13398,5345,11184,13463,5514,11221,13533,5689,11260,13607,5870,11302,
13684,6055,11345,13766,6245,11391,13851,6438,11439,13940,6634,11489,14033,6833,11541,14130,7034,11595,14230,7237,11651,14334,7442,11709,14442,7647,11769,14552,7853,11830,14667,8059,11893,
13261,3595,11071,13266,3611,11074,13271,3628,11077,13279,3653,11081,13289,3686,11087,13302,3729,11094,13317,3780,11103,13336,3841,11114,13359,3912,11127,13384,3993,11141,13413,4083,11158,
13446,4183,11176,13482,4292,11196,13522,4411,11219,13565,4538,11244,13613,4674,11270,13664,4818,11299,13719,4970,11330,13778,5128,11363,13840,5293,11399,13907,5464,11436,13977,5641,11476,
14051,5822,11517,14129,6008,11561,14211,6198,11606,14297,6391,11654,14386,6587,11704,14478,6786,11755,14575,6987,11809,14675,7189,11864,14778,7393,11921,14884,7598,11980,14994,7803,12041,
13665,3438,11264,13669,3453,11267,13674,3469,11269,13681,3493,11274,13691,3525,11279,13703,3566,11286,13718,3615,11294,13736,3674,11305,13758,3741,11317,13782,3819,11330,13810,3906,11346,
13841,4002,11363,13875,4107,11383,13913,4222,11404,13954,4345,11427,14000,4476,11453,14048,4616,11480,14101,4763,11510,14157,4917,11541,14217,5077,11575,14281,5244,11610,14348,5417,11648,
14419,5594,11687,14494,5776,11729,14572,5963,11772,14654,6153,11818,14739,6346,11865,14829,6542,11915,14921,6740,11966,15017,6941,12019,15116,7143,12073,15219,7346,12130,15325,7550,12188,
14066,3283,11454,14071,3297,11456,14075,3313,11459,14082,3336,11462,14091,3367,11468,14103,3405,11474,14118,3453,11482,14135,3509,11492,14155,3574,11503,14178,3649,11516,14204,3732,11531,
14234,3825,11548,14267,3926,11566,14303,4037,11586,14343,4156,11608,14386,4283,11632,14432,4418,11658,14483,4561,11686,14536,4710,11716,14594,4867,11748,14654,5029,11782,14719,5198,11818,
14787,5371,11856,14859,5550,11895,14934,5733,11937,15012,5919,11980,15094,6109,12026,15180,6302,12073,15269,6498,12122,15361,6696,12172,15457,6896,12225,15555,7097,12279,15657,7300,12335,
14466,3131,11640,14470,3144,11642,14474,3160,11645,14481,3182,11648,14490,3211,11653,14501,3248,11659,14515,3293,11667,14531,3347,11676,14550,3410,11687,14572,3482,11699,14598,3562,11713,
14626,3651,11729,14657,3749,11746,14692,3856,11766,14730,3971,11787,14771,4094,11810,14815,4225,11834,14863,4363,11861,14915,4509,11890,14970,4661,11920,15028,4819,11952,15090,4983,11986,
15155,5153,12022,15224,5328,12060,15296,5507,12100,15371,5690,12142,15450,5877,12185,15532,6067,12230,15618,6260,12277,15707,6455,12325,15799,6653,12376,15894,6852,12428,15992,7053,12481,
1897,11086,4250,1954,11093,4287,2017,11102,4329,2104,11115,4387,2216,11133,4461,2352,11157,4551,2510,11189,4655,2687,11228,4771,2880,11275,4899,3088,11329,5035,3308,11390,5180,
3537,11458,5330,3775,11531,5485,4018,11610,5643,4267,11694,5805,4520,11782,5969,4776,11874,6134,5034,11969,6301,5294,12067,6468,5556,12166,6635,5818,12268,6803,6081,12372,6970,
6344,12476,7137,6607,12582,7303,6870,12689,7468,7133,12797,7633,7395,12906,7797,7657,13015,7960,7919,13124,8122,8179,13234,8283,8439,13344,8443,8699,13454,8601,8957,13565,8759,
2083,10862,4371,2136,10875,4406,2194,10889,4445,2275,10910,4498,2380,10938,4567,2507,10973,4651,2656,11016,4749,2824,11066,4860,3008,11124,4981,3207,11189,5112,3418,11261,5250,
3640,11338,5395,3870,11421,5545,4107,11508,5699,4349,11599,5857,4597,11694,6017,4847,11792,6179,5101,11892,6342,5357,11994,6506,5614,12099,6671,5873,12205,6836,6133,12312,7001,
6393,12420,7166,6653,12530,7330,6914,12640,7494,7175,12750,7657,7435,12861,7820,7695,12972,7982,7954,13084,8142,8213,13196,8302,8472,13307,8461,8729,13419,8618,8987,13531,8775,
2278,10635,4498,2326,10652,4530,2380,10672,4565,2455,10700,4615,2553,10736,4680,2672,10781,4758,2812,10834,4850,2971,10896,4955,3146,10965,5070,3336,11040,5194,3539,11122,5327,
3752,11209,5466,3974,11300,5611,4204,11396,5761,4440,11495,5914,4682,11596,6070,4927,11701,6228,5175,11807,6388,5427,11915,6549,5680,12024,6711,5935,12135,6873,6191,12246,7036,
6448,12358,7199,6705,12471,7361,6963,12584,7523,7221,12697,7685,7479,12811,7846,7737,12925,8006,7994,13038,8165,8251,13152,8324,8508,13266,8481,8764,13380,8638,9020,13493,8793,
2532,10346,4663,2576,10369,4692,2625,10394,4724,2693,10429,4769,2782,10475,4828,2892,10531,4900,3022,10597,4985,3169,10671,5082,3333,10753,5190,3512,10841,5307,3704,10935,5432,
3906,11034,5564,4119,11136,5702,4340,11243,5846,4567,11351,5993,4800,11462,6144,5038,11575,6297,5280,11689,6452,5525,11804,6609,5772,11920,6767,6022,12036,6926,6273,12153,7085,
6525,12270,7245,6778,12388,7405,7032,12505,7564,7287,12623,7723,7541,12740,7882,7796,12857,8040,8051,12974,8197,8305,13091,8354,8560,13208,8510,8813,13324,8665,9067,13440,8819,
2838,10012,4861,2877,10040,4887,2921,10070,4915,2982,10113,4956,3063,10168,5009,3162,10234,5074,3280,10312,5151,3416,10399,5240,3567,10494,5339,3733,10596,5447,3912,10703,5564,
4103,10815,5688,4304,10931,5819,4513,11049,5954,4730,11169,6095,4953,11291,6239,5182,11413,6386,5415,11536,6536,5653,11660,6687,5893,11784,6840,6136,11908,6995,6380,12032,7150,
6627,12155,7306,6875,12279,7462,7124,12402,7618,7374,12524,7774,7624,12646,7930,7875,12768,8085,8126,12889,8240,8377,13010,8395,8628,13130,8549,8879,13250,8702,9130,13369,8854,
3185,9652,5084,3219,9683,5107,3258,9718,5132,3313,9767,5168,3385,9829,5215,3474,9905,5273,3581,9993,5343,3704,10092,5423,3842,10200,5514,3995,10314,5613,4160,10435,5721,
4338,10560,5836,4526,10689,5958,4723,10819,6085,4928,10952,6218,5141,11085,6354,5359,11218,6495,5582,11352,6638,5810,11485,6783,6042,11619,6931,6277,11751,7080,6514,11883,7230,
6754,12014,7381,6996,12144,7533,7239,12274,7685,7483,12402,7837,7728,12530,7990,7974,12657,8142,8220,12783,8294,8467,12909,8446,8714,13033,8597,8962,13157,8747,9209,13280,8898,
3561,9281,5325,3592,9315,5345,3626,9353,5367,3675,9406,5399,3739,9475,5441,3819,9558,5493,3914,9654,5555,4025,9763,5627,4151,9881,5709,4290,10007,5800,4443,10139,5898,
4607,10277,6005,4782,10417,6117,4966,10560,6236,5159,10704,6360,5359,10849,6489,5566,10994,6621,5779,11139,6757,5996,11282,6896,6219,11425,7037,6445,11567,7180,6674,11708,7325,
6906,11847,7471,7140,11985,7617,7376,12122,7765,7614,12257,7913,7853,12392,8061,8093,12525,8210,8334,12657,8358,8576,12787,8507,8819,12917,8655,9062,13045,8803,9305,13173,8950,
3959,8910,5577,3986,8947,5595,4017,8987,5615,4060,9043,5643,4117,9115,5680,4188,9203,5726,4274,9306,5782,4374,9421,5847,4487,9547,5920,4614,9683,6003,4754,9825,6093,
4905,9973,6190,5066,10124,6294,5238,10278,6404,5418,10433,6520,5606,10589,6640,5801,10745,6765,6002,10900,6893,6209,11054,7024,6421,11207,7159,6638,11358,7295,6858,11508,7434,
7081,11656,7574,7307,11802,7715,7536,11947,7858,7766,12090,8001,7999,12231,8145,8233,12371,8289,8468,12509,8434,8704,12646,8578,8941,12781,8723,9179,12915,8868,9418,13047,9012,
4372,8549,5838,4396,8586,5853,4423,8627,5871,4461,8684,5895,4512,8759,5928,4576,8850,5969,4653,8956,6019,4743,9076,6077,4846,9208,6144,4961,9350,6218,5088,9500,6300,
5227,9656,6389,5376,9816,6485,5534,9979,6586,5702,10144,6693,5878,10310,6806,6061,10476,6922,6251,10641,7043,6447,10805,7167,6648,10967,7294,6854,11128,7424,7065,11287,7556,
7279,11444,7690,7496,11598,7825,7717,11751,7962,7940,11902,8101,8165,12051,8240,8392,12197,8379,8620,12342,8520,8851,12485,8660,9082,12627,8801,9314,12766,8942,9547,12904,9083,
4795,8200,6102,4816,8238,6116,4840,8279,6131,4875,8336,6153,4920,8412,6182,4977,8504,6219,5046,8612,6264,5127,8734,6316,5220,8870,6376,5325,9016,6443,5441,9171,6517,
5568,9333,6599,5705,9500,6686,5852,9670,6780,6008,9843,6879,6172,10017,6983,6343,10192,7092,6522,10366,7205,6707,10539,7322,6897,10710,7441,7093,10880,7564,7293,11047,7690,
7498,11213,7817,7706,11376,7947,7918,11537,8078,8133,11695,8211,8350,11851,8345,8570,12005,8480,8792,12157,8615,9015,12307,8751,9240,12454,8888,9466,12600,9025,9694,12744,9162,
5224,7867,6368,5244,7904,6380,5265,7945,6394,5296,8002,6414,5336,8076,6440,5388,8168,6473,5450,8276,6512,5523,8399,6559,5608,8536,6613,5703,8684,6674,5809,8842,6742,
5925,9008,6816,6051,9180,6896,6187,9356,6983,6331,9535,7074,6484,9716,7171,6644,9897,7272,6812,10079,7377,6986,10260,7487,7166,10439,7600,7351,10617,7716,7542,10792,7834,
7737,10966,7956,7936,11137,8079,8139,11306,8205,8345,11472,8332,8554,11635,8460,8766,11797,8590,8980,11955,8720,9197,12112,8852,9415,12266,8984,9635,12418,9117,9857,12568,9250,
5658,7551,6634,5675,7586,6645,5694,7626,6657,5722,7682,6675,5758,7755,6698,5805,7845,6728,5861,7952,6764,5928,8075,6806,6004,8211,6855,6091,8359,6910,6188,8518,6972,
6295,8686,7039,6411,8860,7113,6536,9040,7192,6670,9223,7276,6812,9409,7366,6961,9596,7460,7118,9784,7558,7282,9971,7661,7451,10157,7767,7627,10342,7876,7807,10525,7988,
7993,10706,8103,8183,10885,8220,8377,11061,8340,8574,11234,8461,8775,11405,8584,8979,11573,8709,9186,11739,8834,9395,11902,8961,9607,12062,9089,9820,12221,9217,10035,12377,9346,
6093,7250,6898,6109,7284,6908,6126,7323,6919,6151,7377,6935,6184,7448,6956,6226,7536,6983,6277,7641,7015,6338,7761,7053,6408,7896,7098,6487,8043,7148,6576,8201,7204,
6674,8369,7266,6781,8544,7333,6897,8726,7406,7021,8912,7484,7153,9101,7567,7292,9292,7654,7439,9484,7746,7592,9677,7842,7752,9869,7941,7918,10060,8044,8089,10249,8150,
8265,10436,8258,8446,10621,8369,8631,10804,8483,8820,10984,8599,9013,11162,8716,9209,11337,8835,9408,11509,8956,9609,11679,9078,9813,11846,9201,10020,12010,9324,10229,12172,9449,
6530,6964,7160,6544,6997,7169,6559,7034,7179,6582,7087,7194,6612,7155,7213,6650,7241,7237,6697,7343,7266,6752,7460,7301,6816,7592,7341,6889,7736,7387,6970,7893,7438,
7061,8059,7495,7159,8234,7557,7266,8416,7624,7382,8603,7696,7504,8794,7773,7635,8988,7854,7772,9183,7939,7916,9380,8028,8066,9576,8121,8222,9772,8218,8384,9966,8318,
8551,10159,8420,8723,10350,8526,8899,10538,8633,9080,10725,8743,9264,10908,8855,9452,11090,8969,9643,11268,9085,9838,11444,9202,10035,11617,9320,10234,11787,9439,10436,11955,9559,
6966,6693,7420,6978,6724,7428,6993,6760,7437,7013,6810,7450,7041,6876,7467,7076,6959,7489,7118,7057,7516,7169,7171,7547,7228,7299,7584,7295,7441,7626,7370,7594,7673,
7453,7759,7725,7544,7932,7782,7643,8112,7844,7750,8299,7910,7865,8491,7981,7986,8686,8057,8115,8883,8136,8250,9082,8220,8391,9281,8307,8539,9480,8397,8692,9679,8491,
8850,9876,8588,9013,10072,8688,9181,10266,8790,9353,10458,8894,9529,10647,9001,9709,10834,9109,9893,11018,9220,10080,11199,9332,10269,11378,9445,10462,11554,9560,10657,11728,9676,
7401,6434,7676,7412,6465,7683,7426,6499,7691,7445,6547,7703,7470,6610,7719,7502,6689,7739,7541,6784,7763,7587,6894,7792,7641,7018,7826,7703,7156,7864,7772,7306,7907,
7849,7467,7955,7934,7637,8007,8026,7816,8065,8126,8001,8126,8232,8192,8192,8346,8387,8262,8466,8585,8336,8593,8785,8414,8726,8986,8496,8865,9188,8581,9009,9390,8669,
9159,9591,8760,9314,9790,8854,9474,9989,8951,9638,10185,9050,9806,10379,9152,9979,10570,9255,10154,10760,9360,10334,10946,9468,10516,11131,9576,10702,11312,9686,10890,11491,9798,
7834,6188,7928,7845,6217,7934,7857,6249,7942,7875,6295,7953,7898,6356,7967,7927,6432,7985,7964,6523,8008,8006,6628,8034,8056,6749,8065,8113,6882,8100,8177,7028,8140,
8249,7185,8184,8327,7352,8233,8413,7528,8285,8506,7711,8343,8605,7900,8404,8712,8093,8469,8824,8291,8538,8944,8491,8611,9069,8694,8687,9200,8897,8767,9336,9101,8850,
9478,9304,8936,9625,9507,9025,9777,9708,9116,9933,9908,9210,10094,10106,9307,10259,10302,9405,10427,10496,9506,10599,10687,9608,10775,10876,9712,10953,11062,9818,11135,11246,9925,
8267,5953,8176,8276,5980,8182,8288,6011,8189,8304,6055,8199,8325,6113,8212,8352,6185,8229,8386,6272,8249,8425,6374,8274,8472,6490,8302,8524,6619,8335,8584,6760,8371,
8650,6913,8412,8723,7076,8457,8803,7248,8506,8890,7427,8559,8983,7614,8616,9083,7806,8676,9188,8002,8741,9300,8202,8809,9418,8404,8881,9542,8608,8955,9671,8813,9034,
9806,9018,9115,9945,9222,9199,10089,9426,9285,10238,9629,9374,10391,9830,9466,10549,10030,9560,10710,10227,9655,10875,10423,9753,11044,10616,9853,11215,10807,9954,11390,10995,10056,
8697,5727,8420,8706,5753,8425,8716,5782,8432,8731,5824,8441,8751,5879,8453,8776,5948,8469,8807,6032,8487,8844,6129,8510,8887,6240,8536,8936,6365,8566,8991,6502,8600,
9053,6650,8638,9121,6808,8680,9196,6976,8725,9277,7152,8774,9364,7336,8827,9458,7525,8884,9557,7719,8944,9662,7917,9008,9774,8118,9075,9890,8322,9145,10012,8527,9219,
10140,8733,9295,10272,8939,9375,10409,9144,9457,10551,9349,9541,10697,9553,9628,10848,9755,9717,11002,9956,9808,11160,10155,9902,11322,10352,9997,11487,10546,10093,11655,10738,10192,
9125,5510,8660,9133,5535,8665,9143,5563,8671,9157,5603,8679,9175,5655,8690,9198,5721,8705,9227,5801,8722,9261,5894,8743,9301,6001,8767,9347,6121,8795,9399,6252,8827,
9457,6396,8862,9520,6550,8900,9590,6713,8943,9666,6885,8988,9748,7065,9038,9836,7251,9091,9929,7442,9147,10029,7638,9207,10134,7838,9270,10244,8040,9336,10359,8244,9405,
10480,8450,9477,10606,8657,9552,10736,8863,9630,10871,9070,9710,11011,9275,9792,11154,9480,9877,11302,9683,9964,11454,9885,10053,11609,10084,10144,11767,10282,10237,11929,10478,10331,
9550,5301,8895,9558,5325,8900,9567,5351,8906,9580,5389,8913,9597,5439,8924,9619,5502,8937,9646,5578,8953,9678,5668,8973,9715,5770,8995,9758,5885,9021,9806,6012,9050,
9860,6151,9083,9920,6300,9119,9986,6458,9158,10057,6626,9201,10134,6801,9247,10216,6984,9297,10305,7172,9350,10398,7365,9406,10497,7562,9465,10602,7763,9527,10711,7966,9592,
10826,8171,9660,10945,8377,9731,11069,8584,9805,11198,8791,9881,11331,8998,9959,11468,9204,10039,11609,9409,10122,11754,9613,10207,11903,9815,10294,12056,10016,10382,12211,10214,10473,
9974,5100,9127,9981,5122,9131,9990,5147,9136,10002,5183,9144,10018,5231,9153,10038,5291,9166,10063,5364,9181,10093,5449,9199,10128,5547,9220,10168,5657,9244,10213,5780,9271,
10264,5913,9301,10320,6058,9335,10382,6212,9372,10449,6375,9412,10521,6546,9455,10599,6724,9501,10682,6909,9551,10771,7099,9604,10864,7293,9659,10963,7491,9718,11067,7693,9779,
11176,7896,9844,11289,8102,9911,11407,8308,9980,11530,8515,10052,11657,8722,10127,11788,8929,10203,11923,9136,10282,12062,9341,10363,12205,9545,10446,12351,9748,10530,12501,9949,10617,
10395,4904,9354,10402,4926,9358,10410,4950,9363,10421,4984,9370,10436,5029,9379,10455,5086,9390,10479,5156,9404,10507,5238,9421,10539,5332,9441,10577,5438,9463,10620,5555,9488,
10667,5684,9517,10720,5823,9548,10778,5973,9583,10841,6131,9620,10909,6297,9661,10983,6471,9704,11061,6652,9751,11145,6838,9801,11234,7030,9853,11328,7225,9908,11426,7424,9966,
11529,7626,10027,11637,7830,10090,11750,8035,10156,11867,8242,10224,11988,8449,10295,12113,8656,10368,12242,8863,10443,12376,9070,10520,12512,9275,10599,12653,9479,10680,12797,9682,10763,
10814,4715,9577,10820,4735,9581,10828,4758,9586,10838,4791,9592,10852,4834,9600,10870,4889,9611,10892,4955,9624,10919,5033,9640,10949,5123,9658,10985,5225,9679,11025,5338,9703,
11070,5462,9729,11119,5596,9759,11174,5741,9791,11234,5894,9826,11298,6056,9865,11368,6226,9905,11442,6402,9949,11521,6584,9996,11605,6772,10045,11694,6965,10098,11788,7161,10152,
11886,7360,10210,11989,7562,10270,12096,7767,10332,12208,7972,10397,12323,8178,10464,12443,8385,10534,12567,8593,10605,12694,8799,10679,12826,9006,10754,12961,9211,10832,13099,9415,10911,
11230,4531,9797,11236,4550,9800,11243,4572,9804,11253,4603,9810,11266,4644,9818,11283,4696,9828,11304,4760,9840,11329,4834,9855,11358,4921,9872,11391,5018,9892,11429,5127,9914,
11471,5246,9939,11518,5376,9967,11570,5516,9997,11626,5664,10030,11687,5822,10066,11753,5986,10105,11823,6159,10146,11899,6337,10190,11978,6521,10236,12063,6710,10286,12152,6903,10338,
12245,7100,10392,12343,7300,10449,12446,7502,10508,12552,7706,10570,12663,7911,10633,12777,8117,10700,12896,8324,10768,13018,8531,10838,13144,8738,10910,13274,8944,10984,13407,9149,11060,
11644,4352,10012,11650,4370,10015,11656,4391,10019,11666,4420,10025,11678,4460,10032,11694,4509,10041,11714,4570,10053,11737,4642,10067,11765,4724,10083,11796,4818,10101,11832,4922,10122,
11872,5037,10146,11916,5162,10172,11965,5297,10200,12018,5441,10231,12076,5594,10265,12139,5754,10301,12205,5922,10340,12277,6096,10382,12353,6276,10426,12433,6461,10473,12518,6651,10522,
12607,6845,10573,12700,7042,10627,12798,7242,10683,12900,7444,10742,13005,7648,10803,13115,7853,10866,13228,8059,10931,13346,8265,10998,13467,8472,11066,13591,8678,11137,13719,8884,11210,
12056,4177,10223,12061,4194,10226,12068,4214,10230,12076,4242,10235,12088,4280,10242,12103,4327,10251,12122,4385,10262,12144,4454,10275,12170,4533,10290,12200,4623,10307,12234,4723,10327,
12271,4834,10349,12313,4954,10373,12360,5085,10400,12410,5224,10430,12465,5372,10462,12524,5528,10496,12588,5691,10533,12656,5861,10572,12728,6037,10614,12804,6218,10658,12885,6404,10704,
12970,6595,10753,13059,6789,10804,13152,6986,10858,13250,7186,10914,13351,7388,10971,13456,7592,11031,13565,7796,11093,13677,8002,11157,13793,8208,11223,13913,8414,11291,14036,8620,11360,
12465,4006,10431,12471,4023,10434,12476,4041,10437,12485,4068,10442,12496,4104,10449,12510,4150,10457,12528,4205,10467,12549,4271,10479,12573,4347,10494,12602,4433,10510,12634,4529,10528,
12670,4636,10549,12709,4752,10572,12753,4878,10598,12801,5013,10626,12854,5156,10656,12910,5307,10688,12970,5466,10723,13035,5631,10760,13104,5803,10800,13176,5981,10841,13253,6163,10886,
13335,6350,10932,13420,6541,10981,13509,6736,11032,13602,6933,11085,13699,7133,11140,13799,7334,11197,13904,7538,11256,14012,7742,11317,14123,7947,11380,14238,8152,11445,14357,8358,11511,
12873,3839,10635,12878,3855,10638,12883,3873,10641,12891,3898,10645,12902,3933,10652,12915,3976,10659,12932,4029,10669,12952,4092,10681,12975,4165,10694,13002,4248,10709,13032,4341,10727,
13066,4443,10747,13104,4555,10768,13146,4677,10792,13192,4807,10819,13241,4946,10847,13295,5092,10878,13353,5246,10911,13414,5408,10946,13480,5575,10984,13549,5749,11023,13623,5927,11065,
13700,6111,11109,13782,6299,11156,13867,6490,11204,13956,6684,11255,14049,6882,11307,14145,7081,11362,14245,7283,11418,14349,7485,11477,14456,7689,11537,14567,7894,11599,14681,8099,11663,
13278,3675,10835,13282,3690,10838,13288,3707,10841,13295,3732,10845,13305,3765,10851,13318,3806,10858,13334,3857,10868,13353,3917,10878,13375,3987,10891,13401,4067,10906,13430,4156,10922,
13462,4255,10941,13498,4363,10962,13538,4480,10984,13581,4606,11009,13629,4740,11036,13680,4883,11065,13734,5033,11097,13793,5189,11130,13856,5353,11166,13922,5522,11203,13992,5697,11243,
14067,5877,11285,14144,6061,11329,14226,6249,11375,14311,6441,11424,14400,6635,11474,14493,6832,11526,14589,7032,11580,14689,7232,11636,14792,7435,11693,14898,7638,11753,15008,7842,11814,
13681,3514,11032,13685,3528,11035,13690,3545,11038,13697,3568,11042,13707,3600,11047,13719,3640,11054,13734,3689,11063,13752,3747,11073,13773,3814,11085,13798,3890,11099,13825,3976,11115,
13856,4071,11132,13890,4175,11152,13928,4288,11173,13970,4410,11197,14015,4540,11223,14064,4678,11250,14116,4824,11280,14172,4976,11312,14232,5135,11346,14295,5301,11381,14363,5471,11419,
14434,5647,11459,14508,5828,11501,14586,6013,11545,14668,6201,11591,14753,6393,11639,14842,6588,11689,14935,6784,11741,15030,6983,11794,15130,7184,11849,15232,7386,11906,15338,7588,11965,
14082,3356,11226,14086,3370,11228,14091,3386,11231,14097,3408,11235,14107,3438,11240,14118,3477,11247,14133,3523,11255,14150,3579,11265,14170,3644,11276,14193,3717,11289,14219,3800,11304,
14249,3891,11321,14282,3992,11339,14318,4101,11360,14357,4219,11382,14400,4345,11406,14447,4479,11433,14497,4620,11461,14551,4768,11491,14608,4923,11523,14669,5084,11558,14733,5251,11594,
14801,5423,11632,14872,5600,11672,14947,5781,11714,15026,5967,11758,15108,6155,11804,15193,6347,11851,15282,6541,11901,15374,6738,11952,15470,6936,12005,15568,7136,12059,15670,7338,12116,
14480,3200,11416,14484,3214,11418,14489,3229,11421,14495,3251,11425,14504,3280,11430,14515,3316,11436,14529,3361,11444,14545,3415,11453,14565,3477,11464,14587,3547,11476,14612,3627,11490,
14640,3715,11506,14671,3812,11524,14706,3918,11543,14744,4032,11565,14785,4154,11588,14829,4283,11613,14877,4420,11640,14929,4565,11669,14983,4715,11699,15042,4873,11732,15103,5035,11766,
15168,5204,11803,15237,5377,11841,15309,5555,11881,15384,5737,11923,15463,5922,11967,15545,6111,12012,15631,6303,12060,15719,6497,12109,15811,6693,12160,15906,6891,12212,16004,7090,12266,
2112,11224,4063,2164,11230,4097,2221,11238,4135,2301,11249,4188,2405,11265,4257,2531,11287,4340,2679,11316,4438,2845,11351,4547,3028,11393,4668,3226,11442,4798,3436,11498,4936,
3656,11561,5080,3885,11629,5230,4121,11703,5384,4362,11782,5541,4609,11866,5701,4859,11953,5863,5112,12043,6027,5367,12137,6191,5624,12233,6356,5882,12331,6522,6141,12431,6687,
6401,12533,6853,6661,12636,7018,6921,12741,7182,7181,12846,7346,7441,12952,7510,7701,13059,7672,7960,13166,7834,8219,13274,7995,8477,13383,8154,8734,13491,8313,8991,13600,8471,
2282,11018,4174,2331,11029,4206,2384,11041,4242,2460,11059,4291,2557,11084,4356,2676,11115,4434,2816,11153,4527,2974,11198,4631,3150,11250,4746,3339,11309,4871,3542,11374,5004,
3755,11445,5143,3977,11522,5289,4207,11603,5438,4443,11689,5592,4684,11779,5748,4929,11872,5907,5177,11968,6068,5428,12066,6229,5682,12166,6392,5936,12269,6555,6192,12373,6719,
6449,12478,6882,6706,12584,7045,6964,12691,7208,7222,12799,7371,7480,12908,7533,7738,13017,7694,7995,13126,7854,8252,13236,8014,8509,13346,8173,8765,13456,8331,9020,13567,8487,
2462,10806,4291,2507,10822,4321,2557,10838,4354,2627,10862,4400,2719,10894,4461,2831,10933,4535,2963,10980,4622,3114,11035,4721,3281,11097,4831,3463,11166,4950,3657,11240,5078,
3863,11320,5212,4078,11405,5353,4301,11494,5498,4531,11587,5648,4767,11684,5800,5007,11783,5956,5250,11884,6113,5497,11988,6272,5746,12093,6432,5997,12199,6592,6250,12307,6753,
6503,12416,6915,6758,12526,7076,7013,12636,7237,7268,12747,7398,7524,12858,7558,7779,12969,7718,8035,13081,7877,8290,13193,8036,8545,13305,8193,8799,13417,8350,9053,13529,8506,
2699,10535,4445,2740,10554,4473,2786,10576,4503,2851,10607,4545,2935,10646,4601,3039,10696,4669,3162,10753,4750,3303,10819,4843,3460,10893,4946,3632,10973,5058,3816,11059,5179,
4012,11150,5307,4218,11246,5442,4433,11345,5581,4655,11447,5725,4882,11552,5873,5115,11659,6023,5353,11768,6176,5593,11878,6331,5837,11990,6487,6083,12102,6644,6330,12215,6802,
6580,12329,6961,6830,12443,7119,7081,12558,7278,7333,12673,7436,7586,12788,7595,7838,12902,7752,8091,13017,7910,8344,13132,8066,8596,13247,8222,8848,13362,8378,9100,13476,8532,
2988,10216,4632,3025,10240,4657,3067,10266,4684,3125,10303,4722,3202,10351,4773,3296,10410,4835,3409,10479,4909,3539,10557,4994,3685,10642,5090,3845,10735,5195,4018,10834,5308,
4203,10937,5428,4398,11044,5555,4602,11155,5688,4814,11268,5825,5033,11383,5967,5257,11500,6111,5486,11618,6259,5719,11737,6408,5956,11856,6560,6195,11976,6713,6437,12095,6867,
6680,12216,7021,6926,12336,7176,7172,12455,7332,7420,12575,7487,7668,12695,7643,7917,12814,7798,8166,12933,7953,8415,13052,8107,8664,13170,8261,8914,13288,8415,9163,13405,8567,
3318,9867,4845,3351,9894,4867,3388,9925,4891,3440,9968,4925,3509,10023,4971,3595,10090,5027,3698,10169,5094,3816,10258,5172,3950,10356,5259,4098,10461,5355,4259,10572,5460,
4431,10687,5573,4615,10807,5692,4807,10930,5816,5008,11055,5946,5216,11181,6081,5430,11308,6219,5650,11436,6360,5874,11564,6504,6103,11692,6650,6334,11820,6797,6569,11948,6946,
6806,12075,7096,7045,12202,7247,7286,12329,7399,7528,12454,7551,7771,12579,7703,8015,12704,7855,8259,12828,8007,8504,12951,8159,8750,13074,8310,8996,13196,8461,9241,13317,8611,
3679,9502,5076,3709,9533,5096,3742,9567,5117,3788,9614,5148,3850,9675,5188,3927,9749,5239,4020,9837,5299,4128,9935,5370,4250,10043,5449,4385,10159,5537,4534,10281,5634,
4694,10409,5738,4864,10540,5848,5045,10675,5965,5234,10811,6087,5430,10948,6214,5634,11087,6344,5843,11225,6478,6058,11363,6616,6277,11501,6755,6500,11638,6897,6726,11774,7041,
6956,11910,7186,7188,12044,7332,7422,12178,7479,7657,12310,7627,7895,12442,7775,8133,12572,7923,8372,12702,8072,8613,12830,8220,8854,12958,8369,9095,13084,8517,9337,13210,8665,
4064,9135,5321,4090,9167,5339,4119,9203,5358,4161,9254,5385,4216,9319,5421,4286,9399,5466,4369,9492,5520,4466,9597,5584,4577,9713,5656,4701,9838,5736,4837,9971,5824,
4985,10109,5920,5143,10251,6022,5311,10396,6131,5488,10543,6244,5673,10691,6363,5865,10840,6486,6064,10989,6613,6268,11137,6743,6477,11285,6877,6691,11431,7012,6908,11576,7150,
7129,11720,7289,7353,11863,7430,7580,12004,7572,7809,12144,7715,8039,12282,7859,8271,12419,8003,8505,12555,8148,8740,12689,8293,8976,12823,8437,9212,12954,8582,9449,13085,8727,
4465,8773,5575,4488,8806,5590,4514,8843,5608,4552,8895,5632,4601,8963,5664,4663,9046,5704,4738,9144,5753,4826,9254,5810,4927,9376,5875,5040,9508,5948,5165,9648,6029,
5300,9794,6116,5447,9945,6210,5603,10100,6311,5768,10257,6417,5941,10415,6527,6122,10573,6643,6309,10732,6762,6502,10890,6885,6701,11047,7012,6905,11203,7141,7113,11357,7272,
7326,11509,7405,7541,11660,7541,7759,11809,7677,7981,11957,7815,8204,12103,7954,8429,12247,8094,8657,12389,8234,8885,12530,8375,9115,12669,8516,9346,12806,8657,9578,12942,8799,
4878,8420,5835,4898,8454,5848,4922,8492,5863,4955,8545,5885,5000,8614,5914,5056,8698,5950,5123,8798,5993,5203,8912,6045,5294,9038,6104,5397,9175,6170,5511,9320,6243,
5636,9472,6324,5771,9630,6410,5915,9793,6503,6069,9957,6601,6231,10124,6704,6400,10291,6812,6576,10459,6924,6759,10626,7040,6948,10791,7159,7141,10956,7281,7340,11119,7406,
7543,11280,7533,7749,11439,7663,7959,11596,7794,8172,11751,7926,8388,11904,8060,8606,12056,8195,8827,12205,8331,9049,12352,8467,9273,12497,8604,9498,12641,8742,9724,12783,8879,
5298,8081,6097,5317,8115,6109,5338,8152,6122,5368,8205,6142,5408,8274,6167,5459,8359,6200,5520,8460,6239,5592,8575,6286,5675,8703,6339,5769,8842,6399,5873,8991,6466,
5988,9148,6539,6112,9311,6619,6246,9479,6704,6388,9650,6795,6539,9824,6891,6697,9998,6991,6863,10173,7096,7035,10348,7205,7213,10522,7317,7397,10694,7433,7586,10865,7551,
7779,11034,7672,7977,11201,7795,8178,11366,7921,8383,11529,8048,8591,11689,8176,8801,11848,8306,9014,12004,8437,9230,12158,8569,9447,12310,8701,9666,12459,8835,9886,12607,8968,
5724,7757,6360,5741,7790,6371,5760,7827,6383,5787,7879,6400,5823,7947,6423,5869,8032,6453,5924,8132,6488,5990,8247,6530,6066,8375,6578,6151,8515,6633,6247,8666,6694,
6352,8825,6761,6467,8991,6834,6590,9163,6913,6723,9339,6997,6863,9518,7085,7011,9698,7179,7166,9879,7277,7328,10060,7379,7496,10241,7484,7670,10421,7593,7849,10599,7705,
8034,10775,7820,8222,10950,7937,8415,11122,8057,8611,11292,8178,8811,11460,8301,9013,11625,8426,9219,11788,8552,9427,11949,8679,9637,12107,8807,9850,12263,8936,10064,12417,9065,
6153,7448,6622,6169,7480,6632,6186,7516,6643,6210,7567,6659,6243,7634,6680,6285,7717,6706,6335,7815,6738,6395,7929,6776,6464,8056,6820,6542,8196,6870,6630,8347,6926,
6727,8507,6987,6833,8674,7054,6947,8848,7127,7070,9027,7204,7201,9209,7287,7339,9394,7374,7484,9580,7465,7636,9767,7560,7795,9953,7659,7959,10139,7762,8129,10324,7868,
8304,10506,7976,8483,10688,8088,8667,10866,8201,8855,11043,8317,9046,11218,8435,9241,11389,8554,9439,11559,8675,9640,11726,8797,9843,11891,8920,10049,12053,9045,10256,12213,9170,
6584,7153,6883,6598,7185,6892,6614,7219,6902,6636,7269,6916,6666,7334,6935,6703,7415,6959,6750,7511,6988,6804,7623,7023,6867,7748,7063,6939,7886,7109,7020,8035,7160,
7109,8195,7216,7207,8363,7278,7313,8537,7344,7427,8718,7416,7549,8902,7493,7678,9090,7573,7814,9279,7659,7957,9470,7748,8106,9661,7841,8261,9851,7937,8422,10041,8037,
8588,10230,8139,8759,10417,8245,8934,10602,8353,9113,10784,8463,9297,10965,8575,9484,11143,8689,9674,11319,8805,9867,11492,8923,10063,11663,9041,10262,11831,9161,10463,11997,9282,
7015,6873,7142,7028,6903,7150,7042,6937,7159,7063,6984,7172,7090,7047,7189,7124,7126,7211,7167,7219,7238,7217,7328,7269,7275,7451,7306,7341,7586,7348,7415,7733,7394,
7498,7891,7446,7588,8058,7503,7687,8232,7565,7793,8412,7631,7906,8598,7702,8027,8787,7777,8154,8978,7857,8289,9172,7940,8429,9366,8027,8575,9561,8118,8727,9755,8212,
8885,9948,8308,9047,10139,8408,9214,10330,8511,9385,10518,8615,9560,10704,8722,9739,10888,8831,9922,11069,8942,10108,11248,9054,10297,11424,9168,10489,11598,9284,10683,11770,9400,
7446,6606,7398,7458,6635,7406,7471,6667,7414,7490,6713,7426,7515,6774,7441,7546,6849,7461,7585,6940,7485,7631,7045,7514,7685,7164,7548,7746,7297,7586,7815,7441,7629,
7891,7596,7677,7975,7761,7729,8066,7933,7786,8165,8113,7848,8271,8298,7914,8384,8487,7984,8503,8680,8058,8629,8875,8136,8762,9071,8217,8900,9268,8302,9043,9466,8391,
9192,9662,8482,9346,9858,8577,9505,10053,8674,9668,10245,8773,9836,10436,8875,10007,10625,8979,10183,10811,9085,10361,10996,9192,10543,11177,9301,10728,11357,9412,10915,11533,9524,
7876,6351,7651,7887,6379,7658,7899,6410,7665,7916,6454,7676,7939,6512,7690,7969,6584,7709,8004,6672,7731,8047,6774,7757,8096,6889,7788,8153,7018,7824,8217,7159,7863,
8287,7310,7907,8365,7472,7956,8451,7642,8008,8543,7820,8066,8642,8003,8127,8747,8192,8192,8859,8385,8261,8978,8580,8334,9102,8778,8411,9233,8977,8490,9368,9176,8574,
9510,9376,8660,9656,9574,8749,9807,9772,8841,9963,9969,8935,10122,10164,9032,10286,10357,9131,10454,10548,9232,10626,10737,9335,10800,10923,9440,10978,11107,9546,11159,11289,9653,
8305,6107,7900,8315,6134,7906,8326,6163,7913,8342,6205,7923,8363,6261,7936,8390,6331,7953,8423,6415,7974,8463,6513,7998,8509,6625,8027,8561,6749,8059,8620,6886,8096,
8686,7034,8137,8759,7192,8181,8838,7359,8230,8924,7534,8283,9017,7716,8340,9116,7903,8401,9221,8094,8466,9333,8289,8534,9450,8487,8606,9573,8687,8681,9701,8888,8759,
9835,9089,8841,9974,9290,8925,10118,9490,9012,10266,9690,9101,10419,9888,9193,10575,10085,9288,10736,10280,9384,10900,10473,9482,11068,10663,9582,11239,10852,9684,11413,11038,9787,
8732,5874,8146,8741,5899,8152,8752,5927,8158,8767,5967,8167,8786,6021,8179,8811,6087,8195,8842,6168,8214,8879,6262,8236,8921,6370,8262,8970,6491,8293,9025,6623,8326,
9087,6767,8364,9154,6921,8406,9229,7085,8451,9309,7256,8501,9396,7435,8554,9489,7620,8611,9588,7810,8671,9693,8004,8735,9803,8201,8802,9920,8400,8873,10041,8601,8947,
10168,8803,9024,10300,9006,9103,10436,9208,9186,10578,9410,9270,10723,9611,9358,10873,9811,9447,11027,10009,9539,11184,10205,9633,11345,10399,9729,11510,10592,9826,11678,10782,9925,
9158,5649,8388,9166,5673,8393,9176,5700,8399,9190,5739,8407,9208,5790,8418,9231,5854,8433,9260,5931,8450,9294,6021,8471,9334,6125,8496,9379,6241,8523,9431,6370,8555,
9488,6509,8590,9551,6659,8629,9621,6818,8671,9696,6986,8717,9778,7162,8767,9865,7344,8820,9958,7531,8877,10057,7723,8937,10162,7919,9000,10272,8117,9066,10387,8318,9136,
10507,8520,9208,10632,8724,9283,10762,8927,9361,10897,9130,9442,11036,9333,9525,11179,9535,9610,11326,9736,9698,11477,9935,9787,11631,10132,9878,11789,10328,9972,11951,10521,10067,
9581,5433,8626,9589,5456,8630,9598,5482,8636,9611,5519,8644,9628,5567,8654,9650,5628,8667,9676,5702,8684,9708,5789,8703,9745,5889,8726,9788,6001,8752,9836,6125,8781,
9890,6260,8814,9949,6405,8850,10014,6560,8889,10085,6724,8932,10162,6896,8979,10244,7074,9028,10332,7259,9082,10425,7448,9138,10524,7642,9197,10628,7839,9260,10737,8039,9325,
10851,8241,9394,10970,8444,9465,11094,8648,9539,11222,8852,9615,11354,9056,9694,11491,9259,9775,11632,9462,9858,11777,9663,9944,11925,9863,10031,12077,10061,10120,12232,10258,10211,
10003,5225,8860,10010,5247,8864,10018,5271,8869,10030,5306,8876,10046,5353,8886,10067,5411,8899,10092,5482,8914,10121,5565,8932,10156,5661,8953,10196,5769,8977,10241,5888,9004,
10292,6019,9035,10347,6160,9068,10409,6310,9105,10475,6470,9146,10548,6638,9189,10625,6812,9236,10708,6993,9286,10796,7180,9339,10890,7371,9394,10988,7566,9453,11091,7764,9515,
11200,7965,9580,11313,8167,9647,11431,8371,9717,11553,8575,9790,11679,8780,9864,11810,8984,9942,11945,9188,10021,12083,9391,10102,12226,9593,10186,12371,9793,10271,12521,9992,10358,
10422,5024,9090,10429,5044,9094,10437,5068,9099,10448,5101,9105,10463,5145,9114,10482,5201,9126,10505,5269,9140,10533,5349,9157,10566,5441,9177,10603,5544,9199,10646,5659,9225,
10693,5785,9253,10746,5922,9285,10803,6068,9319,10866,6223,9357,10934,6386,9398,11008,6557,9442,11086,6735,9488,11169,6918,9538,11258,7106,9591,11351,7299,9647,11449,7495,9705,
11552,7693,9766,11660,7895,9830,11772,8097,9896,11889,8301,9965,12009,8506,10036,12134,8711,10109,12263,8915,10185,12396,9119,10263,12533,9323,10342,12673,9525,10424,12816,9726,10507,
10839,4828,9316,10846,4848,9320,10853,4870,9324,10863,4902,9331,10877,4944,9339,10895,4998,9350,10917,5063,9363,10944,5139,9379,10974,5227,9397,11010,5327,9418,11049,5438,9442,
11094,5559,9469,11144,5691,9498,11198,5833,9531,11257,5983,9566,11322,6142,9605,11391,6309,9646,11465,6483,9690,11544,6662,9737,11628,6847,9787,11717,7037,9839,11810,7230,9894,
11908,7427,9952,12010,7626,10012,12117,7828,10075,12228,8031,10141,12344,8235,10208,12463,8439,10278,12587,8644,10350,12714,8849,10424,12845,9053,10501,12980,9257,10579,13118,9459,10658,
11254,4639,9538,11260,4658,9542,11267,4679,9546,11277,4709,9552,11290,4750,9560,11307,4801,9570,11328,4863,9582,11352,4936,9597,11381,5021,9614,11415,5116,9634,11452,5223,9656,
11494,5340,9682,11541,5468,9709,11593,5605,9740,11649,5751,9773,11710,5905,9809,11775,6068,9848,11845,6237,9890,11920,6413,9934,12000,6594,9981,12084,6780,10030,12173,6971,10083,
12266,7165,10137,12364,7362,10195,12466,7562,10254,12572,7764,10316,12682,7967,10381,12797,8171,10447,12915,8375,10516,13037,8580,10587,13162,8785,10660,13292,8989,10734,13424,9192,10811,
11667,4454,9757,11672,4472,9760,11679,4493,9764,11688,4522,9770,11701,4560,9777,11717,4609,9787,11736,4668,9798,11760,4739,9812,11787,4820,9828,11818,4912,9847,11854,5014,9868,
11894,5127,9891,11938,5250,9918,11987,5383,9946,12040,5525,9978,12097,5675,10012,12160,5833,10048,12226,5998,10087,12298,6169,10129,12373,6347,10174,12453,6530,10221,12538,6717,10270,
12627,6909,10322,12720,7104,10376,12817,7301,10433,12919,7501,10492,13024,7703,10553,13133,7906,10617,13247,8109,10682,13364,8314,10750,13484,8518,10819,13609,8723,10891,13736,8927,10964,
12077,4275,9972,12083,4292,9975,12089,4311,9979,12098,4339,9984,12109,4376,9991,12124,4423,10000,12143,4479,10011,12165,4547,10024,12191,4625,10039,12221,4713,10056,12254,4812,10076,
12292,4921,10098,12334,5039,10123,12380,5167,10150,12431,5305,10180,12485,5450,10212,12544,5604,10246,12608,5765,10283,12675,5932,10323,12747,6106,10365,12824,6285,10409,12904,6469,10456,
12989,6658,10506,13078,6850,10557,13171,7045,10611,13268,7242,10667,13369,7442,10726,13474,7644,10786,13582,7847,10849,13694,8050,10913,13810,8254,10980,13930,8459,11048,14052,8663,11118,
12486,4099,10183,12491,4116,10186,12497,4134,10189,12505,4161,10194,12516,4196,10201,12530,4241,10209,12548,4295,10220,12569,4360,10232,12593,4435,10246,12621,4519,10263,12653,4614,10281,
12689,4719,10302,12729,4834,10325,12773,4958,10351,12821,5091,10379,12873,5232,10409,12929,5381,10442,12989,5538,10477,13054,5701,10515,13122,5871,10554,13195,6046,10597,13272,6227,10641,
13353,6412,10688,13437,6601,10737,13526,6793,10788,13619,6988,10842,13716,7186,10897,13816,7386,10955,13920,7587,11015,14028,7790,11076,14140,7993,11140,14254,8197,11205,14372,8401,11272,
12892,3928,10391,12897,3943,10393,12902,3961,10397,12910,3987,10401,12921,4020,10407,12934,4063,10415,12951,4116,10425,12971,4177,10437,12994,4249,10450,13021,4331,10466,13051,4422,10483,
13085,4523,10503,13123,4634,10525,13165,4754,10549,13210,4882,10576,13260,5019,10604,13313,5164,10635,13370,5316,10669,13432,5475,10704,13497,5641,10742,13567,5813,10782,13640,5989,10824,
13717,6171,10869,13799,6357,10916,13884,6546,10964,13972,6739,11015,14065,6934,11068,14161,7132,11123,14261,7332,11180,14365,7533,11239,14472,7735,11300,14582,7938,11363,14696,8141,11427,
13296,3760,10595,13301,3775,10597,13306,3792,10600,13313,3816,10605,13323,3849,10611,13336,3890,10618,13352,3940,10627,13371,3999,10638,13393,4068,10651,13418,4147,10666,13447,4235,10682,
13480,4332,10701,13516,4439,10722,13555,4555,10745,13599,4679,10770,13646,4812,10797,13697,4952,10827,13752,5100,10858,13810,5255,10892,13873,5417,10928,13939,5584,10966,14009,5757,11006,
14083,5935,11048,14161,6118,11093,14242,6304,11139,14327,6494,11188,14416,6687,11239,14509,6882,11291,14605,7080,11346,14704,7279,11402,14807,7480,11460,14913,7681,11520,15023,7884,11582,
13698,3595,10796,13702,3610,10798,13707,3626,10801,13715,3649,10805,13724,3680,10811,13736,3720,10818,13751,3768,10826,13769,3825,10837,13790,3891,10849,13815,3967,10863,13842,4052,10879,
13873,4145,10896,13907,4248,10916,13945,4360,10938,13986,4481,10962,14031,4609,10987,14080,4746,11015,14132,4889,11045,14188,5040,11077,14248,5198,11111,14311,5361,11148,14379,5530,11186,
14449,5705,11226,14524,5884,11269,14602,6067,11313,14683,6254,11359,14769,6444,11408,14857,6637,11458,14950,6832,11510,15045,7029,11564,15144,7228,11620,15246,7429,11677,15352,7630,11737,
14098,3434,10993,14102,3448,10995,14107,3463,10998,14114,3486,11002,14123,3515,11007,14135,3553,11014,14149,3600,11022,14166,3654,11032,14186,3718,11044,14209,3791,11057,14235,3872,11072,
14265,3963,11089,14298,4062,11107,14334,4170,11128,14373,4287,11151,14416,4411,11175,14463,4544,11202,14513,4684,11230,14566,4830,11261,14623,4984,11293,14684,5143,11328,14748,5309,11364,
14816,5479,11403,14887,5655,11443,14962,5834,11485,15041,6018,11530,15122,6205,11576,15208,6395,11624,15296,6588,11674,15388,6783,11725,15484,6980,11779,15582,7179,11834,15684,7379,11891,
14496,3275,11187,14500,3288,11190,14505,3303,11192,14511,3325,11196,14520,3354,11201,14531,3390,11207,14545,3434,11215,14561,3487,11224,14580,3548,11235,14602,3618,11248,14627,3697,11262,
14655,3784,11278,14687,3880,11296,14721,3985,11315,14759,4097,11337,14800,4218,11360,14844,4346,11386,14892,4482,11413,14943,4625,11442,14998,4774,11473,15056,4930,11506,15118,5091,11540,
15183,5258,11577,15251,5430,11616,15323,5606,11656,15399,5787,11699,15477,5971,11743,15559,6158,11789,15644,6348,11837,15733,6541,11886,15825,6736,11937,15920,6933,11990,16018,7131,12045,
2324,11359,3878,2372,11365,3909,2424,11372,3944,2498,11383,3993,2594,11397,4057,2712,11417,4135,2850,11443,4226,3006,11474,4329,3180,11513,4443,3368,11557,4567,3568,11609,4699,
3780,11667,4838,4000,11730,4982,4228,11799,5131,4463,11874,5284,4703,11952,5440,4946,12035,5599,5194,12121,5759,5444,12211,5921,5696,12303,6083,5950,12398,6247,6205,12495,6410,
6461,12593,6574,6718,12693,6738,6975,12795,6901,7233,12898,7064,7490,13002,7226,7747,13106,7388,8004,13212,7549,8261,13317,7710,8517,13424,7869,8773,13531,8028,9028,13638,8186,
2481,11170,3980,2526,11180,4010,2575,11191,4043,2645,11206,4089,2736,11228,4149,2848,11255,4223,2979,11289,4310,3129,11329,4408,3295,11376,4518,3476,11430,4637,3670,11489,4764,
3875,11555,4899,4089,11626,5039,4312,11702,5184,4541,11783,5334,4776,11867,5486,5015,11956,5642,5258,12047,5799,5504,12141,5958,5753,12238,6118,6004,12336,6280,6256,12437,6441,
6509,12538,6603,6763,12642,6765,7018,12746,6927,7273,12851,7088,7528,12957,7249,7784,13064,7410,8039,13172,7570,8294,13279,7729,8549,13388,7888,8803,13496,8046,9057,13605,8203,
2647,10973,4089,2689,10986,4117,2736,11001,4148,2802,11021,4191,2888,11049,4248,2993,11084,4317,3118,11126,4400,3261,11174,4494,3420,11230,4599,3594,11292,4713,3781,11360,4835,
3979,11434,4965,4187,11513,5101,4404,11596,5243,4627,11683,5388,4857,11774,5537,5091,11868,5689,5330,11965,5844,5572,12064,6000,5816,12165,6158,6063,12268,6316,6312,12372,6476,
6562,12477,6635,6814,12584,6795,7066,12691,6955,7319,12799,7115,7572,12908,7275,7825,13017,7434,8078,13127,7593,8331,13237,7751,8585,13347,7909,8837,13457,8065,9090,13567,8221,
2869,10717,4233,2908,10734,4259,2951,10753,4287,3012,10779,4327,3092,10814,4380,3190,10857,4445,3307,10909,4522,3441,10968,4610,3591,11034,4709,3756,11106,4817,3934,11185,4933,
4123,11269,5057,4323,11358,5188,4531,11450,5324,4747,11546,5464,4970,11645,5609,5197,11747,5756,5430,11851,5906,5666,11956,6059,5906,12063,6213,6148,12172,6368,6392,12281,6524,
6638,12391,6681,6885,12502,6839,7134,12614,6996,7383,12726,7154,7633,12838,7311,7883,12951,7469,8134,13063,7626,8385,13176,7782,8635,13289,7938,8886,13402,8093,9136,13515,8248,
3141,10413,4410,3177,10434,4433,3216,10457,4459,3272,10489,4495,3345,10531,4543,3435,10583,4603,3543,10644,4674,3667,10714,4755,3807,10792,4847,3961,10876,4948,4129,10966,5058,
4308,11062,5175,4497,11161,5298,4696,11265,5428,4903,11371,5562,5116,11480,5701,5336,11591,5843,5561,11703,5988,5790,11817,6135,6023,11931,6285,6258,12047,6436,6497,12163,6588,
6738,12279,6742,6980,12396,6896,7224,12513,7050,7469,12629,7205,7715,12746,7360,7961,12863,7514,8208,12980,7669,8456,13096,7823,8703,13212,7977,8951,13329,8130,9198,13444,8283,
3455,10076,4612,3487,10100,4633,3523,10127,4656,3573,10164,4689,3639,10213,4733,3721,10273,4787,3820,10344,4851,3934,10424,4926,4063,10512,5011,4206,10608,5104,4362,10710,5206,
4530,10817,5316,4708,10929,5432,4896,11044,5554,5092,11161,5681,5296,11281,5813,5506,11402,5949,5722,11524,6088,5943,11646,6229,6167,11770,6374,6396,11893,6520,6627,12017,6668,
6861,12140,6817,7098,12264,6966,7336,12387,7117,7576,12509,7268,7816,12632,7420,8058,12754,7571,8301,12875,7723,8544,12996,7875,8788,13117,8026,9032,13237,8177,9277,13356,8328,
3802,9720,4835,3830,9747,4853,3862,9777,4874,3907,9818,4904,3967,9873,4943,4041,9940,4992,4131,10018,5050,4235,10107,5118,4353,10206,5195,4485,10312,5281,4629,10425,5375,
4785,10544,5477,4952,10667,5585,5128,10793,5699,5313,10921,5819,5506,11052,5944,5706,11183,6073,5912,11315,6205,6123,11448,6341,6339,11580,6479,6559,11713,6619,6783,11845,6762,
7010,11976,6906,7239,12107,7051,7471,12237,7197,7704,12366,7344,7939,12495,7492,8176,12623,7640,8413,12750,7788,8652,12876,7937,8891,13001,8085,9131,13126,8233,9372,13250,8381,
4173,9356,5072,4198,9385,5089,4227,9418,5107,4267,9463,5134,4321,9521,5169,4388,9594,5212,4469,9678,5265,4564,9775,5327,4672,9881,5397,4792,9997,5476,4925,10119,5562,
5070,10248,5656,5225,10381,5756,5389,10518,5863,5563,10657,5975,5745,10798,6092,5934,10940,6213,6129,11082,6339,6330,11224,6467,6537,11366,6599,6748,11508,6734,6963,11648,6870,
7181,11788,7009,7403,11927,7149,7627,12065,7290,7854,12201,7433,8083,12337,7576,8313,12471,7720,8545,12604,7865,8778,12736,8009,9012,12867,8154,9247,12997,8299,9483,13126,8444,
4562,8995,5319,4585,9025,5334,4611,9058,5351,4647,9106,5374,4695,9167,5406,4756,9243,5445,4829,9333,5493,4915,9434,5548,5013,9547,5612,5124,9669,5684,5246,9800,5763,
5379,9937,5849,5522,10079,5942,5676,10225,6040,5838,10373,6145,6008,10524,6254,6186,10675,6368,6371,10827,6487,6562,10979,6609,6758,11131,6734,6960,11281,6862,7166,11431,6992,
7375,11579,7125,7589,11726,7260,7805,11871,7396,8025,12015,7533,8246,12158,7672,8470,12299,7811,8696,12439,7952,8923,12577,8092,9151,12714,8234,9381,12849,8375,9612,12984,8517,
4965,8640,5573,4985,8671,5586,5008,8705,5601,5041,8754,5622,5084,8817,5651,5139,8895,5686,5205,8987,5729,5283,9093,5779,5373,9210,5837,5474,9337,5902,5586,9473,5975,
5708,9617,6054,5841,9766,6139,5983,9919,6230,6134,10076,6327,6293,10235,6429,6461,10395,6536,6635,10556,6647,6815,10717,6762,7001,10877,6881,7193,11036,7002,7390,11194,7126,
7591,11351,7253,7795,11506,7382,8004,11659,7513,8215,11811,7645,8429,11961,7778,8646,12109,7913,8864,12256,8049,9085,12400,8185,9308,12543,8322,9532,12685,8460,9757,12825,8598,
5377,8297,5831,5395,8328,5843,5416,8362,5856,5445,8411,5875,5484,8475,5901,5534,8554,5932,5594,8647,5971,5665,8755,6017,5746,8874,6069,5839,9005,6129,5941,9145,6195,
6054,9293,6267,6177,9447,6346,6308,9607,6430,6449,9770,6520,6598,9936,6615,6754,10104,6715,6918,10272,6819,7088,10441,6927,7264,10609,7038,7446,10776,7153,7633,10942,7271,
7825,11107,7392,8021,11269,7515,8221,11431,7640,8424,11590,7767,8630,11747,7895,8839,11902,8025,9051,12056,8156,9265,12207,8288,9481,12356,8420,9699,12504,8554,9918,12650,8688,
5795,7966,6091,5812,7997,6101,5830,8031,6113,5857,8080,6131,5892,8143,6153,5937,8222,6182,5992,8316,6217,6056,8424,6259,6131,8544,6307,6215,8676,6361,6310,8819,6421,
6413,8970,6487,6527,9128,6560,6649,9292,6638,6779,9460,6721,6918,9631,6809,7064,9805,6902,7218,9979,6999,7378,10155,7101,7545,10330,7206,7717,10504,7314,7895,10677,7426,
8077,10849,7540,8264,11019,7657,8455,11188,7776,8650,11354,7898,8849,11518,8021,9050,11680,8145,9254,11841,8272,9461,11999,8399,9670,12154,8527,9881,12308,8656,10095,12460,8786,
6217,7650,6351,6232,7680,6361,6249,7714,6371,6274,7761,6387,6306,7824,6408,6347,7902,6434,6396,7995,6466,6455,8102,6503,6524,8222,6547,6601,8355,6596,6688,8498,6651,
6783,8650,6712,6888,8810,6779,7001,8976,6851,7122,9148,6928,7252,9323,7010,7389,9501,7096,7533,9681,7187,7683,9862,7282,7840,10043,7381,8003,10223,7483,8172,10403,7589,
8345,10581,7697,8523,10758,7808,8706,10933,7922,8892,11106,8037,9083,11277,8155,9276,11446,8275,9473,11612,8396,9673,11777,8518,9875,11939,8642,10080,12099,8766,10286,12257,8892,
6642,7347,6610,6656,7377,6619,6671,7410,6629,6693,7456,6643,6723,7518,6662,6760,7594,6686,6806,7685,6715,6860,7791,6749,6922,7910,6789,6993,8041,6834,7073,8184,6884,
7162,8336,6941,7258,8497,7002,7363,8664,7068,7476,8838,7140,7597,9016,7216,7725,9197,7296,7860,9380,7381,8001,9565,7470,8149,9751,7563,8303,9936,7659,8463,10121,7758,
8627,10305,7861,8797,10488,7966,8971,10669,8074,9149,10848,8184,9332,11025,8297,9517,11200,8411,9707,11373,8527,9899,11543,8645,10094,11711,8764,10292,11877,8884,10492,12041,9005,
7068,7059,6868,7081,7087,6876,7095,7119,6885,7115,7165,6898,7142,7224,6915,7176,7299,6937,7218,7388,6963,7268,7491,6995,7325,7608,7031,7391,7737,7072,7464,7878,7119,
7546,8029,7171,7636,8190,7227,7733,8357,7288,7838,8531,7355,7951,8710,7425,8071,8893,7500,8197,9079,7580,8330,9267,7663,8470,9456,7750,8615,9645,7840,8766,9835,7934,
8922,10024,8031,9083,10211,8131,9249,10397,8233,9419,10582,8338,9594,10765,8445,9772,10945,8554,9954,11124,8665,10139,11300,8778,10327,11474,8892,10517,11645,9008,10711,11815,9125,
7495,6783,7124,7506,6811,7131,7519,6842,7139,7538,6885,7151,7563,6943,7167,7594,7015,7187,7633,7102,7211,7678,7203,7240,7731,7317,7273,7792,7444,7311,7860,7582,7354,
7936,7731,7401,8019,7890,7454,8110,8056,7511,8208,8230,7572,8313,8409,7638,8425,8592,7708,8543,8780,7781,8668,8969,7859,8800,9161,7941,8937,9353,8026,9080,9546,8114,
9228,9738,8206,9381,9930,8300,9539,10121,8397,9701,10310,8497,9868,10498,8599,10038,10683,8703,10213,10867,8809,10390,11048,8917,10571,11227,9027,10755,11404,9138,10942,11579,9251,
7921,6520,7377,7932,6547,7383,7944,6576,7391,7961,6618,7402,7984,6674,7416,8013,6744,7434,8048,6827,7457,8090,6925,7483,8139,7036,7514,8195,7160,7549,8259,7296,7588,
8329,7442,7632,8406,7598,7681,8491,7763,7733,8582,7935,7790,8681,8113,7852,8786,8296,7917,8897,8484,7986,9015,8674,8059,9138,8867,8135,9268,9061,8215,9403,9256,8299,
9543,9452,8385,9689,9647,8474,9839,9841,8566,9994,10034,8661,10153,10226,8758,10316,10416,8857,10483,10604,8959,10654,10790,9062,10828,10974,9167,11005,11155,9274,11185,11335,9382,
8347,6269,7627,8356,6294,7633,8367,6322,7640,8383,6363,7650,8404,6416,7663,8431,6483,7680,8464,6564,7700,8503,6659,7725,8549,6766,7753,8601,6887,7785,8659,7019,7822,
8725,7162,7863,8797,7315,7908,8876,7477,7956,8961,7647,8010,9053,7823,8066,9152,8005,8127,9257,8192,8192,9367,8382,8260,9484,8576,8332,9606,8771,8407,9734,8967,8486,
9867,9165,8567,10005,9362,8652,10148,9559,8739,10296,9755,8829,10448,9950,8921,10604,10144,9016,10764,10336,9112,10927,10526,9211,11095,10714,9311,11265,10900,9414,11438,11084,9518,
8771,6027,7873,8780,6051,7879,8790,6079,7885,8805,6117,7895,8824,6169,7907,8849,6233,7922,8880,6311,7941,8916,6402,7964,8958,6506,7990,9007,6623,8020,9062,6751,8054,
9123,6891,8092,9190,7040,8133,9264,7199,8179,9344,7366,8228,9430,7540,8282,9523,7720,8338,9621,7906,8399,9725,8095,8463,9835,8288,8530,9951,8483,8601,10072,8680,8675,
10198,8879,8752,10329,9078,8832,10465,9277,8915,10606,9475,9000,10751,9673,9087,10900,9870,9177,11053,10065,9270,11210,10259,9364,11371,10450,9460,11535,10640,9558,11702,10828,9658,
9193,5795,8117,9202,5819,8122,9211,5845,8128,9225,5882,8136,9243,5931,8147,9266,5993,8162,9295,6068,8179,9329,6155,8200,9368,6256,8225,9414,6369,8253,9465,6493,8284,
9522,6629,8319,9585,6775,8358,9654,6930,8400,9729,7093,8447,9810,7265,8496,9897,7442,8549,9990,7625,8606,10088,7813,8666,10192,8005,8730,10301,8200,8796,10416,8397,8866,
10536,8595,8939,10660,8795,9014,10790,8995,9092,10924,9195,9173,11062,9395,9257,11205,9594,9342,11351,9792,9430,11502,9988,9520,11656,10183,9612,11813,10377,9706,11974,10568,9801,
9615,5572,8356,9622,5594,8361,9631,5619,8367,9644,5655,8374,9661,5702,8385,9683,5761,8398,9709,5833,8415,9741,5918,8434,9778,6014,8457,9820,6123,8483,9868,6244,8512,
9921,6375,8545,9981,6517,8581,10045,6668,8621,10116,6828,8664,10192,6996,8710,10274,7171,8760,10361,7351,8813,10454,7537,8870,10553,7727,8929,10656,7920,8992,10765,8116,9058,
10878,8315,9127,10997,8514,9198,11120,8715,9272,11248,8916,9349,11380,9117,9428,11516,9318,9510,11656,9518,9593,11801,9717,9679,11948,9914,9767,12100,10110,9857,12254,10305,9948,
10034,5357,8592,10041,5378,8597,10049,5402,8602,10061,5436,8609,10077,5481,8619,10097,5538,8631,10122,5607,8647,10152,5688,8665,10186,5781,8686,10226,5886,8710,10271,6003,8737,
10321,6130,8768,10377,6268,8802,10438,6415,8839,10504,6571,8879,10576,6735,8923,10653,6906,8970,10736,7084,9020,10824,7267,9073,10917,7454,9129,11015,7646,9188,11118,7841,9250,
11226,8038,9315,11338,8237,9383,11456,8438,9453,11578,8639,9526,11704,8841,9601,11834,9043,9679,11968,9244,9758,12106,9445,9840,12248,9644,9924,12393,9843,10010,12542,10040,10098,
10451,5149,8825,10458,5170,8829,10466,5192,8834,10477,5225,8840,10492,5268,8850,10511,5322,8861,10534,5389,8875,10562,5466,8892,10594,5556,8912,10632,5657,8934,10674,5770,8960,
10721,5893,8989,10773,6026,9020,10831,6169,9055,10893,6321,9093,10961,6481,9134,11034,6649,9178,11112,6823,9225,11195,7003,9275,11283,7188,9328,11376,7377,9384,11474,7570,9442,
11577,7766,9504,11684,7964,9568,11796,8164,9635,11912,8365,9704,12033,8567,9775,12157,8769,9849,12286,8971,9925,12418,9173,10003,12554,9374,10084,12694,9574,10166,12837,9773,10250,
10866,4948,9054,10873,4968,9057,10880,4989,9062,10891,5020,9068,10905,5062,9077,10923,5114,9087,10944,5177,9101,10971,5252,9116,11001,5338,9135,11036,5435,9156,11076,5544,9180,
11120,5663,9207,11170,5792,9237,11224,5931,9269,11283,6078,9305,11347,6234,9343,11416,6398,9385,11490,6568,9429,11569,6745,9476,11652,6927,9526,11741,7113,9579,11834,7304,9634,
11931,7498,9693,12034,7694,9753,12140,7893,9817,12251,8093,9882,12366,8295,9950,12485,8497,10021,12608,8700,10093,12735,8902,10168,12866,9104,10244,13000,9305,10323,13138,9506,10403,
11280,4753,9279,11286,4771,9282,11293,4792,9286,11302,4822,9292,11316,4861,9300,11333,4911,9310,11353,4972,9323,11378,5044,9338,11407,5127,9355,11440,5220,9375,11477,5325,9397,
11519,5440,9422,11566,5565,9450,11617,5699,9481,11673,5843,9515,11734,5995,9551,11799,6154,9590,11869,6321,9632,11944,6494,9676,12023,6672,9723,12107,6856,9773,12196,7043,9826,
12289,7235,9881,12386,7430,9938,12488,7627,9998,12593,7826,10061,12703,8026,10126,12817,8228,10193,12935,8430,10262,13057,8633,10333,13182,8836,10406,13311,9038,10482,13444,9239,10559,
11691,4563,9500,11697,4581,9504,11703,4601,9507,11712,4629,9513,11725,4667,9520,11741,4715,9530,11760,4773,9542,11784,4842,9555,11811,4922,9572,11842,5012,9590,11878,5112,9612,
11917,5223,9635,11961,5344,9662,12010,5474,9690,12063,5614,9722,12120,5761,9756,12182,5917,9793,12249,6079,9832,12320,6248,9874,12395,6423,9919,12475,6603,9966,12559,6788,10016,
12648,6977,10068,12741,7169,10123,12838,7365,10180,12939,7562,10240,13044,7761,10301,13153,7962,10365,13266,8164,10431,13383,8366,10499,13504,8569,10569,13627,8771,10641,13755,8973,10715,
12100,4379,9718,12106,4396,9721,12112,4415,9725,12120,4442,9730,12132,4478,9737,12147,4524,9746,12166,4580,9757,12188,4646,9770,12213,4722,9785,12243,4809,9803,12277,4906,9823,
12314,5013,9845,12356,5130,9870,12402,5256,9897,12452,5391,9927,12507,5534,9959,12566,5685,9994,12629,5844,10031,12697,6009,10071,12768,6180,10113,12844,6357,10158,12925,6539,10205,
13009,6725,10255,13098,6914,10307,13191,7107,10361,13287,7303,10418,13388,7500,10477,13493,7700,10537,13601,7900,10600,13713,8102,10665,13829,8304,10732,13948,8507,10801,14070,8709,10872,
12507,4199,9932,12512,4215,9935,12518,4233,9939,12527,4259,9944,12538,4294,9950,12552,4338,9959,12569,4391,9969,12590,4455,9981,12615,4528,9996,12643,4612,10012,12675,4705,10031,
12710,4808,10052,12750,4921,10076,12794,5043,10101,12841,5174,10130,12893,5313,10160,12949,5460,10193,13009,5615,10228,13074,5776,10266,13142,5943,10306,13215,6116,10349,13291,6295,10393,
13372,6477,10441,13457,6664,10490,13545,6854,10542,13638,7048,10595,13734,7243,10651,13835,7441,10710,13939,7640,10770,14046,7841,10832,14157,8043,10896,14272,8245,10962,14390,8447,11030,
12912,4023,10143,12917,4038,10146,12923,4056,10149,12931,4081,10154,12941,4114,10160,12955,4156,10168,12971,4208,10178,12991,4268,10190,13014,4339,10203,13041,4419,10219,13071,4509,10237,
13105,4609,10257,13143,4718,10279,13184,4836,10303,13230,4963,10330,13279,5098,10359,13333,5241,10390,13390,5391,10423,13451,5548,10459,13516,5712,10497,13586,5881,10537,13659,6056,10580,
13736,6235,10625,13817,6419,10672,13902,6606,10721,13991,6797,10772,14083,6991,10826,14179,7186,10881,14279,7384,10939,14382,7583,10998,14489,7784,11059,14599,7985,11123,14713,8187,11188,
13315,3851,10351,13320,3866,10353,13325,3882,10357,13333,3906,10361,13343,3938,10367,13356,3979,10374,13371,4028,10384,13390,4087,10395,13412,4155,10407,13438,4232,10422,13467,4319,10439,
13499,4415,10458,13535,4520,10479,13574,4634,10502,13618,4757,10527,13665,4888,10555,13715,5027,10584,13770,5173,10616,13829,5326,10650,13891,5486,10686,13957,5651,10724,14027,5822,10765,
14101,5998,10808,14178,6179,10852,14260,6363,10899,14345,6551,10948,14433,6742,10999,14525,6936,11052,14621,7131,11107,14721,7329,11164,14823,7528,11223,14929,7728,11283,15039,7929,11346,
13717,3682,10555,13721,3697,10558,13726,3713,10560,13733,3736,10565,13743,3766,10570,13755,3805,10577,13770,3853,10586,13788,3909,10596,13809,3974,10609,13833,4049,10623,13860,4132,10639,
13891,4225,10656,13925,4327,10676,13963,4437,10698,14004,4556,10722,14049,4683,10748,14098,4818,10776,14150,4960,10806,14206,5109,10839,14265,5265,10873,14329,5426,10910,14396,5594,10948,
14466,5766,10989,14541,5943,11032,14619,6125,11076,14700,6310,11123,14785,6498,11172,14874,6689,11223,14966,6883,11275,15061,7079,11330,15160,7276,11386,15262,7475,11444,15367,7674,11504,
14116,3517,10756,14120,3531,10758,14125,3546,10761,14131,3568,10765,14141,3598,10770,14152,3635,10777,14167,3681,10785,14184,3735,10795,14204,3798,10807,14227,3870,10820,14253,3950,10835,
14282,4040,10852,14315,4138,10871,14351,4245,10892,14390,4360,10915,14433,4483,10939,14480,4614,10966,14529,4752,10995,14583,4897,11026,14640,5049,11058,14701,5207,11093,14765,5370,11130,
14832,5539,11169,14904,5713,11209,14978,5891,11252,15056,6073,11297,15138,6258,11343,15223,6447,11392,15312,6638,11442,15404,6832,11494,15499,7027,11548,15597,7225,11604,15699,7423,11661,
14513,3355,10954,14517,3368,10956,14521,3383,10959,14528,3404,10962,14537,3433,10967,14548,3469,10974,14561,3512,10982,14578,3565,10991,14597,3625,11002,14619,3694,11015,14644,3772,11029,
14672,3858,11045,14703,3953,11063,14738,4056,11083,14775,4168,11105,14816,4287,11128,14861,4414,11154,14908,4548,11181,14960,4690,11210,15014,4838,11241,15072,4992,11275,15134,5152,11310,
15199,5317,11347,15267,5487,11386,15339,5662,11426,15414,5841,11469,15492,6023,11514,15574,6209,11560,15659,6398,11608,15748,6589,11658,15839,6783,11710,15934,6978,11763,16032,7175,11819,
2534,11494,3695,2578,11499,3724,2626,11505,3756,2695,11515,3801,2784,11528,3861,2894,11546,3933,3023,11569,4019,3171,11598,4116,3334,11633,4224,3513,11674,4342,3705,11721,4468,
3908,11774,4601,4120,11833,4740,4340,11898,4885,4568,11968,5033,4801,12042,5185,5039,12120,5340,5280,12202,5497,5525,12288,5656,5773,12376,5816,6022,12468,5977,6273,12561,6138,
6526,12656,6300,6779,12754,6462,7033,12853,6624,7287,12953,6786,7542,13054,6947,7797,13156,7108,8051,13259,7269,8306,13363,7429,8560,13468,7588,8814,13573,7746,9067,13678,7904,
2678,11319,3789,2720,11327,3817,2766,11337,3847,2831,11351,3890,2916,11370,3947,3021,11394,4016,3145,11424,4098,3286,11460,4191,3444,11503,4295,3617,11552,4409,3802,11606,4531,
3999,11667,4660,4206,11733,4795,4421,11804,4936,4644,11879,5082,4872,11959,5230,5106,12043,5382,5343,12130,5537,5585,12220,5693,5829,12312,5851,6075,12407,6009,6323,12504,6169,
6573,12602,6329,6824,12703,6489,7075,12804,6650,7327,12907,6810,7580,13010,6970,7833,13115,7130,8086,13220,7289,8339,13325,7448,8591,13432,7606,8844,13538,7764,9096,13645,7921,
2833,11135,3890,2873,11146,3916,2916,11159,3945,2978,11177,3986,3059,11201,4039,3158,11232,4105,3276,11269,4183,3412,11313,4272,3563,11363,4372,3730,11420,4481,3909,11482,4599,
4100,11550,4724,4301,11623,4856,4510,11700,4993,4728,11782,5135,4951,11868,5280,5180,11957,5429,5413,12049,5581,5651,12144,5734,5891,12241,5889,6134,12339,6046,6379,12440,6203,
6625,12542,6361,6874,12645,6520,7123,12750,6678,7373,12855,6837,7623,12961,6996,7874,13068,7154,8125,13175,7312,8376,13283,7470,8627,13391,7627,8878,13500,7784,9129,13608,7940,
3041,10894,4026,3078,10908,4050,3118,10925,4077,3176,10948,4114,3251,10979,4164,3344,11017,4226,3455,11062,4299,3583,11115,4383,3727,11175,4478,3885,11241,4581,4056,11313,4694,
4239,11390,4813,4432,11472,4940,4634,11558,5072,4845,11648,5209,5061,11742,5350,5284,11838,5495,5512,11937,5642,5743,12038,5792,5979,12140,5944,6217,12245,6097,6457,12350,6251,
6700,12457,6407,6944,12565,6563,7190,12673,6719,7436,12782,6876,7684,12892,7032,7932,13002,7189,8180,13112,7345,8429,13223,7501,8678,13334,7657,8926,13445,7812,9175,13556,7966,
3298,10604,4192,3332,10622,4214,3369,10642,4239,3422,10670,4274,3491,10708,4320,3578,10754,4376,3681,10808,4444,3800,10871,4522,3934,10941,4611,4083,11017,4708,4244,11100,4814,
4418,11188,4927,4601,11281,5048,4795,11377,5174,4996,11477,5305,5205,11580,5440,5420,11685,5580,5640,11792,5722,5865,11900,5867,6094,12010,6015,6326,12121,6164,6561,12233,6315,
6798,12346,6467,7038,12459,6619,7279,12573,6773,7521,12687,6926,7764,12801,7080,8009,12915,7234,8254,13029,7388,8499,13144,7542,8745,13258,7696,8991,13372,7849,9237,13486,8002,
3597,10279,4385,3627,10300,4405,3661,10324,4428,3709,10357,4459,3772,10400,4501,3852,10454,4553,3946,10517,4615,4056,10589,4687,4181,10669,4769,4319,10757,4859,4470,10851,4958,
4633,10950,5064,4806,11053,5178,4990,11161,5297,5181,11271,5421,5380,11384,5551,5586,11499,5684,5798,11615,5821,6015,11732,5961,6236,11851,6103,6461,11970,6247,6689,12089,6394,
6921,12209,6541,7154,12328,6690,7390,12448,6840,7627,12568,6990,7865,12687,7141,8105,12806,7292,8346,12925,7443,8587,13044,7594,8829,13162,7745,9072,13280,7896,9314,13398,8046,
3929,9932,4599,3956,9956,4617,3987,9982,4637,4030,10020,4666,4088,10068,4703,4160,10128,4750,4246,10199,4807,4347,10280,4873,4461,10370,4948,4589,10467,5032,4730,10571,5123,
4882,10681,5222,5044,10796,5328,5216,10914,5440,5398,11035,5557,5586,11159,5680,5783,11283,5806,5985,11410,5937,6193,11536,6071,6405,11664,6207,6622,11791,6346,6843,11919,6487,
7067,12046,6630,7294,12173,6774,7523,12300,6920,7754,12426,7066,7987,12551,7213,8221,12676,7360,8457,12801,7508,8694,12925,7656,8932,13048,7804,9170,13170,7953,9409,13292,8100,
4287,9574,4828,4311,9600,4845,4339,9629,4863,4378,9669,4888,4430,9722,4922,4495,9788,4965,4574,9865,5016,4666,9953,5076,4771,10050,5145,4889,10157,5221,5018,10270,5306,
5159,10390,5397,5311,10514,5496,5472,10643,5600,5642,10774,5710,5820,10908,5825,6006,11043,5945,6198,11179,6069,6397,11315,6196,6600,11452,6327,6808,11588,6460,7021,11724,6595,
7237,11860,6733,7456,11995,6872,7678,12129,7013,7903,12262,7154,8129,12394,7297,8358,12526,7441,8588,12656,7585,8819,12786,7729,9052,12914,7874,9285,13042,8019,9520,13169,8164,
4664,9214,5069,4687,9242,5083,4711,9272,5100,4747,9315,5123,4794,9371,5153,4853,9440,5192,4924,9522,5238,5008,9615,5293,5104,9720,5355,5212,9833,5425,5331,9954,5503,
5462,10082,5587,5602,10216,5678,5753,10353,5775,5912,10494,5878,6079,10637,5986,6254,10782,6099,6436,10927,6216,6625,11073,6336,6819,11218,6460,7018,11364,6587,7221,11508,6717,
7429,11652,6849,7640,11795,6982,7854,11937,7118,8072,12077,7255,8291,12217,7393,8513,12355,7532,8737,12492,7672,8963,12628,7813,9190,12762,7954,9418,12895,8095,9647,13027,8237,
5057,8859,5317,5077,8887,5330,5099,8919,5345,5131,8963,5365,5173,9021,5393,5227,9093,5428,5292,9178,5470,5368,9275,5519,5456,9384,5576,5554,9502,5640,5664,9630,5711,
5785,9764,5789,5915,9905,5873,6055,10050,5963,6203,10199,6059,6360,10351,6160,6525,10504,6265,6697,10658,6375,6875,10812,6489,7059,10967,6606,7248,11121,6727,7443,11274,6850,
7642,11426,6976,7844,11577,7105,8051,11726,7235,8260,11874,7366,8473,12021,7500,8688,12166,7634,8905,12310,7770,9124,12452,7906,9345,12592,8043,9568,12731,8181,9792,12869,8319,
5460,8513,5570,5477,8541,5582,5498,8573,5595,5527,8618,5614,5565,8677,5639,5614,8750,5670,5673,8837,5708,5742,8937,5753,5822,9048,5805,5913,9171,5863,6014,9302,5929,
6125,9442,6000,6245,9588,6078,6375,9739,6161,6514,9895,6250,6660,10053,6344,6815,10214,6442,6976,10376,6546,7144,10538,6653,7319,10700,6764,7499,10862,6878,7684,11023,6995,
7874,11183,7115,8068,11342,7238,8266,11499,7362,8468,11654,7489,8672,11808,7617,8880,11960,7746,9090,12110,7877,9303,12259,8009,9517,12406,8142,9734,12551,8275,9952,12695,8409,
5870,8177,5827,5886,8206,5837,5904,8238,5849,5931,8283,5866,5966,8342,5888,6010,8415,5917,6063,8503,5951,6127,8604,5992,6200,8717,6039,6283,8841,6093,6376,8976,6153,
6479,9119,6218,6590,9269,6290,6711,9425,6367,6839,9585,6449,6976,9749,6537,7121,9916,6629,7273,10084,6725,7431,10253,6826,7596,10422,6931,7767,10591,7039,7943,10760,7150,
8124,10927,7264,8309,11093,7380,8499,11257,7499,8692,11420,7620,8889,11580,7743,9089,11739,7867,9292,11896,7993,9498,12052,8121,9706,12205,8249,9916,12356,8378,10128,12506,8508,
6285,7855,6084,6300,7883,6093,6317,7915,6104,6341,7959,6120,6372,8018,6140,6413,8091,6166,6462,8178,6197,6520,8279,6235,6587,8393,6278,6663,8518,6327,6749,8653,6381,
6843,8798,6442,6947,8950,6508,7058,9109,6579,7178,9274,6655,7306,9442,6737,7442,9613,6823,7584,9787,6913,7733,9961,7007,7889,10136,7106,8050,10311,7207,8217,10486,7312,
8389,10660,7421,8566,10832,7531,8747,11003,7645,8933,11173,7760,9122,11340,7878,9314,11506,7997,9510,11669,8118,9708,11831,8241,9909,11990,8365,10113,12148,8490,10318,12303,8615,
6704,7546,6341,6718,7573,6350,6733,7604,6360,6755,7648,6374,6784,7706,6392,6821,7778,6416,6866,7864,6445,6919,7964,6479,6981,8077,6518,7051,8201,6563,7130,8337,6613,
7217,8482,6669,7313,8636,6730,7417,8796,6796,7528,8963,6866,7648,9134,6942,7774,9309,7022,7908,9486,7107,8048,9665,7195,8195,9845,7287,8348,10025,7383,8506,10205,7483,
8669,10385,7585,8838,10563,7690,9011,10740,7798,9188,10915,7908,9369,11089,8020,9554,11261,8135,9742,11430,8251,9933,11598,8368,10127,11764,8488,10324,11927,8608,10523,12088,8730,
7125,7250,6598,7137,7277,6606,7151,7307,6615,7171,7349,6627,7198,7406,6644,7232,7476,6666,7273,7561,6692,7322,7659,6723,7379,7771,6759,7444,7894,6801,7517,8029,6847,
7598,8173,6898,7686,8327,6954,7783,8488,7015,7887,8655,7081,7999,8828,7152,8117,9005,7226,8243,9185,7305,8375,9367,7388,8513,9551,7475,8657,9735,7565,8807,9919,7659,
8962,10104,7756,9122,10287,7855,9287,10469,7958,9456,10650,8062,9629,10829,8170,9807,11007,8279,9987,11182,8390,10171,11355,8503,10358,11526,8617,10548,11696,8733,10741,11862,8851,
7547,6966,6853,7558,6992,6860,7571,7022,6868,7590,7063,6880,7614,7118,6895,7645,7187,6915,7683,7269,6939,7728,7365,6968,7781,7475,7001,7841,7596,7039,7909,7729,7082,
7984,7872,7129,8066,8024,7181,8156,8185,7238,8253,8352,7299,8357,8525,7364,8468,8703,7434,8586,8885,7508,8710,9069,7585,8841,9255,7667,8977,9443,7752,9119,9631,7840,
9266,9819,7931,9418,10006,8026,9575,10193,8123,9736,10379,8223,9902,10563,8325,10072,10745,8429,10245,10926,8535,10422,11104,8644,10602,11281,8753,10785,11455,8865,10971,11627,8978,
7969,6695,7105,7980,6721,7112,7991,6749,7119,8008,6789,7130,8031,6842,7144,8060,6909,7163,8095,6989,7185,8137,7083,7211,8185,7189,7242,8241,7308,7277,8304,7438,7316,
8373,7579,7360,8450,7730,7408,8534,7889,7461,8625,8055,7518,8722,8228,7579,8827,8406,7644,8937,8588,7713,9054,8773,7786,9177,8961,7862,9306,9151,7942,9440,9341,8025,
9579,9532,8112,9724,9723,8201,9873,9913,8293,10027,10103,8388,10186,10291,8485,10348,10478,8584,10514,10663,8686,10684,10846,8789,10857,11027,8895,11034,11207,9002,11213,11384,9110,
8391,6436,7356,8401,6460,7362,8412,6487,7368,8427,6526,7378,8448,6577,7391,8475,6642,7408,8507,6719,7429,8546,6810,7453,8591,6914,7481,8643,7030,7514,8701,7157,7550,
8766,7296,7591,8838,7444,7636,8916,7600,7684,9001,7765,7737,9093,7936,7794,9190,8113,7855,9294,8295,7920,9404,8480,7988,9520,8669,8060,9642,8860,8135,9769,9052,8214,
9901,9245,8295,10039,9438,8380,10181,9632,8467,10328,9824,8557,10479,10016,8649,10634,10206,8744,10793,10395,8841,10956,10583,8940,11123,10768,9041,11293,10952,9144,11465,11134,9248,
8812,6187,7603,8821,6210,7608,8831,6236,7615,8846,6274,7624,8865,6323,7636,8890,6385,7651,8920,6460,7670,8956,6548,7693,8998,6649,7719,9046,6761,7749,9101,6886,7783,
9161,7021,7821,9228,7166,7862,9302,7320,7908,9381,7482,7957,9467,7651,8011,9559,7826,8067,9657,8007,8128,9760,8192,8192,9870,8380,8260,9985,8571,8330,10105,8764,8404,
10231,8959,8481,10361,9154,8561,10497,9349,8644,10637,9544,8730,10781,9739,8818,10929,9932,8908,11082,10125,9000,11238,10316,9095,11398,10505,9191,11561,10692,9290,11728,10878,9390,
9232,5948,7847,9240,5970,7852,9250,5995,7858,9263,6031,7867,9281,6079,7878,9304,6138,7892,9332,6211,7910,9366,6296,7931,9405,6393,7955,9450,6502,7983,9501,6623,8014,
9558,6754,8049,9621,6896,8088,9689,7047,8131,9764,7206,8177,9845,7373,8227,9931,7546,8280,10023,7725,8337,10121,7909,8397,10224,8096,8460,10333,8287,8527,10447,8480,8597,
10567,8675,8670,10691,8871,8745,10819,9067,8824,10953,9264,8905,11091,9461,8989,11233,9657,9075,11379,9852,9163,11528,10046,9253,11682,10238,9345,11839,10429,9440,11999,10618,9536,
9650,5718,8088,9658,5739,8093,9667,5763,8098,9679,5798,8106,9696,5843,8117,9718,5901,8130,9744,5970,8146,9776,6052,8166,9812,6146,8188,9855,6252,8214,9902,6369,8244,
9955,6497,8276,10014,6635,8313,10079,6782,8352,10149,6938,8395,10225,7102,8442,10306,7272,8492,10393,7449,8545,10486,7631,8602,10583,7817,8662,10686,8006,8725,10795,8199,8791,
10908,8393,8859,11026,8590,8931,11148,8787,9005,11276,8985,9082,11407,9183,9162,11543,9381,9244,11683,9578,9328,11826,9774,9414,11974,9969,9502,12124,10163,9593,12279,10355,9685,
10067,5496,8326,10074,5516,8330,10083,5540,8335,10094,5573,8342,10110,5616,8352,10130,5672,8365,10155,5739,8380,10185,5817,8398,10219,5908,8419,10259,6010,8443,10303,6123,8471,
10353,6248,8501,10408,6382,8535,10469,6525,8572,10535,6678,8613,10607,6838,8657,10684,7006,8703,10766,7179,8754,10853,7359,8807,10946,7543,8863,11043,7731,8923,11146,7922,8985,
11254,8116,9050,11366,8312,9118,11483,8509,9188,11604,8707,9261,11730,8906,9337,11859,9105,9415,11993,9304,9495,12131,9502,9578,12272,9699,9662,12417,9895,9748,12566,10090,9836,
10482,5282,8560,10489,5301,8564,10497,5324,8569,10508,5355,8576,10523,5397,8585,10542,5450,8596,10565,5514,8610,10593,5590,8627,10625,5678,8647,10662,5776,8670,10704,5886,8695,
10751,6006,8724,10803,6136,8756,10860,6276,8791,10923,6425,8829,10990,6582,8870,11063,6746,8914,11141,6916,8961,11223,7093,9011,11311,7274,9064,11404,7460,9120,11501,7650,9179,
11603,7842,9241,11710,8037,9305,11822,8234,9372,11937,8432,9442,12057,8631,9514,12182,8831,9588,12310,9030,9664,12442,9230,9743,12577,9428,9824,12717,9626,9906,12859,9823,9991,
10896,5074,8791,10902,5093,8795,10909,5115,8799,10920,5145,8805,10934,5185,8814,10952,5236,8825,10973,5298,8838,10999,5371,8854,11030,5455,8872,11065,5550,8894,11104,5656,8918,
11149,5772,8945,11198,5899,8974,11252,6034,9007,11311,6179,9043,11375,6332,9081,11443,6492,9123,11517,6660,9167,11595,6833,9215,11679,7012,9265,11767,7195,9318,11859,7382,9374,
11957,7573,9432,12058,7767,9493,12165,7963,9557,12275,8160,9623,12390,8359,9691,12509,8559,9762,12631,8759,9835,12758,8959,9910,12888,9158,9987,13022,9358,10066,13159,9556,10147,
11307,4874,9018,11313,4892,9022,11320,4912,9026,11330,4941,9032,11343,4980,9040,11360,5028,9050,11381,5088,9062,11405,5158,9077,11434,5239,9095,11467,5330,9115,11504,5433,9137,
11546,5545,9162,11592,5668,9190,11644,5800,9221,11699,5940,9255,11760,6089,9291,11825,6246,9330,11895,6409,9372,11969,6579,9417,12048,6755,9465,12132,6936,9515,12220,7120,9567,
12313,7309,9623,12410,7501,9681,12511,7695,9741,12617,7892,9804,12726,8090,9869,12840,8289,9936,12957,8489,10006,13079,8689,10078,13204,8890,10151,13332,9090,10227,13464,9289,10304,
11717,4679,9242,11723,4696,9245,11729,4715,9249,11738,4743,9255,11751,4780,9262,11767,4827,9272,11786,4884,9284,11809,4951,9298,11836,5029,9314,11868,5118,9333,11903,5216,9354,
11943,5325,9378,11987,5444,9404,12035,5571,9433,12088,5708,9465,12145,5853,9499,12207,6006,9536,12273,6166,9576,12344,6332,9618,12419,6504,9663,12499,6682,9710,12583,6864,9760,
12671,7050,9813,12763,7240,9868,12860,7432,9925,12961,7627,9985,13066,7824,10047,13175,8023,10111,13288,8222,10178,13404,8422,10246,13524,8623,10317,13648,8823,10389,13775,9023,10463,
12125,4489,9463,12130,4505,9466,12136,4524,9469,12145,4551,9475,12157,4586,9482,12172,4631,9491,12190,4686,9502,12212,4751,9515,12238,4826,9530,12267,4911,9548,12301,5006,9568,
12338,5111,9590,12380,5226,9615,12426,5350,9643,12476,5482,9673,12530,5623,9705,12589,5772,9740,12652,5928,9777,12719,6091,9817,12791,6259,9860,12867,6434,9905,12947,6613,9952,
13031,6796,10002,13120,6983,10055,13212,7174,10109,13309,7367,10166,13409,7562,10225,13513,7759,10286,13621,7958,10350,13733,8157,10415,13848,8358,10483,13967,8558,10552,14089,8759,10623,
12531,4304,9680,12536,4320,9683,12542,4338,9686,12550,4363,9691,12561,4397,9698,12575,4440,9706,12593,4493,9717,12613,4555,9729,12638,4628,9744,12666,4710,9760,12697,4801,9779,
12733,4903,9800,12773,5014,9824,12816,5134,9850,12864,5262,9878,12916,5399,9909,12971,5544,9942,13031,5696,9977,13095,5855,10015,13164,6020,10055,13236,6191,10098,13312,6367,10143,
13393,6547,10191,13477,6732,10240,13566,6920,10292,13658,7111,10347,13754,7304,10403,13854,7500,10461,13958,7697,10522,14065,7896,10585,14176,8095,10649,14290,8295,10716,14408,8496,10784,
12935,4124,9894,12939,4139,9896,12945,4156,9900,12953,4180,9904,12963,4213,9911,12977,4255,9919,12993,4305,9928,13013,4365,9940,13036,4435,9954,13063,4514,9970,13093,4602,9987,
13127,4700,10007,13164,4807,10030,13206,4924,10054,13251,5048,10081,13300,5181,10110,13354,5322,10141,13411,5470,10175,13472,5625,10211,13537,5787,10249,13606,5954,10290,13679,6127,10333,
13756,6304,10378,13837,6485,10425,13921,6671,10475,14010,6859,10526,14102,7051,10580,14198,7244,10636,14297,7440,10694,14401,7637,10754,14507,7836,10816,14617,8035,10879,14730,8235,10945,
13337,3947,10104,13341,3962,10107,13346,3978,10110,13354,4002,10114,13364,4033,10120,13377,4073,10128,13392,4122,10137,13411,4179,10148,13433,4246,10161,13458,4322,10176,13487,4408,10193,
13519,4503,10212,13555,4606,10233,13595,4719,10256,13638,4840,10282,13685,4969,10309,13735,5106,10339,13790,5250,10371,13848,5401,10405,13911,5559,10441,13977,5722,10480,14046,5891,10521,
14120,6065,10564,14197,6244,10609,14278,6426,10656,14363,6612,10705,14452,6801,10757,14544,6993,10810,14639,7187,10865,14738,7383,10923,14841,7580,10982,14947,7778,11043,15056,7977,11106,
13737,3775,10311,13741,3789,10314,13746,3805,10317,13753,3827,10321,13763,3858,10327,13775,3896,10334,13790,3943,10343,13808,3998,10353,13829,4063,10365,13853,4136,10380,13880,4218,10396,
13911,4310,10414,13945,4410,10434,13983,4519,10456,14024,4636,10480,14069,4761,10506,14117,4894,10534,14169,5035,10565,14225,5182,10597,14284,5336,10632,14347,5496,10668,14414,5661,10707,
14485,5832,10748,14559,6007,10791,14636,6187,10836,14718,6370,10883,14803,6556,10932,14891,6746,10983,14983,6937,11036,15078,7131,11091,15177,7327,11148,15279,7524,11206,15384,7722,11267,
14135,3606,10516,14139,3620,10518,14144,3635,10521,14151,3657,10525,14160,3686,10530,14171,3722,10537,14186,3767,10545,14203,3821,10555,14223,3883,10567,14246,3954,10580,14272,4033,10595,
14301,4121,10612,14334,4218,10631,14369,4324,10652,14409,4437,10675,14452,4559,10700,14498,4688,10727,14548,4825,10756,14601,4968,10787,14658,5118,10820,14718,5274,10855,14782,5436,10892,
14850,5603,10931,14921,5775,10972,14996,5952,11015,15074,6132,11060,15155,6316,11107,15240,6502,11156,15328,6692,11207,15420,6884,11259,15515,7078,11314,15613,7273,11370,15714,7470,11427,
14531,3441,10717,14535,3454,10719,14540,3468,10722,14546,3489,10725,14555,3517,10730,14566,3552,10737,14580,3596,10745,14596,3647,10754,14615,3707,10765,14637,3775,10778,14662,3852,10792,
14690,3937,10809,14721,4031,10827,14755,4133,10847,14793,4243,10869,14834,4361,10892,14878,4486,10918,14926,4619,10945,14977,4759,10975,15031,4905,11006,15089,5058,11040,15151,5216,11075,
15215,5380,11112,15284,5548,11152,15355,5721,11193,15430,5898,11236,15509,6079,11281,15590,6263,11327,15675,6451,11376,15764,6640,11426,15855,6832,11478,15950,7026,11532,16047,7221,11588,
2741,11627,3513,2782,11632,3540,2827,11638,3570,2891,11646,3613,2974,11658,3668,3077,11675,3735,3198,11696,3816,3337,11722,3908,3492,11754,4010,3662,11791,4122,3845,11835,4243,
4040,11884,4370,4244,11939,4505,4457,11999,4644,4677,12064,4788,4904,12134,4936,5135,12208,5087,5371,12287,5241,5611,12368,5397,5854,12453,5554,6098,12541,5712,6345,12631,5871,
6594,12723,6031,6844,12817,6191,7094,12913,6352,7345,13010,6512,7597,13109,6672,7849,13209,6832,8101,13310,6992,8354,13412,7151,8606,13514,7310,8858,13617,7468,9109,13721,7625,
2876,11464,3601,2914,11472,3627,2957,11480,3655,3018,11493,3696,3098,11510,3748,3196,11532,3813,3312,11559,3890,3446,11591,3979,3596,11630,4077,3761,11674,4186,3938,11724,4303,
4128,11780,4427,4327,11841,4558,4535,11908,4694,4751,11978,4835,4973,12054,4980,5201,12133,5129,5433,12215,5280,5669,12301,5433,5908,12390,5588,6150,12481,5744,6394,12574,5902,
6640,12669,6060,6888,12766,6218,7136,12865,6377,7385,12965,6536,7635,13066,6695,7885,13168,6854,8136,13271,7013,8386,13374,7171,8637,13478,7328,8887,13583,7486,9138,13688,7642,
3020,11292,3695,3057,11302,3720,3098,11314,3747,3156,11330,3785,3231,11351,3835,3325,11378,3897,3437,11412,3971,3566,11451,4056,3710,11496,4151,3869,11548,4256,4041,11605,4369,
4225,11667,4489,4419,11735,4617,4622,11807,4749,4832,11884,4887,5050,11965,5029,5273,12049,5175,5501,12136,5323,5734,12227,5473,5969,12319,5626,6208,12414,5780,6449,12511,5936,
6692,12610,6092,6937,12710,6249,7183,12811,6406,7430,12914,6563,7677,13017,6721,7926,13122,6878,8174,13227,7036,8423,13332,7193,8672,13438,7349,8921,13545,7505,9170,13651,7661,
3215,11065,3822,3249,11078,3845,3288,11092,3870,3342,11113,3906,3413,11140,3953,3502,11174,4012,3607,11214,4081,3729,11261,4162,3866,11315,4252,4018,11375,4352,4183,11441,4460,
4359,11512,4575,4546,11588,4698,4742,11669,4826,4946,11753,4960,5158,11841,5097,5375,11932,5239,5598,12026,5383,5825,12122,5530,6056,12221,5680,6290,12321,5831,6527,12423,5983,
6766,12526,6137,7007,12630,6291,7249,12736,6446,7493,12842,6602,7738,12949,6757,7983,13056,6913,8229,13164,7068,8476,13273,7224,8722,13381,7379,8969,13490,7533,9216,13599,7688,
3458,10789,3980,3490,10805,4001,3525,10822,4024,3575,10848,4057,3641,10880,4101,3724,10921,4155,3822,10970,4220,3936,11026,4295,4065,11090,4380,4208,11159,4474,4364,11235,4576,
4532,11316,4686,4710,11402,4803,4898,11492,4925,5094,11586,5053,5298,11682,5186,5508,11782,5322,5723,11883,5462,5944,11987,5605,6169,12093,5750,6397,12199,5897,6628,12307,6046,
6863,12416,6196,7099,12526,6348,7337,12636,6500,7576,12747,6652,7817,12858,6805,8059,12970,6958,8302,13082,7112,8545,13194,7265,8789,13306,7418,9033,13418,7571,9277,13530,7723,
3742,10476,4164,3771,10495,4183,3803,10516,4204,3849,10545,4235,3910,10584,4275,3986,10632,4324,4077,10688,4384,4183,10753,4454,4303,10826,4532,4436,10906,4620,4583,10992,4716,
4741,11084,4819,4909,11180,4929,5087,11280,5046,5274,11384,5167,5469,11490,5294,5671,11599,5425,5878,11710,5559,6091,11822,5697,6309,11935,5837,6530,12050,5980,6755,12165,6124,
6983,12280,6270,7214,12396,6418,7447,12513,6566,7681,12629,6715,7917,12746,6865,8155,12862,7016,8393,12979,7166,8633,13095,7317,8873,13211,7467,9113,13327,7618,9355,13443,7768,
4060,10139,4369,4086,10160,4386,4116,10184,4406,4158,10217,4433,4213,10261,4470,4282,10315,4515,4366,10379,4570,4463,10452,4634,4574,10534,4706,4698,10623,4787,4834,10719,4876,
4982,10821,4973,5141,10927,5076,5309,11038,5186,5486,11152,5301,5671,11269,5421,5863,11387,5545,6062,11507,5674,6266,11629,5806,6475,11751,5940,6689,11873,6078,6907,11996,6217,
7128,12120,6359,7352,12243,6502,7578,12366,6646,7807,12488,6791,8038,12611,6938,8270,12733,7084,8504,12855,7232,8739,12976,7379,8974,13097,7527,9211,13218,7675,9448,13337,7822,
4405,9787,4591,4429,9811,4606,4456,9837,4624,4494,9873,4649,4544,9921,4681,4607,9980,4723,4683,10050,4773,4773,10130,4831,4875,10220,4898,4989,10318,4972,5115,10423,5055,
5253,10534,5144,5401,10651,5241,5559,10771,5343,5725,10895,5451,5900,11021,5564,6083,11150,5682,6272,11279,5804,6467,11410,5930,6667,11541,6059,6873,11673,6191,7082,11804,6325,
7295,11935,6461,7512,12066,6599,7732,12196,6739,7954,12326,6880,8179,12455,7022,8405,12583,7165,8633,12711,7308,8863,12838,7452,9094,12964,7597,9326,13090,7741,9558,13214,7886,
4771,9431,4824,4793,9456,4838,4817,9484,4854,4851,9522,4877,4897,9573,4906,4954,9637,4944,5024,9711,4989,5105,9797,5042,5199,9893,5103,5304,9998,5172,5421,10111,5248,
5549,10230,5331,5686,10355,5420,5834,10485,5515,5990,10618,5617,6155,10754,5723,6327,10891,5834,6506,11030,5949,6691,11170,6069,6883,11310,6191,7079,11450,6317,7280,11590,6445,
7485,11729,6576,7694,11868,6709,7906,12006,6844,8122,12143,6980,8339,12279,7118,8559,12414,7256,8781,12548,7396,9005,12681,7536,9231,12813,7677,9457,12944,7818,9685,13074,7959,
5153,9077,5067,5172,9102,5079,5194,9131,5094,5225,9172,5114,5267,9225,5141,5319,9291,5175,5382,9369,5216,5457,9459,5264,5543,9560,5320,5640,9670,5383,5747,9789,5453,
5865,9915,5529,5993,10048,5612,6130,10185,5701,6277,10326,5795,6431,10470,5895,6593,10616,5999,6762,10763,6107,6938,10912,6220,7120,11060,6336,7307,11209,6456,7499,11357,6579,
7696,11504,6704,7897,11651,6831,8101,11796,6960,8309,11941,7092,8519,12084,7224,8732,12226,7358,8948,12367,7493,9166,12506,7630,9385,12644,7766,9606,12781,7904,9829,12916,8042,
5547,8728,5315,5564,8755,5327,5584,8784,5339,5612,8825,5358,5650,8880,5382,5697,8948,5413,5755,9028,5450,5823,9121,5495,5902,9225,5545,5991,9339,5603,6090,9463,5667,
6199,9594,5738,6318,9732,5814,6445,9876,5896,6582,10024,5984,6726,10175,6077,6879,10328,6175,7038,10483,6277,7204,10639,6383,7377,10796,6493,7555,10952,6606,7738,11108,6723,
7926,11263,6842,8118,11417,6964,8314,11570,7088,8514,11722,7214,8717,11872,7341,8923,12021,7471,9132,12169,7601,9343,12314,7733,9556,12459,7865,9771,12602,7999,9988,12743,8133,
5949,8390,5567,5965,8416,5578,5983,8446,5589,6009,8487,5606,6043,8542,5628,6086,8611,5656,6139,8692,5690,6201,8787,5730,6273,8893,5777,6355,9010,5830,6447,9136,5889,
6547,9271,5953,6657,9414,6024,6776,9562,6100,6903,9715,6182,7038,9872,6268,7181,10032,6360,7331,10193,6456,7488,10356,6555,7651,10519,6659,7820,10683,6766,7994,10846,6877,
8173,11008,6990,8357,11170,7106,8545,11330,7225,8737,11489,7345,8932,11646,7468,9131,11802,7592,9332,11956,7718,9537,12108,7845,9743,12258,7973,9952,12407,8103,10163,12555,8233,
6357,8062,5822,6372,8088,5831,6388,8118,5841,6412,8160,5857,6443,8214,5877,6483,8283,5902,6531,8365,5933,6588,8459,5970,6654,8566,6013,6730,8685,6061,6814,8813,6115,
6907,8950,6175,7009,9095,6240,7119,9247,6311,7238,9404,6387,7364,9565,6467,7498,9730,6553,7639,9897,6642,7787,10065,6736,7941,10234,6834,8101,10404,6935,8266,10574,7040,
8437,10743,7147,8612,10911,7258,8792,11077,7371,8976,11243,7486,9163,11407,7603,9354,11569,7722,9549,11729,7843,9746,11888,7966,9946,12045,8090,10148,12200,8215,10352,12353,8341,
6770,7747,6076,6783,7773,6085,6798,7802,6095,6820,7843,6108,6848,7897,6127,6885,7965,6150,6929,8047,6179,6982,8141,6212,7043,8248,6251,7112,8366,6296,7190,8495,6346,
7276,8633,6401,7371,8780,6461,7473,8933,6526,7584,9093,6597,7702,9257,6672,7827,9425,6752,7960,9596,6836,8099,9769,6924,8244,9944,7015,8395,10119,7111,8552,10294,7210,
8714,10468,7312,8881,10642,7417,9053,10815,7524,9229,10986,7634,9409,11156,7746,9592,11325,7860,9779,11491,7977,9969,11656,8094,10162,11819,8213,10358,11980,8334,10556,12138,8456,
7185,7444,6331,7197,7470,6339,7211,7498,6348,7231,7538,6360,7257,7592,6377,7291,7659,6399,7331,7739,6425,7380,7832,6456,7436,7938,6491,7500,8055,6532,7572,8184,6578,
7652,8322,6629,7740,8469,6685,7836,8623,6746,7939,8784,6811,8049,8951,6881,8167,9121,6955,8291,9295,7034,8422,9472,7117,8559,9650,7203,8702,9829,7293,8851,10008,7386,
9005,10188,7483,9164,10367,7582,9327,10545,7684,9495,10722,7789,9668,10897,7896,9844,11071,8005,10023,11244,8117,10206,11414,8230,10392,11582,8344,10581,11749,8460,10773,11913,8578,
7602,7154,6585,7613,7179,6592,7626,7206,6600,7644,7246,6612,7669,7298,6627,7699,7363,6647,7737,7442,6671,7782,7533,6699,7834,7637,6732,7893,7754,6770,7960,7881,6812,
8034,8018,6859,8116,8164,6911,8205,8319,6967,8301,8480,7028,8405,8647,7093,8515,8819,7163,8632,8995,7236,8755,9174,7314,8884,9354,7395,9019,9537,7480,9160,9720,7568,
9306,9904,7659,9457,10087,7753,9613,10269,7850,9774,10451,7950,9939,10632,8052,10107,10811,8156,10280,10988,8263,10456,11163,8371,10635,11337,8481,10817,11509,8593,11002,11679,8706,
8020,6876,6837,8030,6900,6843,8042,6926,6851,8059,6965,6862,8081,7016,6876,8110,7079,6894,8145,7156,6916,8186,7245,6942,8234,7347,6973,8290,7461,7007,8352,7586,7047,
8421,7722,7090,8497,7867,7138,8580,8020,7191,8670,8181,7247,8767,8348,7308,8870,8520,7373,8980,8697,7442,9096,8877,7514,9218,9060,7591,9346,9244,7671,9479,9430,7754,
9618,9617,7840,9762,9804,7929,9910,9990,8021,10063,10176,8116,10221,10360,8213,10382,10544,8313,10547,10726,8415,10716,10906,8518,10889,11085,8624,11064,11261,8731,11243,11436,8840,
8438,6609,7087,8448,6632,7093,8459,6658,7100,8474,6695,7110,8495,6744,7123,8521,6806,7139,8554,6880,7160,8592,6967,7184,8637,7067,7212,8688,7179,7244,8746,7301,7281,
8810,7435,7321,8882,7578,7366,8959,7729,7415,9044,7888,7467,9134,8054,7524,9231,8226,7585,9335,8403,7649,9444,8583,7718,9559,8767,7789,9680,8953,7865,9806,9141,7943,
9938,9330,8025,10074,9519,8109,10216,9708,8196,10362,9897,8286,10512,10085,8379,10667,10273,8474,10825,10459,8571,10988,10643,8670,11153,10826,8771,11322,11007,8874,11494,11186,8979,
8856,6352,7334,8865,6375,7340,8875,6400,7346,8889,6436,7355,8908,6483,7367,8933,6543,7383,8963,6615,7402,8999,6700,7424,9041,6797,7450,9088,6905,7480,9142,7025,7514,
9203,7156,7552,9269,7296,7593,9342,7445,7639,9421,7603,7688,9506,7767,7741,9597,7938,7798,9695,8114,7858,9798,8294,7923,9907,8478,7990,10021,8664,8061,10141,8853,8135,
10265,9043,8212,10395,9234,8292,10530,9426,8375,10669,9617,8460,10813,9808,8548,10961,9999,8639,11112,10188,8732,11268,10376,8826,11427,10563,8923,11590,10748,9022,11756,10931,9122,
9272,6106,7579,9281,6128,7584,9290,6152,7590,9304,6186,7599,9322,6232,7610,9344,6290,7624,9373,6360,7642,9406,6442,7662,9445,6536,7687,9490,6641,7715,9540,6758,7746,
9597,6886,7781,9659,7023,7820,9727,7170,7862,9801,7324,7909,9881,7487,7958,9967,7655,8012,10059,7830,8068,10156,8009,8128,10259,8192,8192,10367,8378,8259,10481,8567,8329,
10599,8758,8402,10723,8951,8477,10851,9144,8556,10984,9337,8637,11121,9530,8721,11262,9723,8807,11408,9915,8896,11557,10106,8986,11710,10296,9079,11866,10484,9173,12026,10671,9270,
9688,5869,7821,9696,5890,7826,9705,5913,7831,9717,5946,7839,9734,5991,7849,9755,6046,7863,9782,6114,7879,9813,6193,7899,9849,6284,7921,9891,6386,7947,9939,6500,7976,
9992,6624,8009,10050,6758,8046,10114,6902,8085,10184,7054,8128,10259,7213,8175,10340,7379,8225,10427,7552,8278,10519,7729,8335,10616,7911,8395,10719,8097,8458,10826,8285,8524,
10939,8476,8593,11056,8669,8665,11179,8863,8739,11305,9057,8816,11436,9252,8896,11571,9447,8978,11711,9641,9062,11854,9835,9149,12000,10027,9238,12151,10218,9328,12304,10408,9421,
10103,5641,8060,10110,5661,8064,10118,5683,8069,10130,5715,8077,10146,5757,8086,10166,5811,8099,10190,5876,8114,10220,5952,8132,10254,6040,8153,10293,6140,8177,10337,6250,8205,
10387,6371,8236,10442,6501,8270,10503,6641,8307,10568,6790,8347,10640,6947,8391,10716,7110,8438,10798,7280,8488,10885,7455,8541,10977,7636,8598,11074,7820,8657,11176,8007,8720,
11283,8198,8785,11395,8390,8853,11512,8584,8924,11632,8779,8997,11757,8975,9073,11887,9171,9151,12020,9367,9232,12157,9562,9314,12298,9757,9399,12443,9951,9486,12590,10143,9574,
10516,5420,8296,10522,5439,8300,10530,5461,8304,10541,5491,8311,10556,5532,8320,10575,5584,8332,10598,5646,8346,10625,5720,8363,10658,5805,8383,10695,5901,8406,10736,6008,8431,
10783,6125,8460,10835,6252,8492,10892,6389,8527,10954,6534,8565,11021,6687,8606,11093,6848,8650,11171,7015,8697,11253,7187,8748,11341,7365,8801,11433,7548,8857,11530,7734,8916,
11632,7923,8978,11738,8115,9042,11849,8309,9110,11964,8504,9179,12084,8700,9251,12208,8897,9326,12335,9094,9403,12467,9290,9482,12602,9486,9563,12741,9682,9646,12883,9877,9731,
10927,5207,8528,10933,5225,8532,10941,5246,8536,10951,5275,8543,10965,5315,8551,10983,5364,8562,11004,5424,8575,11030,5495,8591,11061,5577,8610,11095,5670,8631,11135,5774,8655,
11179,5887,8682,11228,6011,8712,11282,6143,8745,11340,6285,8781,11404,6435,8819,11472,6592,8861,11546,6756,8906,11624,6926,8953,11707,7101,9003,11794,7281,9056,11887,7465,9112,
11984,7653,9171,12085,7844,9232,12191,8037,9296,12301,8231,9362,12415,8427,9431,12534,8624,9502,12656,8821,9575,12782,9019,9651,12912,9216,9728,13045,9413,9808,13182,9609,9889,
11337,5000,8757,11343,5018,8761,11350,5038,8765,11359,5066,8771,11373,5104,8779,11389,5151,8789,11410,5209,8802,11434,5278,8817,11463,5357,8834,11496,5446,8854,11533,5546,8877,
11575,5656,8902,11621,5776,8930,11672,5905,8961,11727,6043,8995,11787,6189,9031,11852,6343,9071,11922,6503,9113,11996,6670,9157,12075,6843,9205,12158,7020,9255,12246,7202,9308,
12338,7388,9364,12435,7577,9422,12536,7768,9483,12641,7962,9546,12751,8157,9611,12864,8354,9679,12981,8551,9749,13102,8749,9821,13227,8947,9895,13355,9145,9971,13487,9342,10049,
11745,4800,8983,11751,4817,8987,11757,4836,8991,11766,4863,8996,11779,4899,9004,11794,4945,9013,11814,5000,9025,11837,5066,9039,11864,5143,9055,11895,5229,9074,11930,5326,9096,
11970,5432,9120,12013,5548,9146,12062,5674,9175,12114,5808,9207,12171,5950,9241,12233,6100,9278,12299,6257,9318,12369,6421,9361,12444,6590,9406,12524,6765,9453,12607,6944,9504,
12695,7127,9556,12788,7314,9612,12884,7504,9669,12985,7696,9729,13089,7891,9792,13198,8087,9856,13310,8284,9923,13426,8482,9992,13546,8680,10063,13669,8878,10135,13796,9076,10210,
12151,4605,9206,12157,4621,9209,12163,4639,9213,12171,4665,9218,12183,4700,9225,12198,4744,9234,12216,4798,9245,12238,4861,9259,12264,4935,9274,12293,5018,9292,12327,5111,9312,
12364,5214,9334,12405,5327,9359,12451,5449,9387,12501,5579,9417,12555,5717,9450,12614,5864,9485,12677,6017,9522,12744,6177,9562,12815,6343,9605,12891,6515,9650,12971,6691,9698,
13055,6872,9748,13143,7057,9801,13235,7244,9856,13331,7435,9913,13431,7628,9972,13535,7823,10034,13643,8019,10098,13754,8216,10163,13869,8414,10231,13988,8613,10301,14110,8811,10373,
12556,4415,9426,12561,4431,9429,12566,4448,9432,12575,4473,9437,12586,4507,9444,12600,4549,9452,12617,4600,9463,12638,4662,9475,12662,4732,9490,12690,4813,9507,12722,4903,9526,
12757,5003,9547,12797,5112,9570,12840,5229,9596,12888,5356,9625,12939,5491,9656,12995,5633,9689,13055,5783,9725,13119,5939,9763,13187,6102,9803,13259,6270,9846,13335,6444,9891,
13415,6622,9939,13500,6804,9989,13588,6989,10041,13680,7178,10096,13776,7369,10152,13876,7563,10211,13979,7758,10272,14086,7954,10335,14196,8152,10400,14310,8350,10467,14428,8548,10536,
12958,4230,9642,12963,4245,9645,12969,4262,9648,12976,4286,9653,12987,4318,9659,13000,4359,9667,13017,4408,9677,13037,4467,9689,13060,4535,9703,13086,4613,9718,13116,4700,9736,
13150,4796,9757,13187,4902,9779,13229,5016,9804,13274,5139,9830,13323,5270,9860,13376,5409,9891,13433,5555,9925,13494,5707,9961,13559,5867,10000,13628,6031,10040,13701,6202,10084,
13777,6377,10129,13858,6556,10177,13942,6739,10226,14031,6925,10278,14123,7115,10332,14218,7306,10389,14318,7500,10447,14420,7695,10507,14527,7892,10569,14636,8089,10633,14749,8287,10699,
13359,4049,9855,13364,4064,9858,13369,4080,9861,13376,4103,9866,13386,4134,9872,13399,4173,9879,13415,4221,9888,13433,4278,9900,13455,4343,9913,13481,4418,9928,13509,4502,9945,
13541,4595,9964,13577,4697,9985,13616,4808,10008,13660,4927,10034,13706,5055,10061,13757,5190,10091,13811,5332,10123,13870,5481,10158,13932,5636,10194,13997,5798,10233,14067,5965,10274,
14140,6137,10318,14218,6313,10363,14298,6493,10410,14383,6677,10460,14471,6864,10512,14563,7054,10565,14658,7246,10621,14757,7440,10679,14860,7635,10738,14965,7831,10800,15074,8029,10863,
13758,3873,10065,13762,3887,10068,13767,3902,10071,13774,3925,10075,13784,3954,10081,13796,3992,10088,13811,4038,10097,13829,4093,10107,13850,4156,10120,13874,4228,10134,13901,4309,10150,
13932,4399,10168,13966,4498,10188,14003,4605,10210,14044,4721,10235,14089,4845,10261,14137,4976,10289,14189,5114,10320,14245,5260,10353,14304,5412,10388,14367,5570,10424,14434,5733,10464,
14504,5902,10505,14578,6075,10548,14656,6252,10593,14737,6434,10641,14822,6618,10690,14910,6805,10742,15001,6995,10795,15097,7188,10850,15195,7381,10907,15297,7577,10966,15402,7773,11027,
14155,3700,10272,14159,3714,10275,14164,3728,10278,14171,3750,10282,14180,3778,10287,14192,3815,10294,14206,3859,10302,14223,3912,10312,14243,3973,10324,14266,4043,10337,14292,4121,10353,
14321,4208,10370,14353,4303,10389,14389,4407,10410,14429,4519,10433,14471,4639,10458,14517,4767,10485,14567,4902,10514,14620,5044,10546,14677,5192,10579,14737,5346,10614,14801,5506,10651,
14869,5672,10691,14940,5842,10732,15014,6016,10775,15092,6194,10820,15173,6376,10868,15258,6561,10917,15346,6749,10968,15438,6939,11021,15532,7131,11076,15630,7325,11132,15732,7521,11190,
14551,3531,10477,14555,3544,10479,14559,3558,10482,14566,3579,10485,14574,3606,10490,14585,3641,10497,14599,3684,10505,14615,3735,10514,14634,3794,10525,14656,3861,10538,14681,3937,10553,
14709,4021,10569,14740,4113,10587,14774,4214,10607,14812,4323,10629,14853,4439,10653,14897,4563,10679,14944,4694,10707,14995,4832,10736,15050,4977,10768,15108,5128,10802,15169,5284,10837,
15233,5446,10875,15302,5613,10914,15373,5784,10956,15448,5960,10999,15526,6139,11044,15608,6321,11091,15692,6507,11140,15780,6695,11191,15872,6885,11243,15966,7077,11298,16064,7271,11354,
2947,11758,3334,2985,11763,3359,3027,11768,3387,3086,11776,3426,3164,11788,3478,3260,11803,3541,3374,11822,3617,3505,11846,3703,3652,11875,3801,3814,11909,3907,3989,11949,4022,
4175,11995,4145,4372,12046,4274,4578,12102,4409,4791,12163,4549,5011,12229,4693,5236,12299,4840,5466,12373,4990,5701,12451,5143,5938,12532,5297,6179,12616,5453,6421,12703,5609,
6666,12792,5767,6912,12883,5925,7159,12976,6084,7407,13071,6243,7656,13167,6402,7905,13265,6561,8155,13363,6719,8404,13463,6878,8654,13563,7035,8904,13664,7193,9154,13766,7350,
3072,11607,3416,3108,11614,3440,3148,11622,3466,3205,11633,3504,3280,11648,3553,3372,11668,3614,3482,11692,3687,3609,11722,3771,3751,11757,3865,3908,11797,3968,4078,11843,4080,
4260,11895,4200,4452,11952,4326,4653,12013,4458,4862,12080,4595,5078,12150,4736,5300,12225,4880,5527,12304,5028,5757,12385,5178,5992,12470,5330,6229,12558,5484,6469,12647,5639,
6711,12739,5795,6955,12833,5952,7200,12929,6109,7446,13026,6267,7693,13124,6425,7941,13224,6582,8189,13324,6740,8437,13426,6897,8685,13528,7054,8934,13630,7211,9182,13734,7367,
3207,11446,3504,3241,11455,3526,3280,11465,3552,3334,11479,3588,3406,11498,3635,3494,11523,3694,3600,11553,3764,3722,11588,3844,3860,11629,3935,4012,11676,4035,4177,11728,4144,
4353,11786,4260,4540,11848,4383,4737,11916,4511,4941,11988,4645,5153,12064,4783,5371,12143,4925,5593,12226,5070,5821,12312,5218,6052,12401,5368,6286,12492,5520,6523,12586,5673,
6762,12681,5827,7004,12778,5982,7246,12876,6138,7490,12976,6294,7735,13076,6450,7981,13178,6606,8227,13281,6763,8473,13384,6919,8720,13488,7075,8967,13592,7230,9214,13697,7385,
3390,11232,3623,3422,11243,3644,3459,11256,3668,3510,11274,3702,3577,11298,3747,3661,11328,3802,3762,11364,3869,3878,11407,3945,4009,11455,4032,4155,11510,4127,4313,11570,4231,
4483,11636,4343,4664,11706,4461,4854,11781,4586,5052,11860,4716,5258,11943,4850,5470,12029,4988,5688,12118,5130,5910,12210,5274,6136,12304,5421,6366,12400,5570,6599,12498,5720,
6835,12598,5872,7072,12699,6024,7312,12801,6178,7553,12904,6332,7795,13008,6486,8037,13113,6641,8281,13219,6795,8525,13325,6950,8770,13431,7104,9015,13538,7258,9260,13645,7412,
3620,10969,3772,3650,10983,3792,3684,10998,3814,3731,11020,3846,3794,11050,3887,3873,11086,3939,3967,11130,4001,4076,11180,4073,4200,11238,4155,4337,11301,4245,4488,11371,4344,
4650,11445,4450,4823,11525,4563,5005,11609,4682,5196,11697,4807,5394,11788,4937,5600,11882,5070,5811,11978,5207,6027,12077,5348,6247,12178,5490,6472,12280,5635,6700,12384,5782,
6930,12489,5931,7163,12596,6080,7398,12703,6231,7635,12810,6382,7873,12919,6534,8113,13028,6686,8353,13137,6839,8594,13246,6991,8836,13356,7144,9078,13466,7296,9321,13576,7448,
3890,10668,3948,3918,10684,3966,3949,10703,3986,3993,10729,4015,4051,10764,4053,4124,10806,4101,4211,10857,4159,4313,10916,4226,4428,10982,4302,4558,11055,4386,4699,11134,4479,
4852,11219,4579,5016,11308,4687,5190,11402,4800,5372,11499,4919,5562,11599,5043,5759,11702,5171,5963,11807,5303,6171,11914,5438,6385,12023,5576,6603,12133,5717,6825,12244,5860,
7049,12355,6004,7277,12468,6150,7507,12580,6297,7739,12694,6445,7972,12807,6594,8207,12921,6743,8444,13035,6893,8681,13148,7043,8919,13262,7193,9158,13376,7343,9397,13490,7493,
4195,10340,4144,4220,10359,4161,4249,10380,4180,4289,10410,4206,4342,10450,4241,4409,10498,4285,4489,10556,4338,4584,10622,4400,4691,10697,4470,4811,10779,4549,4943,10867,4635,
5087,10962,4729,5241,11061,4830,5405,11164,4937,5578,11271,5049,5759,11381,5167,5948,11494,5289,6142,11608,5416,6343,11724,5545,6549,11841,5678,6759,11959,5814,6974,12077,5952,
7192,12196,6092,7413,12315,6233,7637,12435,6377,7863,12554,6521,8092,12674,6666,8322,12793,6812,8553,12912,6958,8786,13031,7105,9020,13149,7253,9255,13267,7400,9490,13385,7547,
4527,9996,4358,4550,10017,4373,4576,10041,4390,4613,10074,4414,4662,10117,4446,4723,10170,4486,4797,10234,4535,4883,10307,4591,4982,10389,4656,5094,10480,4729,5217,10577,4809,
5351,10680,4897,5495,10789,4991,5650,10902,5091,5813,11018,5197,5984,11138,5308,6163,11260,5424,6349,11383,5544,6541,11508,5668,6738,11634,5795,6940,11760,5926,7147,11887,6058,
7358,12014,6193,7572,12140,6330,7789,12267,6469,8009,12393,6609,8231,12519,6750,8455,12644,6892,8682,12769,7035,8909,12893,7178,9138,13017,7322,9369,13140,7467,9600,13263,7611,
4882,9645,4585,4903,9667,4599,4926,9692,4614,4960,9728,4636,5004,9774,4665,5060,9832,4701,5127,9900,4745,5207,9979,4797,5298,10067,4857,5401,10164,4924,5515,10269,4998,
5640,10380,5079,5774,10498,5167,5919,10619,5261,6072,10745,5360,6234,10873,5465,6403,11004,5574,6579,11137,5688,6762,11271,5806,6950,11405,5927,7144,11540,6051,7342,11675,6178,
7545,11810,6308,7752,11944,6440,7962,12078,6573,8175,12211,6709,8390,12344,6846,8608,12476,6983,8829,12607,7122,9051,12737,7262,9274,12867,7403,9499,12995,7544,9726,13123,7685,
5253,9292,4821,5272,9315,4834,5294,9342,4848,5324,9379,4867,5364,9428,4894,5415,9488,4927,5477,9560,4967,5550,9643,5015,5634,9737,5069,5729,9839,5131,5834,9950,5199,
5950,10068,5274,6075,10193,5356,6210,10322,5443,6353,10456,5536,6505,10592,5634,6665,10732,5737,6832,10873,5844,7005,11015,5956,7184,11158,6071,7369,11301,6189,7559,11444,6311,
7753,11586,6435,7952,11729,6561,8154,11870,6690,8360,12011,6820,8568,12150,6952,8780,12289,7086,8994,12427,7220,9210,12563,7356,9428,12699,7493,9647,12833,7630,9868,12966,7768,
5638,8943,5065,5655,8967,5076,5674,8994,5089,5702,9033,5107,5739,9083,5131,5785,9146,5161,5842,9220,5197,5909,9306,5241,5986,9403,5291,6073,9510,5347,6170,9626,5410,
6277,9749,5480,6394,9880,5555,6520,10015,5636,6654,10156,5723,6796,10299,5815,6946,10446,5911,7104,10594,6012,7268,10744,6117,7438,10895,6226,7614,11046,6339,7795,11197,6454,
7981,11347,6573,8171,11497,6694,8365,11646,6817,8563,11793,6942,8765,11940,7069,8969,12086,7198,9176,12230,7328,9386,12373,7460,9597,12514,7592,9811,12655,7725,10027,12794,7859,
6032,8602,5313,6047,8627,5323,6065,8654,5334,6090,8693,5351,6124,8744,5372,6166,8808,5400,6218,8884,5434,6280,8972,5473,6350,9071,5519,6431,9181,5571,6521,9300,5629,
6620,9427,5693,6728,9562,5763,6845,9703,5838,6970,9848,5919,7104,9998,6004,7245,10151,6095,7393,10306,6190,7548,10463,6289,7709,10620,6392,7876,10778,6498,8048,10936,6608,
8226,11094,6720,8408,11250,6836,8594,11406,6954,8784,11561,7074,8978,11715,7196,9175,11867,7320,9375,12018,7445,9578,12167,7572,9783,12315,7700,9991,12461,7829,10200,12606,7960,
6433,8271,5563,6447,8295,5573,6463,8323,5583,6486,8362,5598,6517,8413,5618,6556,8477,5643,6604,8554,5674,6660,8643,5710,6725,8743,5752,6799,8855,5800,6882,8976,5853,
6974,9106,5912,7075,9244,5977,7184,9388,6047,7301,9538,6122,7426,9692,6202,7558,9850,6286,7697,10011,6375,7843,10173,6469,7995,10337,6566,8154,10501,6666,8318,10665,6770,
8487,10829,6877,8660,10993,6987,8839,11155,7100,9021,11316,7214,9207,11477,7331,9397,11635,7450,9590,11792,7571,9786,11948,7693,9984,12102,7817,10185,12254,7942,10389,12405,8068,
6839,7950,5816,6852,7975,5824,6867,8002,5834,6888,8041,5847,6916,8092,5866,6952,8156,5889,6996,8232,5917,7048,8321,5950,7108,8422,5989,7176,8534,6033,7253,8656,6082,
7338,8788,6136,7432,8928,6196,7533,9074,6261,7642,9227,6331,7759,9385,6405,7883,9546,6484,8014,9711,6568,8152,9878,6655,8296,10047,6747,8446,10216,6842,8601,10386,6940,
8762,10556,7042,8928,10725,7146,9098,10894,7253,9272,11061,7363,9451,11227,7475,9633,11392,7589,9819,11555,7705,10008,11717,7822,10200,11877,7941,10394,12035,8062,10591,12192,8184,
7249,7642,6068,7261,7666,6076,7274,7693,6085,7294,7731,6097,7320,7781,6114,7353,7844,6135,7393,7920,6161,7441,8008,6192,7497,8109,6227,7560,8221,6268,7631,8343,6313,
7710,8475,6364,7797,8615,6419,7892,8763,6479,7994,8918,6544,8103,9078,6614,8219,9242,6688,8342,9410,6766,8472,9581,6848,8608,9753,6934,8750,9927,7023,8897,10102,7116,
9050,10276,7213,9208,10451,7312,9370,10625,7414,9537,10798,7518,9708,10969,7625,9883,11140,7734,10062,11309,7845,10244,11476,7958,10429,11641,8073,10616,11805,8189,10807,11967,8306,
7661,7345,6320,7672,7369,6328,7684,7395,6336,7702,7432,6347,7726,7482,6362,7757,7544,6382,7794,7618,6406,7838,7706,6434,7890,7805,6467,7949,7915,6504,8015,8037,6546,
8088,8168,6593,8169,8309,6644,8257,8457,6700,8353,8612,6761,8455,8773,6826,8564,8939,6895,8680,9109,6968,8802,9282,7045,8930,9458,7126,9065,9635,7210,9204,9813,7298,
9349,9992,7389,9499,10171,7483,9654,10350,7580,9814,10527,7680,9977,10704,7782,10145,10880,7886,10317,11054,7992,10492,11226,8101,10670,11397,8211,10851,11566,8322,11035,11733,8436,
8074,7060,6571,8084,7083,6578,8096,7108,6585,8113,7145,6596,8135,7193,6610,8163,7254,6628,8197,7327,6650,8238,7413,6676,8286,7510,6706,8341,7619,6741,8402,7739,6780,
8471,7870,6823,8546,8009,6871,8629,8157,6923,8718,8312,6980,8814,8473,7040,8917,8640,7105,9025,8811,7173,9141,8985,7246,9262,9163,7322,9389,9343,7402,9521,9524,7484,
9659,9706,7571,9801,9888,7660,9949,10070,7752,10101,10252,7846,10258,10433,7944,10418,10613,8043,10583,10792,8145,10751,10969,8249,10922,11145,8354,11097,11319,8462,11275,11491,8571,
8488,6786,6821,8498,6808,6827,8508,6833,6834,8524,6869,6843,8544,6916,6856,8571,6975,6873,8603,7046,6893,8641,7130,6917,8685,7225,6946,8736,7332,6978,8793,7450,7014,
8857,7579,7054,8928,7716,7099,9005,7863,7147,9089,8017,7200,9179,8178,7257,9275,8344,7317,9377,8516,7381,9486,8691,7449,9600,8870,7521,9720,9051,7596,9846,9234,7674,
9977,9419,7756,10113,9604,7840,10253,9789,7928,10398,9974,8018,10548,10159,8110,10702,10343,8205,10859,10525,8302,11021,10707,8402,11186,10887,8503,11354,11065,8606,11525,11242,8711,
8902,6523,7068,8911,6544,7074,8921,6569,7080,8935,6603,7089,8954,6649,7101,8979,6706,7117,9009,6775,7135,9044,6857,7158,9086,6950,7184,9133,7055,7214,9187,7170,7247,
9246,7296,7285,9312,7432,7326,9385,7576,7372,9463,7729,7421,9548,7888,7474,9638,8054,7531,9735,8225,7591,9837,8400,7655,9946,8579,7722,10059,8761,7793,10178,8946,7867,
10302,9132,7944,10431,9319,8024,10565,9506,8107,10704,9694,8193,10847,9882,8281,10994,10069,8371,11145,10255,8464,11300,10440,8559,11458,10624,8656,11620,10806,8755,11785,10987,8855,
9316,6270,7313,9324,6291,7318,9333,6314,7324,9347,6347,7333,9365,6391,7344,9387,6447,7358,9415,6514,7375,9448,6593,7396,9487,6684,7421,9531,6786,7448,9582,6899,7480,
9638,7022,7515,9699,7155,7554,9767,7297,7596,9841,7448,7642,9921,7605,7692,10006,7769,7745,10097,7939,7801,10194,8114,7862,10296,8293,7925,10404,8475,7992,10517,8660,8062,
10635,8846,8135,10757,9035,8211,10885,9224,8289,11017,9414,8370,11154,9604,8454,11294,9793,8541,11439,9982,8629,11588,10170,8720,11740,10357,8813,11895,10543,8908,12055,10727,9004,
9729,6026,7556,9736,6046,7560,9745,6069,7566,9758,6101,7574,9774,6143,7584,9795,6197,7597,9822,6262,7614,9853,6339,7633,9889,6427,7656,9930,6526,7682,9977,6636,7711,
10030,6757,7744,10088,6887,7780,10152,7026,7819,10221,7174,7863,10296,7329,7909,10377,7491,7959,10463,7659,8013,10554,7833,8069,10651,8010,8129,10753,8192,8192,10860,8377,8258,
10972,8564,8327,11089,8753,8399,11211,8943,8474,11337,9134,8551,11467,9326,8631,11602,9517,8713,11740,9708,8798,11883,9899,8884,12029,10089,8973,12179,10277,9064,12332,10465,9157,
10140,5791,7795,10148,5810,7800,10156,5832,7805,10168,5863,7812,10183,5904,7822,10203,5956,7834,10228,6019,7849,10257,6093,7867,10291,6178,7889,10330,6275,7913,10374,6382,7940,
10423,6499,7971,10478,6626,8005,10538,6763,8042,10604,6907,8083,10674,7060,8126,10750,7220,8173,10832,7386,8224,10918,7557,8277,11010,7733,8333,11107,7914,8393,11209,8098,8455,
11315,8284,8521,11426,8473,8589,11542,8664,8660,11663,8856,8733,11787,9048,8809,11916,9241,8888,12049,9434,8968,12185,9627,9051,12326,9819,9136,12470,10010,9223,12617,10200,9312,
10551,5564,8032,10558,5583,8036,10566,5604,8041,10577,5633,8048,10591,5673,8057,10610,5723,8068,10633,5784,8083,10660,5856,8100,10692,5938,8119,10729,6032,8142,10771,6136,8168,
10817,6250,8197,10869,6374,8228,10925,6507,8263,10987,6648,8301,11054,6798,8343,11126,6955,8387,11203,7118,8434,11285,7287,8484,11372,7462,8538,11464,7640,8594,11561,7823,8653,
11662,8009,8715,11768,8197,8780,11878,8387,8847,11993,8579,8917,12112,8773,8989,12236,8966,9064,12363,9160,9141,12494,9354,9220,12629,9548,9302,12767,9741,9385,12909,9933,9470,
10960,5345,8266,10967,5363,8270,10974,5383,8274,10984,5412,8281,10998,5450,8289,11016,5498,8300,11037,5557,8313,11063,5626,8329,11093,5706,8348,11128,5796,8369,11167,5897,8393,
11211,6008,8420,11260,6128,8450,11313,6258,8483,11372,6396,8519,11435,6543,8558,11503,6696,8599,11576,6857,8644,11654,7023,8691,11737,7195,8742,11824,7372,8795,11916,7553,8851,
12012,7737,8910,12113,7925,8971,12219,8114,9035,12328,8306,9102,12442,8499,9171,12560,8693,9242,12682,8888,9315,12808,9083,9391,12937,9278,9469,13070,9472,9549,13207,9666,9630,
11368,5133,8497,11374,5150,8500,11381,5169,8505,11391,5197,8511,11404,5233,8519,11421,5280,8529,11441,5336,8541,11465,5403,8556,11494,5480,8574,11526,5568,8594,11563,5665,8616,
11605,5773,8642,11651,5890,8670,11702,6016,8701,11757,6151,8735,11817,6294,8771,11881,6444,8811,11951,6602,8853,12025,6766,8898,12103,6935,8945,12186,7109,8996,12274,7288,9049,
12366,7471,9105,12462,7657,9163,12563,7845,9224,12668,8036,9287,12776,8229,9353,12889,8422,9421,13006,8617,9491,13127,8813,9563,13251,9008,9638,13379,9204,9714,13510,9399,9792,
11775,4927,8725,11780,4943,8728,11787,4962,8732,11796,4988,8738,11808,5023,8745,11824,5068,8755,11843,5123,8766,11866,5187,8780,11893,5261,8797,11924,5346,8816,11959,5441,8837,
11998,5545,8861,12042,5658,8888,12090,5781,8917,12142,5913,8949,12199,6052,8983,12261,6199,9020,12326,6353,9060,12397,6514,9103,12471,6680,9148,12550,6852,9196,12634,7028,9246,
12722,7209,9299,12814,7393,9355,12910,7580,9412,13010,7770,9473,13114,7961,9535,13222,8155,9600,13334,8349,9667,13450,8544,9736,13570,8740,9808,13692,8936,9881,13819,9132,9956,
12179,4726,8949,12185,4742,8953,12191,4760,8956,12199,4786,8962,12211,4820,8969,12226,4863,8978,12244,4915,8989,12266,4977,9002,12291,5049,9017,12321,5131,9035,12354,5222,9055,
12391,5323,9078,12433,5433,9103,12478,5553,9131,12528,5681,9161,12582,5816,9193,12640,5960,9229,12703,6111,9266,12770,6268,9307,12841,6431,9350,12916,6600,9395,12996,6774,9443,
13080,6952,9493,13167,7134,9546,13259,7319,9601,13355,7507,9658,13455,7698,9718,13559,7890,9780,13666,8084,9844,13777,8279,9910,13892,8475,9978,14010,8671,10048,14132,8867,10120,
12582,4532,9171,12587,4547,9174,12593,4564,9178,12601,4589,9183,12612,4621,9189,12626,4663,9198,12644,4713,9208,12664,4773,9221,12689,4843,9235,12716,4921,9252,12748,5010,9271,
12783,5108,9292,12823,5215,9316,12866,5330,9342,12913,5455,9371,12965,5587,9402,13020,5727,9435,13080,5874,9471,13143,6028,9509,13211,6188,9550,13283,6354,9593,13359,6525,9638,
13439,6700,9686,13523,6880,9736,13611,7063,9789,13703,7249,9844,13799,7438,9901,13898,7629,9960,14001,7822,10021,14108,8016,10084,14218,8211,10149,14332,8407,10217,14449,8604,10286,
12983,4342,9390,12988,4357,9393,12994,4373,9396,13002,4397,9401,13012,4428,9407,13025,4468,9415,13042,4517,9425,13062,4575,9437,13085,4642,9450,13111,4718,9466,13141,4803,9484,
13175,4898,9504,13212,5001,9527,13253,5114,9552,13298,5235,9579,13347,5363,9608,13400,5500,9640,13457,5644,9674,13518,5794,9710,13582,5951,9749,13651,6113,9790,13724,6281,9833,
13800,6454,9878,13881,6631,9926,13965,6811,9976,14053,6995,10029,14144,7182,10083,14240,7372,10139,14339,7563,10198,14441,7756,10258,14548,7951,10321,14657,8146,10385,14770,8342,10452,
13383,4157,9605,13388,4171,9608,13393,4187,9611,13400,4210,9616,13410,4240,9622,13423,4278,9629,13439,4325,9638,13457,4381,9650,13479,4446,9663,13504,4519,9678,13533,4602,9695,
13565,4693,9714,13601,4794,9735,13640,4903,9759,13683,5020,9784,13729,5145,9812,13780,5278,9842,13834,5418,9875,13892,5565,9909,13954,5719,9946,14020,5878,9985,14089,6042,10026,
14162,6212,10069,14239,6386,10115,14320,6564,10163,14404,6746,10213,14492,6931,10265,14584,7118,10319,14679,7308,10375,14778,7500,10433,14880,7693,10492,14985,7888,10554,15094,8083,10618,
13781,3976,9818,13785,3990,9820,13790,4005,9823,13797,4027,9828,13807,4056,9833,13819,4093,9840,13834,4138,9849,13852,4192,9860,13872,4254,9872,13896,4326,9887,13924,4405,9903,
13954,4494,9921,13988,4591,9941,14026,4697,9963,14067,4811,9988,14111,4932,10014,14159,5062,10043,14211,5198,10074,14267,5342,10106,14326,5492,10141,14389,5648,10179,14455,5809,10218,
14525,5975,10259,14599,6147,10303,14676,6322,10348,14757,6501,10396,14842,6684,10446,14930,6869,10497,15021,7057,10551,15116,7247,10606,15214,7439,10664,15316,7633,10723,15420,7827,10784,
14177,3799,10027,14181,3813,10030,14186,3827,10033,14193,3848,10037,14202,3876,10042,14213,3912,10049,14227,3956,10057,14244,4008,10067,14264,4068,10079,14287,4136,10093,14313,4214,10108,
14342,4299,10125,14375,4394,10145,14411,4496,10166,14450,4606,10189,14492,4725,10214,14538,4851,10241,14588,4984,10271,14641,5124,10302,14698,5270,10335,14758,5422,10371,14821,5580,10408,
14889,5744,10448,14959,5912,10489,15034,6084,10533,15111,6261,10578,15193,6441,10626,15277,6624,10675,15365,6810,10727,15456,6998,10780,15551,7188,10835,15649,7381,10892,15750,7574,10950,
14571,3626,10234,14575,3639,10236,14580,3653,10239,14586,3673,10243,14595,3701,10248,14606,3735,10255,14620,3777,10263,14636,3827,10272,14655,3885,10283,14677,3951,10296,14702,4026,10311,
14729,4109,10327,14760,4200,10346,14795,4300,10366,14832,4407,10388,14873,4522,10412,14917,4644,10438,14964,4774,10466,15015,4910,10495,15069,5053,10527,15127,5202,10561,15188,5357,10597,
15253,5517,10635,15321,5682,10674,15392,5851,10716,15467,6025,10760,15545,6202,10805,15626,6383,10852,15711,6567,10902,15799,6753,10953,15890,6941,11006,15984,7132,11060,16081,7324,11116,
3151,11889,3156,3186,11893,3180,3225,11898,3206,3280,11906,3242,3353,11916,3290,3443,11930,3350,3551,11947,3421,3675,11969,3503,3815,11996,3595,3969,12028,3697,4136,12065,3807,
4314,12107,3925,4504,12154,4049,4702,12207,4180,4908,12264,4315,5122,12326,4455,5341,12392,4598,5565,12463,4745,5794,12537,4894,6027,12614,5045,6262,12695,5198,6501,12778,5352,
6741,12864,5508,6983,12952,5664,7227,13042,5821,7472,13134,5978,7717,13228,6135,7964,13323,6293,8211,13419,6450,8458,13516,6608,8706,13615,6765,8953,13714,6921,9201,13814,7078,
3267,11748,3232,3301,11754,3255,3339,11761,3280,3392,11771,3315,3462,11785,3361,3549,11802,3419,3653,11825,3488,3773,11852,3567,3909,11884,3657,4058,11921,3755,4221,11963,3862,
4396,12011,3977,4581,12063,4099,4775,12121,4226,4977,12183,4359,5187,12250,4496,5403,12320,4637,5624,12395,4782,5850,12472,4929,6079,12553,5078,6312,12637,5229,6548,12724,5382,
6786,12812,5536,7026,12903,5690,7268,12996,5846,7510,13090,6002,7754,13185,6158,7999,13282,6314,8244,13380,6471,8490,13480,6627,8736,13580,6783,8983,13680,6939,9229,13782,7094,
3394,11597,3315,3426,11605,3336,3462,11613,3360,3513,11626,3394,3581,11643,3439,3665,11665,3494,3765,11692,3560,3881,11724,3637,4012,11761,3724,4157,11804,3819,4316,11852,3923,
4485,11905,4035,4666,11963,4154,4856,12026,4278,5054,12094,4408,5260,12165,4543,5472,12240,4681,5689,12319,4823,5912,12401,4968,6138,12485,5115,6368,12573,5264,6601,12663,5415,
6836,12754,5567,7074,12848,5720,7313,12943,5874,7554,13040,6028,7796,13138,6183,8039,13237,6338,8282,13337,6494,8526,13438,6649,8771,13540,6804,9016,13642,6959,9261,13745,7113,
3566,11394,3427,3597,11404,3448,3631,11415,3470,3679,11431,3502,3743,11453,3544,3823,11479,3597,3919,11512,3660,4030,11551,3733,4155,11595,3816,4294,11645,3908,4447,11700,4008,
4610,11760,4116,4785,11825,4230,4969,11895,4351,5162,11969,4477,5362,12047,4608,5569,12128,4743,5781,12213,4881,5999,12300,5023,6221,12390,5167,6447,12482,5313,6676,12577,5462,
6908,12673,5611,7142,12770,5762,7378,12869,5914,7616,12969,6066,7855,13071,6219,8095,13173,6373,8336,13276,6526,8578,13380,6680,8820,13484,6833,9063,13588,6987,9306,13694,7140,
3784,11143,3569,3812,11156,3588,3844,11170,3609,3890,11189,3639,3950,11215,3678,4024,11248,3728,4114,11287,3787,4219,11333,3856,4338,11385,3934,4470,11443,4021,4615,11507,4116,
4772,11576,4219,4939,11649,4329,5116,11727,4445,5302,11809,4566,5495,11895,4692,5695,11984,4823,5902,12076,4957,6114,12170,5095,6330,12266,5236,6551,12364,5378,6775,12464,5523,
7002,12566,5670,7231,12668,5817,7463,12772,5966,7697,12877,6116,7933,12982,6267,8169,13088,6418,8407,13195,6569,8646,13302,6721,8886,13409,6873,9126,13517,7024,9366,13625,7176,
4041,10854,3736,4068,10869,3753,4097,10886,3773,4139,10909,3800,4195,10940,3837,4265,10978,3883,4349,11024,3938,4446,11078,4003,4558,11138,4076,4682,11204,4158,4819,11277,4247,
4968,11355,4345,5127,11438,4449,5295,11525,4559,5473,11616,4675,5659,11711,4796,5851,11808,4922,6051,11908,5051,6255,12010,5184,6465,12113,5320,6679,12219,5459,6898,12325,5600,
7119,12433,5742,7343,12542,5887,7570,12651,6032,7799,12761,6179,8030,12871,6326,8263,12982,6475,8497,13093,6623,8732,13205,6773,8968,13316,6922,9205,13428,7071,9442,13539,7221,
4333,10537,3925,4357,10554,3940,4385,10573,3958,4423,10600,3984,4475,10635,4018,4539,10679,4060,4617,10731,4111,4708,10792,4171,4811,10860,4239,4928,10935,4315,5056,11016,4399,
5196,11104,4490,5346,11196,4589,5506,11293,4693,5675,11393,4803,5852,11497,4918,6036,11603,5038,6227,11712,5162,6424,11822,5290,6626,11934,5421,6833,12047,5555,7045,12161,5691,
7260,12276,5829,7478,12391,5969,7699,12507,6111,7923,12623,6254,8148,12739,6398,8376,12855,6543,8605,12971,6689,8836,13088,6835,9068,13204,6982,9301,13320,7128,9535,13435,7275,
4653,10201,4131,4676,10220,4145,4701,10241,4162,4736,10271,4185,4783,10310,4216,4842,10358,4255,4914,10416,4302,4998,10483,4357,5094,10558,4420,5202,10641,4490,5322,10731,4569,
5453,10827,4654,5594,10929,4746,5744,11034,4844,5904,11144,4948,6072,11257,5057,6247,11372,5171,6429,11490,5289,6618,11609,5411,6812,11729,5537,7011,11851,5665,7215,11973,5796,
7423,12095,5930,7634,12218,6066,7849,12340,6203,8066,12463,6342,8286,12586,6482,8509,12708,6623,8733,12830,6765,8958,12951,6908,9186,13072,7051,9414,13193,7195,9643,13314,7339,
4997,9855,4351,5017,9875,4364,5040,9898,4379,5072,9930,4400,5115,9972,4428,5169,10025,4464,5235,10087,4507,5312,10160,4557,5401,10241,4615,5502,10331,4681,5613,10428,4753,
5734,10532,4833,5866,10642,4919,6008,10756,5011,6158,10874,5108,6316,10996,5211,6483,11120,5319,6656,11247,5431,6836,11374,5547,7021,11503,5667,7212,11633,5790,7408,11763,5915,
7608,11893,6044,7812,12023,6174,8020,12153,6307,8231,12283,6441,8444,12412,6577,8660,12541,6714,8878,12669,6853,9099,12796,6992,9320,12923,7132,9544,13049,7272,9769,13174,7413,
5358,9505,4581,5376,9526,4593,5397,9550,4607,5426,9584,4626,5466,9629,4652,5516,9685,4684,5576,9751,4724,5647,9828,4770,5729,9914,4823,5822,10010,4884,5925,10113,4951,
6038,10224,5024,6161,10340,5104,6293,10462,5190,6434,10588,5282,6583,10718,5378,6740,10850,5480,6904,10985,5586,7075,11121,5696,7252,11258,5809,7434,11396,5926,7622,11534,6047,
7814,11672,6170,8010,11810,6295,8210,11947,6423,8414,12084,6552,8621,12220,6684,8830,12355,6816,9042,12490,6950,9256,12623,7086,9473,12756,7222,9691,12888,7358,9910,13019,7496,
5733,9157,4819,5749,9179,4830,5768,9204,4843,5795,9239,4860,5831,9285,4884,5877,9343,4913,5932,9412,4949,5998,9492,4992,6073,9583,5041,6159,9682,5096,6254,9791,5158,
6359,9907,5227,6474,10029,5301,6597,10158,5381,6729,10291,5466,6870,10427,5557,7017,10567,5652,7172,10709,5752,7334,10853,5856,7502,10998,5964,7676,11143,6075,7855,11289,6189,
8039,11434,6307,8227,11579,6427,8419,11724,6549,8616,11868,6674,8815,12011,6800,9018,12153,6929,9223,12294,7058,9431,12434,7189,9641,12573,7321,9853,12710,7454,10067,12847,7588,
6118,8814,5063,6134,8837,5073,6151,8862,5084,6176,8898,5100,6209,8946,5122,6251,9005,5149,6301,9076,5182,6362,9158,5221,6431,9251,5266,6510,9354,5317,6598,9466,5374,
6696,9586,5437,6802,9713,5506,6918,9847,5580,7041,9985,5660,7173,10128,5744,7312,10274,5834,7458,10423,5928,7611,10573,6026,7770,10725,6128,7935,10877,6233,8105,11030,6342,
8281,11182,6454,8461,11335,6569,8646,11486,6686,8834,11637,6805,9027,11787,6927,9222,11936,7050,9421,12083,7175,9622,12229,7302,9826,12374,7430,10032,12518,7559,10240,12660,7689,
6512,8480,5310,6526,8503,5319,6542,8528,5329,6565,8565,5344,6595,8613,5364,6633,8673,5388,6680,8744,5419,6735,8828,5454,6800,8922,5496,6873,9027,5543,6954,9142,5596,
7045,9265,5654,7144,9396,5718,7251,9533,5787,7367,9676,5861,7490,9823,5940,7621,9974,6024,7758,10128,6112,7903,10285,6205,8053,10442,6301,8210,10601,6401,8372,10760,6504,
8539,10919,6610,8712,11078,6720,8888,11236,6832,9069,11394,6946,9254,11550,7062,9442,11705,7181,9634,11859,7301,9828,12011,7423,10026,12162,7547,10225,12312,7671,10427,12460,7797,
6912,8155,5559,6925,8178,5567,6939,8204,5577,6960,8240,5590,6988,8288,5608,7023,8348,5631,7066,8420,5659,7117,8504,5692,7177,8599,5730,7244,8705,5773,7320,8821,5822,
7404,8946,5876,7496,9079,5935,7596,9219,6000,7704,9365,6069,7820,9516,6143,7942,9671,6221,8072,9830,6304,8208,9991,6391,8350,10154,6481,8499,10318,6576,8653,10482,6673,
8812,10647,6774,8976,10812,6878,9145,10976,6985,9319,11139,7094,9496,11302,7206,9677,11463,7320,9861,11623,7435,10049,11781,7553,10240,11938,7671,10433,12094,7792,10629,12247,7914,
7315,7842,5809,7327,7864,5817,7341,7890,5826,7360,7926,5838,7386,7973,5854,7418,8033,5875,7458,8105,5901,7505,8188,5931,7560,8283,5966,7623,8389,6007,7693,8506,6052,
7771,8631,6102,7857,8766,6157,7951,8907,6216,8052,9055,6281,8160,9209,6350,8275,9367,6423,8397,9529,6501,8525,9694,6582,8660,9861,6668,8800,10029,6757,8946,10198,6850,
9098,10368,6945,9254,10538,7044,9416,10708,7146,9581,10877,7250,9751,11045,7356,9925,11211,7465,10102,11377,7576,10283,11541,7689,10467,11703,7803,10654,11864,7919,10843,12024,8037,
7722,7539,6060,7733,7562,6067,7746,7586,6075,7763,7622,6086,7787,7669,6101,7817,7728,6120,7854,7798,6144,7898,7881,6172,7949,7976,6204,8007,8081,6242,8072,8197,6283,
8145,8323,6330,8225,8457,6381,8312,8600,6437,8407,8749,6497,8508,8904,6561,8616,9064,6630,8731,9228,6703,8852,9396,6779,8979,9566,6860,9112,9738,6944,9251,9911,7031,
9395,10085,7122,9544,10259,7216,9698,10433,7312,9856,10607,7412,10019,10780,7513,10185,10952,7617,10356,11123,7724,10530,11292,7832,10707,11460,7942,10887,11626,8054,11070,11790,8167,
8131,7248,6309,8141,7270,6316,8153,7294,6323,8169,7329,6334,8191,7375,6348,8219,7433,6365,8253,7502,6387,8294,7584,6413,8341,7677,6443,8395,7782,6478,8456,7897,6516,
8524,8021,6559,8599,8155,6607,8680,8297,6659,8769,8446,6715,8864,8602,6775,8966,8763,6839,9074,8929,6908,9188,9098,6980,9308,9270,7056,9434,9445,7135,9565,9621,7218,
9702,9799,7304,9844,9977,7392,9990,10155,7484,10142,10333,7579,10297,10510,7676,10457,10686,7775,10620,10862,7877,10787,11036,7981,10958,11208,8086,11132,11379,8194,11309,11549,8303,
8541,6968,6558,8550,6989,6564,8561,7013,6571,8576,7047,6580,8597,7092,6593,8623,7148,6610,8654,7216,6630,8692,7296,6654,8736,7388,6682,8787,7491,6714,8843,7604,6750,
8907,7727,6790,8977,7860,6834,9053,8001,6882,9136,8150,6935,9225,8305,6991,9321,8466,7052,9423,8633,7116,9531,8803,7183,9644,8977,7255,9763,9153,7330,9888,9332,7408,
10018,9511,7489,10153,9692,7573,10293,9874,7661,10437,10055,7751,10586,10236,7843,10738,10416,7938,10895,10595,8035,11056,10774,8134,11220,10951,8236,11387,11126,8339,11558,11300,8444,
8951,6698,6805,8960,6719,6810,8970,6742,6816,8984,6775,6825,9003,6818,6837,9027,6873,6853,9057,6940,6871,9092,7018,6894,9133,7108,6920,9180,7209,6949,9233,7320,6983,
9293,7442,7020,9358,7572,7062,9430,7712,7107,9508,7859,7156,9592,8014,7209,9682,8175,7265,9778,8341,7325,9880,8511,7389,9987,8685,7457,10100,8863,7527,10218,9043,7601,
10341,9224,7678,10470,9407,7758,10603,9591,7841,10741,9775,7926,10883,9959,8014,11029,10143,8105,11179,10325,8198,11334,10507,8293,11491,10688,8390,11652,10868,8489,11817,11046,8590,
9362,6438,7049,9370,6458,7055,9379,6481,7060,9392,6513,7069,9410,6555,7080,9433,6609,7094,9460,6673,7112,9493,6750,7132,9532,6837,7157,9576,6935,7184,9625,7045,7216,
9681,7164,7250,9742,7293,7289,9810,7430,7331,9883,7576,7377,9962,7729,7427,10047,7888,7480,10138,8053,7537,10234,8223,7597,10335,8398,7660,10442,8575,7727,10554,8756,7796,
10672,8939,7869,10794,9123,7945,10921,9308,8024,11052,9495,8105,11188,9681,8189,11328,9867,8275,11472,10053,8364,11620,10238,8455,11771,10422,8548,11927,10605,8643,12085,10787,8740,
9771,6188,7292,9779,6207,7297,9788,6229,7302,9800,6260,7310,9817,6301,7321,9838,6353,7334,9864,6416,7350,9895,6490,7369,9931,6575,7392,9972,6671,7418,10019,6778,7447,
10071,6894,7480,10129,7021,7516,10192,7156,7555,10261,7299,7599,10336,7450,7645,10416,7608,7695,10501,7772,7748,10592,7941,7805,10688,8114,7865,10790,8292,7928,10896,8472,7994,
11008,8655,8063,11124,8840,8135,11245,9027,8209,11370,9214,8287,11500,9403,8366,11634,9591,8449,11772,9779,8534,11914,9967,8620,12060,10153,8709,12209,10339,8800,12361,10524,8893,
10181,5947,7532,10188,5966,7537,10196,5986,7542,10208,6016,7549,10223,6056,7559,10243,6106,7571,10267,6167,7586,10296,6239,7604,10330,6322,7626,10369,6415,7650,10413,6519,7677,
10462,6633,7708,10516,6756,7742,10576,6889,7779,10641,7030,7819,10711,7178,7863,10787,7334,7910,10868,7496,7960,10954,7663,8013,11045,7836,8070,11142,8012,8129,11243,8192,8192,
11349,8375,8257,11459,8560,8326,11575,8747,8397,11695,8936,8470,11819,9125,8546,11947,9315,8625,12079,9505,8706,12215,9694,8789,12355,9883,8874,12498,10072,8961,12645,10259,9050,
10589,5714,7770,10596,5732,7774,10603,5752,7779,10614,5781,7786,10629,5819,7795,10647,5868,7806,10670,5927,7820,10697,5996,7837,10729,6076,7857,10766,6167,7880,10807,6268,7906,
10853,6379,7934,10905,6500,7966,10961,6629,8001,11023,6768,8039,11089,6913,8080,11161,7066,8124,11237,7226,8172,11319,7391,8222,11405,7562,8276,11497,7737,8332,11593,7916,8391,
11694,8098,8453,11800,8283,8518,11910,8470,8585,12024,8659,8655,12142,8849,8728,12265,9039,8803,12392,9231,8880,12522,9422,8959,12657,9613,9041,12795,9803,9124,12936,9993,9210,
10996,5489,8005,11002,5506,8009,11009,5525,8013,11020,5553,8019,11033,5590,8028,11051,5637,8039,11072,5694,8052,11098,5761,8068,11128,5839,8087,11163,5927,8108,11202,6025,8132,
11245,6133,8159,11294,6251,8189,11347,6377,8222,11405,6512,8258,11468,6655,8296,11536,6806,8338,11609,6963,8383,11686,7126,8431,11768,7294,8481,11855,7467,8534,11947,7645,8590,
12043,7826,8649,12143,8010,8711,12248,8196,8775,12358,8385,8841,12471,8575,8911,12589,8766,8982,12710,8958,9056,12835,9150,9132,12964,9342,9210,13097,9534,9290,13233,9726,9372,
11402,5270,8237,11408,5287,8241,11414,5306,8245,11424,5333,8251,11437,5368,8259,11454,5414,8269,11474,5469,8281,11498,5534,8296,11527,5609,8314,11559,5694,8334,11596,5789,8357,
11637,5894,8382,11683,6009,8410,11734,6132,8441,11789,6264,8475,11848,6404,8512,11913,6551,8551,11982,6705,8593,12055,6866,8638,12133,7032,8686,12216,7203,8737,12303,7378,8790,
12395,7558,8846,12491,7741,8904,12591,7926,8965,12696,8114,9028,12804,8304,9094,12917,8495,9162,13033,8687,9233,13153,8879,9305,13277,9072,9380,13405,9266,9457,13535,9458,9535,
11806,5059,8466,11812,5075,8470,11818,5093,8474,11827,5119,8479,11840,5153,8487,11855,5197,8496,11874,5250,8508,11897,5313,8522,11924,5386,8538,11955,5468,8557,11990,5561,8579,
12029,5662,8603,12072,5774,8629,12120,5894,8659,12172,6022,8690,12229,6159,8725,12290,6303,8762,12356,6454,8802,12426,6612,8845,12500,6775,8890,12579,6944,8938,12662,7117,8989,
12749,7295,9042,12841,7476,9097,12937,7660,9155,13037,7847,9216,13141,8036,9279,13248,8226,9344,13360,8418,9411,13476,8611,9480,13595,8804,9552,13717,8998,9625,13843,9192,9701,
12209,4853,8692,12214,4869,8696,12220,4886,8699,12229,4911,8705,12241,4944,8712,12256,4986,8721,12274,5038,8732,12295,5098,8745,12321,5169,8761,12350,5249,8779,12383,5338,8799,
12420,5437,8821,12461,5545,8846,12507,5662,8874,12556,5787,8904,12610,5920,8937,12668,6061,8972,12731,6209,9010,12797,6364,9051,12868,6524,9094,12943,6690,9139,13023,6861,9187,
13106,7036,9238,13194,7215,9290,13285,7398,9346,13381,7583,9403,13480,7771,9463,13584,7961,9525,13691,8152,9590,13802,8345,9656,13916,8538,9724,14034,8732,9795,14155,8926,9867,
12611,4654,8916,12616,4669,8919,12621,4685,8923,12630,4709,8928,12641,4741,8934,12655,4782,8943,12672,4831,8953,12692,4890,8966,12716,4958,8980,12744,5035,8997,12776,5122,9016,
12811,5218,9038,12850,5323,9061,12893,5436,9088,12940,5558,9116,12992,5688,9147,13047,5826,9181,13106,5970,9217,13170,6122,9255,13237,6279,9296,13309,6442,9339,13385,6610,9385,
13465,6783,9433,13548,6960,9483,13636,7140,9536,13728,7324,9591,13823,7510,9648,13922,7699,9707,14025,7889,9769,14131,8081,9832,14241,8274,9898,14355,8468,9965,14471,8662,10035,
13010,4459,9137,13015,4474,9139,13021,4490,9143,13028,4513,9147,13039,4544,9154,13052,4583,9162,13069,4631,9172,13088,4687,9184,13111,4753,9197,13137,4828,9213,13167,4911,9231,
13201,5004,9252,13238,5106,9274,13279,5216,9299,13324,5335,9326,13373,5461,9356,13426,5596,9387,13482,5737,9421,13543,5885,9458,13607,6039,9497,13676,6199,9538,13748,6365,9581,
13824,6535,9627,13905,6709,9675,13989,6887,9725,14076,7069,9778,14168,7254,9832,14263,7441,9889,14362,7630,9948,14464,7821,10009,14570,8013,10071,14679,8206,10136,14791,8401,10203,
13409,4270,9354,13413,4283,9357,13418,4299,9360,13426,4321,9365,13436,4351,9371,13448,4389,9378,13464,4435,9388,13483,4489,9399,13504,4553,9412,13529,4625,9427,13558,4706,9444,
13590,4796,9463,13625,4895,9485,13665,5002,9508,13707,5117,9534,13754,5241,9562,13804,5371,9592,13858,5509,9624,13916,5654,9659,13978,5805,9696,14043,5962,9735,14112,6124,9777,
14185,6292,9820,14262,6463,9866,14343,6639,9914,14427,6819,9964,14515,7001,10016,14606,7186,10070,14701,7374,10127,14799,7564,10185,14901,7755,10245,15006,7948,10307,15115,8141,10371,
13805,4085,9569,13810,4098,9572,13815,4113,9575,13822,4134,9579,13831,4163,9584,13843,4199,9592,13858,4244,9601,13876,4297,9611,13896,4358,9624,13920,4428,9638,13948,4506,9654,
13978,4593,9673,14012,4689,9693,14049,4793,9715,14090,4905,9740,14134,5025,9766,14183,5152,9795,14234,5287,9826,14290,5428,9859,14349,5576,9894,14411,5730,9931,14477,5889,9971,
14547,6053,10012,14621,6222,10056,14698,6395,10102,14779,6572,10150,14863,6753,10199,14951,6936,10251,15042,7122,10305,15137,7310,10361,15235,7500,10419,15336,7692,10478,15441,7884,10540,
14200,3904,9781,14204,3917,9783,14209,3931,9786,14216,3952,9790,14225,3979,9796,14236,4015,9802,14251,4057,9811,14267,4108,9821,14287,4168,9833,14310,4235,9846,14336,4311,9862,
14365,4396,9879,14397,4488,9899,14433,4589,9920,14472,4698,9943,14515,4815,9968,14561,4939,9996,14610,5070,10025,14663,5208,10056,14719,5352,10090,14779,5503,10126,14843,5659,10163,
14910,5820,10203,14981,5986,10245,15055,6156,10288,15132,6331,10334,15213,6509,10382,15298,6690,10432,15385,6874,10483,15477,7060,10537,15571,7249,10592,15668,7439,10649,15769,7631,10708,
14594,3727,9990,14598,3739,9992,14602,3753,9995,14609,3773,9999,14617,3800,10004,14628,3834,10010,14642,3875,10019,14658,3924,10028,14677,3981,10039,14699,4047,10052,14723,4120,10067,
14751,4202,10084,14782,4292,10102,14816,4390,10122,14854,4496,10144,14894,4609,10168,14938,4730,10194,14985,4858,10222,15036,4992,10252,15090,5133,10284,15148,5280,10318,15209,5433,10354,
15273,5591,10392,15341,5754,10432,15412,5922,10474,15487,6094,10518,15565,6269,10564,15646,6448,10611,15730,6630,10661,15818,6814,10712,15909,7001,10765,16003,7190,10820,16100,7380,10877,
3353,12018,2980,3386,12022,3002,3422,12027,3026,3474,12034,3060,3542,12043,3106,3627,12056,3162,3729,12072,3229,3846,12092,3307,3979,12117,3394,4125,12146,3491,4285,12181,3596,
4456,12220,3709,4638,12264,3829,4830,12313,3955,5029,12367,4086,5236,12425,4221,5449,12488,4361,5668,12554,4504,5892,12625,4650,6119,12699,4798,6350,12776,4948,6584,12856,5100,
6820,12939,5253,7058,13024,5407,7298,13111,5562,7540,13200,5717,7782,13291,5873,8026,13384,6029,8270,13477,6185,8515,13573,6341,8760,13669,6497,9005,13766,6653,9250,13864,6809,
3462,11886,3051,3493,11892,3072,3529,11898,3096,3579,11907,3129,3645,11920,3172,3727,11936,3227,3825,11956,3292,3939,11981,3367,4068,12010,3452,4211,12044,3547,4367,12083,3649,
4534,12127,3760,4713,12176,3877,4900,12230,4000,5096,12288,4129,5300,12350,4262,5510,12417,4399,5725,12488,4540,5946,12562,4684,6170,12639,4830,6399,12719,4979,6630,12802,5129,
6864,12888,5280,7100,12975,5433,7338,13065,5587,7578,13156,5741,7819,13249,5895,8060,13344,6050,8303,13439,6206,8546,13536,6361,8790,13634,6516,9034,13732,6671,9278,13832,6825,
3580,11744,3129,3611,11751,3149,3645,11759,3171,3693,11771,3203,3757,11786,3245,3836,11806,3298,3931,11830,3361,4042,11859,3434,4167,11893,3516,4306,11932,3608,4457,11976,3708,
4621,12025,3815,4795,12079,3930,4979,12138,4050,5171,12201,4176,5371,12268,4307,5577,12339,4442,5789,12414,4581,6006,12492,4723,6228,12572,4867,6453,12656,5013,6682,12742,5162,
6914,12831,5311,7147,12921,5462,7383,13013,5615,7621,13107,5767,7860,13202,5921,8100,13299,6074,8340,13396,6228,8582,13495,6382,8824,13595,6537,9067,13695,6691,9310,13796,6844,
3743,11552,3235,3772,11561,3254,3804,11571,3275,3850,11585,3306,3911,11605,3346,3987,11629,3396,4078,11658,3456,4183,11693,3526,4304,11733,3605,4437,11779,3693,4583,11830,3789,
4741,11885,3893,4910,11946,4004,5088,12011,4121,5275,12080,4243,5470,12153,4371,5671,12230,4502,5879,12310,4638,6092,12393,4777,6309,12479,4918,6531,12567,5062,6756,12658,5208,
6984,12750,5355,7214,12844,5504,7447,12940,5654,7682,13037,5805,7918,13136,5956,8155,13235,6108,8394,13336,6261,8633,13437,6413,8873,13539,6566,9114,13641,6719,9355,13744,6871,
3949,11314,3369,3976,11325,3387,4007,11337,3407,4050,11355,3435,4107,11378,3473,4179,11407,3520,4265,11443,3577,4365,11484,3643,4479,11531,3718,4606,11584,3802,4746,11643,3894,
4897,11706,3993,5059,11775,4099,5231,11847,4212,5411,11924,4330,5599,12005,4453,5795,12088,4581,5997,12175,4712,6204,12265,4847,6416,12357,4985,6633,12451,5126,6853,12547,5268,
7076,12645,5413,7303,12744,5559,7531,12844,5706,7762,12945,5854,7995,13048,6004,8229,13151,6153,8464,13255,6304,8701,13360,6454,8938,13465,6605,9176,13571,6756,9415,13676,6907,
4195,11036,3528,4220,11049,3545,4248,11064,3564,4289,11085,3590,4342,11113,3625,4409,11147,3669,4489,11189,3722,4583,11237,3784,4691,11292,3855,4811,11353,3934,4943,11419,4021,
5087,11492,4115,5241,11569,4216,5405,11650,4324,5578,11735,4437,5759,11824,4555,5947,11916,4678,6142,12011,4805,6343,12108,4935,6549,12207,5069,6759,12307,5205,6974,12410,5344,
7192,12514,5485,7413,12619,5627,7637,12724,5771,7863,12831,5917,8092,12938,6063,8322,13046,6210,8553,13155,6358,8786,13263,6506,9020,13372,6654,9255,13482,6803,9490,13591,6952,
4474,10729,3709,4498,10744,3725,4524,10761,3742,4561,10785,3766,4611,10817,3799,4673,10857,3840,4747,10904,3889,4835,10959,3946,4936,11021,4012,5048,11090,4086,5173,11165,4168,
5308,11246,4257,5454,11332,4352,5610,11422,4454,5775,11516,4562,5948,11614,4674,6128,11715,4792,6315,11818,4914,6508,11923,5039,6707,12030,5168,6911,12138,5300,7119,12248,5434,
7330,12358,5571,7546,12470,5709,7764,12582,5850,7985,12694,5991,8208,12807,6134,8433,12920,6278,8660,13034,6423,8889,13147,6568,9119,13261,6714,9350,13374,6860,9582,13488,7006,
4783,10401,3908,4804,10418,3922,4828,10437,3938,4863,10464,3960,4908,10500,3990,4965,10544,4028,5035,10597,4073,5116,10658,4127,5209,10727,4188,5315,10803,4257,5431,10886,4333,
5558,10975,4416,5696,11070,4506,5843,11169,4602,5999,11272,4704,6163,11378,4811,6335,11488,4922,6514,11599,5039,6699,11713,5159,6890,11828,5282,7086,11944,5409,7287,12062,5539,
7492,12180,5671,7700,12298,5805,7912,12417,5941,8127,12536,6078,8345,12655,6217,8565,12774,6358,8786,12893,6499,9010,13012,6641,9235,13131,6784,9462,13249,6927,9690,13367,7070,
5115,10061,4121,5134,10079,4134,5156,10100,4149,5188,10129,4169,5230,10168,4197,5282,10216,4231,5346,10273,4273,5422,10340,4322,5508,10415,4379,5606,10498,4443,5714,10588,4514,
5833,10685,4591,5962,10787,4675,6100,10894,4765,6247,11006,4861,6403,11121,4962,6566,11239,5068,6736,11359,5178,6913,11481,5293,7096,11604,5411,7284,11729,5532,7477,11854,5656,
7674,11980,5783,7876,12106,5913,8081,12231,6044,8289,12357,6178,8501,12483,6312,8715,12608,6449,8931,12733,6586,9149,12858,6724,9369,12982,6864,9591,13106,7004,9814,13229,7144,
5466,9715,4346,5484,9734,4357,5504,9756,4371,5533,9787,4389,5571,9828,4415,5619,9880,4446,5678,9941,4485,5748,10012,4530,5828,10092,4582,5918,10180,4641,6019,10277,4707,
6130,10380,4779,6250,10489,4857,6380,10604,4942,6518,10723,5032,6665,10846,5127,6819,10972,5227,6981,11100,5331,7149,11230,5440,7323,11362,5552,7503,11494,5668,7688,11627,5787,
7877,11760,5909,8071,11894,6033,8269,12027,6159,8471,12160,6288,8675,12292,6418,8883,12424,6550,9093,12556,6684,9305,12686,6818,9520,12816,6954,9736,12945,7090,9954,13074,7227,
5831,9368,4578,5848,9389,4589,5866,9412,4601,5893,9444,4618,5928,9487,4641,5972,9540,4670,6027,9604,4706,6091,9679,4747,6165,9763,4796,6248,9856,4850,6342,9957,4911,
6445,10066,4978,6557,10181,5051,6679,10302,5129,6808,10428,5214,6946,10558,5303,7092,10691,5397,7245,10827,5495,7404,10964,5598,7570,11103,5705,7741,11243,5815,7918,11384,5928,
8100,11525,6045,8286,11665,6164,8476,11806,6285,8671,11946,6409,8868,12085,6535,9069,12223,6662,9273,12361,6791,9479,12498,6922,9687,12634,7053,9898,12769,7186,10111,12903,7319,
6209,9025,4817,6224,9046,4827,6241,9070,4838,6265,9103,4854,6297,9147,4875,6338,9202,4902,6388,9268,4934,6447,9345,4972,6515,9432,5017,6593,9528,5067,6680,9634,5123,
6776,9747,5185,6880,9867,5253,6994,9993,5326,7115,10125,5405,7245,10261,5489,7382,10400,5577,7526,10542,5670,7677,10687,5767,7834,10832,5868,7997,10979,5972,8166,11127,6080,
8339,11275,6191,8518,11422,6305,8701,11569,6422,8887,11716,6540,9078,11862,6661,9272,12007,6784,9469,12151,6908,9668,12295,7034,9871,12437,7162,10075,12577,7290,10282,12717,7420,
6595,8689,5061,6609,8711,5069,6624,8734,5080,6647,8768,5094,6676,8813,5113,6714,8869,5138,6760,8936,5168,6814,9014,5203,6878,9103,5244,6949,9202,5290,7030,9310,5342,
7119,9426,5400,7217,9550,5463,7322,9680,5531,7436,9816,5604,7558,9957,5683,7687,10102,5766,7823,10250,5853,7965,10400,5944,8114,10552,6040,8269,10705,6139,8429,10859,6241,
8595,11013,6347,8766,11167,6455,8941,11321,6567,9120,11474,6680,9303,11626,6796,9490,11778,6914,9680,11928,7034,9873,12078,7156,10069,12226,7279,10267,12372,7403,10468,12518,7529,
6988,8362,5307,7000,8383,5315,7015,8407,5324,7035,8441,5337,7063,8486,5355,7097,8542,5377,7140,8610,5405,7190,8689,5437,7249,8779,5475,7315,8879,5518,7390,8989,5566,
7473,9107,5620,7564,9233,5678,7663,9367,5742,7769,9506,5810,7883,9651,5883,8004,9800,5961,8132,9952,6043,8267,10107,6129,8408,10264,6219,8555,10423,6313,8707,10582,6410,
8865,10742,6510,9028,10902,6614,9196,11062,6720,9367,11221,6829,9543,11379,6940,9723,11537,7053,9906,11693,7168,10092,11849,7285,10282,12002,7404,10474,12155,7524,10668,12306,7646,
7386,8044,5554,7397,8065,5562,7411,8089,5570,7429,8123,5582,7455,8167,5599,7487,8224,5619,7526,8291,5645,7573,8370,5675,7627,8461,5709,7689,8561,5749,7758,8672,5794,
7835,8791,5843,7920,8919,5898,8013,9055,5957,8112,9196,6021,8219,9344,6089,8333,9496,6162,8454,9651,6239,8581,9810,6320,8714,9972,6405,8853,10135,6494,8998,10299,6586,
9148,10464,6681,9304,10629,6779,9464,10794,6880,9628,10959,6984,9797,11123,7090,9969,11286,7199,10145,11448,7309,10325,11609,7422,10508,11769,7536,10693,11927,7652,10882,12083,7770,
7787,7736,5802,7798,7757,5809,7810,7781,5817,7828,7814,5828,7851,7859,5843,7881,7914,5862,7917,7982,5886,7960,8060,5914,8011,8150,5946,8068,8250,5983,8133,8361,6024,
8205,8481,6070,8284,8610,6121,8370,8746,6176,8464,8889,6236,8564,9038,6300,8671,9192,6368,8785,9351,6440,8905,9512,6516,9031,9677,6596,9163,9844,6680,9300,10012,6767,
9443,10181,6857,9591,10351,6951,9743,10521,7047,9901,10690,7146,10062,10859,7247,10228,11028,7351,10397,11195,7457,10570,11361,7565,10746,11526,7675,10925,11689,7787,11107,11851,7900,
8191,7439,6050,8201,7460,6057,8212,7483,6064,8229,7516,6074,8250,7560,6088,8278,7615,6106,8312,7681,6128,8352,7759,6153,8399,7848,6183,8452,7948,6217,8513,8057,6256,
8580,8177,6299,8654,8305,6346,8735,8442,6397,8822,8585,6453,8917,8735,6513,9017,8891,6577,9124,9051,6645,9237,9215,6717,9357,9382,6792,9482,9551,6871,9612,9723,6953,
9748,9896,7039,9888,10069,7128,10034,10243,7219,10184,10417,7313,10339,10590,7410,10497,10763,7509,10660,10934,7611,10826,11105,7715,10996,11275,7820,11169,11443,7927,11345,11610,8036,
8597,7153,6298,8606,7173,6304,8616,7196,6310,8632,7228,6320,8652,7271,6333,8677,7325,6349,8709,7390,6369,8746,7467,6393,8790,7554,6421,8840,7653,6453,8896,7762,6488,
8959,7880,6528,9028,8008,6572,9104,8144,6620,9186,8287,6673,9275,8437,6729,9370,8593,6789,9471,8754,6853,9578,8919,6920,9690,9088,6991,9809,9259,7066,9932,9433,7144,
10061,9608,7225,10195,9785,7309,10334,9962,7396,10478,10139,7486,10625,10316,7578,10777,10493,7673,10933,10669,7770,11093,10844,7869,11256,11018,7970,11423,11190,8073,11592,11361,8178,
9003,6877,6544,9012,6897,6549,9022,6919,6555,9036,6951,6564,9054,6992,6576,9078,7045,6592,9108,7109,6610,9143,7184,6632,9183,7270,6658,9230,7367,6688,9283,7474,6721,
9342,7591,6758,9407,7717,6800,9478,7852,6845,9555,7994,6893,9638,8144,6946,9728,8300,7002,9823,8461,7062,9924,8626,7126,10031,8796,7193,10143,8968,7263,10260,9144,7337,
10383,9321,7414,10510,9500,7494,10643,9679,7576,10780,9859,7662,10921,10040,7750,11066,10220,7840,11216,10399,7933,11369,10578,8028,11526,10756,8125,11687,10932,8224,11850,11108,8325,
9410,6611,6788,9418,6630,6793,9427,6652,6799,9440,6683,6807,9458,6723,6819,9480,6775,6833,9508,6837,6850,9540,6910,6871,9579,6995,6895,9622,7089,6922,9672,7195,6954,
9727,7310,6988,9788,7434,7027,9855,7567,7069,9927,7708,7115,10006,7857,7164,10090,8011,7217,10180,8172,7274,10276,8337,7333,10377,8507,7397,10483,8680,7463,10594,8856,7533,
10711,9035,7606,10832,9215,7681,10959,9397,7760,11089,9579,7841,11224,9762,7925,11364,9944,8011,11507,10127,8100,11654,10309,8191,11805,10490,8284,11959,10670,8379,12117,10849,8476,
9817,6355,7031,9824,6373,7035,9833,6394,7041,9845,6424,7049,9862,6464,7059,9883,6514,7072,9908,6574,7088,9939,6646,7108,9975,6728,7130,10016,6821,7156,10062,6924,7185,
10114,7037,7218,10171,7159,7254,10234,7290,7293,10303,7429,7336,10377,7576,7383,10456,7729,7432,10541,7888,7486,10632,8053,7542,10728,8222,7602,10828,8395,7665,10934,8572,7731,
11045,8751,7800,11161,8932,7872,11281,9115,7946,11406,9299,8024,11535,9483,8103,11668,9668,8186,11806,9853,8271,11947,10038,8358,12092,10222,8447,12240,10405,8538,12392,10587,8631,
10223,6107,7271,10230,6125,7276,10238,6146,7281,10250,6174,7288,10265,6213,7298,10285,6261,7310,10309,6320,7325,10338,6390,7343,10371,6470,7364,10410,6560,7388,10454,6661,7416,
10502,6771,7446,10556,6891,7480,10616,7020,7517,10680,7157,7557,10750,7301,7601,10826,7453,7648,10906,7611,7698,10992,7774,7752,11082,7942,7808,11178,8115,7867,11279,8291,7930,
11384,8470,7995,11495,8651,8064,11609,8835,8134,11728,9019,8208,11852,9205,8284,11980,9392,8363,12111,9579,8444,12247,9765,8527,12386,9951,8612,12529,10137,8700,12675,10322,8789,
10629,5868,7509,10635,5886,7513,10643,5905,7518,10654,5933,7525,10668,5970,7534,10687,6017,7546,10709,6075,7560,10737,6142,7577,10768,6220,7596,10805,6308,7619,10846,6406,7645,
10892,6514,7673,10943,6631,7705,10999,6757,7740,11060,6891,7778,11126,7034,7819,11197,7183,7863,11273,7339,7911,11355,7500,7961,11441,7667,8014,11532,7838,8071,11627,8013,8130,
11728,8192,8192,11833,8373,8257,11942,8557,8324,12056,8742,8394,12174,8929,8467,12297,9116,8542,12423,9304,8619,12553,9493,8699,12687,9681,8780,12824,9868,8864,12965,10056,8950,
11033,5637,7745,11040,5654,7749,11047,5673,7753,11057,5700,7760,11071,5736,7768,11088,5781,7779,11110,5837,7792,11135,5902,7808,11165,5977,7827,11199,6063,7848,11238,6159,7872,
11282,6264,7899,11330,6378,7929,11383,6501,7962,11441,6633,7998,11503,6773,8036,11571,6919,8078,11643,7073,8123,11720,7232,8170,11802,7397,8221,11888,7567,8274,11980,7741,8330,
12075,7918,8389,12175,8099,8451,12280,8282,8515,12389,8467,8582,12502,8654,8651,12619,8842,8723,12740,9031,8796,12864,9221,8872,12993,9410,8951,13125,9599,9031,13260,9788,9113,
11437,5413,7978,11443,5429,7982,11450,5448,7986,11459,5474,7992,11472,5509,8000,11489,5553,8010,11509,5606,8022,11533,5669,8037,11561,5743,8055,11594,5826,8075,11630,5919,8098,
11671,6021,8123,11717,6132,8151,11767,6253,8182,11822,6382,8216,11881,6518,8253,11945,6662,8292,12014,6813,8334,12087,6970,8379,12165,7133,8427,12248,7301,8478,12334,7473,8531,
12426,7649,8587,12521,7829,8646,12621,8011,8707,12725,8196,8770,12833,8382,8836,12945,8571,8904,13061,8760,8975,13181,8950,9048,13305,9140,9123,13432,9331,9199,13562,9521,9278,
11840,5196,8208,11845,5212,8212,11852,5229,8216,11861,5255,8221,11873,5288,8229,11888,5331,8238,11908,5383,8250,11930,5444,8264,11957,5515,8281,11988,5595,8300,12022,5685,8321,
12061,5785,8345,12105,5894,8372,12152,6011,8401,12204,6137,8433,12261,6270,8467,12321,6412,8505,12387,6560,8545,12456,6714,8588,12530,6874,8633,12609,7040,8681,12692,7210,8731,
12779,7384,8785,12870,7562,8840,12966,7744,8898,13065,7927,8959,13169,8114,9022,13276,8301,9087,13387,8491,9155,13502,8681,9224,13621,8872,9296,13743,9063,9370,13869,9254,9445,
12241,4986,8436,12246,5001,8439,12252,5018,8443,12261,5042,8448,12272,5074,8455,12287,5115,8464,12305,5166,8476,12327,5225,8489,12352,5293,8504,12381,5372,8522,12414,5459,8542,
12451,5556,8565,12492,5661,8590,12537,5776,8618,12587,5898,8648,12640,6029,8681,12698,6167,8716,12760,6312,8754,12827,6464,8795,12897,6621,8838,12972,6784,8883,13051,6952,8931,
13134,7125,8982,13221,7301,9035,13313,7481,9090,13408,7663,9148,13507,7848,9208,13610,8035,9271,13717,8224,9335,13827,8414,9402,13942,8605,9470,14059,8796,9541,14180,8988,9614,
12640,4781,8661,12646,4795,8664,12651,4812,8668,12659,4835,8673,12670,4867,8679,12684,4906,8688,12702,4955,8698,12722,5012,8711,12746,5078,8725,12774,5154,8742,12805,5239,8761,
12840,5333,8783,12879,5435,8807,12922,5547,8833,12969,5666,8862,13020,5794,8893,13075,5929,8926,13134,6071,8962,13198,6219,9001,13265,6374,9042,13336,6534,9085,13412,6700,9131,
13491,6870,9179,13575,7044,9229,13662,7222,9282,13754,7403,9337,13849,7586,9395,13947,7772,9454,14050,7960,9516,14156,8150,9580,14266,8341,9645,14379,8532,9713,14495,8724,9783,
13039,4581,8883,13044,4596,8886,13049,4611,8889,13057,4634,8894,13067,4664,8900,13081,4703,8909,13097,4749,8918,13116,4805,8930,13139,4869,8944,13165,4942,8960,13195,5024,8978,
13229,5115,8999,13266,5215,9021,13307,5323,9046,13351,5440,9073,13400,5564,9103,13453,5696,9135,13509,5835,9169,13569,5980,9205,13634,6132,9244,13702,6290,9285,13774,6452,9329,
13850,6620,9375,13930,6792,9423,14014,6967,9473,14101,7147,9526,14192,7329,9581,14287,7513,9638,14386,7700,9697,14488,7889,9758,14593,8079,9821,14702,8270,9886,14814,8462,9953,
13436,4387,9103,13440,4401,9105,13445,4416,9109,13453,4438,9113,13463,4467,9119,13475,4504,9127,13491,4549,9136,13509,4603,9147,13531,4665,9160,13556,4736,9176,13585,4816,9193,
13616,4904,9212,13652,5001,9233,13691,5106,9257,13733,5219,9283,13780,5340,9311,13830,5469,9341,13884,5605,9374,13942,5747,9408,14003,5896,9445,14068,6050,9485,14137,6210,9526,
14210,6375,9570,14287,6544,9616,14367,6718,9664,14451,6895,9714,14538,7075,9767,14629,7258,9821,14724,7443,9878,14822,7631,9936,14924,7820,9997,15029,8011,10059,15137,8202,10123,
13831,4198,9319,13835,4211,9322,13840,4226,9325,13847,4247,9329,13857,4275,9335,13869,4311,9342,13884,4354,9351,13901,4406,9362,13922,4466,9374,13946,4535,9389,13973,4612,9405,
14003,4698,9423,14037,4792,9444,14074,4894,9466,14115,5004,9490,14159,5122,9517,14207,5247,9546,14259,5380,9577,14314,5519,9610,14373,5665,9645,14435,5816,9683,14501,5973,9722,
14571,6135,9764,14644,6302,9808,14721,6473,9854,14802,6647,9902,14886,6826,9952,14974,7007,10004,15065,7191,10058,15159,7377,10114,15257,7564,10172,15358,7754,10232,15462,7945,10294,
14225,4013,9533,14229,4025,9536,14234,4040,9539,14240,4060,9543,14249,4087,9548,14261,4122,9555,14275,4164,9563,14292,4214,9574,14312,4272,9585,14334,4339,9599,14360,4413,9615,
14389,4496,9632,14421,4588,9651,14457,4687,9673,14496,4794,9696,14538,4909,9721,14584,5031,9749,14633,5160,9778,14686,5296,9810,14743,5439,9844,14802,5587,9879,14866,5741,9917,
14933,5900,9957,15003,6064,9999,15077,6232,10043,15154,6405,10089,15235,6580,10137,15319,6760,10187,15407,6941,10239,15498,7126,10292,15592,7312,10348,15689,7501,10405,15790,7690,10465,
14617,3832,9745,14621,3844,9747,14626,3858,9750,14632,3877,9753,14641,3904,9759,14652,3937,9765,14665,3978,9773,14681,4026,9783,14700,4082,9794,14722,4147,9807,14746,4219,9822,
14774,4300,9838,14805,4388,9857,14839,4485,9877,14876,4589,9899,14917,4700,9924,14961,4819,9950,15008,4946,9978,15059,5078,10008,15113,5217,10040,15170,5363,10074,15231,5514,10110,
15295,5670,10148,15363,5831,10189,15434,5996,10231,15508,6166,10275,15586,6340,10321,15667,6516,10368,15751,6696,10418,15838,6879,10470,15929,7064,10523,16023,7250,10578,16120,7439,10635,
3553,12147,2805,3584,12150,2826,3618,12155,2848,3667,12161,2881,3731,12170,2923,3811,12182,2976,3907,12197,3040,4018,12215,3113,4144,12238,3196,4284,12265,3289,4437,12297,3389,
4601,12333,3498,4776,12374,3613,4960,12420,3734,5154,12471,3861,5354,12526,3993,5561,12585,4129,5774,12648,4268,5992,12715,4411,6215,12786,4556,6441,12860,4703,6670,12936,4852,
6902,13016,5002,7136,13098,5154,7373,13182,5307,7611,13269,5461,7850,13357,5615,8090,13447,5769,8332,13538,5924,8574,13631,6079,8816,13725,6234,9059,13820,6389,9303,13916,6543,
3655,12023,2872,3685,12028,2892,3718,12034,2914,3765,12042,2945,3828,12053,2986,3905,12068,3038,3999,12087,3099,4107,12109,3171,4230,12136,3252,4366,12167,3342,4515,12203,3440,
4676,12244,3546,4848,12290,3659,5029,12340,3778,5218,12394,3903,5416,12453,4032,5620,12516,4166,5830,12583,4304,6045,12653,4444,6265,12727,4587,6489,12804,4733,6716,12883,4881,
6946,12966,5030,7178,13050,5180,7412,13137,5332,7648,13225,5484,7886,13315,5637,8125,13407,5790,8365,13500,5944,8605,13595,6098,8847,13690,6252,9088,13787,6406,9330,13884,6560,
3767,11889,2945,3796,11895,2964,3828,11902,2985,3873,11913,3015,3934,11927,3055,4009,11945,3105,4099,11967,3165,4204,11993,3234,4324,12024,3313,4457,12060,3401,4602,12101,3497,
4759,12146,3600,4927,12196,3710,5104,12251,3827,5291,12310,3949,5485,12373,4076,5685,12440,4208,5892,12510,4343,6105,12585,4482,6321,12662,4623,6542,12742,4767,6767,12824,4913,
6994,12909,5060,7224,12997,5209,7457,13086,5359,7691,13177,5510,7926,13269,5662,8164,13363,5814,8402,13458,5967,8641,13554,6120,8880,13651,6273,9121,13750,6426,9362,13849,6579,
3921,11707,3045,3948,11715,3063,3979,11724,3084,4022,11737,3112,4080,11754,3150,4152,11776,3198,4239,11803,3255,4340,11834,3322,4454,11871,3398,4582,11912,3482,4723,11959,3575,
4875,12011,3675,5038,12067,3782,5211,12127,3895,5392,12192,4014,5581,12261,4138,5777,12333,4267,5980,12409,4399,6188,12488,4535,6401,12570,4674,6618,12654,4815,6839,12741,4958,
7063,12830,5103,7290,12921,5250,7519,13014,5398,7751,13108,5547,7984,13203,5697,8218,13300,5848,8454,13398,5999,8691,13497,6150,8929,13596,6302,9167,13697,6454,9406,13798,6605,
4116,11479,3172,4142,11489,3190,4171,11500,3209,4212,11516,3236,4267,11537,3272,4335,11564,3317,4417,11596,3371,4513,11633,3434,4623,11676,3507,4745,11725,3587,4880,11778,3676,
5026,11837,3772,5182,11900,3875,5349,11968,3984,5524,12040,4099,5707,12116,4219,5898,12195,4343,6095,12277,4472,6298,12362,4604,6506,12450,4740,6718,12540,4878,6934,12632,5018,
7154,12726,5160,7377,12822,5305,7603,12919,5450,7830,13017,5597,8060,13116,5744,8291,13217,5893,8524,13318,6042,8758,13420,6191,8993,13523,6341,9229,13626,6491,9465,13730,6641,
4350,11213,3324,4374,11225,3340,4402,11238,3358,4440,11257,3384,4491,11282,3417,4555,11313,3460,4633,11351,3511,4723,11395,3570,4826,11444,3638,4942,11500,3714,5070,11562,3799,
5209,11628,3890,5359,11700,3988,5518,11776,4093,5687,11856,4203,5863,11939,4318,6047,12026,4438,6238,12115,4562,6434,12208,4690,6636,12302,4822,6843,12399,4956,7053,12497,5093,
7268,12597,5232,7486,12698,5372,7707,12800,5515,7930,12904,5658,8156,13008,5803,8383,13113,5949,8612,13219,6095,8842,13325,6243,9074,13431,6390,9307,13538,6538,9540,13645,6686,
4618,10916,3498,4641,10930,3513,4666,10945,3529,4702,10967,3553,4749,10996,3584,4809,11032,3624,4881,11075,3671,4966,11125,3727,5063,11182,3791,5172,11245,3862,5292,11314,3941,
5424,11389,4028,5566,11469,4121,5718,11553,4220,5878,11641,4325,6047,11733,4435,6223,11828,4550,6407,11926,4670,6596,12026,4793,6791,12128,4920,6991,12232,5049,7196,12337,5182,
7405,12443,5317,7617,12551,5454,7832,12659,5592,8050,12768,5732,8271,12878,5874,8494,12988,6017,8718,13099,6160,8945,13210,6305,9172,13321,6449,9401,13432,6595,9631,13543,6740,
4915,10597,3690,4936,10612,3703,4959,10630,3719,4992,10654,3740,5036,10686,3769,5092,10726,3806,5159,10774,3850,5238,10830,3902,5328,10894,3961,5430,10964,4028,5543,11041,4102,
5667,11124,4183,5801,11212,4271,5945,11304,4364,6097,11401,4464,6258,11501,4569,6426,11605,4678,6601,11711,4792,6783,11819,4911,6971,11929,5032,7164,12041,5157,7361,12153,5285,
7563,12267,5415,7769,12381,5548,7978,12496,5683,8191,12612,5819,8406,12727,5957,8623,12843,6096,8843,12959,6236,9064,13075,6377,9288,13191,6519,9512,13307,6662,9738,13423,6805,
5236,10263,3896,5255,10280,3909,5277,10299,3923,5307,10326,3943,5348,10361,3970,5399,10405,4003,5461,10457,4044,5534,10518,4092,5618,10587,4147,5714,10664,4209,5819,10748,4278,
5935,10838,4354,6061,10934,4436,6196,11034,4524,6340,11139,4618,6493,11248,4717,6653,11360,4821,6820,11474,4930,6994,11590,5043,7173,11708,5159,7359,11828,5279,7549,11948,5402,
7744,12069,5527,7942,12191,5655,8145,12313,5785,8351,12435,5917,8560,12557,6051,8772,12679,6186,8986,12801,6323,9202,12922,6460,9420,13044,6599,9640,13165,6738,9862,13285,6878,
5577,9922,4115,5595,9940,4126,5614,9960,4139,5642,9988,4157,5680,10026,4182,5727,10073,4213,5784,10129,4250,5852,10194,4294,5930,10269,4346,6018,10351,4403,6117,10441,4468,
6225,10537,4538,6343,10640,4615,6470,10748,4698,6606,10860,4786,6750,10976,4879,6901,11096,4978,7060,11218,5081,7225,11342,5188,7397,11468,5299,7574,11595,5413,7757,11723,5531,
7944,11852,5651,8136,11981,5774,8331,12110,5900,8531,12239,6027,8733,12368,6157,8939,12496,6288,9147,12624,6420,9357,12752,6554,9570,12879,6689,9785,13005,6825,10001,13131,6961,
5934,9578,4342,5950,9596,4353,5968,9618,4364,5993,9647,4381,6028,9687,4404,6071,9736,4432,6124,9796,4467,6187,9864,4507,6259,9943,4555,6341,10029,4608,6433,10124,4668,
6534,10226,4734,6644,10335,4805,6763,10449,4883,6891,10568,4965,7026,10691,5053,7170,10818,5146,7320,10947,5243,7477,11079,5345,7640,11212,5450,7809,11347,5559,7984,11482,5671,
8164,11618,5786,8348,11754,5905,8536,11890,6025,8728,12026,6148,8924,12162,6273,9123,12297,6399,9325,12431,6528,9529,12565,6657,9736,12698,6788,9945,12830,6920,10156,12961,7053,
6302,9235,4576,6317,9255,4586,6334,9277,4597,6358,9307,4612,6389,9348,4633,6429,9399,4659,6478,9461,4691,6536,9532,4728,6603,9613,4772,6679,9704,4821,6764,9803,4877,
6859,9909,4938,6961,10023,5005,7073,10142,5077,7193,10267,5154,7320,10396,5237,7455,10529,5324,7597,10665,5416,7746,10803,5512,7901,10943,5612,8062,11085,5715,8229,11227,5822,
8401,11370,5932,8577,11513,6045,8758,11656,6161,8943,11798,6278,9132,11940,6399,9324,12082,6521,9519,12223,6645,9717,12363,6770,9918,12502,6897,10121,12640,7025,10326,12777,7154,
6681,8898,4815,6695,8918,4824,6710,8940,4834,6732,8972,4848,6761,9013,4867,6798,9066,4891,6843,9128,4921,6897,9202,4955,6959,9285,4996,7029,9378,5041,7109,9480,5093,
7196,9590,5150,7292,9707,5212,7397,9831,5279,7509,9960,5351,7629,10094,5429,7756,10232,5511,7890,10374,5597,8031,10518,5688,8178,10664,5782,8331,10812,5880,8490,10960,5982,
8654,11110,6087,8822,11259,6195,8996,11408,6305,9173,11557,6418,9355,11706,6533,9540,11854,6651,9729,12001,6770,9920,12147,6891,10115,12292,7014,10312,12436,7138,10511,12578,7263,
7067,8568,5058,7080,8588,5066,7094,8610,5075,7114,8642,5088,7141,8684,5106,7175,8737,5128,7217,8801,5155,7266,8875,5187,7324,8960,5224,7390,9054,5267,7463,9158,5314,
7545,9271,5367,7635,9391,5425,7732,9517,5488,7837,9650,5555,7950,9789,5628,8069,9931,5705,8196,10077,5786,8329,10226,5871,8469,10378,5961,8614,10531,6054,8765,10685,6150,
8921,10840,6250,9082,10995,6352,9248,11151,6458,9419,11306,6566,9593,11460,6677,9771,11614,6789,9953,11767,6904,10138,11919,7021,10326,12069,7139,10517,12219,7259,10710,12367,7380,
7459,8247,5303,7470,8267,5310,7483,8289,5319,7502,8321,5331,7527,8363,5347,7559,8416,5367,7597,8480,5392,7643,8555,5422,7697,8640,5456,7758,8735,5495,7826,8840,5540,
7903,8954,5589,7986,9076,5643,8078,9205,5701,8176,9341,5764,8282,9482,5832,8394,9628,5904,8514,9778,5981,8639,9931,6061,8771,10086,6146,8909,10244,6234,9053,10403,6325,
9202,10563,6420,9355,10724,6517,9514,10884,6618,9677,11045,6721,9844,11205,6827,10015,11364,6935,10190,11523,7045,10369,11680,7158,10550,11837,7272,10735,11992,7387,10922,12145,7504,
7855,7935,5548,7866,7955,5555,7878,7977,5563,7895,8009,5574,7918,8051,5589,7947,8103,5608,7983,8167,5631,8026,8242,5659,8076,8327,5691,8132,8422,5727,8196,8528,5768,
8268,8642,5814,8346,8765,5864,8431,8895,5919,8524,9033,5978,8623,9176,6041,8729,9324,6109,8841,9477,6181,8960,9633,6257,9085,9792,6336,9216,9954,6419,9352,10117,6506,
9494,10281,6596,9640,10446,6689,9792,10612,6784,9948,10777,6883,10108,10942,6984,10272,11107,7088,10440,11270,7193,10612,11433,7301,10787,11594,7411,10965,11755,7522,11146,11914,7635,
8254,7633,5795,8264,7653,5801,8275,7675,5808,8291,7706,5819,8313,7747,5832,8340,7800,5850,8373,7863,5871,8413,7937,5897,8459,8022,5926,8512,8117,5960,8572,8222,5998,
8638,8336,6041,8712,8459,6088,8792,8590,6139,8878,8728,6194,8972,8872,6254,9072,9022,6317,9178,9177,6385,9290,9335,6456,9408,9497,6531,9532,9662,6610,9661,9828,6692,
9796,9996,6777,9936,10165,6865,10080,10334,6956,10229,10504,7050,10383,10673,7147,10540,10842,7246,10702,11011,7347,10867,11178,7451,11035,11344,7556,11207,11509,7663,11382,11673,7772,
8655,7341,6041,8664,7361,6046,8675,7382,6053,8690,7413,6063,8710,7454,6075,8735,7505,6092,8766,7568,6112,8803,7641,6135,8846,7724,6163,8896,7819,6194,8952,7923,6230,
9014,8037,6270,9083,8159,6313,9158,8290,6361,9239,8428,6413,9327,8573,6469,9421,8723,6529,9521,8879,6592,9627,9039,6659,9739,9203,6730,9856,9369,6804,9979,9538,6882,
10107,9709,6963,10240,9881,7046,10378,10054,7133,10521,10227,7223,10667,10400,7315,10818,10573,7409,10973,10745,7506,11132,10917,7605,11294,11088,7707,11460,11257,7810,11629,11426,7914,
9057,7060,6286,9066,7079,6291,9076,7100,6297,9090,7130,6306,9108,7170,6318,9132,7220,6333,9161,7282,6352,9196,7353,6374,9236,7436,6399,9283,7529,6429,9335,7632,6462,
9393,7745,6499,9458,7866,6540,9528,7996,6585,9605,8134,6633,9687,8278,6686,9776,8429,6742,9871,8585,6802,9971,8745,6865,10077,8910,6932,10188,9078,7002,10305,9249,7075,
10426,9421,7152,10553,9596,7231,10685,9771,7314,10821,9947,7399,10961,10124,7487,11106,10300,7577,11254,10476,7670,11407,10652,7765,11563,10826,7862,11723,11000,7961,11885,11172,8062,
9461,6788,6529,9469,6806,6534,9478,6827,6540,9491,6856,6549,9508,6896,6560,9531,6945,6574,9558,7005,6591,9590,7075,6611,9628,7156,6635,9671,7248,6663,9720,7349,6694,
9775,7460,6729,9836,7580,6767,9902,7709,6809,9974,7845,6854,10052,7989,6904,10136,8139,6956,10225,8295,7013,10320,8455,7072,10420,8620,7136,10526,8789,7202,10637,8961,7271,
10753,9135,7344,10873,9311,7420,10999,9488,7498,11129,9667,7579,11263,9846,7663,11401,10025,7749,11544,10204,7838,11690,10383,7929,11840,10561,8022,11994,10738,8117,12151,10914,8214,
9864,6526,6772,9872,6544,6776,9880,6564,6782,9893,6592,6789,9909,6630,6800,9930,6679,6813,9955,6737,6829,9986,6806,6848,10021,6885,6871,10062,6974,6896,10108,7074,6925,
10159,7183,6958,10216,7301,6994,10279,7428,7033,10347,7563,7076,10420,7706,7122,10500,7854,7172,10584,8009,7225,10674,8170,7281,10769,8334,7341,10869,8503,7404,10974,8675,7470,
11085,8850,7538,11200,9027,7610,11319,9206,7685,11443,9386,7762,11572,9567,7842,11704,9749,7924,11841,9930,8009,11982,10112,8096,12126,10293,8185,12274,10473,8276,12425,10652,8369,
10268,6272,7012,10275,6290,7016,10283,6309,7021,10294,6337,7029,10310,6374,7038,10329,6421,7051,10353,6478,7066,10382,6545,7084,10415,6622,7105,10453,6710,7129,10497,6807,7156,
10545,6914,7186,10599,7030,7220,10658,7155,7257,10722,7288,7298,10792,7429,7341,10866,7576,7388,10946,7730,7438,11031,7889,7491,11122,8053,7548,11217,8221,7607,11317,8393,7669,
11422,8568,7735,11532,8746,7803,11646,8926,7874,11764,9107,7947,11887,9289,8023,12014,9472,8102,12145,9656,8183,12280,9839,8266,12419,10023,8352,12561,10206,8439,12706,10388,8528,
10671,6027,7250,10677,6044,7254,10685,6063,7259,10696,6090,7266,10710,6126,7275,10728,6172,7286,10751,6227,7301,10778,6292,7317,10809,6367,7337,10845,6453,7360,10886,6548,7385,
10932,6653,7414,10983,6767,7446,11038,6889,7481,11099,7020,7519,11165,7158,7560,11236,7304,7604,11312,7456,7651,11392,7613,7701,11478,7776,7755,11569,7943,7811,11664,8115,7870,
11764,8290,7932,11868,8467,7997,11977,8647,8064,12091,8829,8134,12208,9012,8207,12330,9197,8282,12455,9382,8359,12585,9567,8439,12718,9752,8521,12855,9937,8605,12995,10121,8690,
11073,5790,7486,11079,5807,7490,11086,5825,7495,11096,5851,7501,11110,5886,7509,11127,5930,7520,11149,5984,7534,11174,6047,7549,11204,6121,7568,11238,6204,7589,11276,6297,7613,
11320,6399,7640,11368,6510,7670,11420,6630,7703,11478,6758,7739,11540,6894,7778,11607,7038,7819,11679,7187,7864,11756,7343,7912,11837,7505,7962,11923,7671,8015,12014,7841,8072,
12109,8015,8130,12209,8192,8192,12313,8372,8256,12421,8554,8323,12534,8737,8392,12651,8922,8464,12771,9108,8538,12895,9295,8614,13023,9481,8692,13155,9668,8773,13290,9854,8855,
11474,5561,7720,11480,5577,7724,11487,5594,7728,11497,5620,7734,11509,5654,7742,11526,5696,7752,11546,5748,7765,11570,5810,7779,11598,5881,7797,11630,5962,7817,11667,6052,7840,
11708,6152,7865,11753,6261,7893,11803,6378,7924,11857,6504,7958,11917,6637,7995,11980,6778,8034,12049,6925,8076,12121,7079,8121,12199,7238,8169,12281,7403,8220,12367,7572,8273,
12458,7744,8329,12553,7921,8388,12653,8100,8449,12757,8281,8512,12864,8465,8579,12976,8650,8647,13091,8836,8718,13211,9023,8790,13334,9211,8865,13460,9399,8943,13590,9587,9022,
11875,5338,7951,11880,5354,7955,11887,5371,7959,11896,5395,7964,11908,5428,7972,11923,5469,7981,11942,5520,7993,11965,5580,8007,11992,5649,8024,12022,5727,8043,12057,5815,8064,
12096,5912,8088,12139,6018,8115,12186,6133,8144,12238,6256,8176,12294,6386,8211,12354,6525,8248,12419,6669,8288,12489,6821,8331,12563,6978,8376,12641,7140,8424,12723,7307,8475,
12810,7478,8528,12901,7653,8584,12996,7831,8642,13095,8012,8703,13198,8195,8766,13305,8380,8831,13416,8566,8899,13531,8754,8968,13649,8942,9040,13771,9131,9114,13896,9320,9190,
12274,5123,8180,12279,5137,8183,12285,5154,8187,12294,5178,8192,12306,5209,8199,12320,5249,8209,12338,5298,8220,12360,5356,8233,12385,5423,8248,12414,5499,8266,12447,5585,8287,
12483,5679,8309,12524,5782,8334,12569,5894,8362,12619,6014,8392,12672,6142,8425,12730,6277,8461,12791,6419,8499,12857,6568,8539,12928,6723,8582,13002,6883,8628,13081,7048,8676,
13164,7217,8727,13251,7390,8780,13342,7567,8835,13437,7747,8893,13536,7929,8953,13638,8113,9016,13745,8299,9080,13855,8487,9147,13968,8675,9216,14086,8864,9287,14206,9054,9360,
12672,4913,8406,12677,4927,8409,12683,4943,8413,12691,4966,8418,12702,4996,8425,12716,5035,8433,12733,5083,8444,12753,5139,8456,12777,5204,8471,12805,5277,8488,12836,5360,8507,
12871,5452,8528,12910,5553,8552,12953,5662,8578,12999,5779,8607,13050,5904,8638,13105,6036,8672,13164,6175,8708,13227,6321,8746,13294,6473,8787,13365,6631,8831,13441,6793,8877,
13520,6961,8925,13603,7132,8976,13690,7307,9029,13781,7485,9084,13876,7666,9141,13974,7850,9201,14077,8035,9263,14182,8222,9327,14292,8410,9393,14404,8599,9461,14520,8789,9531,
13069,4709,8630,13074,4722,8633,13079,4738,8636,13087,4760,8641,13097,4790,8647,13110,4827,8655,13127,4873,8665,13146,4927,8677,13169,4990,8691,13195,5062,8707,13225,5142,8725,
13258,5231,8746,13295,5329,8768,13336,5435,8793,13380,5549,8820,13429,5671,8850,13481,5801,8882,13537,5937,8916,13598,6080,8953,13662,6229,8992,13730,6384,9033,13802,6544,9077,
13877,6709,9123,13957,6878,9171,14040,7051,9221,14128,7228,9274,14219,7407,9329,14313,7590,9386,14411,7774,9445,14513,7960,9507,14618,8148,9570,14727,8337,9635,14839,8526,9702,
13464,4510,8851,13469,4523,8854,13474,4538,8857,13481,4559,8861,13491,4588,8867,13504,4624,8875,13519,4668,8884,13538,4721,8896,13559,4782,8909,13584,4851,8924,13613,4930,8941,
13644,5016,8961,13680,5111,8982,13718,5214,9006,13761,5326,9032,13807,5445,9060,13857,5571,9090,13911,5704,9123,13968,5844,9157,14030,5991,9195,14095,6143,9234,14164,6300,9276,
14236,6462,9319,14312,6629,9366,14392,6800,9414,14476,6975,9464,14563,7153,9517,14654,7333,9571,14749,7516,9628,14846,7701,9687,14948,7888,9747,15052,8077,9810,15160,8266,9874,
13858,4316,9069,13863,4329,9072,13868,4343,9075,13875,4364,9079,13884,4391,9085,13896,4427,9092,13911,4469,9101,13928,4520,9112,13949,4579,9124,13973,4647,9139,14000,4722,9155,
14030,4806,9173,14064,4899,9194,14101,4999,9216,14141,5107,9241,14185,5223,9268,14233,5347,9296,14285,5477,9328,14340,5614,9361,14398,5757,9396,14461,5906,9434,14526,6061,9473,
14596,6221,9515,14669,6385,9559,14746,6554,9605,14826,6726,9654,14910,6902,9704,14997,7081,9756,15088,7262,9811,15182,7446,9867,15280,7632,9925,15381,7819,9985,15484,8008,10047,
14251,4127,9285,14255,4139,9288,14260,4153,9290,14266,4173,9294,14275,4200,9300,14287,4234,9307,14301,4275,9315,14318,4324,9325,14337,4381,9337,14360,4447,9351,14386,4520,9367,
14415,4602,9384,14447,4691,9403,14482,4789,9425,14521,4894,9448,14563,5007,9474,14609,5128,9501,14658,5255,9531,14711,5389,9562,14767,5529,9596,14827,5675,9632,14890,5827,9670,
14957,5984,9710,15027,6146,9752,15101,6312,9796,15178,6482,9842,15258,6656,9891,15342,6833,9941,15430,7012,9993,15520,7195,10047,15614,7379,10103,15711,7565,10160,15812,7753,10220,
14642,3942,9498,14646,3954,9501,14650,3967,9503,14657,3986,9507,14665,4012,9512,14676,4045,9519,14690,4085,9527,14706,4133,9537,14725,4188,9548,14746,4251,9561,14771,4323,9576,
14799,4402,9592,14829,4489,9611,14863,4584,9631,14900,4686,9654,14941,4796,9678,14985,4913,9704,15032,5038,9732,15082,5169,9763,15136,5306,9795,15193,5449,9829,15254,5598,9865,
15318,5752,9904,15385,5911,9944,15456,6074,9986,15530,6242,10030,15608,6413,10076,15689,6588,10124,15773,6766,10174,15860,6947,10226,15951,7130,10280,16044,7314,10335,16141,7501,10393,
3752,12274,2632,3781,12277,2651,3813,12281,2672,3859,12287,2703,3919,12296,2743,3995,12307,2793,4086,12320,2853,4191,12338,2923,4311,12359,3002,4444,12384,3090,4590,12413,3186,
4748,12447,3290,4916,12486,3401,5094,12529,3518,5281,12576,3641,5475,12628,3769,5677,12684,3901,5884,12744,4037,6096,12807,4176,6314,12875,4318,6535,12945,4462,6760,13019,4608,
6988,13095,4756,7218,13174,4906,7450,13256,5057,7685,13339,5208,7921,13425,5360,8158,13512,5513,8397,13601,5667,8636,13692,5820,8876,13784,5974,9116,13877,6127,9357,13971,6281,
3848,12157,2695,3876,12162,2713,3907,12167,2734,3952,12175,2763,4011,12185,2802,4084,12199,2851,4172,12216,2910,4275,12237,2978,4392,12261,3055,4523,12290,3141,4666,12324,3235,
4820,12361,3337,4985,12404,3446,5160,12451,3561,5344,12502,3682,5535,12557,3807,5734,12617,3937,5938,12680,4071,6148,12747,4209,6363,12817,4349,6582,12890,4492,6805,12967,4637,
7030,13046,4783,7259,13127,4931,7489,13211,5081,7722,13297,5231,7956,13384,5382,8192,13473,5534,8429,13564,5687,8667,13656,5839,8906,13749,5992,9145,13844,6145,9385,13939,6298,
3953,12031,2763,3980,12037,2781,4011,12043,2802,4054,12053,2830,4111,12065,2868,4182,12082,2915,4268,12102,2972,4368,12126,3038,4482,12154,3113,4609,12187,3197,4749,12225,3289,
4900,12267,3389,5062,12314,3495,5233,12364,3608,5414,12420,3727,5602,12479,3850,5797,12542,3978,5999,12609,4110,6206,12679,4246,6418,12753,4384,6635,12830,4525,6855,12909,4668,
7078,12990,4813,7304,13074,4960,7533,13161,5108,7764,13249,5257,7996,13338,5407,8230,13429,5558,8466,13522,5709,8702,13616,5861,8939,13711,6012,9177,13807,6164,9416,13904,6316,
4098,11858,2858,4124,11866,2875,4154,11874,2895,4195,11885,2922,4250,11901,2958,4318,11921,3004,4401,11945,3058,4497,11974,3122,4607,12007,3194,4730,12046,3275,4865,12088,3364,
5012,12136,3461,5169,12188,3564,5336,12245,3674,5512,12305,3790,5696,12370,3910,5887,12438,4035,6084,12510,4165,6288,12585,4297,6496,12663,4433,6709,12744,4572,6926,12827,4713,
7146,12912,4856,7369,13000,5001,7595,13089,5147,7823,13181,5294,8053,13273,5442,8285,13367,5591,8518,13462,5741,8752,13559,5891,8987,13656,6042,9223,13754,6192,9460,13853,6343,
4284,11642,2979,4309,11650,2995,4336,11660,3014,4376,11675,3040,4428,11693,3074,4493,11717,3117,4572,11746,3169,4664,11780,3230,4769,11820,3299,4886,11864,3377,5016,11914,3462,
5157,11968,3555,5309,12027,3654,5470,12090,3760,5640,12157,3872,5819,12228,3989,6004,12303,4110,6197,12381,4236,6395,12462,4366,6599,12545,4498,6807,12631,4634,7019,12720,4772,
7235,12810,4912,7455,12902,5054,7677,12996,5198,7901,13091,5343,8128,13187,5489,8357,13285,5636,8587,13384,5783,8818,13483,5932,9051,13583,6080,9284,13684,6229,9519,13786,6379,
4508,11386,3124,4531,11397,3140,4557,11408,3157,4594,11425,3181,4642,11448,3213,4704,11476,3254,4778,11510,3303,4865,11550,3360,4965,11596,3426,5077,11647,3499,5200,11704,3581,
5335,11765,3669,5480,11831,3764,5635,11902,3866,5798,11977,3973,5970,12055,4086,6150,12137,4203,6336,12222,4325,6528,12310,4450,6726,12400,4579,6929,12492,4711,7136,12587,4846,
7347,12683,4982,7562,12780,5121,7780,12879,5262,8000,12979,5404,8222,13080,5547,8447,13182,5692,8674,13285,5837,8902,13388,5983,9131,13492,6129,9362,13597,6276,9593,13702,6423,
4765,11099,3291,4786,11111,3305,4810,11125,3321,4845,11145,3344,4890,11171,3374,4948,11203,3412,5018,11243,3458,5099,11288,3511,5193,11340,3573,5299,11398,3642,5415,11462,3719,
5543,11532,3803,5681,11606,3893,5829,11684,3990,5985,11767,4093,6150,11854,4200,6322,11943,4313,6502,12036,4430,6687,12131,4551,6879,12228,4675,7075,12328,4803,7276,12429,4933,
7482,12531,5066,7691,12635,5202,7903,12739,5339,8118,12845,5477,8336,12952,5618,8557,13059,5759,8779,13166,5901,9003,13274,6044,9228,13383,6188,9455,13491,6333,9683,13600,6478,
5051,10789,3476,5071,10802,3489,5093,10818,3504,5125,10840,3525,5167,10869,3553,5221,10906,3588,5286,10950,3631,5362,11001,3681,5450,11059,3738,5549,11124,3803,5659,11195,3875,
5779,11272,3954,5910,11354,4040,6050,11441,4131,6199,11532,4229,6356,11626,4331,6521,11724,4439,6692,11824,4551,6871,11927,4667,7055,12032,4786,7245,12139,4909,7439,12247,5035,
7638,12357,5164,7841,12467,5295,8048,12578,5428,8257,12690,5563,8470,12802,5700,8685,12915,5838,8902,13028,5977,9121,13141,6117,9343,13254,6258,9565,13368,6399,9789,13481,6542,
5361,10462,3676,5380,10477,3688,5400,10494,3702,5430,10519,3721,5469,10551,3747,5519,10591,3779,5579,10639,3819,5650,10695,3866,5732,10759,3919,5825,10830,3980,5928,10908,4047,
6041,10992,4121,6164,11081,4202,6296,11175,4288,6437,11274,4380,6586,11377,4477,6743,11482,4579,6907,11591,4686,7077,11702,4797,7254,11814,4911,7436,11929,5029,7624,12044,5151,
7816,12161,5275,8012,12278,5401,8212,12396,5530,8416,12515,5661,8622,12633,5794,8832,12752,5928,9044,12871,6063,9258,12989,6200,9474,13108,6337,9692,13226,6476,9912,13344,6615,
5692,10125,3888,5709,10142,3899,5728,10160,3912,5755,10186,3930,5792,10221,3953,5838,10264,3984,5894,10316,4020,5960,10376,4063,6036,10445,4113,6122,10521,4170,6218,10605,4232,
6324,10695,4302,6440,10791,4377,6564,10893,4458,6697,10999,4545,6838,11109,4636,6987,11222,4733,7143,11338,4834,7305,11457,4940,7474,11577,5049,7649,11699,5162,7829,11822,5278,
8014,11946,5398,8203,12071,5519,8396,12195,5644,8593,12321,5770,8793,12446,5898,8997,12571,6028,9203,12695,6160,9411,12820,6293,9622,12944,6427,9835,13068,6562,10050,13191,6698,
6039,9784,4110,6055,9802,4120,6072,9821,4132,6098,9849,4148,6131,9885,4170,6174,9931,4198,6225,9986,4232,6287,10050,4272,6357,10122,4318,6438,10203,4370,6527,10292,4429,
6626,10387,4493,6734,10489,4564,6851,10597,4640,6977,10710,4721,7110,10826,4808,7250,10947,4899,7398,11070,4995,7553,11196,5095,7714,11324,5199,7881,11453,5307,8053,11583,5418,
8230,11714,5532,8412,11846,5649,8598,11978,5768,8789,12109,5890,8982,12241,6014,9179,12373,6140,9379,12504,6267,9582,12634,6396,9787,12764,6526,9994,12894,6658,10204,13022,6790,
6400,9443,4339,6414,9461,4349,6430,9482,4359,6454,9510,4375,6485,9548,4395,6524,9596,4420,6572,9653,4452,6628,9719,4489,6694,9795,4531,6769,9880,4580,6852,9973,4634,
6945,10073,4694,7046,10180,4760,7155,10293,4831,7273,10411,4908,7399,10534,4989,7532,10660,5075,7672,10790,5165,7818,10922,5260,7971,11057,5359,8130,11193,5461,8295,11330,5567,
8465,11468,5676,8639,11606,5788,8818,11745,5903,9001,11883,6020,9188,12021,6139,9378,12159,6260,9572,12297,6384,9768,12433,6508,9967,12569,6635,10169,12704,6762,10373,12839,6891,
6771,9106,4574,6784,9124,4583,6799,9145,4593,6820,9174,4607,6849,9213,4625,6885,9262,4649,6930,9321,4678,6982,9390,4712,7043,9468,4752,7113,9555,4797,7191,9651,4847,
7277,9755,4903,7371,9865,4964,7474,9983,5031,7584,10106,5102,7703,10234,5179,7828,10366,5260,7960,10501,5345,8099,10639,5435,8245,10780,5528,8396,10922,5625,8553,11065,5726,
8715,11209,5830,8882,11354,5937,9053,11499,6047,9229,11644,6159,9409,11788,6274,9593,11932,6390,9780,12076,6509,9970,12219,6630,10163,12360,6752,10358,12501,6875,10556,12641,7000,
7150,8774,4813,7162,8793,4821,7176,8814,4830,7196,8844,4843,7222,8883,4860,7256,8933,4882,7297,8993,4909,7346,9063,4940,7402,9142,4977,7467,9231,5019,7540,9330,5066,
7620,9436,5118,7708,9550,5175,7805,9671,5237,7908,9797,5304,8019,9929,5376,8137,10066,5452,8262,10206,5532,8394,10349,5617,8532,10495,5705,8675,10642,5797,8825,10791,5893,
8979,10941,5992,9139,11092,6094,9303,11243,6199,9472,11393,6306,9645,11544,6416,9822,11694,6528,10002,11843,6643,10186,11992,6759,10372,12139,6877,10562,12286,6996,10754,12431,7117,
7535,8450,5055,7547,8469,5062,7560,8490,5071,7578,8520,5083,7602,8560,5098,7634,8610,5119,7672,8670,5143,7717,8741,5173,7770,8821,5207,7830,8912,5245,7898,9011,5289,
7973,9119,5338,8055,9235,5391,8146,9358,5449,8243,9488,5511,8347,9623,5579,8459,9763,5650,8576,9907,5726,8701,10054,5806,8831,10204,5889,8968,10357,5976,9110,10511,6067,
9257,10666,6161,9410,10821,6258,9567,10978,6358,9728,11134,6461,9894,11290,6566,10064,11445,6674,10238,11600,6784,10415,11754,6896,10595,11907,7009,10778,12059,7125,10965,12210,7241,
7926,8135,5298,7936,8153,5305,7948,8175,5313,7965,8204,5324,7988,8244,5338,8017,8294,5357,8052,8354,5380,8095,8425,5407,8144,8506,5439,8200,8597,5475,8263,8697,5515,
8333,8806,5561,8411,8923,5610,8495,9048,5665,8586,9179,5723,8684,9317,5786,8789,9459,5853,8901,9606,5925,9018,9757,6000,9142,9911,6079,9271,10067,6161,9406,10225,6247,
9547,10384,6337,9692,10545,6429,9842,10706,6525,9997,10867,6623,10156,11028,6723,10319,11188,6826,10486,11349,6932,10657,11508,7039,10830,11666,7148,11008,11823,7260,11188,11979,7372,
8320,7829,5542,8329,7847,5549,8341,7868,5556,8356,7898,5566,8378,7937,5580,8405,7987,5597,8438,8047,5618,8477,8117,5643,8523,8198,5673,8575,8289,5706,8634,8389,5744,
8700,8498,5786,8772,8616,5833,8851,8742,5884,8937,8874,5938,9030,9013,5998,9128,9157,6061,9234,9306,6128,9345,9459,6199,9462,9616,6273,9585,9775,6351,9713,9937,6433,
9846,10100,6518,9985,10264,6605,10128,10429,6696,10276,10594,6790,10429,10760,6886,10585,10925,6985,10746,11090,7086,10910,11254,7189,11077,11417,7294,11248,11579,7401,11422,11740,7510,
8716,7532,5787,8725,7550,5792,8736,7571,5799,8750,7600,5808,8770,7639,5821,8795,7688,5837,8826,7748,5857,8863,7817,5880,8906,7897,5908,8955,7988,5939,9010,8087,5974,
9071,8196,6014,9139,8314,6057,9214,8440,6105,9295,8573,6156,9381,8712,6212,9475,8857,6271,9574,9008,6334,9679,9163,6401,9790,9321,6471,9906,9483,6545,10028,9647,6623,
10155,9813,6703,10287,9980,6787,10424,10149,6873,10566,10318,6962,10712,10487,7054,10862,10656,7148,11016,10825,7245,11173,10994,7344,11335,11161,7445,11499,11328,7548,11667,11493,7652,
9115,7245,6030,9123,7263,6036,9133,7284,6042,9147,7312,6051,9165,7351,6063,9189,7399,6078,9217,7457,6096,9252,7526,6118,9292,7605,6143,9337,7694,6173,9389,7793,6206,
9447,7902,6242,9511,8019,6283,9581,8144,6328,9657,8276,6376,9739,8416,6428,9827,8561,6484,9920,8712,6543,10020,8868,6606,10125,9028,6673,10235,9191,6743,10351,9357,6816,
10472,9525,6892,10598,9695,6972,10729,9867,7054,10864,10039,7139,11003,10211,7226,11147,10384,7317,11295,10556,7409,11447,10729,7504,11602,10900,7601,11760,11071,7700,11922,11240,7800,
9514,6968,6273,9522,6986,6278,9531,7006,6284,9544,7034,6292,9561,7071,6303,9583,7119,6317,9610,7176,6334,9642,7244,6355,9680,7321,6379,9723,7409,6406,9772,7507,6437,
9826,7614,6471,9886,7730,6509,9952,7854,6551,10023,7986,6597,10101,8125,6646,10184,8270,6698,10272,8421,6754,10367,8577,6814,10466,8737,6877,10571,8902,6943,10681,9069,7012,
10796,9239,7084,10916,9410,7160,11041,9584,7238,11170,9758,7319,11303,9934,7403,11441,10109,7489,11583,10285,7577,11728,10460,7668,11878,10635,7761,12031,10809,7856,12187,10982,7953,
9914,6700,6515,9922,6717,6520,9930,6737,6525,9942,6764,6533,9958,6801,6543,9979,6847,6556,10004,6903,6572,10035,6970,6591,10070,7046,6613,10110,7132,6639,10156,7228,6668,
10207,7334,6700,10264,7448,6736,10326,7571,6775,10393,7701,6818,10466,7839,6864,10545,7984,6914,10629,8134,6966,10718,8290,7023,10812,8450,7082,10912,8615,7145,11017,8783,7210,
11126,8953,7279,11240,9127,7351,11359,9301,7425,11483,9478,7502,11611,9655,7582,11743,9833,7664,11878,10011,7749,12018,10189,7836,12162,10367,7925,12309,10544,8016,12459,10721,8109,
10315,6441,6755,10322,6458,6759,10330,6477,6764,10341,6503,6771,10356,6539,6781,10376,6584,6793,10399,6639,6808,10428,6704,6826,10461,6779,6847,10499,6863,6871,10542,6957,6898,
10590,7061,6929,10644,7174,6962,10702,7295,6999,10766,7424,7039,10835,7560,7083,10909,7703,7130,10989,7853,7180,11073,8008,7233,11163,8167,7289,11258,8332,7348,11357,8500,7410,
11462,8671,7476,11571,8844,7544,11684,9020,7615,11802,9198,7688,11924,9377,7764,12051,9556,7843,12181,9737,7924,12315,9917,8007,12453,10097,8092,12595,10277,8180,12740,10457,8269,
10715,6191,6993,10721,6207,6997,10729,6225,7002,10740,6251,7009,10754,6286,7018,10772,6330,7029,10795,6383,7043,10821,6447,7060,10853,6520,7080,10888,6602,7102,10929,6694,7128,
10975,6796,7156,11025,6906,7188,11080,7025,7223,11141,7152,7261,11206,7287,7302,11276,7429,7346,11352,7577,7393,11432,7730,7443,11517,7889,7496,11607,8053,7553,11702,8220,7612,
11801,8391,7674,11905,8565,7738,12014,8741,7806,12127,8920,7876,12244,9099,7948,12365,9280,8023,12490,9462,8101,12619,9644,8180,12751,9826,8262,12887,10009,8346,13027,10190,8432,
11115,5948,7229,11121,5964,7233,11128,5982,7238,11138,6007,7244,11151,6041,7253,11169,6083,7263,11190,6135,7277,11215,6197,7292,11244,6268,7311,11278,6349,7332,11317,6439,7356,
11360,6538,7383,11407,6646,7413,11460,6763,7446,11517,6888,7481,11579,7021,7520,11646,7160,7562,11717,7306,7606,11794,7458,7654,11875,7616,7704,11960,7778,7758,12051,7945,7814,
12145,8115,7873,12245,8289,7934,12348,8465,7998,12456,8644,8065,12568,8824,8134,12684,9006,8206,12804,9188,8280,12928,9372,8356,13055,9556,8435,13186,9739,8515,13321,9923,8598,
11514,5713,7464,11520,5728,7467,11526,5746,7471,11536,5770,7477,11548,5803,7485,11565,5845,7496,11585,5895,7508,11609,5955,7523,11636,6024,7540,11669,6103,7560,11705,6191,7583,
11746,6288,7608,11791,6393,7637,11840,6508,7667,11895,6630,7701,11953,6760,7738,12017,6898,7777,12085,7042,7819,12157,7192,7865,12234,7348,7912,12316,7509,7963,12402,7674,8016,
12493,7843,8072,12587,8016,8131,12686,8192,8192,12790,8370,8256,12897,8551,8322,13008,8733,8390,13123,8916,8461,13242,9100,8534,13364,9285,8609,13490,9470,8686,13620,9656,8765,
11912,5485,7696,11918,5500,7699,11924,5517,7703,11933,5541,7709,11945,5572,7716,11960,5613,7726,11979,5662,7737,12002,5720,7751,12028,5787,7768,12059,5864,7787,12093,5949,7808,
12132,6044,7832,12174,6147,7859,12222,6259,7888,12273,6379,7920,12329,6507,7955,12389,6642,7992,12454,6783,8032,12523,6931,8075,12596,7085,8120,12674,7244,8168,12756,7408,8219,
12843,7576,8272,12933,7748,8328,13028,7923,8386,13127,8100,8447,13229,8280,8510,13336,8462,8575,13447,8646,8643,13561,8830,8713,13678,9016,8785,13800,9202,8859,13924,9388,8935,
12309,5264,7925,12315,5279,7928,12321,5295,7932,12329,5318,7937,12341,5349,7945,12355,5388,7954,12373,5435,7965,12394,5492,7978,12420,5557,7993,12448,5631,8011,12481,5715,8032,
12518,5807,8054,12558,5908,8079,12603,6017,8107,12652,6134,8137,12705,6259,8170,12763,6392,8206,12824,6531,8244,12890,6677,8284,12960,6828,8327,13034,6985,8373,13113,7147,8421,
13195,7313,8472,13282,7483,8525,13372,7657,8581,13467,7834,8639,13566,8013,8699,13668,8195,8761,13774,8378,8826,13884,8563,8893,13997,8748,8962,14114,8935,9033,14234,9122,9106,
12706,5049,8152,12711,5063,8155,12716,5079,8159,12724,5101,8164,12735,5131,8171,12749,5169,8179,12766,5215,8190,12786,5270,8202,12810,5333,8217,12838,5405,8234,12869,5487,8253,
12903,5576,8274,12942,5675,8298,12985,5781,8325,13031,5896,8353,13082,6018,8384,13137,6148,8418,13195,6284,8454,13258,6427,8493,13325,6576,8534,13396,6731,8577,13471,6891,8623,
13550,7055,8671,13633,7224,8722,13719,7396,8775,13810,7571,8830,13905,7749,8888,14003,7930,8948,14105,8113,9010,14210,8297,9074,14319,8483,9140,14431,8670,9208,14547,8857,9278,
13101,4840,8377,13105,4854,8380,13111,4869,8383,13118,4891,8388,13129,4920,8394,13142,4956,8403,13158,5001,8413,13178,5054,8424,13200,5115,8438,13226,5186,8454,13256,5264,8473,
13289,5352,8493,13326,5447,8515,13366,5551,8540,13411,5663,8568,13459,5783,8597,13511,5910,8629,13567,6043,8663,13627,6184,8700,13691,6330,8739,13759,6482,8781,13830,6640,8824,
13906,6802,8870,13985,6968,8919,14069,7139,8969,14155,7313,9022,14246,7490,9077,14340,7669,9135,14438,7851,9194,14540,8035,9255,14644,8220,9319,14753,8407,9384,14864,8594,9451,
13494,4637,8599,13499,4650,8602,13504,4665,8605,13511,4686,8610,13521,4714,8616,13534,4749,8624,13549,4792,8633,13568,4844,8644,13589,4903,8657,13614,4972,8673,13642,5048,8690,
13674,5133,8709,13709,5226,8731,13748,5327,8754,13790,5436,8780,13836,5553,8808,13886,5677,8839,13939,5808,8871,13997,5946,8906,14058,6089,8944,14123,6239,8983,14191,6394,9025,
14264,6554,9069,14340,6718,9115,14419,6886,9163,14503,7058,9214,14590,7234,9267,14680,7412,9321,14775,7593,9378,14872,7775,9437,14973,7960,9498,15077,8146,9561,15185,8333,9625,
13887,4439,8819,13891,4451,8822,13896,4465,8825,13903,4486,8829,13913,4513,8835,13925,4547,8842,13939,4589,8851,13957,4639,8862,13977,4697,8874,14001,4763,8889,14028,4837,8905,
14058,4920,8924,14092,5010,8944,14129,5109,8967,14169,5215,8991,14213,5329,9018,14261,5450,9047,14312,5578,9078,14367,5713,9111,14425,5854,9147,14487,6001,9184,14553,6153,9224,
14622,6310,9266,14695,6472,9310,14772,6638,9357,14852,6808,9405,14936,6982,9455,15023,7158,9508,15113,7338,9562,15207,7519,9619,15304,7703,9677,15405,7888,9737,15508,8075,9800,
14278,4245,9037,14282,4257,9039,14287,4271,9042,14294,4291,9046,14303,4317,9051,14314,4350,9058,14328,4391,9067,14345,4439,9077,14365,4495,9089,14387,4559,9103,14413,4631,9118,
14442,4711,9136,14474,4799,9155,14509,4895,9177,14548,4999,9200,14590,5110,9226,14635,5228,9253,14684,5354,9283,14737,5485,9315,14793,5623,9348,14852,5767,9384,14915,5917,9422,
14982,6072,9463,15052,6231,9505,15125,6395,9549,15202,6563,9595,15283,6734,9644,15367,6909,9694,15454,7087,9746,15544,7267,9800,15638,7449,9856,15735,7633,9914,15835,7819,9974,
14668,4056,9251,14672,4068,9254,14677,4081,9256,14683,4100,9260,14691,4125,9265,14702,4158,9272,14716,4197,9280,14732,4244,9290,14751,4298,9301,14772,4360,9314,14797,4430,9329,
14824,4508,9346,14855,4594,9364,14889,4687,9385,14926,4788,9407,14966,4896,9432,15010,5012,9458,15057,5134,9486,15107,5263,9516,15161,5398,9549,15218,5539,9583,15278,5686,9619,
15342,5838,9658,15409,5995,9698,15480,6156,9741,15554,6322,9785,15631,6491,9831,15712,6664,9879,15796,6839,9930,15883,7018,9982,15973,7199,10035,16067,7382,10091,16163,7566,10149,
3949,12400,2460,3976,12404,2478,4007,12407,2498,4050,12413,2527,4107,12421,2565,4178,12431,2612,4264,12444,2669,4365,12460,2735,4479,12479,2811,4606,12503,2895,4746,12530,2987,
4897,12562,3087,5059,12598,3193,5230,12638,3306,5411,12682,3425,5599,12731,3549,5795,12784,3677,5997,12841,3810,6204,12901,3945,6416,12965,4084,6632,13033,4225,6853,13103,4369,
7076,13177,4515,7303,13253,4662,7531,13332,4810,7762,13413,4960,7995,13495,5110,8229,13580,5261,8464,13667,5413,8701,13755,5565,8938,13845,5717,9176,13935,5870,9415,14027,6022,
4039,12290,2519,4066,12295,2537,4096,12300,2556,4138,12307,2584,4193,12316,2621,4263,12329,2667,4347,12344,2723,4445,12363,2787,4556,12386,2861,4681,12413,2943,4818,12444,3034,
4966,12479,3132,5125,12519,3236,5294,12562,3348,5472,12610,3464,5657,12662,3586,5850,12719,3713,6049,12778,3843,6254,12842,3978,6464,12909,4115,6678,12979,4255,6897,13052,4397,
7118,13128,4541,7343,13207,4687,7570,13287,4834,7799,13370,4982,8030,13455,5132,8262,13542,5282,8496,13630,5433,8731,13720,5584,8968,13811,5735,9204,13903,5887,9442,13996,6039,
4139,12171,2584,4165,12176,2601,4193,12182,2620,4234,12191,2647,4288,12202,2683,4356,12217,2728,4438,12235,2782,4533,12258,2845,4642,12284,2917,4764,12314,2997,4898,12349,3086,
5043,12388,3181,5199,12431,3284,5365,12479,3393,5540,12531,3508,5722,12586,3628,5912,12646,3753,6109,12709,3881,6311,12776,4014,6518,12846,4149,6730,12919,4287,6946,12995,4428,
7165,13074,4571,7387,13155,4715,7612,13238,4861,7840,13323,5008,8069,13410,5156,8300,13498,5305,8532,13588,5455,8766,13680,5605,9001,13772,5756,9236,13866,5906,9473,13961,6057,
4277,12007,2674,4301,12014,2690,4329,12021,2708,4368,12031,2734,4420,12046,2769,4486,12064,2812,4565,12086,2864,4657,12112,2925,4762,12143,2995,4880,12178,3072,5010,12217,3158,
5151,12261,3251,5303,12310,3351,5464,12363,3457,5635,12419,3569,5814,12480,3687,6000,12544,3809,6192,12612,3935,6391,12684,4064,6594,12758,4198,6803,12835,4333,7015,12915,4472,
7232,12997,4613,7451,13081,4755,7673,13168,4899,7898,13256,5045,8125,13345,5191,8354,13437,5338,8584,13529,5487,8815,13623,5635,9048,13718,5785,9282,13814,5934,9516,13911,6084,
4453,11800,2789,4477,11808,2804,4503,11817,2822,4540,11830,2847,4590,11847,2879,4653,11869,2921,4728,11895,2970,4816,11926,3028,4917,11962,3095,5030,12003,3170,5155,12048,3252,
5291,12099,3342,5438,12153,3438,5594,12212,3541,5760,12275,3649,5933,12342,3763,6114,12412,3882,6302,12486,4005,6496,12563,4131,6695,12642,4261,6899,12725,4394,7107,12809,4530,
7320,12896,4668,7535,12985,4808,7754,13075,4950,7975,13167,5093,8199,13261,5237,8425,13355,5383,8652,13451,5529,8881,13548,5676,9111,13646,5823,9342,13745,5971,9575,13844,6119,
4667,11555,2928,4689,11564,2942,4714,11575,2959,4749,11590,2982,4796,11611,3013,4855,11636,3052,4926,11667,3099,5010,11704,3154,5106,11745,3217,5214,11793,3288,5333,11845,3367,
5463,11902,3453,5604,11963,3545,5754,12029,3644,5913,12099,3748,6081,12173,3858,6256,12250,3972,6438,12331,4091,6626,12414,4214,6820,12500,4341,7019,12588,4470,7222,12678,4602,
7430,12770,4737,7641,12864,4874,7855,12960,5013,8073,13057,5153,8292,13155,5295,8514,13254,5438,8738,13354,5582,8964,13454,5726,9191,13556,5872,9419,13658,6018,9648,13761,6164,
4913,11278,3087,4934,11289,3101,4957,11301,3116,4990,11319,3138,5034,11343,3167,5089,11372,3204,5157,11408,3248,5235,11450,3300,5326,11497,3360,5428,11551,3427,5541,11610,3501,
5665,11674,3582,5799,11743,3670,5943,11817,3765,6095,11894,3864,6256,11975,3970,6424,12060,4080,6600,12148,4194,6782,12238,4313,6969,12331,4435,7162,12426,4561,7360,12523,4689,
7562,12621,4820,7768,12721,4954,7977,12822,5089,8190,12924,5226,8405,13027,5365,8622,13131,5505,8842,13236,5646,9064,13341,5788,9287,13447,5931,9511,13553,6074,9737,13660,6218,
5188,10976,3266,5208,10989,3278,5229,11003,3293,5260,11023,3313,5301,11049,3340,5353,11083,3374,5416,11123,3415,5490,11170,3464,5575,11223,3520,5671,11283,3583,5778,11349,3653,
5895,11420,3730,6022,11497,3813,6158,11578,3902,6304,11663,3997,6457,11752,4098,6618,11845,4203,6787,11940,4313,6962,12038,4427,7142,12138,4545,7329,12240,4666,7520,12344,4790,
7716,12449,4917,7916,12555,5046,8120,12663,5178,8327,12771,5311,8537,12880,5446,8749,12989,5583,8964,13099,5721,9181,13209,5860,9400,13320,6000,9621,13430,6140,9843,13541,6282,
5489,10656,3459,5506,10670,3471,5527,10686,3484,5555,10708,3503,5593,10738,3528,5642,10774,3560,5700,10819,3598,5769,10870,3644,5849,10929,3696,5939,10995,3755,6039,11067,3821,
6150,11145,3893,6269,11229,3971,6399,11317,4056,6536,11410,4146,6682,11507,4241,6836,11607,4341,6997,11710,4446,7164,11815,4555,7338,11923,4668,7517,12032,4784,7702,12143,4904,
7891,12255,5026,8085,12369,5151,8282,12483,5279,8483,12597,5408,8687,12712,5539,8894,12828,5672,9104,12943,5807,9316,13059,5942,9530,13175,6079,9746,13290,6217,9964,13406,6355,
5810,10325,3666,5826,10340,3676,5845,10357,3689,5871,10381,3706,5907,10413,3729,5952,10453,3759,6006,10501,3794,6070,10557,3836,6144,10620,3885,6229,10691,3940,6323,10769,4002,
6426,10853,4069,6539,10943,4143,6661,11038,4222,6791,11138,4307,6929,11242,4398,7075,11350,4493,7229,11460,4592,7389,11573,4696,7555,11688,4804,7727,11805,4915,7904,11923,5030,
8086,12043,5148,8273,12163,5268,8464,12284,5391,8658,12405,5516,8856,12526,5644,9058,12648,5773,9262,12769,5903,9468,12891,6035,9677,13012,6168,9888,13133,6303,10101,13254,6438,
6148,9988,3882,6163,10004,3892,6180,10022,3903,6205,10048,3919,6238,10081,3941,6279,10123,3968,6330,10174,4001,6389,10234,4040,6459,10301,4085,6537,10377,4137,6625,10459,4194,
6722,10549,4257,6828,10645,4326,6942,10746,4401,7065,10853,4481,7196,10963,4566,7335,11078,4656,7480,11195,4750,7632,11315,4849,7791,11438,4952,7955,11561,5058,8125,11687,5168,
8300,11813,5281,8480,11940,5396,8664,12068,5515,8852,12195,5635,9043,12323,5758,9238,12451,5883,9436,12579,6010,9637,12706,6138,9840,12833,6267,10046,12960,6398,10254,13086,6530,
6500,9649,4107,6514,9666,4116,6530,9685,4126,6553,9711,4141,6583,9747,4161,6622,9791,4186,6668,9844,4217,6724,9906,4253,6788,9977,4295,6861,10056,4342,6943,10143,4396,
7034,10237,4455,7134,10338,4520,7241,10445,4590,7357,10557,4665,7480,10673,4745,7611,10794,4830,7749,10918,4919,7894,11044,5013,8044,11173,5110,8201,11304,5211,8364,11436,5316,
8531,11569,5424,8704,11702,5535,8881,11837,5648,9062,11971,5765,9247,12105,5883,9435,12239,6003,9627,12373,6126,9822,12507,6250,10019,12639,6375,10219,12772,6502,10422,12903,6630,
6863,9313,4337,6876,9330,4346,6891,9349,4355,6912,9376,4369,6940,9413,4387,6976,9458,4411,7019,9513,4439,7071,9577,4473,7131,9651,4511,7199,9733,4556,7276,9823,4606,
7360,9921,4661,7453,10026,4721,7554,10137,4787,7663,10253,4857,7779,10375,4932,7903,10501,5012,8033,10630,5097,8171,10763,5185,8314,10898,5278,8463,11035,5374,8618,11173,5474,
8779,11312,5577,8944,11452,5683,9114,11593,5791,9288,11733,5903,9466,11874,6017,9648,12014,6133,9833,12154,6251,10022,12293,6371,10213,12432,6492,10407,12570,6615,10604,12707,6740,
7235,8980,4572,7248,8998,4580,7261,9017,4589,7281,9045,4602,7307,9082,4619,7340,9129,4640,7380,9185,4667,7428,9250,4698,7484,9325,4734,7548,9410,4775,7619,9502,4821,
7698,9603,4873,7785,9711,4929,7880,9826,4990,7982,9946,5057,8092,10072,5127,8208,10202,5203,8332,10337,5282,8462,10474,5366,8598,10614,5453,8740,10757,5545,8888,10900,5640,
9041,11045,5738,9199,11191,5839,9361,11338,5943,9528,11484,6050,9700,11631,6159,9875,11777,6270,10054,11922,6384,10236,12067,6500,10421,12212,6617,10609,12355,6736,10800,12498,6856,
7615,8654,4811,7626,8672,4818,7639,8691,4826,7657,8720,4838,7681,8757,4854,7712,8804,4874,7749,8861,4898,7794,8927,4927,7846,9004,4961,7905,9089,4999,7972,9183,5042,
8046,9286,5090,8127,9396,5143,8216,9514,5200,8312,9637,5262,8415,9766,5328,8525,9900,5399,8642,10039,5474,8765,10180,5553,8894,10325,5636,9029,10472,5723,9170,10621,5813,
9315,10771,5906,9466,10922,6002,9622,11074,6102,9782,11226,6204,9947,11378,6309,10115,11529,6416,10288,11680,6525,10463,11831,6636,10642,11981,6749,10824,12130,6864,11009,12278,6981,
7999,8336,5051,8010,8353,5058,8022,8373,5066,8038,8401,5077,8061,8439,5091,8089,8486,5110,8124,8543,5132,8166,8610,5159,8214,8687,5190,8270,8773,5226,8332,8868,5266,
8402,8972,5311,8478,9084,5360,8561,9203,5414,8652,9329,5472,8749,9461,5534,8852,9597,5601,8963,9739,5672,9079,9884,5746,9201,10032,5825,9329,10183,5907,9463,10336,5992,
9602,10491,6081,9746,10646,6173,9895,10803,6267,10049,10960,6365,10206,11117,6465,10368,11273,6568,10534,11430,6673,10703,11586,6780,10876,11740,6889,11052,11895,6999,11231,12048,7112,
8388,8026,5293,8398,8043,5300,8409,8063,5307,8424,8091,5317,8445,8129,5330,8472,8176,5347,8505,8233,5368,8544,8300,5393,8589,8376,5422,8640,8463,5456,8699,8559,5493,
8764,8663,5535,8836,8776,5581,8914,8896,5631,8999,9023,5686,9090,9156,5744,9188,9295,5807,9292,9439,5874,9402,9586,5944,9518,9738,6018,9640,9892,6096,9767,10048,6177,
9899,10207,6261,10037,10366,6348,10179,10527,6439,10326,10688,6532,10477,10849,6628,10632,11011,6726,10792,11172,6826,10955,11332,6929,11121,11492,7034,11291,11651,7141,11464,11809,7249,
8780,7725,5536,8789,7742,5541,8799,7762,5548,8814,7790,5557,8834,7827,5570,8858,7874,5586,8889,7930,5605,8925,7997,5629,8967,8073,5656,9016,8159,5687,9071,8255,5722,
9132,8359,5761,9199,8472,5804,9272,8593,5851,9352,8720,5902,9439,8855,5958,9531,8995,6016,9629,9140,6079,9733,9289,6146,9843,9443,6216,9959,9600,6289,10080,9759,6366,
10206,9920,6446,10337,10083,6529,10473,10247,6615,10613,10412,6704,10758,10577,6795,10907,10743,6889,11060,10908,6986,11217,11073,7084,11377,11237,7185,11541,11400,7288,11708,11563,7392,
9174,7433,5778,9183,7451,5783,9192,7470,5789,9206,7497,5798,9224,7534,5810,9247,7580,5825,9276,7636,5843,9310,7702,5865,9350,7778,5890,9395,7863,5919,9446,7958,5952,
9504,8062,5988,9567,8174,6029,9636,8295,6073,9711,8422,6121,9793,8557,6173,9880,8698,6228,9973,8844,6288,10071,8994,6350,10176,9149,6416,10285,9308,6486,10400,9469,6559,
10520,9633,6635,10645,9798,6714,10775,9965,6796,10909,10133,6880,11048,10302,6968,11191,10471,7058,11337,10640,7150,11488,10808,7245,11642,10977,7341,11800,11144,7440,11961,11311,7541,
9570,7151,6020,9578,7168,6025,9587,7187,6030,9600,7214,6039,9617,7250,6050,9639,7295,6063,9665,7350,6080,9697,7415,6101,9734,7490,6124,9777,7574,6152,9825,7668,6182,
9879,7771,6217,9939,7883,6255,10004,8003,6296,10075,8130,6341,10152,8264,6390,10234,8405,6442,10322,8551,6498,10415,8702,6557,10514,8858,6620,10618,9018,6686,10728,9180,6755,
10842,9346,6827,10961,9513,6902,11085,9683,6980,11213,9853,7061,11346,10024,7144,11483,10196,7230,11624,10368,7318,11768,10540,7409,11917,10712,7502,12069,10883,7597,12224,11053,7693,
9967,6878,6260,9974,6894,6265,9982,6913,6271,9994,6939,6278,10010,6975,6288,10031,7019,6301,10056,7073,6317,10086,7137,6336,10121,7210,6359,10161,7294,6384,10206,7386,6413,
10257,7488,6445,10313,7598,6481,10375,7717,6520,10442,7843,6562,10514,7977,6608,10592,8117,6657,10676,8263,6710,10764,8414,6766,10858,8570,6825,10957,8730,6888,11061,8894,6953,
11170,9060,7022,11283,9229,7093,11402,9400,7167,11524,9572,7244,11651,9746,7324,11782,9920,7406,11918,10095,7491,12057,10270,7577,12200,10444,7666,12346,10619,7757,12496,10792,7850,
10364,6614,6500,10371,6630,6504,10379,6648,6509,10390,6674,6517,10405,6708,6526,10424,6752,6538,10448,6804,6553,10476,6867,6571,10509,6939,6592,10547,7021,6616,10589,7112,6643,
10637,7212,6673,10690,7321,6707,10748,7438,6743,10812,7563,6784,10880,7695,6827,10954,7834,6873,11033,7979,6923,11117,8130,6976,11206,8286,7032,11300,8446,7091,11399,8610,7153,
11503,8777,7218,11611,8947,7286,11724,9119,7357,11842,9292,7430,11963,9468,7506,12089,9644,7585,12219,9821,7666,12352,9998,7749,12489,10175,7834,12630,10352,7922,12775,10528,8011,
10761,6358,6738,10768,6373,6742,10775,6391,6747,10786,6416,6754,10800,6450,6763,10818,6492,6774,10840,6544,6788,10867,6605,6805,10898,6675,6824,10934,6755,6847,10974,6845,6872,
11019,6943,6901,11069,7050,6932,11124,7166,6967,11184,7289,7005,11249,7420,7046,11319,7557,7090,11394,7701,7137,11474,7851,7187,11558,8006,7240,11648,8166,7296,11742,8329,7355,
11841,8496,7417,11944,8666,7481,12052,8839,7549,12164,9014,7619,12281,9190,7691,12401,9367,7766,12526,9546,7843,12654,9725,7923,12786,9904,8005,12922,10083,8089,13061,10262,8175,
11158,6110,6974,11164,6125,6978,11171,6142,6983,11181,6167,6989,11195,6199,6997,11212,6241,7008,11233,6291,7021,11258,6351,7037,11287,6420,7056,11321,6498,7077,11359,6585,7101,
11402,6682,7128,11449,6787,7157,11501,6900,7190,11558,7022,7226,11620,7151,7264,11686,7287,7306,11757,7429,7350,11833,7577,7398,11914,7731,7448,11999,7890,7502,12089,8053,7558,
12183,8219,7616,12282,8389,7678,12385,8562,7742,12492,8737,7809,12604,8914,7878,12719,9092,7949,12839,9272,8023,12962,9452,8100,13089,9633,8178,13219,9814,8259,13353,9995,8341,
11555,5869,7209,11561,5884,7212,11567,5901,7217,11577,5925,7222,11590,5957,7230,11606,5997,7241,11626,6046,7253,11649,6104,7268,11677,6171,7285,11709,6248,7305,11745,6333,7328,
11785,6427,7353,11830,6530,7381,11880,6642,7412,11934,6761,7446,11992,6888,7482,12055,7022,7522,12123,7162,7564,12195,7309,7609,12272,7461,7657,12353,7619,7707,12439,7780,7761,
12529,7946,7817,12623,8116,7875,12722,8288,7936,12824,8463,8000,12931,8640,8066,13042,8819,8134,13156,8999,8205,13275,9180,8278,13397,9362,8353,13522,9545,8431,13651,9727,8510,
11951,5636,7441,11956,5651,7444,11963,5667,7448,11972,5690,7454,11984,5721,7462,11999,5760,7471,12018,5808,7483,12040,5864,7497,12067,5930,7513,12097,6004,7532,12131,6088,7554,
12169,6180,7577,12212,6281,7604,12259,6390,7633,12310,6507,7665,12366,6631,7700,12426,6763,7737,12490,6902,7777,12559,7046,7820,12632,7197,7865,12709,7352,7913,12791,7513,7964,
12877,7677,8017,12967,7846,8073,13062,8017,8131,13160,8192,8192,13262,8369,8255,13368,8548,8321,13478,8728,8388,13592,8910,8458,13709,9093,8530,13830,9276,8604,13955,9460,8680,
12346,5410,7671,12351,5424,7675,12357,5440,7678,12366,5462,7684,12377,5492,7691,12392,5530,7700,12410,5577,7711,12431,5632,7724,12456,5695,7740,12485,5768,7757,12517,5849,7778,
12554,5939,7800,12594,6037,7825,12639,6144,7853,12687,6259,7883,12740,6381,7916,12797,6510,7952,12859,6647,7990,12924,6789,8030,12994,6937,8073,13068,7091,8119,13146,7250,8167,
13228,7413,8218,13314,7580,8271,13405,7751,8327,13499,7925,8385,13597,8101,8445,13699,8279,8508,13805,8460,8572,13914,8642,8639,14027,8825,8708,14143,9009,8780,14263,9193,8853,
12741,5190,7899,12746,5204,7902,12751,5219,7906,12759,5241,7911,12770,5270,7918,12784,5307,7926,12801,5352,7937,12821,5405,7949,12845,5467,7964,12872,5538,7981,12903,5617,8000,
12938,5705,8021,12976,5801,8045,13019,5905,8071,13065,6017,8100,13115,6137,8131,13170,6264,8165,13228,6397,8201,13291,6538,8240,13357,6684,8281,13428,6835,8324,13503,6992,8370,
13581,7154,8418,13664,7319,8469,13750,7488,8522,13841,7661,8578,13935,7836,8635,14033,8014,8695,14134,8194,8757,14239,8376,8821,14348,8559,8888,14460,8743,8956,14575,8928,9026,
13134,4977,8125,13139,4990,8128,13144,5005,8131,13152,5026,8136,13162,5054,8142,13175,5090,8150,13191,5133,8160,13211,5185,8172,13233,5245,8186,13259,5314,8202,13288,5391,8220,
13321,5476,8241,13358,5570,8263,13399,5672,8288,13443,5781,8316,13491,5898,8345,13543,6023,8377,13599,6154,8411,13658,6292,8448,13722,6435,8487,13790,6585,8529,13861,6739,8573,
13936,6899,8619,14015,7062,8667,14098,7230,8718,14185,7401,8771,14275,7575,8826,14369,7752,8883,14467,7931,8943,14568,8113,9004,14672,8295,9068,14780,8479,9133,14891,8665,9201,
13526,4769,8348,13531,4781,8351,13536,4796,8354,13543,4816,8359,13553,4843,8365,13565,4878,8373,13581,4920,8382,13599,4971,8393,13621,5029,8406,13645,5096,8422,13673,5171,8439,
13705,5254,8458,13740,5345,8480,13778,5444,8503,13821,5551,8529,13867,5666,8558,13916,5787,8588,13970,5916,8621,14027,6051,8656,14087,6192,8693,14152,6339,8732,14220,6492,8774,
14293,6649,8818,14368,6810,8864,14448,6976,8913,14531,7146,8964,14618,7318,9016,14708,7494,9071,14802,7672,9128,14899,7852,9187,15000,8035,9248,15104,8218,9311,15211,8403,9376,
13917,4566,8569,13922,4578,8572,13926,4592,8575,13933,4612,8579,13943,4638,8585,13955,4672,8592,13969,4713,8601,13987,4762,8612,14007,4819,8625,14031,4883,8639,14058,4956,8655,
14088,5037,8674,14121,5126,8694,14158,5222,8717,14198,5327,8742,14242,5439,8768,14290,5558,8797,14341,5684,8828,14395,5816,8862,14454,5954,8897,14515,6099,8935,14581,6249,8975,
14650,6404,9017,14723,6563,9061,14799,6727,9108,14879,6894,9156,14962,7065,9207,15049,7239,9259,15139,7416,9314,15233,7596,9370,15330,7777,9429,15430,7960,9489,15533,8144,9552,
14307,4368,8788,14311,4380,8791,14316,4393,8793,14323,4412,8797,14331,4438,8803,14343,4471,8810,14357,4511,8818,14374,4558,8829,14393,4613,8841,14416,4676,8854,14441,4747,8870,
14470,4825,8887,14502,4912,8907,14537,5006,8928,14576,5108,8952,14618,5217,8977,14663,5333,9005,14712,5456,9035,14764,5586,9067,14820,5722,9101,14879,5863,9137,14942,6011,9175,
15009,6163,9215,15078,6320,9257,15152,6482,9302,15228,6647,9348,15308,6816,9396,15392,6989,9447,15479,7164,9499,15569,7342,9554,15662,7522,9610,15759,7704,9668,15859,7888,9728,
14696,4175,9004,14700,4186,9007,14704,4199,9009,14710,4218,9013,14719,4243,9018,14730,4274,9025,14743,4313,9033,14759,4359,9043,14778,4412,9054,14799,4473,9067,14824,4542,9082,
14851,4619,9099,14882,4703,9118,14916,4794,9138,14953,4894,9160,14993,5000,9185,15036,5114,9211,15083,5234,9240,15133,5361,9270,15187,5494,9302,15244,5633,9337,15304,5778,9373,
15368,5927,9412,15435,6082,9452,15505,6241,9495,15579,6405,9539,15656,6572,9586,15736,6742,9634,15820,6916,9684,15907,7092,9736,15997,7271,9790,16090,7452,9846,16187,7634,9904,
4145,12526,2289,4170,12529,2306,4199,12532,2325,4240,12537,2352,4294,12545,2388,4362,12554,2433,4443,12566,2487,4539,12581,2550,4647,12600,2622,4769,12621,2702,4903,12647,2791,
5048,12676,2886,5204,12710,2989,5369,12748,3098,5544,12789,3213,5726,12835,3333,5916,12885,3458,6112,12939,3587,6314,12997,3719,6521,13058,3855,6733,13122,3993,6949,13190,4134,
7168,13260,4277,7390,13334,4421,7615,13410,4567,7842,13488,4715,8071,13568,4863,8302,13650,5013,8535,13734,5163,8768,13820,5313,9003,13908,5464,9238,13996,5615,9474,14086,5766,
4230,12422,2345,4255,12426,2362,4283,12430,2380,4323,12437,2406,4376,12446,2441,4442,12457,2485,4522,12472,2538,4615,12489,2600,4721,12511,2670,4841,12535,2749,4972,12564,2836,
5115,12597,2930,5268,12634,3031,5431,12675,3138,5603,12720,3251,5783,12769,3369,5970,12822,3492,6164,12878,3620,6363,12939,3751,6568,13003,3885,6778,13070,4022,6992,13140,4161,
7209,13213,4303,7429,13288,4446,7653,13366,4591,7878,13446,4737,8106,13528,4885,8335,13612,5033,8566,13698,5182,8799,13785,5332,9032,13874,5482,9266,13964,5632,9501,14055,5783,
4324,12309,2406,4349,12313,2423,4376,12319,2441,4415,12327,2466,4466,12337,2500,4531,12351,2543,4608,12368,2595,4700,12388,2655,4804,12413,2724,4920,12441,2801,5049,12473,2885,
5189,12509,2978,5339,12549,3077,5499,12594,3182,5668,12642,3293,5846,12695,3410,6030,12751,3531,6221,12811,3657,6419,12874,3786,6621,12941,3918,6828,13011,4054,7040,13084,4192,
7255,13159,4332,7474,13237,4474,7695,13317,4618,7919,13399,4763,8145,13483,4909,8373,13569,5056,8602,13657,5204,8833,13746,5353,9065,13836,5502,9298,13928,5652,9532,14020,5802,
4455,12153,2492,4478,12159,2507,4505,12165,2525,4542,12175,2549,4592,12188,2582,4654,12204,2623,4729,12225,2673,4817,12249,2731,4918,12277,2798,5031,12309,2873,5156,12346,2955,
5293,12387,3045,5439,12432,3141,5595,12481,3244,5761,12534,3353,5934,12591,3467,6115,12652,3586,6303,12716,3709,6497,12784,3835,6696,12855,3966,6900,12928,4099,7108,13005,4235,
7321,13083,4373,7536,13165,4513,7755,13248,4655,7976,13333,4799,8200,13420,4943,8425,13508,5089,8653,13598,5236,8882,13690,5383,9112,13782,5531,9343,13876,5679,9575,13970,5828,
4623,11955,2601,4645,11962,2616,4671,11970,2633,4706,11982,2656,4754,11998,2688,4813,12017,2727,4886,12041,2775,4970,12070,2831,5067,12103,2895,5176,12141,2966,5296,12183,3046,
5428,12229,3132,5570,12280,3226,5721,12335,3325,5882,12394,3431,6050,12457,3542,6227,12523,3657,6410,12593,3777,6599,12665,3901,6794,12741,4028,6994,12820,4159,7199,12901,4292,
7407,12984,4428,7619,13069,4566,7834,13157,4705,8052,13245,4847,8273,13336,4989,8496,13428,5133,8720,13521,5278,8946,13616,5423,9174,13711,5569,9403,13807,5716,9633,13905,5863,
4827,11720,2734,4848,11728,2748,4872,11738,2764,4906,11752,2786,4951,11770,2816,5007,11794,2853,5076,11822,2898,5156,11855,2951,5249,11894,3012,5353,11937,3081,5468,11985,3157,
5594,12038,3240,5731,12095,3329,5876,12157,3425,6031,12222,3527,6194,12292,3634,6365,12364,3746,6543,12440,3862,6727,12519,3982,6917,12601,4106,7112,12685,4233,7311,12772,4363,
7515,12860,4496,7723,12951,4631,7934,13043,4768,8148,13136,4906,8365,13231,5046,8584,13327,5188,8805,13425,5330,9028,13523,5474,9253,13622,5618,9478,13721,5762,9706,13822,5908,
5063,11452,2887,5083,11462,2900,5106,11474,2915,5137,11490,2936,5180,11511,2964,5233,11538,2999,5298,11571,3042,5374,11609,3092,5462,11653,3150,5560,11702,3215,5670,11757,3287,
5790,11816,3366,5920,11880,3451,6060,11949,3543,6208,12022,3640,6365,12098,3743,6530,12178,3851,6701,12261,3963,6879,12347,4079,7063,12435,4199,7252,12526,4322,7447,12619,4449,
7645,12713,4578,7848,12809,4709,8054,12907,4843,8264,13006,4978,8476,13106,5115,8691,13206,5254,8908,13308,5394,9127,13411,5535,9348,13514,5676,9570,13617,5819,9794,13722,5962,
5329,11159,3059,5347,11171,3071,5368,11184,3085,5398,11202,3105,5438,11226,3131,5488,11257,3164,5548,11293,3204,5620,11337,3251,5702,11386,3305,5796,11441,3366,5899,11502,3435,
6013,11568,3509,6137,11639,3590,6270,11715,3678,6412,11795,3770,6562,11879,3869,6719,11966,3972,6884,12057,4079,7055,12150,4191,7233,12245,4307,7416,12343,4426,7604,12442,4548,
7797,12543,4673,7994,12646,4801,8195,12749,4931,8399,12854,5063,8606,12959,5196,8816,13066,5332,9029,13172,5468,9243,13280,5606,9460,13388,5745,9678,13496,5885,9898,13604,6025,
5619,10847,3247,5636,10860,3258,5656,10874,3271,5683,10894,3289,5720,10921,3313,5767,10955,3344,5824,10996,3381,5891,11043,3425,5968,11098,3476,6056,11159,3534,6154,11226,3598,
6261,11298,3668,6378,11376,3745,6504,11459,3827,6639,11546,3915,6782,11638,4009,6932,11732,4107,7090,11830,4210,7254,11930,4317,7425,12033,4428,7601,12138,4543,7783,12244,4660,
7969,12352,4781,8160,12461,4905,8355,12571,5031,8553,12682,5159,8755,12793,5289,8960,12905,5420,9167,13018,5554,9377,13131,5688,9589,13243,5824,9803,13356,5961,10019,13470,6098,
5930,10522,3447,5946,10536,3458,5965,10551,3469,5990,10573,3486,6025,10603,3509,6068,10639,3538,6121,10683,3572,6184,10735,3613,6256,10794,3661,6338,10860,3715,6430,10932,3775,
6531,11011,3841,6642,11095,3913,6761,11185,3991,6888,11279,4074,7024,11377,4163,7167,11479,4256,7318,11584,4354,7475,11692,4456,7638,11802,4562,7807,11914,4672,7982,12027,4785,
8162,12142,4902,8346,12258,5021,8534,12374,5142,8726,12491,5266,8922,12609,5392,9121,12727,5520,9323,12846,5649,9528,12964,5780,9734,13082,5913,9944,13200,6046,10155,13318,6181,
6260,10189,3658,6274,10204,3668,6291,10221,3679,6315,10244,3695,6347,10275,3716,6388,10314,3742,6437,10361,3774,6495,10416,3813,6563,10479,3857,6640,10550,3907,6726,10627,3963,
6821,10711,4025,6924,10801,4093,7037,10897,4166,7157,10997,4245,7286,11102,4328,7422,11210,4417,7565,11322,4510,7714,11437,4607,7870,11554,4708,8032,11672,4813,8200,11793,4922,
8373,11914,5033,8550,12037,5148,8732,12160,5265,8917,12284,5384,9107,12408,5506,9300,12532,5630,9496,12657,5755,9695,12781,5883,9896,12905,6011,10100,13028,6141,10306,13152,6272,
6603,9853,3878,6617,9869,3887,6633,9886,3897,6655,9911,3912,6685,9943,3931,6722,9984,3956,6768,10034,3985,6823,10092,4021,6886,10158,4062,6957,10232,4109,7038,10313,4161,
7127,10402,4219,7224,10497,4283,7330,10598,4352,7443,10704,4426,7565,10814,4504,7694,10929,4588,7829,11047,4676,7972,11168,4768,8120,11291,4865,8275,11417,4965,8435,11544,5068,
8601,11672,5175,8771,11801,5285,8946,11931,5397,9125,12061,5513,9308,12192,5630,9495,12322,5749,9685,12452,5871,9878,12582,5994,10073,12712,6119,10272,12841,6245,10472,12970,6373,
6959,9517,4104,6972,9533,4112,6986,9551,4122,7007,9577,4135,7034,9611,4153,7069,9653,4176,7112,9705,4204,7163,9765,4237,7221,9833,4275,7288,9910,4319,7364,9995,4368,
7447,10088,4422,7538,10187,4481,7638,10292,4546,7745,10403,4615,7859,10518,4690,7981,10638,4768,8110,10762,4852,8245,10889,4939,8386,11018,5031,8534,11150,5126,8687,11283,5225,
8845,11417,5327,9009,11553,5432,9177,11689,5539,9349,11825,5650,9525,11962,5763,9705,12098,5878,9889,12234,5995,10076,12370,6115,10266,12506,6235,10458,12641,6358,10653,12775,6482,
7324,9185,4335,7336,9201,4343,7350,9220,4352,7369,9246,4364,7394,9280,4381,7427,9324,4402,7467,9377,4428,7514,9438,4459,7568,9509,4494,7631,9588,4535,7701,9676,4580,
7779,9771,4631,7865,9873,4687,7958,9982,4747,8059,10097,4812,8167,10217,4882,8282,10341,4957,8404,10470,5035,8532,10602,5118,8666,10736,5205,8807,10873,5295,8953,11012,5389,
9104,11152,5486,9260,11293,5587,9422,11435,5690,9587,11577,5796,9757,11720,5904,9930,11862,6015,10108,12004,6128,10288,12146,6243,10472,12287,6360,10659,12427,6478,10848,12567,6598,
7697,8857,4570,7708,8874,4578,7721,8893,4586,7738,8919,4597,7762,8954,4613,7793,8999,4632,7829,9052,4656,7873,9115,4685,7925,9187,4718,7983,9268,4756,8049,9357,4798,
8122,9455,4846,8202,9559,4898,8290,9671,4954,8385,9789,5016,8486,9912,5081,8595,10041,5151,8710,10173,5226,8832,10309,5304,8959,10449,5386,9093,10590,5472,9232,10734,5561,
9376,10879,5654,9526,11026,5749,9680,11173,5848,9839,11320,5950,10002,11468,6054,10169,11616,6160,10340,11763,6269,10514,11911,6379,10692,12057,6492,10872,12203,6607,11056,12348,6723,
8076,8537,4808,8086,8553,4815,8098,8572,4822,8114,8599,4833,8137,8634,4847,8165,8679,4866,8199,8733,4888,8240,8796,4914,8288,8869,4945,8343,8951,4981,8404,9041,5020,
8473,9140,5065,8548,9247,5113,8631,9361,5166,8720,9481,5224,8816,9607,5286,8918,9738,5352,9027,9874,5422,9142,10014,5496,9263,10157,5573,9390,10302,5655,9522,10450,5739,
9660,10600,5828,9803,10751,5919,9950,10903,6013,10103,11056,6110,10259,11208,6210,10420,11361,6312,10584,11514,6416,10752,11666,6523,10924,11818,6631,11098,11969,6742,11276,12119,6854,
8459,8224,5047,8469,8240,5054,8480,8259,5061,8495,8286,5071,8516,8321,5084,8542,8366,5101,8575,8420,5122,8613,8484,5147,8658,8557,5175,8709,8639,5208,8766,8730,5245,
8831,8830,5287,8901,8937,5332,8979,9052,5382,9063,9174,5436,9153,9302,5494,9250,9436,5556,9353,9574,5622,9462,9716,5692,9577,9862,5766,9697,10012,5843,9823,10163,5923,
9955,10317,6007,10091,10472,6094,10232,10628,6184,10378,10785,6276,10528,10942,6372,10682,11099,6470,10840,11257,6570,11002,11414,6672,11167,11570,6777,11336,11726,6883,11508,11881,6991,
8847,7919,5288,8856,7936,5294,8866,7954,5300,8880,7981,5309,8899,8016,5322,8924,8061,5338,8954,8115,5357,8990,8178,5380,9032,8251,5407,9080,8333,5438,9134,8424,5473,
9194,8524,5511,9261,8632,5554,9334,8748,5601,9413,8871,5651,9498,9000,5706,9589,9135,5765,9687,9275,5827,9790,9419,5893,9899,9568,5962,10013,9719,6036,10133,9874,6112,
10258,10031,6191,10388,10189,6274,10523,10349,6360,10662,10509,6448,10806,10671,6539,10954,10832,6633,11106,10994,6729,11262,11155,6827,11421,11316,6928,11584,11476,7030,11750,11635,7134,
9236,7624,5528,9245,7640,5534,9254,7658,5540,9268,7685,5549,9286,7719,5560,9309,7763,5575,9337,7817,5593,9371,7880,5615,9410,7952,5640,9455,8034,5669,9506,8125,5701,
9562,8225,5737,9625,8333,5778,9694,8448,5821,9768,8572,5869,9849,8701,5921,9935,8837,5976,10027,8978,6034,10125,9124,6097,10229,9274,6163,10337,9428,6232,10451,9584,6304,
10570,9743,6380,10694,9905,6459,10823,10067,6540,10956,10231,6625,11094,10396,6712,11236,10561,6801,11382,10726,6893,11532,10891,6987,11685,11056,7084,11842,11220,7182,12002,11384,7283,
9628,7337,5769,9636,7353,5774,9645,7371,5780,9658,7397,5788,9675,7431,5799,9696,7475,5812,9723,7527,5829,9754,7590,5849,9791,7661,5873,9833,7742,5900,9881,7832,5930,
9934,7931,5965,9993,8039,6002,10058,8154,6044,10129,8277,6088,10205,8407,6137,10286,8543,6189,10374,8684,6244,10466,8831,6303,10564,8982,6366,10668,9137,6431,10776,9295,6500,
10890,9456,6572,11008,9620,6647,11131,9785,6724,11258,9951,6805,11390,10119,6888,11526,10287,6974,11666,10455,7062,11810,10624,7152,11958,10792,7245,12109,10960,7339,12264,11127,7436,
10021,7059,6009,10029,7074,6013,10037,7092,6019,10049,7118,6026,10065,7151,6036,10085,7194,6049,10110,7246,6065,10140,7307,6084,10174,7378,6106,10214,7458,6132,10259,7547,6160,
10309,7645,6192,10365,7752,6228,10426,7866,6266,10493,7988,6309,10565,8118,6354,10642,8253,6404,10725,8395,6456,10813,8542,6512,10906,8693,6571,11004,8849,6633,11107,9008,6698,
11215,9170,6766,11328,9335,6838,11446,9502,6912,11568,9670,6988,11694,9840,7068,11824,10011,7150,11959,10182,7234,12097,10353,7321,12239,10525,7409,12385,10696,7500,12534,10866,7593,
10415,6789,6247,10422,6805,6252,10430,6822,6257,10441,6847,6264,10456,6880,6273,10475,6922,6286,10499,6973,6301,10527,7033,6318,10559,7103,6339,10597,7181,6363,10639,7269,6390,
10687,7366,6420,10739,7471,6453,10797,7585,6490,10860,7706,6530,10928,7834,6573,11001,7969,6619,11080,8110,6669,11163,8256,6721,11252,8408,6777,11345,8564,6836,11443,8723,6898,
11547,8886,6963,11654,9052,7031,11766,9220,7101,11883,9390,7175,12004,9562,7250,12129,9734,7329,12258,9908,7409,12391,10081,7492,12527,10255,7578,12668,10429,7665,12811,10603,7754,
10809,6528,6485,10816,6543,6489,10823,6560,6494,10834,6584,6501,10848,6617,6509,10866,6658,6521,10888,6708,6535,10915,6767,6552,10945,6835,6571,10981,6912,6593,11021,6999,6619,
11066,7094,6647,11115,7198,6679,11170,7309,6713,11230,7429,6751,11294,7556,6792,11364,7690,6835,11438,7830,6882,11517,7976,6932,11602,8127,6985,11691,8282,7041,11784,8442,7100,
11883,8605,7162,11985,8771,7226,12093,8940,7293,12204,9111,7363,12320,9284,7436,12440,9458,7510,12564,9633,7588,12691,9809,7667,12823,9985,7749,12958,10161,7833,13096,10337,7919,
11204,6275,6721,11210,6290,6725,11217,6306,6729,11227,6330,6736,11240,6362,6744,11257,6402,6755,11278,6450,6768,11303,6508,6784,11332,6575,6802,11366,6651,6823,11404,6735,6847,
11446,6829,6874,11493,6931,6904,11545,7041,6936,11601,7159,6972,11663,7284,7010,11729,7417,7052,11799,7555,7096,11875,7700,7144,11955,7850,7194,12040,8005,7247,12129,8164,7303,
12223,8327,7362,12321,8493,7423,12423,8662,7487,12530,8834,7554,12641,9007,7623,12756,9182,7694,12875,9359,7768,12998,9536,7844,13124,9714,7923,13254,9892,8003,13387,10070,8086,
11598,6030,6955,11604,6044,6959,11610,6060,6963,11620,6083,6969,11632,6114,6977,11649,6153,6987,11668,6201,7000,11692,6257,7015,11719,6322,7032,11751,6396,7052,11787,6479,7074,
11827,6571,7100,11872,6671,7128,11921,6779,7158,11975,6895,7192,12033,7019,7229,12096,7149,7268,12163,7287,7310,12235,7430,7355,12311,7578,7403,12392,7732,7453,12477,7890,7506,
12566,8053,7562,12660,8218,7621,12758,8387,7682,12861,8559,7745,12967,8733,7811,13077,8908,7880,13191,9086,7951,13309,9264,8024,13430,9443,8099,13555,9622,8176,13684,9802,8255,
11992,5791,7188,11997,5805,7192,12004,5821,7195,12012,5844,7201,12024,5874,7209,12040,5912,7218,12058,5958,7230,12081,6013,7244,12107,6077,7260,12137,6149,7279,12171,6230,7300,
12209,6320,7324,12252,6418,7351,12298,6524,7380,12349,6638,7412,12404,6760,7446,12464,6888,7484,12528,7023,7524,12597,7165,7566,12669,7312,7612,12746,7464,7660,12828,7621,7710,
12913,7782,7763,13003,7948,7819,13097,8116,7877,13195,8287,7938,13297,8461,8001,13402,8637,8067,13512,8814,8134,13625,8993,8204,13742,9173,8276,13862,9353,8351,13986,9534,8427,
12385,5560,7419,12390,5574,7422,12396,5589,7426,12405,5611,7431,12416,5640,7438,12430,5677,7447,12448,5722,7458,12469,5776,7471,12494,5838,7487,12523,5908,7505,12555,5988,7525,
12591,6075,7547,12632,6171,7573,12676,6275,7600,12724,6387,7630,12777,6506,7663,12834,6633,7699,12895,6766,7737,12960,6905,7777,13030,7051,7820,13103,7201,7866,13181,7357,7914,
13263,7517,7965,13349,7681,8018,13438,7848,8074,13532,8019,8132,13630,8192,8192,13731,8368,8255,13837,8545,8319,13946,8724,8386,14058,8904,8456,14174,9086,8527,14293,9268,8600,
12777,5336,7647,12782,5349,7650,12788,5364,7654,12796,5385,7659,12807,5413,7666,12821,5449,7674,12837,5493,7685,12858,5545,7697,12881,5605,7712,12908,5674,7729,12939,5751,7748,
12974,5837,7769,13012,5931,7793,13054,6033,7819,13100,6142,7848,13151,6259,7879,13205,6383,7913,13263,6514,7949,13325,6652,7987,13391,6795,8028,13462,6943,8072,13536,7097,8118,
13614,7256,8166,13697,7418,8217,13783,7584,8270,13873,7754,8326,13966,7926,8383,14064,8101,8443,14165,8279,8505,14270,8458,8570,14378,8638,8636,14489,8820,8704,14604,9002,8775,
13169,5117,7874,13174,5130,7877,13179,5144,7880,13187,5165,7885,13197,5192,7891,13210,5227,7899,13226,5270,7909,13245,5321,7921,13268,5379,7935,13293,5446,7951,13323,5522,7969,
13356,5605,7989,13392,5697,8012,13432,5796,8037,13477,5903,8064,13524,6018,8094,13576,6140,8126,13632,6268,8160,13691,6403,8197,13755,6544,8236,13822,6691,8277,13893,6843,8321,
13968,6999,8367,14047,7160,8416,14129,7325,8467,14216,7493,8520,14306,7664,8575,14399,7839,8632,14496,8015,8692,14597,8194,8753,14701,8374,8817,14809,8555,8883,14920,8738,8950,
13560,4904,8098,13564,4917,8101,13569,4931,8104,13576,4951,8108,13586,4978,8114,13599,5011,8122,13614,5053,8132,13632,5102,8143,13654,5159,8156,13678,5224,8171,13706,5298,8189,
13737,5379,8208,13772,5468,8229,13811,5565,8253,13853,5670,8279,13899,5782,8307,13948,5902,8338,14001,6028,8370,14058,6160,8405,14119,6299,8443,14183,6443,8482,14251,6593,8524,
14323,6747,8568,14398,6906,8614,14478,7069,8663,14560,7236,8714,14647,7406,8766,14737,7579,8821,14830,7755,8879,14927,7933,8938,15028,8112,8999,15131,8294,9062,15238,8476,9127,
13949,4697,8320,13953,4709,8323,13958,4723,8326,13965,4742,8330,13974,4768,8336,13986,4801,8343,14001,4841,8352,14018,4889,8363,14039,4945,8375,14062,5008,8390,14089,5079,8406,
14119,5158,8425,14152,5246,8445,14189,5340,8468,14229,5443,8492,14273,5552,8519,14320,5669,8548,14371,5793,8579,14425,5923,8613,14483,6059,8648,14545,6201,8686,14610,6348,8726,
14679,6500,8768,14752,6657,8812,14828,6819,8859,14907,6984,8907,14990,7152,8958,15077,7324,9011,15167,7498,9065,15260,7675,9122,15357,7854,9181,15457,8034,9241,15560,8217,9304,
14337,4495,8540,14342,4507,8542,14346,4520,8545,14353,4539,8549,14362,4564,8555,14373,4596,8562,14387,4635,8570,14404,4681,8580,14423,4735,8592,14446,4797,8606,14471,4866,8622,
14500,4943,8639,14532,5028,8659,14567,5121,8680,14605,5220,8704,14647,5328,8729,14692,5442,8757,14741,5563,8787,14793,5690,8819,14849,5824,8853,14908,5963,8889,14970,6108,8927,
15037,6258,8967,15106,6413,9010,15179,6572,9054,15256,6735,9101,15336,6902,9149,15419,7072,9200,15505,7245,9252,15595,7421,9307,15688,7598,9363,15785,7778,9421,15884,7960,9481,
14725,4298,8757,14729,4309,8760,14733,4322,8762,14739,4340,8766,14748,4364,8772,14759,4395,8778,14772,4433,8786,14788,4478,8796,14807,4531,8807,14828,4591,8821,14852,4658,8835,
14880,4733,8852,14910,4816,8871,14944,4906,8891,14981,5003,8914,15021,5108,8938,15064,5220,8965,15111,5338,8993,15161,5463,9023,15214,5594,9056,15271,5731,9090,15331,5873,9127,
15395,6021,9165,15461,6173,9206,15532,6330,9249,15605,6491,9293,15682,6656,9340,15762,6824,9388,15846,6996,9439,15932,7170,9491,16022,7346,9545,16115,7525,9601,16211,7706,9659,
4339,12650,2120,4363,12653,2136,4390,12656,2154,4429,12661,2179,4480,12668,2213,4545,12677,2256,4622,12688,2307,4713,12702,2367,4817,12719,2436,4933,12740,2513,5061,12764,2597,
5200,12791,2689,5350,12823,2788,5510,12858,2894,5679,12897,3005,5855,12941,3121,6040,12988,3242,6231,13039,3367,6427,13094,3497,6630,13152,3629,6836,13213,3764,7048,13278,3902,
7262,13346,4043,7481,13416,4185,7702,13489,4329,7925,13565,4474,8151,13643,4620,8378,13722,4768,8608,13804,4916,8838,13888,5065,9070,13973,5214,9303,14059,5364,9537,14147,5514,
4420,12552,2172,4443,12556,2188,4470,12560,2206,4508,12566,2231,4558,12574,2264,4621,12585,2306,4697,12598,2356,4786,12615,2415,4887,12634,2482,5002,12657,2557,5127,12684,2641,
5265,12715,2731,5412,12749,2828,5569,12787,2932,5736,12830,3042,5910,12876,3156,6092,12926,3276,6281,12980,3400,6475,13037,3527,6676,13098,3658,6881,13162,3793,7090,13229,3929,
7303,13299,4068,7519,13371,4209,7739,13446,4352,7961,13524,4496,8185,13603,4642,8411,13685,4788,8639,13768,4935,8868,13853,5083,9099,13939,5232,9331,14027,5381,9563,14116,5530,
4509,12444,2231,4532,12449,2246,4558,12454,2263,4595,12461,2288,4644,12471,2320,4705,12483,2361,4779,12499,2410,4866,12518,2467,4966,12540,2533,5078,12566,2607,5201,12596,2688,
5336,12630,2777,5481,12667,2873,5636,12709,2975,5799,12755,3083,5971,12804,3196,6151,12857,3314,6337,12914,3436,6529,12974,3562,6727,13038,3691,6930,13104,3824,7137,13174,3959,
7348,13246,4097,7563,13321,4237,7780,13398,4378,8000,13478,4521,8223,13559,4666,8448,13642,4811,8674,13727,4957,8902,13814,5104,9132,13902,5252,9362,13991,5400,9593,14082,5549,
4633,12296,2312,4655,12302,2326,4680,12308,2343,4716,12316,2367,4763,12328,2398,4823,12343,2437,4895,12362,2485,4979,12384,2541,5076,12410,2605,5185,12440,2676,5305,12474,2756,
5436,12512,2842,5578,12554,2935,5729,12600,3035,5889,12650,3140,6057,12703,3251,6233,12761,3367,6416,12821,3487,6605,12886,3610,6800,12953,3738,7000,13023,3868,7204,13096,4002,
7412,13172,4138,7624,13250,4276,7839,13330,4415,8057,13412,4557,8277,13496,4700,8500,13582,4844,8724,13670,4989,8950,13758,5134,9178,13849,5281,9407,13940,5428,9636,14032,5575,
4793,12107,2416,4815,12114,2430,4839,12121,2446,4873,12132,2469,4918,12146,2499,4975,12164,2537,5045,12186,2582,5126,12212,2636,5219,12242,2697,5324,12277,2766,5440,12316,2843,
5567,12359,2927,5704,12406,3017,5851,12458,3114,6006,12513,3216,6170,12572,3324,6342,12635,3436,6521,12700,3553,6706,12770,3674,6896,12842,3799,7092,12917,3927,7293,12994,4058,
7497,13074,4191,7706,13156,4327,7917,13240,4465,8132,13326,4604,8350,13414,4745,8569,13503,4887,8791,13593,5030,9014,13685,5174,9239,13778,5319,9466,13872,5464,9693,13967,5610,
4988,11881,2543,5009,11889,2556,5031,11898,2572,5064,11910,2593,5107,11927,2621,5161,11949,2657,5227,11974,2701,5305,12005,2752,5394,12040,2811,5494,12080,2877,5606,12125,2950,
5728,12173,3031,5860,12227,3118,6001,12284,3211,6152,12346,3309,6311,12411,3414,6477,12480,3523,6650,12551,3636,6830,12626,3754,7016,12704,3876,7207,12785,4000,7403,12867,4128,
7604,12952,4259,7808,13039,4391,8016,13128,4526,8226,13218,4663,8440,13310,4801,8656,13403,4941,8875,13498,5082,9095,13593,5224,9317,13689,5367,9541,13787,5510,9766,13885,5655,
5215,11623,2690,5234,11632,2703,5256,11642,2717,5287,11657,2737,5327,11677,2764,5379,11701,2798,5441,11731,2839,5515,11766,2888,5599,11807,2944,5695,11852,3007,5801,11902,3076,
5917,11958,3153,6044,12018,3236,6180,12082,3325,6324,12150,3420,6477,12222,3520,6638,12297,3626,6805,12376,3735,6979,12457,3849,7160,12541,3967,7345,12628,4088,7536,12716,4212,
7731,12807,4339,7931,12900,4469,8134,12994,4601,8340,13089,4734,8550,13186,4870,8762,13284,5007,8976,13382,5145,9193,13482,5285,9411,13583,5425,9632,13684,5566,9853,13785,5708,
5471,11339,2856,5489,11349,2868,5509,11361,2881,5538,11378,2900,5576,11400,2925,5624,11428,2957,5683,11461,2996,5753,11501,3042,5833,11546,3094,5923,11597,3154,6024,11654,3220,
6134,11716,3293,6255,11782,3372,6384,11853,3457,6522,11928,3547,6669,12007,3643,6823,12089,3744,6984,12175,3849,7152,12263,3959,7326,12354,4073,7506,12447,4190,7691,12543,4310,
7881,12640,4433,8074,12738,4559,8272,12838,4687,8474,12939,4818,8678,13041,4950,8886,13144,5084,9096,13248,5219,9308,13352,5356,9522,13458,5493,9739,13563,5632,9956,13669,5771,
5752,11034,3037,5768,11046,3048,5787,11059,3061,5814,11077,3079,5850,11102,3102,5895,11133,3132,5950,11171,3168,6016,11215,3211,6091,11265,3260,6176,11321,3316,6271,11383,3379,
6376,11451,3448,6490,11524,3522,6613,11602,3603,6744,11684,3689,6884,11770,3781,7032,11859,3877,7186,11952,3978,7347,12047,4083,7515,12145,4192,7688,12245,4305,7867,12347,4421,
8050,12451,4540,8238,12556,4662,8430,12662,4786,8626,12769,4913,8825,12877,5041,9027,12986,5172,9233,13095,5304,9440,13205,5437,9650,13315,5572,9862,13425,5707,10076,13535,5844,
6054,10715,3232,6069,10728,3242,6087,10742,3254,6112,10763,3270,6146,10789,3292,6188,10823,3320,6239,10864,3354,6300,10912,3394,6371,10966,3440,6451,11028,3493,6541,11095,3552,
6639,11169,3616,6747,11248,3687,6864,11332,3763,6988,11420,3845,7121,11513,3931,7262,11610,4023,7409,11709,4119,7564,11812,4220,7724,11917,4324,7891,12024,4433,8063,12133,4544,
8240,12243,4659,8421,12354,4776,8607,12467,4897,8797,12580,5019,8990,12695,5144,9187,12809,5271,9387,12924,5399,9589,13039,5529,9794,13155,5660,10001,13270,5793,10210,13385,5926,
6374,10387,3438,6389,10401,3447,6405,10416,3458,6428,10438,3474,6460,10467,3494,6499,10503,3520,6547,10546,3551,6604,10598,3589,6670,10656,3632,6745,10722,3681,6829,10794,3736,
6922,10873,3797,7024,10957,3863,7134,11047,3935,7252,11142,4012,7378,11241,4094,7512,11344,4181,7652,11450,4273,7799,11560,4369,7953,11671,4468,8112,11785,4572,8278,11901,4679,
8448,12018,4789,8623,12136,4902,8802,12255,5018,8986,12375,5136,9173,12495,5257,9364,12616,5380,9558,12737,5504,9755,12857,5630,9954,12978,5758,10156,13099,5887,10361,13220,6018,
6710,10054,3653,6723,10069,3662,6738,10085,3671,6760,10108,3686,6789,10138,3705,6826,10176,3729,6871,10222,3758,6924,10276,3793,6986,10338,3833,7056,10407,3879,7135,10484,3931,
7222,10567,3988,7318,10656,4050,7421,10752,4117,7533,10852,4190,7652,10957,4268,7779,11066,4350,7912,11178,4437,8053,11294,4528,8199,11412,4623,8352,11532,4722,8510,11654,4824,
8673,11778,4930,8841,11902,5038,9014,12028,5150,9191,12154,5264,9372,12280,5380,9557,12407,5499,9745,12534,5619,9936,12661,5741,10130,12787,5865,10327,12913,5991,10526,13039,6118,
7058,9721,3875,7070,9735,3883,7084,9752,3892,7105,9776,3905,7132,9808,3923,7166,9847,3945,7208,9895,3973,7257,9951,4005,7315,10016,4042,7381,10088,4085,7455,10168,4133,
7536,10255,4187,7626,10349,4245,7724,10448,4309,7829,10553,4377,7942,10663,4450,8062,10778,4528,8189,10896,4610,8322,11017,4697,8461,11141,4787,8607,11267,4881,8758,11395,4979,
8914,11525,5080,9076,11656,5184,9242,11787,5291,9412,11919,5400,9587,12052,5512,9765,12185,5627,9947,12317,5743,10132,12450,5861,10321,12582,5981,10512,12714,6103,10705,12845,6226,
7416,9388,4102,7428,9404,4110,7441,9421,4118,7460,9445,4130,7485,9478,4147,7517,9519,4168,7556,9568,4193,7602,9626,4223,7656,9693,4258,7717,9767,4298,7786,9850,4343,
7863,9940,4393,7948,10037,4448,8040,10140,4507,8139,10249,4572,8245,10364,4641,8359,10482,4714,8479,10605,4792,8605,10732,4874,8738,10861,4960,8877,10993,5049,9021,11126,5142,
9170,11262,5238,9325,11398,5338,9484,11535,5440,9648,11673,5545,9816,11812,5653,9988,11950,5763,10164,12089,5875,10343,12227,5990,10525,12364,6106,10710,12502,6223,10898,12638,6343,
7782,9060,4334,7793,9076,4341,7805,9093,4349,7823,9118,4360,7846,9151,4375,7876,9193,4395,7913,9244,4418,7956,9303,4446,8006,9371,4479,8064,9447,4516,8128,9532,4558,
8201,9624,4605,8280,9724,4656,8366,9830,4712,8460,9942,4773,8560,10060,4838,8667,10183,4907,8781,10310,4980,8901,10441,5058,9027,10574,5139,9159,10711,5224,9297,10850,5313,
9439,10990,5405,9587,11132,5499,9740,11274,5597,9897,11418,5698,10059,11561,5801,10225,11705,5907,10394,11849,6015,10567,11993,6125,10743,12136,6237,10922,12278,6351,11105,12420,6467,
8155,8738,4568,8165,8754,4575,8177,8771,4582,8193,8797,4593,8215,8830,4607,8243,8872,4625,8277,8923,4647,8317,8983,4673,8364,9052,4704,8418,9130,4739,8479,9216,4778,
8547,9310,4822,8621,9411,4870,8702,9520,4922,8790,9635,4979,8885,9755,5040,8986,9881,5106,9094,10011,5175,9208,10146,5248,9328,10283,5325,9453,10424,5406,9584,10567,5490,
9720,10712,5577,9862,10858,5668,10008,11006,5761,10159,11154,5858,10314,11303,5957,10473,11452,6058,10636,11601,6162,10803,11749,6268,10973,11897,6376,11147,12045,6486,11323,12192,6598,
8534,8423,4805,8543,8438,4811,8554,8456,4818,8569,8481,4828,8589,8515,4841,8615,8557,4858,8647,8609,4878,8685,8669,4903,8729,8738,4931,8780,8817,4964,8836,8903,5001,
8900,8999,5042,8970,9101,5087,9047,9211,5136,9130,9328,5190,9219,9451,5247,9315,9579,5309,9417,9712,5374,9524,9849,5443,9638,9990,5516,9757,10134,5593,9882,10281,5673,
10012,10429,5756,10147,10580,5842,10287,10732,5932,10431,10884,6024,10580,11037,6118,10733,11191,6216,10890,11344,6315,11051,11498,6417,11215,11651,6521,11383,11803,6627,11553,11955,6735,
8916,8115,5043,8925,8131,5049,8935,8148,5055,8949,8173,5064,8968,8207,5077,8992,8249,5092,9022,8300,5112,9058,8361,5134,9099,8430,5161,9146,8509,5192,9200,8596,5226,
9259,8692,5264,9325,8795,5307,9397,8906,5353,9476,9024,5403,9560,9148,5458,9651,9278,5516,9747,9413,5578,9849,9552,5643,9957,9696,5712,10071,9842,5785,10189,9992,5861,
10313,10144,5940,10442,10298,6022,10576,10453,6107,10714,10610,6195,10857,10767,6286,11004,10924,6379,11155,11082,6474,11309,11240,6572,11467,11397,6672,11629,11554,6774,11794,11711,6878,
9301,7815,5282,9309,7831,5287,9319,7848,5293,9332,7873,5302,9350,7907,5313,9373,7949,5328,9401,8000,5346,9434,8060,5367,9473,8129,5392,9517,8207,5421,9568,8294,5453,
9624,8390,5489,9686,8494,5529,9754,8605,5572,9828,8723,5620,9907,8848,5671,9993,8979,5726,10084,9115,5784,10181,9256,5846,10284,9402,5911,10392,9550,5980,10505,9702,6052,
10623,9857,6127,10746,10014,6206,10874,10172,6287,11006,10332,6371,11143,10492,6458,11284,10654,6547,11428,10815,6639,11577,10977,6732,11730,11138,6829,11886,11299,6927,12045,11460,7027,
9689,7524,5521,9697,7540,5526,9705,7557,5531,9718,7582,5539,9735,7615,5550,9756,7656,5564,9782,7707,5581,9814,7766,5601,9850,7835,5624,9892,7913,5651,9939,7999,5681,
9992,8095,5715,10051,8198,5752,10115,8309,5794,10185,8427,5838,10260,8553,5886,10341,8684,5938,10428,8821,5993,10520,8963,6052,10617,9109,6114,10719,9259,6179,10827,9413,6247,
10940,9570,6319,11057,9729,6393,11179,9890,6471,11306,10052,6551,11437,10216,6634,11572,10380,6719,11711,10545,6807,11854,10710,6897,12001,10875,6989,12151,11039,7084,12305,11204,7180,
10078,7242,5759,10086,7257,5764,10094,7274,5769,10106,7298,5777,10121,7331,5787,10142,7372,5800,10166,7421,5816,10196,7480,5834,10230,7548,5856,10269,7625,5881,10314,7711,5910,
10364,7805,5942,10419,7908,5977,10480,8019,6016,10546,8137,6058,10617,8262,6103,10694,8393,6152,10776,8530,6204,10863,8672,6260,10956,8819,6318,11053,8971,6380,11156,9125,6445,
11263,9283,6513,11375,9444,6584,11492,9607,6658,11613,9771,6734,11738,9937,6814,11868,10104,6895,12002,10272,6979,12139,10440,7066,12280,10608,7154,12425,10776,7245,12573,10943,7338,
10469,6967,5997,10476,6982,6002,10483,6999,6007,10494,7023,6014,10509,7055,6023,10528,7095,6035,10552,7144,6050,10579,7202,6068,10612,7269,6088,10649,7345,6112,10691,7430,6139,
10738,7523,6169,10790,7625,6202,10848,7735,6238,10910,7852,6278,10978,7976,6321,11050,8107,6367,11128,8243,6417,11211,8386,6469,11299,8533,6525,11392,8685,6583,11490,8840,6645,
11592,8999,6710,11699,9161,6777,11811,9325,6848,11926,9491,6921,12047,9659,6996,12171,9828,7074,12299,9998,7155,12431,10168,7238,12567,10339,7323,12707,10509,7410,12850,10680,7499,
10860,6702,6234,10866,6716,6238,10874,6733,6243,10884,6756,6250,10898,6787,6259,10916,6827,6270,10938,6875,6284,10964,6932,6300,10995,6998,6320,11030,7072,6342,11070,7156,6367,
11114,7248,6396,11164,7348,6427,11218,7457,6461,11277,7573,6499,11341,7696,6539,11410,7826,6583,11484,7962,6630,11563,8104,6680,11647,8250,6732,11735,8402,6788,11828,8558,6847,
11926,8717,6908,12028,8879,6973,12135,9044,7040,12246,9211,7109,12361,9381,7182,12480,9551,7256,12603,9723,7333,12730,9895,7413,12861,10068,7494,12995,10241,7578,13133,10414,7664,
11252,6444,6470,11258,6458,6474,11265,6474,6478,11274,6497,6484,11288,6527,6493,11305,6566,6503,11325,6613,6517,11350,6669,6532,11379,6733,6551,11412,6807,6572,11450,6889,6595,
11492,6979,6622,11539,7078,6652,11590,7185,6684,11646,7300,6720,11707,7422,6758,11773,7550,6799,11843,7685,6844,11918,7826,6891,11998,7972,6941,12082,8123,6994,12171,8279,7050,
12264,8438,7108,12362,8600,7170,12464,8766,7234,12570,8934,7300,12680,9104,7369,12795,9275,7441,12913,9448,7514,13035,9622,7590,13161,9797,7669,13290,9972,7749,13423,10147,7832,
11643,6193,6704,11649,6207,6708,11655,6223,6712,11665,6245,6718,11677,6275,6726,11693,6313,6736,11713,6359,6748,11736,6413,6763,11764,6477,6780,11795,6548,6800,11831,6629,6823,
11871,6718,6848,11915,6815,6876,11964,6920,6906,12018,7033,6940,12075,7154,6976,12138,7281,7016,12205,7414,7058,12276,7554,7102,12352,7699,7150,12432,7849,7200,12517,8004,7254,
12606,8162,7309,12699,8325,7368,12797,8490,7429,12899,8658,7492,13004,8829,7558,13114,9001,7627,13228,9175,7697,13345,9350,7770,13466,9526,7845,13590,9703,7922,13718,9880,8002,
12035,5950,6937,12040,5964,6940,12046,5979,6944,12055,6001,6950,12067,6030,6957,12082,6067,6967,12101,6112,6978,12123,6165,6992,12149,6227,7009,12179,6297,7027,12213,6376,7049,
12251,6463,7073,12293,6559,7099,12339,6662,7128,12390,6773,7160,12445,6892,7194,12504,7017,7232,12568,7149,7271,12636,7287,7314,12708,7431,7359,12785,7579,7407,12866,7733,7458,
12951,7891,7511,13040,8053,7567,13134,8218,7625,13231,8386,7686,13333,8556,7749,13438,8729,7814,13547,8903,7882,13660,9079,7952,13776,9256,8024,13896,9434,8098,14019,9612,8174,
12426,5714,7168,12431,5727,7171,12437,5742,7174,12445,5763,7180,12456,5792,7187,12471,5828,7196,12488,5872,7207,12509,5924,7220,12534,5984,7236,12562,6053,7253,12595,6130,7273,
12631,6215,7296,12671,6309,7321,12715,6410,7349,12763,6519,7379,12816,6636,7412,12872,6759,7447,12933,6889,7485,12998,7025,7525,13067,7167,7569,13140,7315,7614,13217,7467,7662,
13299,7624,7713,13384,7785,7766,13474,7949,7822,13567,8116,7880,13665,8286,7940,13766,8459,8003,13870,8633,8067,13979,8810,8134,14091,8987,8204,14206,9166,8275,14325,9345,8348,
12816,5485,7396,12821,5498,7400,12826,5512,7403,12834,5533,7408,12845,5560,7415,12859,5595,7423,12876,5638,7434,12896,5689,7446,12919,5748,7461,12946,5815,7478,12977,5890,7497,
13011,5973,7518,13049,6065,7542,13091,6164,7568,13137,6271,7597,13187,6386,7628,13241,6507,7662,13299,6635,7698,13361,6769,7736,13427,6909,7777,13497,7055,7821,13571,7206,7867,
13649,7361,7915,13731,7521,7966,13817,7684,8019,13906,7850,8074,14000,8020,8132,14097,8192,8192,14197,8366,8254,14302,8542,8318,14409,8720,8385,14521,8899,8453,14635,9079,8523,
13206,5262,7623,13210,5274,7626,13216,5288,7630,13223,5308,7634,13233,5335,7641,13246,5369,7649,13262,5411,7659,13281,5460,7671,13304,5517,7685,13330,5583,7701,13359,5656,7719,
13391,5738,7739,13428,5827,7762,13468,5924,7787,13512,6029,7814,13559,6141,7843,13611,6261,7875,13666,6386,7910,13726,6519,7946,13789,6657,7986,13856,6800,8027,13926,6949,8071,
14001,7103,8117,14080,7261,8165,14162,7423,8216,14248,7588,8269,14337,7757,8325,14431,7928,8382,14527,8102,8441,14628,8278,8503,14732,8455,8567,14839,8634,8633,14949,8815,8700,
13594,5044,7848,13599,5056,7851,13604,5070,7854,13611,5090,7859,13621,5116,7865,13633,5149,7873,13649,5189,7882,13667,5237,7893,13688,5293,7907,13713,5357,7922,13740,5428,7939,
13772,5508,7958,13806,5595,7980,13845,5690,8004,13886,5793,8029,13932,5903,8058,13981,6020,8088,14034,6143,8121,14091,6273,8156,14151,6409,8193,14215,6551,8233,14283,6698,8274,
14355,6850,8319,14430,7006,8365,14509,7166,8413,14591,7330,8464,14678,7498,8517,14767,7668,8572,14860,7841,8629,14957,8016,8688,15057,8193,8750,15160,8372,8813,15267,8552,8878,
13982,4833,8071,13987,4844,8074,13991,4858,8077,13998,4877,8081,14008,4902,8087,14019,4934,8094,14034,4973,8103,14051,5020,8114,14072,5074,8127,14095,5137,8141,14122,5206,8157,
14151,5284,8176,14185,5369,8196,14221,5462,8219,14261,5562,8244,14305,5670,8270,14352,5784,8299,14403,5906,8331,14457,6033,8364,14515,6167,8400,14576,6306,8437,14641,6451,8477,
14710,6601,8520,14782,6755,8564,14858,6914,8610,14937,7076,8659,15020,7242,8710,15106,7411,8762,15196,7583,8817,15289,7757,8874,15385,7934,8933,15485,8112,8993,15587,8292,9056,
14369,4626,8292,14373,4638,8295,14378,4650,8297,14385,4669,8302,14393,4693,8307,14405,4725,8314,14419,4763,8322,14435,4808,8333,14455,4861,8345,14477,4922,8358,14502,4990,8374,
14531,5065,8392,14563,5148,8411,14598,5239,8433,14636,5337,8456,14678,5442,8482,14723,5554,8509,14771,5673,8539,14823,5798,8571,14879,5930,8605,14938,6067,8641,15000,6209,8680,
15066,6357,8720,15135,6509,8762,15208,6666,8807,15284,6826,8853,15364,6991,8902,15447,7158,8953,15533,7329,9005,15623,7502,9060,15716,7678,9116,15812,7855,9175,15911,8034,9235,
14755,4425,8511,14759,4436,8513,14763,4448,8516,14770,4466,8520,14778,4490,8525,14789,4520,8532,14802,4558,8540,14818,4602,8549,14837,4653,8561,14858,4712,8574,14882,4778,8589,
14910,4852,8606,14940,4933,8624,14974,5021,8645,15010,5117,8667,15050,5220,8692,15093,5329,8718,15140,5446,8747,15190,5569,8777,15243,5697,8810,15300,5832,8844,15359,5972,8881,
15423,6117,8919,15489,6268,8960,15559,6422,9003,15633,6581,9047,15709,6743,9094,15789,6909,9142,15872,7078,9193,15959,7250,9245,16048,7425,9300,16141,7601,9356,16237,7780,9414,
4532,12774,1951,4555,12776,1967,4581,12780,1984,4617,12784,2008,4666,12791,2040,4727,12799,2081,4801,12810,2129,4887,12823,2187,4986,12839,2252,5098,12858,2326,5220,12880,2407,
5354,12906,2495,5499,12936,2591,5653,12969,2692,5816,13006,2800,5987,13047,2913,6166,13091,3030,6352,13140,3152,6543,13192,3278,6740,13247,3407,6943,13306,3540,7149,13368,3675,
7360,13433,3812,7574,13501,3952,7791,13571,4093,8011,13644,4236,8233,13719,4381,8457,13796,4526,8683,13876,4673,8911,13957,4820,9140,14040,4968,9370,14124,5116,9601,14210,5265,
4608,12681,2001,4631,12684,2016,4656,12688,2033,4692,12694,2057,4740,12701,2088,4800,12711,2128,4872,12724,2176,4957,12739,2232,5054,12757,2296,5163,12779,2369,5284,12804,2448,
5416,12832,2535,5558,12864,2629,5710,12900,2729,5871,12940,2835,6040,12984,2947,6217,13031,3063,6400,13082,3183,6590,13137,3308,6785,13194,3436,6986,13255,3567,7191,13320,3701,
7399,13387,3838,7612,13456,3976,7827,13529,4116,8046,13603,4258,8267,13680,4402,8489,13759,4546,8714,13840,4692,8941,13922,4838,9169,14007,4986,9398,14092,5133,9628,14179,5281,
4693,12578,2057,4715,12583,2071,4740,12587,2088,4775,12594,2111,4821,12603,2142,4880,12614,2180,4951,12629,2227,5034,12646,2282,5129,12667,2345,5237,12691,2416,5355,12719,2495,
5485,12751,2580,5625,12786,2672,5774,12825,2771,5933,12867,2875,6100,12914,2985,6274,12964,3100,6455,13018,3219,6643,13075,3342,6836,13135,3468,7034,13199,3598,7237,13266,3731,
7444,13335,3866,7654,13407,4003,7868,13481,4142,8085,13558,4283,8304,13637,4426,8526,13717,4569,8749,13800,4714,8974,13884,4859,9201,13970,5005,9429,14057,5152,9657,14145,5300,
4811,12437,2134,4833,12442,2148,4856,12448,2164,4890,12456,2186,4936,12467,2216,4992,12480,2254,5061,12497,2299,5142,12518,2353,5235,12542,2414,5339,12570,2483,5455,12601,2559,
5581,12636,2643,5718,12676,2733,5864,12719,2829,6020,12765,2931,6183,12816,3039,6354,12870,3151,6532,12928,3268,6717,12988,3389,6907,13052,3514,7102,13120,3642,7303,13189,3772,
7507,13262,3906,7715,13337,4041,7926,13414,4179,8141,13493,4318,8358,13575,4459,8577,13658,4601,8798,13743,4745,9022,13829,4889,9246,13917,5034,9473,14006,5180,9700,14096,5326,
4964,12256,2233,4985,12262,2247,5008,12269,2262,5040,12279,2284,5084,12292,2312,5138,12308,2349,5205,12329,2392,5283,12353,2444,5372,12381,2503,5473,12413,2570,5585,12449,2644,
5708,12489,2724,5840,12533,2812,5983,12581,2905,6134,12632,3005,6293,12688,3110,6460,12747,3219,6634,12809,3333,6815,12875,3452,7001,12944,3574,7193,13015,3699,7389,13089,3828,
7590,13166,3959,7795,13244,4092,8003,13325,4228,8215,13408,4365,8429,13493,4504,8645,13579,4644,8864,13667,4786,9085,13757,4928,9307,13847,5072,9531,13939,5216,9756,14031,5361,
5151,12039,2355,5170,12046,2368,5192,12054,2382,5223,12066,2403,5265,12081,2430,5317,12101,2465,5380,12124,2507,5455,12153,2556,5541,12185,2612,5638,12222,2676,5745,12263,2747,
5863,12309,2825,5991,12358,2909,6129,12412,3000,6275,12469,3096,6429,12531,3197,6592,12595,3304,6761,12664,3415,6937,12735,3530,7118,12809,3649,7306,12885,3771,7498,12964,3897,
7695,13046,4025,7895,13129,4155,8100,13215,4288,8308,13302,4423,8518,13391,4560,8731,13481,4698,8947,13573,4837,9165,13666,4978,9384,13759,5119,9605,13854,5262,9828,13950,5405,
5369,11790,2497,5387,11798,2509,5408,11808,2522,5437,11821,2542,5477,11839,2568,5526,11862,2600,5586,11889,2640,5657,11921,2687,5739,11958,2741,5831,12000,2802,5934,12047,2869,
6047,12099,2944,6170,12154,3024,6302,12214,3111,6443,12278,3204,6592,12346,3301,6748,12417,3404,6912,12491,3511,7083,12568,3623,7259,12649,3738,7441,12731,3857,7628,12816,3979,
7820,12903,4104,8016,12992,4232,8216,13082,4362,8420,13175,4494,8626,13268,4628,8835,13363,4763,9047,13459,4900,9261,13556,5038,9477,13654,5177,9695,13752,5317,9915,13851,5458,
5615,11514,2656,5632,11524,2668,5652,11535,2680,5680,11550,2699,5717,11570,2723,5763,11596,2754,5820,11627,2792,5887,11663,2836,5965,11705,2887,6053,11752,2944,6150,11805,3009,
6258,11862,3079,6375,11924,3156,6501,11990,3239,6636,12061,3328,6779,12135,3421,6929,12213,3520,7087,12294,3623,7252,12378,3731,7422,12465,3842,7599,12554,3957,7781,12645,4076,
7967,12738,4197,8158,12832,4321,8353,12929,4447,8551,13026,4576,8753,13125,4707,8958,13225,4839,9165,13326,4973,9375,13427,5108,9587,13530,5245,9801,13632,5382,10017,13736,5521,
5886,11217,2832,5903,11228,2842,5921,11240,2855,5947,11257,2872,5982,11280,2895,6026,11308,2924,6079,11343,2959,6142,11383,3000,6216,11430,3048,6298,11482,3103,6391,11540,3164,
6493,11603,3231,6604,11671,3303,6724,11744,3382,6853,11821,3466,6989,11902,3556,7134,11987,3650,7285,12075,3749,7443,12165,3852,7608,12259,3960,7778,12354,4071,7953,12452,4185,
8134,12551,4302,8319,12652,4422,8508,12755,4545,8701,12858,4670,8898,12963,4797,9098,13068,4926,9301,13174,5057,9506,13281,5189,9713,13388,5323,9923,13496,5457,10135,13603,5593,
6180,10905,3021,6195,10917,3031,6212,10930,3042,6236,10949,3058,6269,10973,3080,6310,11005,3107,6360,11042,3140,6420,11087,3179,6488,11137,3224,6566,11194,3275,6654,11257,3332,
6750,11326,3395,6855,11400,3464,6969,11479,3539,7091,11562,3619,7222,11650,3704,7359,11741,3794,7504,11836,3888,7656,11933,3987,7813,12033,4090,7977,12136,4196,8146,12240,4306,
8321,12346,4420,8500,12453,4536,8683,12562,4654,8870,12672,4776,9061,12782,4899,9256,12893,5024,9453,13005,5152,9653,13117,5280,9856,13229,5411,10061,13342,5542,10269,13455,5675,
6491,10582,3221,6506,10595,3231,6521,10609,3241,6544,10629,3256,6575,10656,3276,6613,10689,3301,6660,10730,3332,6716,10777,3369,6780,10832,3411,6854,10893,3459,6936,10960,3513,
7027,11034,3572,7126,11113,3637,7234,11198,3708,7350,11288,3783,7473,11381,3864,7604,11479,3949,7742,11580,4039,7887,11684,4134,8038,11791,4232,8195,11900,4334,8358,12011,4440,
8526,12123,4548,8698,12237,4660,8875,12352,4775,9057,12468,4892,9242,12584,5011,9430,12701,5133,9622,12819,5256,9817,12937,5381,10015,13054,5508,10215,13172,5636,10417,13290,5766,
6819,10253,3431,6832,10266,3440,6847,10281,3450,6868,10303,3464,6896,10331,3482,6932,10366,3506,6976,10409,3534,7028,10460,3568,7089,10517,3608,7158,10582,3653,7235,10654,3703,
7320,10732,3759,7414,10816,3820,7516,10906,3887,7625,11001,3958,7742,11100,4035,7867,11204,4116,7998,11311,4201,8136,11421,4291,8281,11534,4385,8431,11649,4482,8587,11767,4583,
8748,11885,4687,8914,12006,4795,9085,12127,4905,9260,12249,5018,9439,12371,5133,9621,12494,5251,9807,12618,5370,9997,12741,5492,10189,12864,5615,10384,12988,5740,10581,13111,5866,
7159,9922,3649,7172,9935,3657,7185,9951,3666,7205,9973,3679,7232,10003,3696,7265,10040,3718,7306,10085,3745,7355,10137,3777,7411,10198,3813,7476,10266,3855,7548,10341,3903,
7629,10423,3955,7717,10511,4013,7813,10605,4075,7917,10705,4143,8027,10809,4215,8145,10918,4291,8270,11031,4372,8401,11147,4458,8539,11265,4547,8683,11387,4640,8832,11510,4736,
8986,11635,4836,9146,11761,4939,9310,11888,5045,9478,12016,5154,9651,12145,5265,9828,12274,5378,10008,12403,5494,10191,12532,5611,10378,12661,5730,10567,12789,5851,10759,12918,5974,
7510,9590,3872,7522,9605,3879,7535,9621,3888,7553,9644,3900,7578,9674,3916,7609,9713,3937,7648,9759,3962,7693,9813,3991,7746,9876,4026,7806,9946,4065,7874,10024,4109,
7950,10109,4158,8033,10201,4212,8123,10299,4271,8221,10403,4335,8326,10512,4403,8438,10625,4475,8556,10742,4552,8681,10863,4633,8812,10987,4718,8949,11114,4806,9091,11243,4898,
9239,11373,4993,9392,11505,5092,9550,11638,5193,9712,11772,5298,9878,11906,5404,10048,12041,5514,10222,12175,5625,10400,12310,5739,10581,12444,5854,10764,12579,5971,10951,12712,6090,
7870,9262,4100,7881,9277,4107,7893,9293,4115,7910,9317,4126,7933,9348,4141,7963,9387,4160,7999,9435,4183,8041,9491,4211,8091,9555,4243,8147,9627,4280,8211,9707,4322,
8282,9795,4368,8360,9889,4418,8445,9990,4474,8537,10097,4533,8636,10210,4597,8742,10327,4666,8854,10449,4739,8973,10574,4815,9098,10703,4896,9228,10834,4980,9364,10968,5067,
9505,11103,5158,9652,11240,5252,9803,11378,5350,9958,11518,5450,10118,11657,5552,10282,11797,5657,10450,11937,5764,10622,12077,5874,10797,12217,5985,10975,12356,6099,11155,12495,6214,
8237,8939,4332,8247,8954,4338,8259,8970,4345,8275,8994,4356,8296,9026,4370,8324,9066,4388,8357,9114,4409,8397,9171,4435,8443,9236,4465,8497,9309,4500,8556,9391,4539,
8623,9480,4582,8697,9577,4629,8777,9680,4681,8864,9790,4737,8957,9905,4798,9057,10026,4863,9164,10151,4931,9276,10280,5004,9395,10413,5080,9519,10548,5160,9648,10686,5243,
9783,10826,5330,9923,10968,5420,10068,11111,5513,10217,11255,5608,10371,11400,5707,10529,11545,5808,10691,11690,5911,10856,11835,6016,11025,11980,6124,11197,12124,6233,11372,12268,6344,
8610,8621,4566,8620,8636,4572,8630,8653,4579,8645,8677,4588,8665,8709,4601,8691,8749,4618,8722,8798,4638,8760,8855,4662,8803,8921,4691,8853,8995,4723,8909,9078,4759,
8972,9169,4800,9041,9267,4844,9117,9372,4893,9199,9484,4946,9287,9601,5003,9382,9724,5064,9482,9852,5129,9589,9984,5198,9702,10120,5270,9820,10259,5346,9943,10401,5425,
10072,10545,5508,10206,10691,5593,10344,10838,5682,10488,10986,5774,10635,11135,5868,10787,11285,5965,10943,11435,6064,11102,11585,6165,11265,11734,6269,11431,11883,6374,11601,12032,6482,
8988,8311,4801,8996,8326,4807,9006,8343,4813,9020,8367,4823,9039,8399,4835,9063,8439,4850,9093,8488,4869,9128,8545,4892,9168,8611,4918,9215,8686,4948,9268,8769,4982,
9327,8861,5021,9392,8960,5063,9464,9066,5108,9541,9179,5158,9625,9298,5212,9714,9423,5270,9809,9553,5331,9911,9687,5396,10018,9826,5464,10130,9968,5536,10248,10113,5612,
10370,10260,5690,10498,10409,5772,10631,10560,5857,10768,10713,5944,10910,10866,6034,11055,11019,6127,11205,11173,6222,11359,11328,6320,11516,11482,6419,11676,11635,6521,11840,11788,6625,
9368,8008,5038,9377,8023,5043,9386,8040,5049,9399,8064,5058,9417,8095,5069,9439,8135,5084,9467,8184,5102,9500,8242,5123,9538,8308,5148,9582,8383,5176,9632,8466,5208,
9688,8558,5244,9749,8657,5283,9816,8764,5326,9889,8878,5373,9968,8998,5424,10053,9124,5478,10144,9255,5536,10240,9391,5598,10341,9532,5663,10448,9676,5731,10560,9823,5803,
10677,9973,5878,10799,10126,5955,10926,10280,6036,11057,10435,6120,11193,10592,6206,11333,10749,6295,11477,10907,6386,11625,11065,6480,11776,11223,6575,11931,11381,6673,12089,11538,6773,
9752,7713,5275,9760,7728,5280,9768,7745,5286,9781,7768,5294,9797,7800,5305,9819,7840,5318,9845,7888,5335,9875,7945,5355,9912,8011,5378,9953,8085,5405,10000,8168,5435,
10052,8260,5468,10110,8359,5505,10174,8466,5546,10243,8580,5590,10318,8701,5638,10398,8828,5690,10484,8960,5744,10575,9097,5803,10671,9239,5864,10773,9385,5929,10880,9534,5997,
10992,9686,6068,11108,9841,6142,11229,9998,6220,11355,10156,6299,11485,10315,6382,11619,10476,6467,11758,10637,6554,11900,10799,6644,12046,10960,6736,12195,11122,6830,12348,11283,6927,
10138,7427,5513,10145,7441,5517,10153,7458,5523,10165,7481,5530,10180,7512,5540,10200,7551,5553,10225,7599,5569,10254,7656,5587,10288,7721,5609,10327,7795,5634,10371,7877,5662,
10421,7968,5694,10475,8067,5729,10535,8174,5767,10601,8288,5809,10672,8408,5854,10748,8535,5903,10829,8668,5955,10916,8806,6010,11007,8949,6068,11104,9095,6130,11206,9246,6195,
11313,9400,6262,11424,9556,6333,11540,9715,6406,11660,9875,6483,11785,10037,6561,11914,10201,6643,12046,10365,6727,12183,10529,6813,12324,10694,6901,12467,10858,6992,12615,11023,7084,
10525,7148,5750,10531,7163,5754,10539,7179,5759,10550,7202,5766,10565,7232,5775,10584,7271,5787,10607,7318,5802,10634,7374,5820,10666,7438,5840,10703,7512,5864,10745,7593,5890,
10792,7683,5920,10844,7781,5953,10900,7887,5989,10962,8001,6029,11029,8121,6071,11102,8248,6117,11179,8380,6167,11261,8518,6219,11349,8661,6274,11441,8809,6333,11538,8960,6394,
11639,9115,6459,11746,9272,6526,11857,9433,6596,11972,9595,6669,12091,9759,6744,12215,9924,6822,12342,10090,6902,12474,10257,6985,12609,10425,7070,12747,10592,7157,12890,10760,7246,
10913,6878,5986,10919,6892,5990,10926,6908,5994,10937,6930,6001,10951,6960,6010,10968,6998,6021,10990,7045,6035,11016,7100,6052,11046,7163,6071,11081,7235,6093,11121,7316,6118,
11165,7405,6146,11214,7502,6177,11268,7607,6212,11327,7719,6249,11390,7839,6289,11459,7965,6333,11532,8097,6379,11611,8235,6429,11694,8377,6482,11782,8525,6537,11874,8677,6596,
11971,8832,6657,12073,8990,6721,12179,9152,6788,12289,9315,6857,12404,9480,6929,12522,9647,7004,12645,9816,7081,12771,9985,7160,12901,10154,7242,13034,10324,7325,13171,10495,7411,
11301,6615,6221,11307,6629,6225,11314,6644,6229,11324,6666,6235,11337,6696,6244,11354,6733,6254,11375,6779,6267,11399,6833,6283,11428,6895,6301,11461,6966,6322,11498,7046,6346,
11540,7133,6372,11587,7229,6402,11638,7333,6434,11694,7444,6469,11754,7562,6508,11819,7687,6549,11889,7819,6593,11964,7956,6640,12043,8098,6690,12126,8245,6743,12215,8397,6799,
12307,8552,6857,12404,8711,6918,12506,8872,6982,12612,9037,7048,12721,9203,7117,12835,9371,7188,12953,9541,7262,13074,9712,7338,13199,9883,7416,13328,10055,7497,13460,10228,7579,
11690,6360,6455,11696,6373,6458,11702,6389,6462,11712,6410,6468,11724,6439,6476,11740,6476,6486,11760,6520,6498,11783,6573,6513,11810,6634,6530,11841,6704,6550,11877,6782,6573,
11917,6868,6598,11961,6963,6626,12009,7065,6656,12062,7175,6690,12120,7292,6726,12182,7415,6765,12248,7545,6807,12319,7681,6852,12395,7823,6899,12475,7969,6949,12559,8120,7002,
12647,8275,7058,12740,8434,7116,12837,8596,7177,12938,8761,7241,13044,8928,7306,13153,9097,7375,13266,9267,7445,13383,9439,7518,13503,9612,7593,13627,9786,7670,13754,9960,7750,
12079,6112,6687,12085,6125,6690,12091,6140,6694,12100,6161,6700,12111,6190,6707,12126,6225,6717,12145,6269,6729,12167,6321,6742,12193,6381,6759,12223,6449,6777,12256,6525,6799,
12294,6610,6822,12336,6703,6849,12382,6804,6878,12432,6912,6910,12487,7027,6944,12546,7149,6981,12609,7278,7021,12677,7412,7063,12749,7553,7109,12825,7698,7156,12906,7848,7207,
12991,8003,7260,13080,8161,7316,13172,8323,7374,13269,8487,7434,13370,8654,7497,13475,8824,7563,13584,8995,7630,13696,9168,7700,13812,9342,7772,13931,9517,7846,14054,9692,7922,
12468,5872,6918,12473,5884,6921,12479,5899,6925,12487,5919,6930,12498,5947,6937,12513,5982,6946,12530,6024,6957,12551,6075,6970,12576,6134,6986,12604,6200,7003,12636,6275,7024,
12672,6359,7046,12712,6450,7071,12756,6548,7099,12804,6655,7129,12856,6768,7162,12912,6889,7197,12973,7016,7235,13037,7149,7275,13106,7288,7318,13179,7432,7364,13256,7581,7412,
13337,7734,7462,13422,7892,7515,13511,8053,7571,13604,8217,7629,13701,8384,7689,13801,8553,7752,13906,8725,7817,14014,8898,7884,14125,9073,7953,14240,9248,8024,14358,9425,8097,
12856,5637,7147,12861,5650,7150,12867,5664,7154,12875,5684,7159,12885,5711,7165,12899,5745,7174,12916,5787,7184,12935,5836,7197,12959,5893,7211,12986,5958,7228,13016,6032,7247,
13050,6113,7269,13088,6202,7292,13130,6299,7319,13176,6404,7347,13226,6515,7378,13279,6634,7412,13337,6759,7448,13399,6890,7486,13464,7028,7527,13534,7170,7571,13608,7318,7617,
13685,7470,7665,13767,7626,7716,13852,7787,7769,13941,7950,7824,14034,8117,7882,14131,8286,7942,14231,8457,8004,14335,8630,8068,14443,8805,8135,14553,8981,8203,14667,9159,8273,
13244,5410,7374,13249,5422,7377,13254,5436,7381,13261,5455,7385,13272,5481,7392,13284,5514,7400,13300,5555,7410,13319,5603,7422,13342,5659,7435,13367,5723,7451,13396,5794,7470,
13429,5874,7490,13465,5961,7513,13505,6056,7537,13549,6159,7565,13596,6268,7594,13647,6385,7626,13702,6508,7660,13761,6637,7697,13824,6773,7736,13891,6914,7778,13961,7060,7821,
14036,7210,7868,14114,7365,7916,14196,7524,7967,14281,7687,8020,14371,7853,8075,14464,8021,8132,14560,8192,8192,14660,8365,8254,14763,8540,8317,14870,8716,8383,14980,8894,8451,
13631,5188,7600,13635,5200,7603,13640,5213,7606,13648,5232,7610,13657,5258,7616,13670,5290,7624,13685,5329,7633,13703,5376,7645,13724,5431,7658,13748,5493,7673,13776,5563,7690,
13807,5641,7710,13842,5726,7731,13880,5819,7755,13922,5919,7781,13967,6027,7809,14016,6141,7839,14069,6262,7872,14125,6390,7907,14185,6523,7944,14249,6662,7984,14317,6806,8026,
14388,6955,8070,14463,7109,8116,14542,7266,8165,14624,7427,8216,14710,7592,8268,14799,7760,8323,14892,7930,8381,14988,8103,8440,15088,8277,8501,15191,8453,8564,15297,8631,8629,
14017,4972,7823,14021,4983,7826,14026,4996,7829,14033,5015,7833,14042,5040,7839,14054,5071,7846,14069,5109,7855,14086,5155,7866,14106,5208,7879,14129,5269,7893,14156,5337,7910,
14186,5413,7928,14219,5497,7948,14255,5588,7971,14295,5686,7996,14338,5791,8023,14385,5903,8052,14436,6022,8083,14490,6147,8116,14547,6279,8152,14608,6415,8190,14673,6558,8230,
14742,6705,8272,14814,6856,8316,14889,7012,8363,14968,7172,8411,15051,7335,8462,15137,7502,8515,15226,7671,8570,15319,7843,8626,15415,8017,8685,15514,8193,8746,15616,8370,8809,
14402,4761,8045,14407,4772,8047,14411,4785,8050,14418,4803,8054,14427,4827,8060,14438,4858,8067,14452,4895,8075,14468,4939,8086,14487,4991,8098,14510,5050,8111,14535,5117,8127,
14563,5191,8145,14595,5273,8164,14630,5361,8186,14668,5457,8209,14710,5561,8235,14755,5671,8262,14803,5787,8292,14855,5910,8324,14910,6039,8358,14969,6174,8394,15031,6314,8433,
15096,6459,8473,15166,6609,8515,15238,6763,8560,15314,6921,8607,15394,7083,8655,15476,7248,8706,15562,7416,8759,15652,7587,8813,15744,7760,8870,15840,7935,8928,15939,8112,8988,
14787,4556,8264,14791,4566,8267,14795,4579,8270,14801,4596,8273,14810,4620,8279,14821,4649,8285,14834,4686,8293,14850,4729,8303,14868,4779,8315,14889,4837,8328,14914,4902,8343,
14941,4974,8359,14971,5054,8378,15005,5140,8399,15041,5234,8421,15081,5335,8446,15124,5443,8472,15170,5557,8501,15220,5678,8531,15273,5804,8564,15329,5937,8598,15389,6075,8635,
15452,6218,8673,15519,6365,8714,15588,6518,8757,15662,6674,8801,15738,6834,8848,15818,6998,8897,15901,7164,8947,15987,7334,9000,16076,7506,9054,16168,7680,9110,16264,7857,9169,
4724,12896,1784,4745,12899,1799,4770,12902,1815,4805,12906,1838,4851,12912,1868,4909,12920,1907,4979,12930,1953,5062,12943,2008,5157,12958,2071,5263,12976,2141,5381,12997,2219,
5510,13021,2304,5649,13049,2396,5797,13080,2494,5955,13115,2598,6121,13153,2707,6294,13196,2822,6475,13242,2940,6662,13291,3063,6854,13344,3189,7052,13400,3319,7254,13459,3451,
7460,13521,3586,7670,13587,3723,7883,13654,3862,8099,13725,4003,8318,13797,4145,8539,13872,4288,8762,13949,4433,8986,14028,4578,9212,14109,4725,9440,14191,4872,9668,14274,5019,
4796,12808,1832,4818,12811,1846,4842,12815,1862,4876,12820,1884,4921,12827,1914,4978,12837,1952,5047,12848,1998,5128,12863,2051,5221,12880,2113,5326,12900,2182,5442,12923,2259,
5569,12950,2343,5706,12980,2433,5853,13014,2530,6009,13051,2633,6172,13092,2741,6344,13137,2853,6522,13185,2971,6707,13237,3092,6898,13292,3217,7094,13350,3345,7294,13412,3477,
7499,13476,3610,7707,13543,3747,7919,13613,3885,8134,13685,4024,8351,13759,4166,8570,13836,4308,8792,13914,4452,9016,13994,4597,9241,14076,4742,9467,14159,4888,9694,14244,5035,
4877,12711,1884,4898,12715,1898,4921,12719,1914,4955,12725,1936,4999,12733,1965,5055,12744,2002,5123,12758,2047,5202,12774,2100,5294,12793,2160,5396,12816,2228,5511,12842,2303,
5635,12871,2386,5770,12904,2475,5915,12940,2570,6068,12981,2671,6230,13024,2778,6399,13072,2889,6576,13123,3005,6759,13177,3125,6947,13235,3249,7141,13295,3376,7339,13359,3506,
7542,13425,3638,7749,13494,3773,7959,13566,3910,8172,13640,4049,8388,13716,4189,8606,13794,4331,8826,13874,4474,9049,13956,4617,9272,14039,4762,9498,14124,4907,9724,14210,5053,
4989,12576,1958,5010,12581,1971,5032,12586,1986,5065,12593,2008,5108,12603,2036,5162,12616,2072,5228,12632,2116,5306,12651,2167,5395,12673,2226,5495,12699,2292,5607,12728,2366,
5728,12761,2446,5861,12797,2533,6002,12837,2627,6152,12881,2726,6311,12929,2830,6478,12980,2939,6651,13035,3053,6831,13092,3171,7017,13153,3293,7208,13217,3418,7404,13284,3547,
7604,13354,3677,7808,13426,3811,8016,13500,3946,8227,13577,4083,8441,13655,4222,8657,13736,4363,8875,13818,4504,9095,13902,4647,9318,13987,4790,9541,14074,4934,9766,14162,5079,
5135,12403,2053,5155,12409,2066,5177,12415,2080,5208,12424,2101,5250,12436,2129,5302,12451,2163,5366,12469,2205,5441,12491,2255,5527,12517,2312,5624,12547,2376,5732,12580,2447,
5850,12618,2525,5979,12659,2610,6116,12704,2701,6263,12752,2797,6418,12804,2899,6581,12860,3006,6750,12919,3117,6927,12981,3233,7109,13047,3352,7296,13115,3475,7489,13186,3601,
7686,13259,3729,7887,13335,3861,8092,13413,3994,8300,13493,4129,8511,13574,4266,8724,13658,4405,8940,13743,4545,9158,13830,4686,9378,13918,4828,9599,14007,4970,9822,14098,5114,
5314,12194,2169,5333,12201,2182,5354,12208,2195,5384,12219,2215,5423,12233,2242,5474,12251,2275,5535,12272,2315,5606,12298,2362,5689,12328,2417,5783,12362,2479,5887,12401,2547,
6001,12443,2623,6125,12489,2704,6258,12539,2792,6400,12593,2885,6551,12651,2984,6709,12712,3088,6874,12776,3196,7046,12844,3309,7224,12914,3425,7407,12987,3545,7595,13063,3669,
7788,13141,3795,7986,13221,3923,8187,13304,4054,8391,13388,4187,8599,13474,4322,8809,13561,4458,9022,13650,4596,9237,13740,4735,9454,13831,4875,9672,13924,5016,9893,14017,5158,
5523,11954,2305,5541,11961,2317,5561,11970,2330,5590,11982,2349,5627,11999,2374,5675,12019,2406,5733,12045,2444,5802,12074,2489,5881,12109,2541,5970,12147,2600,6070,12191,2666,
6179,12239,2738,6298,12291,2816,6427,12347,2901,6564,12407,2991,6709,12470,3086,6862,12537,3186,7022,12608,3291,7188,12681,3400,7361,12757,3513,7540,12836,3630,7723,12917,3750,
7912,13000,3873,8105,13086,3998,8301,13173,4126,8502,13262,4257,8705,13352,4389,8912,13444,4522,9121,13537,4658,9332,13631,4794,9546,13726,4932,9761,13823,5071,9978,13919,5211,
5761,11686,2459,5778,11695,2470,5796,11705,2483,5823,11719,2501,5859,11738,2524,5904,11761,2554,5959,11790,2590,6024,11823,2633,6099,11862,2683,6184,11906,2739,6279,11954,2801,
6384,12008,2870,6498,12066,2945,6621,12128,3025,6752,12194,3112,6891,12264,3203,7039,12337,3300,7193,12414,3401,7354,12494,3506,7521,12576,3615,7694,12661,3728,7873,12748,3845,
8056,12837,3964,8244,12929,4086,8436,13021,4211,8631,13115,4338,8830,13211,4467,9032,13308,4598,9237,13405,4730,9445,13504,4864,9654,13604,4999,9866,13704,5136,10080,13805,5273,
6023,11397,2629,6039,11407,2640,6057,11418,2651,6082,11434,2668,6116,11455,2690,6158,11481,2718,6210,11513,2752,6272,11550,2793,6343,11593,2840,6423,11642,2893,6513,11696,2952,
6613,11754,3017,6721,11818,3088,6838,11886,3165,6964,11959,3247,7097,12035,3335,7238,12115,3427,7387,12198,3524,7542,12285,3626,7703,12374,3731,7870,12465,3840,8043,12558,3952,
8220,12654,4068,8403,12751,4186,8589,12849,4308,8780,12949,4431,8974,13050,4557,9171,13152,4684,9371,13255,4814,9574,13359,4945,9779,13463,5077,9987,13568,5210,10197,13673,5345,
6308,11091,2813,6322,11102,2823,6339,11114,2834,6363,11132,2849,6394,11154,2870,6435,11183,2896,6483,11218,2928,6541,11259,2966,6608,11306,3010,6684,11359,3060,6769,11418,3116,
6863,11482,3178,6966,11551,3245,7077,11626,3318,7197,11704,3397,7324,11787,3480,7459,11873,3568,7601,11963,3661,7750,12056,3758,7905,12151,3859,8066,12249,3964,8232,12349,4072,
8404,12451,4184,8580,12554,4298,8761,12659,4416,8946,12765,4535,9135,12872,4657,9327,12979,4781,9522,13088,4907,9720,13197,5035,9921,13306,5164,10124,13416,5295,10329,13526,5426,
6611,10774,3008,6625,10786,3017,6640,10799,3028,6663,10817,3042,6692,10842,3062,6730,10873,3086,6776,10911,3116,6830,10955,3152,6893,11006,3193,6964,11063,3240,7045,11126,3293,
7134,11195,3351,7231,11269,3415,7336,11349,3484,7450,11434,3558,7571,11522,3637,7700,11615,3721,7835,11711,3809,7978,11810,3902,8126,11912,3999,8281,12016,4100,8441,12122,4204,
8606,12231,4311,8776,12340,4421,8951,12451,4535,9130,12563,4650,9313,12676,4769,9499,12789,4889,9689,12903,5011,9882,13018,5135,10078,13132,5261,10276,13247,5388,10476,13363,5517,
6930,10449,3213,6943,10461,3222,6958,10475,3231,6979,10495,3245,7006,10521,3263,7042,10554,3286,7084,10594,3314,7135,10641,3348,7194,10695,3386,7262,10756,3430,7337,10823,3480,
7421,10896,3534,7513,10976,3595,7613,11060,3660,7720,11150,3730,7835,11244,3805,7958,11343,3885,8087,11445,3969,8223,11550,4057,8365,11658,4150,8513,11768,4246,8666,11881,4346,
8825,11995,4449,8989,12111,4555,9158,12228,4664,9331,12346,4775,9508,12465,4890,9688,12584,5006,9872,12704,5125,10060,12824,5245,10250,12944,5367,10443,13064,5491,10639,13185,5616,
7263,10120,3426,7275,10133,3434,7289,10148,3443,7308,10168,3456,7334,10196,3473,7367,10231,3494,7407,10273,3520,7455,10322,3552,7511,10378,3588,7574,10442,3629,7645,10513,3676,
7724,10590,3727,7810,10673,3784,7905,10763,3845,8006,10857,3911,8115,10956,3982,8232,11060,4058,8354,11167,4138,8484,11278,4222,8619,11392,4310,8761,11508,4402,8908,11626,4497,
9060,11747,4596,9218,11868,4698,9380,11991,4802,9547,12115,4910,9718,12240,5020,9892,12365,5132,10071,12490,5247,10252,12616,5364,10437,12742,5482,10625,12867,5602,10815,12993,5724,
7608,9791,3646,7619,9804,3653,7632,9819,3661,7650,9841,3673,7674,9869,3689,7705,9905,3709,7742,9949,3733,7787,10000,3763,7839,10059,3797,7898,10125,3835,7965,10199,3879,
8039,10279,3927,8121,10366,3980,8210,10459,4038,8306,10557,4101,8409,10661,4168,8519,10769,4239,8636,10881,4315,8759,10997,4395,8888,11116,4479,9023,11237,4566,9164,11361,4657,
9310,11487,4752,9461,11614,4849,9617,11743,4950,9778,11872,5053,9942,12003,5159,10111,12133,5267,10283,12264,5378,10459,12396,5490,10638,12527,5605,10820,12658,5722,11005,12788,5840,
7961,9463,3870,7972,9477,3877,7983,9492,3885,8000,9514,3896,8023,9544,3910,8052,9581,3929,8087,9625,3952,8129,9678,3979,8178,9738,4011,8233,9807,4047,8296,9883,4088,
8366,9965,4134,8443,10055,4184,8527,10151,4238,8618,10253,4297,8715,10360,4360,8820,10472,4428,8930,10589,4500,9047,10709,4575,9170,10833,4655,9299,10959,4738,9434,11088,4825,
9573,11219,4915,9718,11351,5008,9868,11485,5105,10022,11620,5204,10180,11755,5306,10343,11891,5410,10509,12028,5516,10679,12164,5625,10852,12300,5736,11029,12437,5849,11208,12573,5963,
8322,9139,4098,8332,9153,4105,8343,9169,4112,8359,9191,4122,8380,9221,4136,8407,9259,4153,8440,9304,4175,8479,9358,4200,8525,9420,4230,8577,9490,4264,8636,9567,4302,
8702,9652,4345,8775,9744,4392,8854,9842,4443,8940,9947,4499,9032,10057,4559,9131,10173,4623,9236,10293,4691,9347,10417,4762,9464,10544,4838,9587,10675,4917,9715,10808,5000,
9848,10943,5086,9987,11080,5175,10130,11219,5267,10278,11359,5362,10431,11499,5459,10587,11640,5560,10747,11782,5662,10911,11923,5767,11079,12064,5874,11250,12206,5983,11424,12346,6093,
8690,8820,4329,8699,8834,4335,8709,8850,4342,8724,8873,4352,8744,8903,4365,8769,8941,4381,8800,8987,4401,8837,9042,4425,8880,9104,4453,8929,9175,4485,8984,9254,4521,
9046,9340,4561,9115,9434,4605,9189,9534,4653,9270,9641,4706,9358,9753,4762,9451,9871,4822,9551,9994,4887,9656,10121,4955,9768,10252,5026,9885,10386,5102,10007,10523,5180,
10134,10663,5262,10267,10804,5347,10404,10947,5435,10546,11091,5526,10692,11236,5620,10843,11382,5716,10997,11528,5814,11155,11674,5915,11317,11820,6018,11482,11966,6123,11651,12111,6230,
9062,8508,4563,9070,8522,4568,9080,8538,4575,9094,8561,4584,9113,8591,4596,9136,8629,4611,9165,8675,4630,9200,8730,4652,9240,8793,4678,9287,8865,4708,9339,8944,4742,
9397,9031,4780,9462,9126,4821,9532,9228,4867,9609,9336,4916,9691,9450,4969,9780,9570,5026,9874,9695,5087,9975,9825,5152,10080,9959,5220,10192,10096,5291,10308,10236,5366,
10430,10379,5444,10556,10523,5525,10688,10670,5609,10824,10818,5696,10964,10967,5786,11109,11117,5878,11257,11267,5973,11410,11418,6070,11566,11568,6169,11725,11719,6270,11888,11869,6373,
9438,8202,4797,9446,8216,4803,9455,8232,4809,9468,8255,4817,9486,8285,4828,9508,8323,4843,9535,8370,4860,9568,8425,4881,9606,8488,4906,9649,8559,4934,9699,8639,4966,
9754,8727,5001,9814,8822,5040,9881,8925,5083,9953,9034,5129,10032,9149,5180,10116,9271,5234,10205,9398,5291,10300,9529,5352,10401,9665,5417,10507,9804,5485,10618,9947,5556,
10734,10092,5630,10855,10240,5707,10981,10390,5788,11111,10541,5871,11246,10694,5957,11385,10848,6045,11528,11002,6136,11674,11156,6229,11825,11311,6325,11979,11465,6422,12136,11619,6522,
9817,7904,5033,9825,7918,5038,9834,7934,5043,9846,7956,5051,9862,7987,5062,9883,8025,5075,9909,8071,5092,9940,8125,5112,9975,8188,5135,10016,8260,5161,10063,8340,5191,
10115,8427,5224,10172,8523,5261,10235,8626,5301,10304,8735,5345,10378,8852,5393,10457,8974,5444,10542,9102,5498,10633,9234,5556,10728,9372,5617,10829,9513,5682,10935,9658,5749,
11046,9805,5820,11161,9956,5894,11282,10108,5971,11407,10262,6050,11536,10418,6132,11669,10575,6217,11806,10732,6304,11948,10890,6393,12092,11048,6485,12241,11206,6579,12393,11364,6675,
10199,7614,5269,10206,7628,5273,10214,7643,5278,10226,7666,5286,10241,7695,5296,10261,7733,5308,10285,7779,5324,10314,7833,5343,10348,7896,5364,10387,7967,5389,10431,8046,5417,
10480,8134,5448,10534,8229,5483,10593,8332,5521,10658,8441,5563,10728,8558,5608,10804,8680,5656,10885,8809,5708,10970,8942,5762,11062,9081,5821,11158,9223,5882,11259,9369,5946,
11364,9519,6014,11475,9671,6084,11590,9826,6157,11709,9982,6233,11833,10140,6311,11961,10300,6392,12093,10460,6476,12229,10621,6562,12368,10782,6650,12512,10944,6740,12658,11105,6833,
10583,7331,5504,10589,7345,5509,10597,7360,5513,10608,7382,5520,10623,7412,5530,10641,7449,5542,10664,7494,5556,10691,7548,5574,10723,7610,5594,10760,7680,5618,10801,7759,5644,
10847,7846,5674,10899,7941,5706,10955,8043,5742,11017,8152,5782,11083,8269,5824,11155,8391,5870,11232,8520,5919,11313,8654,5971,11400,8792,6026,11491,8936,6084,11588,9083,6145,
11689,9233,6209,11794,9387,6276,11904,9543,6346,12019,9702,6419,12138,9862,6494,12260,10023,6571,12387,10186,6652,12518,10350,6734,12652,10514,6819,12790,10678,6905,12931,10843,6994,
10967,7056,5739,10974,7070,5743,10981,7085,5748,10991,7107,5755,11005,7136,5763,11023,7172,5775,11044,7217,5788,11070,7270,5805,11100,7331,5824,11135,7401,5846,11174,7479,5871,
11218,7565,5899,11267,7659,5930,11320,7760,5964,11378,7869,6001,11442,7985,6042,11510,8107,6085,11583,8235,6131,11660,8369,6181,11743,8507,6233,11830,8651,6288,11922,8799,6346,
12018,8950,6408,12119,9104,6471,12225,9262,6538,12334,9422,6607,12448,9583,6679,12566,9747,6753,12688,9911,6830,12813,10077,6909,12943,10244,6991,13075,10410,7074,13212,10577,7159,
11353,6789,5974,11359,6803,5978,11366,6818,5982,11376,6839,5988,11389,6867,5996,11405,6903,6007,11426,6947,6020,11450,6999,6036,11479,7060,6054,11511,7128,6074,11549,7205,6098,
11590,7290,6125,11636,7383,6154,11687,7483,6186,11743,7591,6221,11803,7706,6259,11867,7827,6300,11937,7955,6344,12011,8088,6391,12089,8227,6441,12173,8370,6494,12260,8518,6549,
12352,8669,6607,12449,8824,6668,12550,8982,6732,12655,9143,6798,12764,9306,6867,12877,9470,6938,12994,9637,7011,13115,9804,7087,13239,9972,7165,13367,10141,7245,13499,10311,7328,
11739,6530,6207,11745,6543,6211,11751,6557,6215,11761,6578,6221,11773,6606,6228,11789,6642,6238,11808,6685,6251,11831,6736,6265,11858,6795,6283,11889,6863,6302,11925,6938,6325,
11964,7022,6350,12008,7113,6377,12056,7213,6408,12109,7319,6441,12166,7433,6477,12228,7553,6516,12294,7680,6558,12364,7812,6603,12439,7950,6650,12519,8093,6700,12602,8240,6753,
12690,8392,6808,12783,8547,6867,12879,8705,6927,12980,8866,6991,13085,9030,7056,13193,9195,7124,13306,9363,7195,13422,9531,7268,13542,9701,7343,13665,9872,7420,13792,10043,7499,
12126,6277,6439,12131,6290,6443,12137,6305,6446,12146,6325,6452,12158,6352,6459,12173,6387,6469,12191,6429,6480,12213,6479,6494,12239,6538,6511,12268,6604,6529,12302,6678,6550,
12339,6760,6574,12381,6851,6600,12427,6948,6629,12477,7053,6661,12531,7166,6695,12590,7285,6732,12653,7410,6772,12720,7541,6814,12792,7678,6859,12868,7820,6907,12948,7967,6958,
13032,8118,7011,13120,8273,7066,13213,8431,7124,13309,8592,7184,13410,8756,7247,13514,8922,7313,13622,9090,7380,13734,9260,7450,13849,9431,7522,13968,9603,7596,14090,9775,7672,
12512,6032,6670,12517,6045,6673,12523,6059,6677,12531,6079,6682,12542,6105,6689,12557,6139,6698,12574,6181,6709,12595,6230,6722,12619,6287,6738,12647,6352,6755,12679,6424,6775,
12715,6505,6798,12755,6594,6823,12798,6690,6850,12846,6794,6880,12898,6904,6913,12954,7022,6948,13014,7146,6986,13078,7276,7026,13146,7411,7069,13219,7552,7115,13296,7698,7163,
13376,7848,7213,13461,8002,7266,13550,8160,7322,13642,8321,7379,13738,8485,7440,13839,8651,7502,13942,8819,7567,14050,8990,7634,14161,9161,7703,14275,9334,7774,14393,9508,7847,
12898,5794,6899,12903,5806,6902,12908,5819,6906,12916,5839,6911,12927,5865,6917,12941,5898,6926,12957,5939,6936,12977,5987,6949,13000,6042,6963,13027,6106,6980,13057,6177,6999,
13091,6256,7020,13129,6343,7044,13171,6438,7070,13216,6540,7099,13266,6649,7130,13319,6764,7163,13376,6887,7199,13438,7015,7238,13503,7149,7279,13572,7289,7322,13646,7433,7368,
13723,7582,7416,13804,7735,7467,13889,7892,7520,13978,8053,7575,14071,8216,7633,14167,8382,7693,14267,8551,7755,14370,8721,7819,14477,8893,7885,14587,9067,7954,14701,9241,8024,
13284,5561,7127,13288,5573,7130,13294,5586,7133,13301,5605,7138,13311,5631,7144,13324,5663,7152,13340,5703,7162,13359,5750,7174,13381,5804,7188,13406,5866,7204,13435,5936,7222,
13468,6014,7242,13504,6099,7265,13544,6192,7289,13587,6292,7317,13634,6399,7346,13685,6513,7378,13740,6633,7412,13799,6760,7449,13861,6892,7488,13928,7030,7529,13998,7173,7573,
14072,7321,7619,14150,7473,7668,14231,7629,7718,14317,7788,7771,14406,7951,7826,14498,8117,7884,14594,8285,7943,14694,8455,8005,14797,8627,8069,14903,8801,8135,15013,8976,8202,
13669,5335,7353,13673,5347,7355,13678,5360,7358,13686,5378,7363,13695,5403,7369,13707,5435,7377,13723,5473,7386,13741,5519,7397,13762,5572,7410,13786,5633,7426,13814,5701,7443,
13845,5777,7462,13879,5860,7484,13917,5951,7507,13958,6049,7533,14004,6155,7561,14052,6267,7592,14105,6385,7624,14161,6510,7659,14221,6640,7697,14284,6776,7736,14352,6918,7778,
14423,7064,7822,14497,7215,7868,14576,7369,7917,14658,7528,7968,14743,7690,8021,14832,7855,8076,14925,8022,8133,15020,8192,8192,15120,8364,8253,15222,8538,8316,15328,8713,8382,
14053,5115,7577,14058,5126,7579,14062,5139,7582,14069,5157,7586,14078,5181,7592,14090,5212,7599,14105,5249,7608,14122,5294,7619,14142,5346,7632,14165,5405,7646,14192,5472,7663,
14221,5546,7681,14254,5628,7701,14290,5717,7724,14330,5813,7749,14373,5916,7775,14420,6026,7804,14470,6142,7836,14524,6265,7869,14581,6394,7905,14642,6528,7942,14707,6667,7982,
14775,6812,8025,14847,6961,8069,14922,7114,8115,15001,7271,8164,15083,7432,8215,15168,7596,8268,15258,7762,8322,15350,7932,8379,15446,8103,8438,15544,8276,8499,15647,8451,8562,
14437,4900,7799,14441,4911,7801,14446,4923,7804,14452,4941,7808,14461,4964,7814,14472,4994,7821,14486,5031,7829,14503,5074,7839,14522,5125,7851,14544,5183,7865,14569,5248,7881,
14598,5320,7898,14629,5400,7918,14664,5487,7939,14702,5581,7963,14743,5682,7988,14788,5790,8016,14836,5905,8046,14888,6025,8078,14943,6152,8112,15001,6284,8148,15063,6422,8186,
15129,6564,8227,15197,6711,8269,15270,6863,8314,15345,7019,8360,15425,7178,8409,15507,7341,8460,15593,7506,8512,15682,7674,8567,15774,7845,8624,15869,8018,8682,15968,8193,8742,
14820,4690,8019,14824,4701,8021,14828,4713,8024,14835,4730,8028,14843,4753,8033,14854,4782,8040,14867,4818,8048,14883,4860,8058,14901,4909,8069,14922,4966,8082,14946,5029,8097,
14974,5100,8114,15004,5178,8133,15037,5263,8153,15073,5355,8176,15113,5454,8200,15156,5560,8227,15202,5672,8255,15252,5790,8286,15304,5915,8318,15361,6045,8353,15420,6180,8389,
15483,6321,8428,15549,6466,8469,15619,6616,8511,15692,6770,8556,15768,6928,8603,15847,7089,8652,15930,7253,8702,16016,7421,8755,16105,7590,8809,16197,7762,8866,16292,7936,8924,
4914,13018,1618,4935,13021,1632,4958,13024,1647,4991,13028,1669,5035,13034,1698,5090,13041,1735,5158,13050,1779,5236,13062,1832,5327,13076,1891,5429,13093,1959,5542,13113,2034,
5666,13136,2116,5800,13162,2204,5944,13191,2299,6096,13224,2399,6257,13261,2505,6425,13301,2616,6601,13344,2732,6782,13391,2851,6970,13442,2974,7163,13495,3101,7361,13552,3230,
7563,13612,3363,7768,13674,3497,7978,13739,3634,8190,13807,3772,8405,13877,3912,8623,13950,4054,8842,14024,4197,9064,14101,4340,9287,14179,4485,9512,14259,4630,9738,14341,4776,
4983,12934,1663,5003,12937,1677,5026,12941,1692,5059,12946,1713,5102,12952,1742,5156,12961,1778,5222,12972,1822,5300,12985,1873,5389,13001,1932,5490,13020,1998,5601,13042,2072,
5723,13067,2153,5856,13095,2240,5997,13127,2334,6148,13163,2433,6307,13201,2538,6473,13244,2647,6647,13289,2761,6827,13339,2880,7013,13391,3002,7204,13447,3127,7400,13505,3256,
7601,13567,3387,7805,13631,3520,8013,13698,3656,8224,13768,3794,8438,13840,3933,8654,13914,4074,8872,13990,4215,9093,14067,4358,9315,14147,4502,9539,14228,4647,9764,14311,4792,
5060,12842,1713,5080,12845,1726,5102,12849,1741,5134,12855,1762,5176,12863,1790,5230,12873,1826,5295,12885,1869,5371,12900,1919,5458,12918,1977,5557,12939,2042,5667,12964,2115,
5787,12991,2194,5917,13022,2280,6057,13056,2372,6206,13094,2470,6363,13135,2574,6527,13180,2682,6699,13228,2795,6877,13280,2912,7061,13335,3033,7250,13393,3157,7445,13453,3284,
7643,13517,3414,7846,13584,3547,8052,13652,3681,8262,13724,3818,8474,13797,3956,8689,13873,4096,8906,13950,4237,9125,14030,4379,9346,14111,4522,9569,14193,4666,9793,14277,4810,
5167,12713,1783,5186,12717,1796,5208,12722,1811,5239,12729,1831,5281,12738,1858,5333,12750,1893,5396,12764,1935,5470,12782,1984,5556,12803,2040,5652,12826,2104,5759,12854,2175,
5877,12884,2253,6005,12919,2337,6142,12956,2427,6287,12998,2523,6441,13042,2625,6603,13091,2731,6772,13142,2842,6947,13197,2957,7129,13255,3076,7316,13316,3199,7508,13380,3324,
7704,13447,3453,7904,13516,3584,8108,13587,3717,8316,13661,3852,8526,13737,3989,8739,13815,4127,8954,13895,4267,9172,13976,4408,9391,14059,4550,9612,14144,4692,9834,14230,4836,
5307,12547,1874,5325,12552,1887,5346,12558,1901,5376,12566,1921,5416,12577,1947,5467,12591,1980,5528,12608,2021,5600,12629,2068,5683,12653,2123,5776,12680,2185,5880,12711,2253,
5995,12746,2329,6119,12784,2411,6252,12826,2499,6395,12872,2592,6545,12921,2692,6703,12974,2796,6869,13030,2904,7041,13089,3017,7219,13151,3134,7402,13216,3254,7591,13283,3377,
7784,13354,3504,7982,13426,3633,8183,13501,3764,8387,13579,3897,8595,13658,4032,8806,13739,4169,9018,13821,4307,9233,13905,4446,9451,13991,4587,9669,14078,4728,9890,14166,4870,
5478,12347,1986,5496,12353,1998,5516,12359,2011,5545,12369,2030,5583,12382,2055,5631,12398,2087,5690,12418,2126,5759,12442,2172,5839,12470,2225,5929,12501,2284,6030,12537,2350,
6140,12576,2423,6261,12620,2502,6390,12667,2588,6528,12717,2679,6674,12771,2775,6828,12829,2876,6989,12890,2982,7157,12954,3092,7331,13021,3206,7511,13091,3323,7695,13163,3444,
7885,13238,3568,8079,13315,3694,8276,13394,3823,8477,13475,3954,8682,13558,4087,8889,13643,4222,9099,13729,4358,9311,13816,4495,9526,13905,4634,9742,13995,4773,9959,14086,4914,
5679,12114,2117,5696,12121,2128,5716,12129,2141,5743,12141,2159,5779,12156,2183,5826,12175,2213,5882,12198,2250,5948,12225,2294,6024,12257,2344,6111,12293,2402,6207,12333,2465,
6313,12378,2535,6429,12426,2611,6554,12479,2693,6687,12535,2781,6828,12595,2874,6977,12658,2972,7134,12725,3074,7297,12794,3181,7466,12867,3292,7641,12942,3406,7821,13019,3524,
8006,13099,3645,8196,13181,3768,8389,13265,3894,8586,13351,4023,8787,13438,4153,8990,13527,4285,9197,13617,4419,9406,13709,4554,9617,13801,4690,9830,13895,4828,10044,13989,4966,
5908,11855,2266,5924,11863,2276,5943,11872,2288,5969,11885,2305,6003,11902,2328,6047,11924,2357,6100,11950,2392,6163,11981,2434,6236,12017,2481,6318,12058,2536,6410,12103,2596,
6512,12153,2663,6623,12207,2736,6742,12265,2815,6870,12327,2899,7007,12393,2988,7150,12462,3083,7301,12535,3181,7459,12611,3285,7623,12689,3392,7793,12770,3503,7968,12853,3617,
8148,12939,3735,8332,13026,3855,8521,13116,3978,8714,13206,4103,8910,13299,4230,9109,13392,4360,9312,13487,4491,9517,13583,4623,9724,13680,4757,9933,13777,4892,10145,13876,5028,
6162,11573,2430,6177,11583,2440,6195,11593,2451,6219,11607,2467,6252,11626,2489,6293,11651,2516,6343,11680,2549,6403,11715,2589,6472,11755,2634,6550,11800,2686,6638,11850,2743,
6735,11905,2807,6840,11964,2876,6955,12028,2951,7077,12097,3032,7208,12169,3117,7346,12244,3208,7491,12323,3303,7643,12405,3402,7801,12490,3505,7965,12577,3613,8135,12666,3723,
8309,12758,3837,8489,12851,3954,8672,12946,4073,8860,13042,4195,9051,13140,4319,9246,13239,4445,9444,13338,4573,9644,13439,4703,9847,13541,4834,10053,13643,4966,10260,13745,5100,
6438,11274,2608,6452,11284,2618,6469,11296,2628,6492,11311,2643,6522,11333,2664,6561,11359,2689,6609,11392,2721,6665,11430,2758,6730,11473,2800,6804,11523,2849,6887,11578,2904,
6979,11638,2964,7079,11703,3030,7188,11772,3101,7305,11846,3178,7430,11924,3259,7562,12006,3346,7701,12091,3437,7847,12180,3532,7999,12271,3632,8158,12364,3735,8321,12460,3841,
8490,12557,3951,8664,12657,4064,8842,12757,4180,9024,12860,4298,9210,12963,4419,9400,13067,4542,9593,13172,4666,9789,13278,4793,9987,13385,4921,10188,13492,5050,10391,13599,5181,
6733,10963,2798,6747,10973,2807,6762,10985,2817,6783,11003,2831,6812,11026,2850,6849,11054,2874,6894,11089,2904,6946,11131,2939,7008,11178,2979,7078,11231,3025,7156,11290,3076,
7243,11355,3133,7338,11425,3195,7442,11500,3263,7553,11580,3336,7672,11664,3414,7798,11751,3496,7931,11843,3583,8071,11937,3674,8217,12034,3769,8369,12134,3868,8526,12236,3971,
8689,12340,4077,8857,12445,4186,9029,12552,4298,9206,12660,4412,9386,12769,4529,9571,12879,4648,9758,12990,4769,9949,13101,4892,10143,13213,5017,10339,13325,5143,10537,13437,5271,
7045,10642,2999,7057,10654,3007,7071,10666,3016,7092,10685,3029,7119,10709,3047,7153,10740,3070,7195,10777,3097,7245,10821,3130,7303,10872,3168,7369,10928,3211,7443,10991,3259,
7525,11060,3313,7615,11135,3372,7713,11215,3436,7818,11300,3505,7931,11389,3579,8051,11482,3657,8178,11579,3740,8312,11680,3827,8451,11783,3918,8597,11889,4013,8749,11997,4111,
8905,12106,4213,9067,12218,4318,9233,12331,4425,9404,12445,4536,9579,12560,4649,9757,12676,4764,9939,12792,4882,10125,12909,5001,10313,13026,5122,10504,13143,5245,10698,13260,5369,
7370,10317,3207,7382,10329,3215,7395,10342,3224,7414,10362,3236,7440,10387,3253,7472,10420,3274,7511,10459,3299,7558,10505,3330,7612,10558,3366,7674,10618,3406,7744,10685,3452,
7821,10757,3502,7906,10836,3558,7999,10920,3618,8099,11010,3683,8206,11104,3753,8320,11202,3828,8441,11305,3906,8569,11410,3989,8702,11519,4076,8842,11631,4167,8987,11744,4261,
9137,11860,4358,9293,11978,4459,9453,12096,4563,9618,12216,4669,9786,12337,4778,9959,12458,4890,10136,12580,5003,10316,12702,5119,10499,12825,5236,10684,12947,5356,10873,13070,5477,
7707,9989,3422,7718,10002,3430,7731,10016,3438,7749,10036,3449,7772,10063,3465,7803,10096,3485,7840,10137,3509,7883,10185,3537,7934,10241,3571,7993,10303,3609,8058,10373,3652,
8131,10448,3699,8212,10531,3751,8299,10619,3808,8394,10712,3870,8495,10811,3936,8604,10914,4007,8719,11021,4081,8840,11132,4160,8967,11246,4243,9101,11362,4329,9240,11482,4419,
9384,11603,4513,9533,11726,4609,9687,11850,4709,9846,11975,4811,10009,12101,4916,10176,12228,5024,10346,12356,5133,10520,12483,5245,10698,12611,5359,10878,12739,5475,11062,12867,5592,
8054,9663,3643,8065,9675,3650,8076,9690,3657,8093,9711,3668,8115,9738,3683,8144,9773,3701,8178,9815,3724,8219,9865,3751,8267,9922,3782,8322,9986,3818,8384,10058,3858,
8453,10137,3903,8528,10222,3952,8611,10313,4006,8701,10410,4064,8797,10512,4126,8900,10619,4193,9009,10731,4264,9124,10846,4339,9246,10964,4417,9373,11086,4500,9506,11210,4586,
9644,11336,4675,9787,11464,4767,9935,11593,4863,10087,11724,4961,10244,11856,5062,10405,11988,5165,10570,12120,5271,10738,12253,5379,10910,12386,5489,11085,12519,5601,11263,12652,5715,
8410,9339,3868,8419,9352,3874,8430,9367,3881,8446,9388,3892,8467,9416,3905,8493,9451,3923,8526,9494,3944,8564,9545,3969,8609,9604,3998,8661,9670,4032,8719,9743,4069,
8784,9824,4111,8855,9911,4158,8933,10005,4209,9018,10105,4263,9109,10210,4323,9207,10321,4386,9310,10436,4453,9420,10555,4524,9536,10677,4599,9657,10803,4677,9784,10931,4759,
9916,11062,4844,10053,11195,4932,10195,11329,5024,10341,11464,5118,10492,11601,5215,10647,11738,5314,10806,11876,5416,10969,12013,5520,11135,12151,5626,11304,12289,5735,11477,12427,5845,
8771,9019,4096,8780,9032,4102,8791,9047,4109,8805,9069,4118,8825,9097,4131,8850,9133,4147,8880,9177,4167,8917,9228,4191,8959,9288,4218,9007,9355,4250,9062,9430,4285,
9123,9512,4325,9191,9601,4368,9264,9697,4416,9344,9799,4468,9431,9907,4524,9523,10020,4584,9622,10138,4647,9726,10260,4715,9836,10386,4786,9952,10516,4860,10073,10648,4938,
10199,10783,5019,10330,10919,5104,10466,11058,5191,10606,11198,5281,10751,11339,5374,10901,11480,5470,11054,11623,5568,11211,11765,5668,11371,11908,5770,11535,12051,5875,11702,12193,5981,
9139,8705,4327,9147,8718,4333,9157,8733,4339,9170,8755,4348,9189,8783,4360,9212,8820,4375,9241,8864,4393,9275,8916,4416,9315,8976,4441,9361,9044,4471,9412,9120,4504,
9470,9203,4542,9533,9293,4583,9603,9391,4628,9679,9495,4677,9760,9604,4729,9848,9720,4786,9941,9840,4846,10041,9965,4910,10145,10093,4977,10255,10226,5048,10371,10361,5122,
10491,10499,5200,10617,10640,5280,10747,10782,5364,10882,10926,5450,11021,11071,5539,11165,11217,5631,11312,11363,5725,11463,11510,5822,11618,11657,5920,11776,11804,6021,11938,11951,6124,
9510,8397,4560,9518,8410,4565,9527,8425,4571,9540,8447,4579,9557,8476,4590,9579,8512,4604,9606,8556,4622,9639,8609,4643,9676,8669,4667,9719,8737,4695,9768,8814,4726,
9822,8897,4761,9882,8989,4800,9948,9087,4842,10020,9192,4888,10097,9303,4938,10180,9420,4992,10269,9542,5049,10363,9669,5109,10463,9800,5173,10568,9935,5241,10678,10073,5311,
10793,10214,5385,10913,10357,5462,11038,10503,5542,11167,10650,5624,11300,10799,5710,11438,10948,5798,11580,11099,5888,11726,11249,5981,11875,11400,6076,12028,11552,6173,12184,11703,6272,
9885,8096,4793,9893,8109,4798,9901,8124,4803,9913,8146,4811,9930,8174,4822,9950,8211,4835,9976,8255,4851,10006,8307,4871,10041,8367,4894,10082,8436,4920,10128,8512,4950,
10179,8596,4983,10236,8688,5019,10298,8787,5059,10366,8893,5103,10440,9004,5150,10518,9122,5201,10603,9246,5255,10692,9374,5312,10787,9507,5373,10887,9643,5437,10992,9784,5504,
11102,9927,5574,11217,10073,5648,11336,10221,5724,11460,10372,5803,11588,10523,5885,11720,10676,5969,11857,10830,6056,11997,10984,6145,12141,11139,6236,12288,11294,6330,12439,11448,6425,
10263,7802,5027,10270,7815,5032,10278,7830,5037,10290,7852,5044,10305,7880,5054,10324,7916,5067,10348,7960,5082,10377,8012,5100,10410,8072,5122,10449,8140,5147,10492,8217,5174,
10541,8301,5206,10594,8392,5240,10653,8491,5278,10718,8597,5319,10787,8710,5364,10862,8828,5412,10942,8952,5463,11027,9081,5517,11118,9215,5575,11213,9353,5636,11313,9495,5700,
11418,9640,5767,11528,9788,5837,11642,9939,5910,11761,10092,5985,11883,10246,6063,12011,10401,6144,12142,10558,6227,12277,10715,6313,12415,10873,6401,12557,11032,6491,12703,11190,6583,
10643,7516,5261,10650,7529,5266,10657,7544,5270,10668,7565,5277,10682,7593,5287,10701,7629,5299,10723,7672,5313,10751,7724,5330,10782,7784,5351,10818,7851,5374,10859,7927,5400,
10905,8011,5430,10956,8102,5462,11012,8201,5498,11073,8306,5537,11139,8419,5579,11210,8537,5625,11286,8662,5673,11367,8792,5725,11453,8926,5780,11544,9065,5838,11640,9208,5899,
11740,9355,5962,11845,9504,6029,11954,9657,6099,12068,9811,6171,12186,9967,6246,12308,10125,6323,12434,10284,6403,12564,10445,6485,12697,10605,6569,12834,10766,6656,12975,10928,6744,
11024,7237,5495,11031,7250,5499,11038,7265,5504,11048,7286,5511,11062,7313,5519,11079,7349,5530,11101,7392,5544,11126,7443,5560,11156,7502,5580,11190,7569,5602,11229,7644,5626,
11273,7727,5654,11321,7818,5685,11374,7916,5719,11432,8021,5756,11495,8133,5796,11562,8251,5839,11635,8376,5885,11712,8505,5934,11794,8640,5986,11880,8780,6041,11972,8923,6099,
12067,9071,6160,12168,9221,6224,12272,9375,6290,12381,9531,6359,12494,9689,6431,12611,9849,6505,12732,10010,6581,12857,10172,6660,12986,10335,6741,13118,10499,6824,13254,10663,6910,
11407,6966,5729,11413,6979,5733,11420,6993,5737,11429,7014,5743,11442,7041,5751,11459,7076,5762,11479,7118,5775,11503,7169,5790,11532,7227,5808,11564,7293,5829,11601,7367,5853,
11642,7449,5879,11688,7539,5908,11738,7637,5940,11793,7741,5975,11853,7852,6013,11917,7970,6054,11986,8094,6098,12060,8223,6144,12138,8358,6194,12221,8498,6246,12308,8641,6302,
12399,8789,6360,12495,8941,6420,12595,9095,6484,12700,9252,6550,12808,9411,6618,12921,9572,6689,13037,9735,6763,13157,9899,6838,13281,10064,6916,13408,10230,6996,13539,10396,7078,
11790,6702,5961,11796,6715,5965,11802,6729,5969,11811,6749,5975,11824,6776,5983,11839,6810,5993,11859,6852,6005,11882,6901,6020,11908,6959,6037,11939,7024,6056,11974,7097,6079,
12013,7178,6103,12057,7267,6131,12105,7363,6162,12157,7467,6195,12214,7577,6231,12275,7694,6270,12341,7817,6311,12411,7946,6356,12485,8080,6403,12564,8219,6453,12648,8363,6505,
12735,8511,6561,12827,8662,6619,12923,8817,6679,13023,8975,6742,13127,9135,6808,13235,9297,6876,13347,9461,6946,13463,9626,7019,13582,9793,7093,13705,9961,7170,13831,10129,7249,
12174,6445,6193,12179,6458,6197,12185,6472,6200,12194,6491,6206,12206,6518,6213,12221,6551,6223,12239,6592,6234,12261,6641,6248,12286,6697,6264,12315,6762,6283,12349,6834,6304,
12386,6914,6328,12427,7001,6354,12473,7096,6383,12523,7198,6414,12577,7307,6448,12635,7423,6485,12698,7545,6525,12765,7673,6567,12836,7807,6612,12911,7945,6660,12991,8088,6710,
13075,8236,6763,13163,8387,6818,13255,8542,6876,13351,8700,6936,13451,8860,6999,13554,9023,7064,13662,9188,7131,13773,9354,7201,13888,9522,7273,14006,9691,7347,14128,9861,7423,
12558,6196,6424,12563,6208,6427,12569,6221,6430,12577,6241,6436,12588,6267,6443,12602,6300,6452,12620,6340,6463,12640,6387,6476,12665,6443,6491,12692,6506,6509,12724,6577,6529,
12760,6655,6551,12799,6741,6576,12842,6835,6603,12890,6936,6633,12941,7043,6666,12997,7158,6701,13057,7279,6739,13121,7405,6779,13189,7538,6822,13261,7675,6867,13337,7818,6915,
13417,7965,6965,13502,8115,7018,13590,8270,7074,13682,8428,7131,13778,8588,7191,13877,8751,7254,13981,8917,7318,14088,9084,7385,14198,9252,7454,14312,9422,7525,14430,9593,7599,
12942,5953,6653,12947,5965,6656,12952,5978,6659,12960,5997,6664,12970,6022,6671,12984,6054,6679,13000,6094,6690,13020,6140,6702,13043,6195,6717,13070,6256,6733,13100,6326,6752,
13134,6403,6774,13171,6488,6797,13213,6580,6823,13258,6679,6852,13307,6785,6883,13360,6898,6916,13417,7017,6952,13479,7143,6991,13544,7274,7031,13613,7410,7075,13686,7551,7120,
13762,7697,7169,13843,7847,7219,13928,8001,7272,14016,8159,7327,14108,8319,7385,14204,8482,7445,14304,8647,7507,14407,8815,7571,14513,8984,7637,14623,9155,7706,14736,9326,7776,
13325,5716,6880,13330,5728,6883,13335,5741,6887,13343,5759,6891,13353,5784,6898,13366,5815,6906,13381,5854,6916,13400,5899,6927,13422,5953,6941,13447,6013,6957,13476,6081,6975,
13508,6157,6995,13544,6240,7018,13584,6330,7043,13627,6428,7070,13674,6533,7099,13725,6644,7131,13779,6761,7165,13838,6885,7202,13900,7015,7241,13966,7150,7282,14036,7290,7326,
14110,7435,7372,14187,7584,7420,14268,7737,7471,14353,7893,7524,14442,8053,7579,14534,8216,7636,14630,8381,7696,14729,8548,7758,14831,8718,7821,14937,8889,7887,15047,9061,7955,
13709,5486,7106,13713,5497,7109,13718,5510,7112,13725,5528,7117,13735,5552,7123,13747,5583,7130,13762,5620,7140,13780,5665,7151,13801,5717,7164,13825,5776,7179,13852,5843,7197,
13883,5917,7216,13918,5998,7237,13955,6087,7261,13997,6183,7287,14042,6286,7315,14090,6395,7345,14142,6511,7378,14198,6633,7413,14258,6761,7450,14321,6894,7489,14388,7033,7531,
14459,7176,7575,14533,7324,7622,14611,7476,7670,14693,7631,7721,14778,7790,7774,14867,7952,7829,14959,8117,7886,15054,8284,7945,15153,8454,8006,15255,8625,8070,15361,8797,8135,
14091,5261,7331,14095,5272,7333,14100,5284,7336,14107,5302,7341,14116,5326,7346,14128,5356,7354,14142,5392,7363,14159,5436,7373,14179,5487,7386,14203,5544,7400,14229,5610,7417,
14258,5682,7435,14291,5762,7455,14327,5849,7478,14367,5943,7503,14410,6044,7529,14456,6152,7558,14506,6266,7590,14560,6386,7623,14617,6512,7659,14678,6643,7696,14742,6780,7736,
14810,6922,7778,14881,7068,7823,14956,7219,7869,15035,7373,7918,15116,7531,7969,15202,7693,8021,15290,7857,8076,15382,8023,8133,15478,8192,8192,15576,8363,8253,15678,8535,8316,
14473,5042,7553,14477,5053,7556,14482,5065,7559,14488,5082,7563,14497,5105,7568,14508,5134,7575,14522,5170,7584,14538,5212,7594,14558,5262,7606,14580,5319,7620,14605,5382,7635,
14633,5453,7653,14664,5531,7672,14699,5617,7694,14737,5709,7717,14778,5808,7743,14823,5913,7771,14871,6025,7800,14922,6144,7832,14977,6268,7866,15035,6398,7902,15097,6533,7941,
15162,6673,7981,15231,6817,8024,15303,6966,8068,15378,7119,8115,15457,7276,8163,15539,7436,8214,15624,7599,8267,15713,7765,8322,15805,7933,8378,15900,8104,8437,15998,8276,8497,
14855,4828,7774,14858,4839,7777,14863,4850,7779,14869,4867,7783,14877,4890,7788,14888,4918,7795,14901,4953,7803,14917,4994,7813,14935,5043,7824,14956,5098,7837,14980,5160,7852,
15007,5230,7869,15038,5306,7888,15071,5389,7908,15107,5480,7931,15146,5577,7955,15189,5680,7982,15235,5790,8010,15285,5907,8041,15337,6029,8073,15393,6156,8108,15452,6290,8145,
15515,6428,8183,15581,6571,8224,15650,6718,8267,15723,6870,8311,15799,7025,8358,15878,7184,8407,15960,7345,8458,16046,7510,8510,16135,7678,8565,16227,7847,8621,16321,8019,8679,
5103,13140,1453,5123,13142,1466,5145,13145,1481,5177,13149,1502,5219,13154,1529,5271,13161,1564,5336,13170,1607,5411,13181,1657,5498,13194,1714,5596,13210,1779,5704,13229,1851,
5823,13250,1930,5953,13275,2015,6091,13303,2106,6239,13334,2204,6394,13368,2306,6558,13406,2414,6728,13448,2526,6905,13492,2643,7088,13540,2763,7277,13591,2886,7470,13646,3013,
7668,13703,3143,7870,13763,3275,8075,13826,3409,8284,13891,3545,8495,13959,3683,8709,14029,3823,8926,14101,3963,9144,14176,4105,9364,14252,4248,9586,14330,4392,9809,14409,4536,
5169,13060,1496,5188,13062,1509,5210,13066,1523,5241,13070,1544,5282,13076,1571,5334,13085,1606,5398,13095,1647,5472,13107,1696,5557,13122,1753,5654,13140,1817,5761,13161,1888,
5879,13184,1965,6006,13211,2050,6143,13241,2140,6289,13274,2236,6443,13311,2338,6605,13351,2444,6773,13394,2555,6949,13441,2671,7130,13491,2790,7317,13544,2912,7509,13600,3038,
7705,13659,3167,7905,13721,3298,8109,13786,3431,8317,13853,3566,8527,13922,3703,8740,13993,3842,8955,14067,3982,9173,14143,4123,9392,14220,4265,9613,14299,4408,9835,14380,4552,
5242,12971,1544,5261,12974,1556,5283,12978,1570,5313,12984,1591,5353,12991,1617,5405,13000,1651,5467,13012,1692,5540,13026,1741,5624,13043,1796,5719,13062,1859,5824,13085,1929,
5940,13111,2005,6066,13140,2088,6201,13172,2178,6345,13208,2272,6497,13247,2373,6657,13289,2478,6824,13335,2588,6997,13384,2702,7177,13436,2820,7362,13491,2941,7552,13549,3066,
7747,13610,3193,7946,13674,3323,8148,13740,3456,8354,13809,3590,8563,13880,3726,8775,13953,3864,8989,14028,4003,9205,14105,4143,9423,14184,4285,9643,14264,4427,9864,14346,4570,
5345,12848,1611,5363,12852,1623,5384,12856,1637,5414,12863,1656,5453,12871,1682,5503,12882,1715,5564,12896,1756,5635,12912,1803,5717,12931,1857,5810,12954,1918,5913,12979,1987,
6027,13008,2062,6150,13040,2143,6283,13075,2230,6424,13114,2324,6574,13156,2422,6731,13202,2526,6895,13251,2634,7066,13303,2746,7243,13358,2862,7426,13416,2982,7614,13477,3105,
7806,13541,3231,8003,13607,3360,8203,13676,3491,8407,13747,3624,8614,13821,3758,8824,13896,3895,9036,13973,4033,9250,14052,4172,9467,14133,4312,9685,14215,4454,9905,14299,4596,
5478,12689,1698,5496,12694,1710,5516,12699,1723,5545,12707,1742,5583,12717,1767,5632,12730,1799,5690,12745,1838,5760,12764,1884,5839,12787,1937,5930,12812,1996,6030,12841,2063,
6141,12874,2136,6261,12910,2215,6390,12949,2300,6528,12992,2391,6675,13038,2487,6828,13088,2589,6990,13141,2694,7157,13197,2805,7331,13256,2919,7511,13318,3036,7696,13382,3157,
7885,13450,3281,8079,13520,3408,8276,13592,3537,8478,13666,3668,8682,13742,3801,8889,13821,3936,9099,13901,4073,9311,13982,4210,9526,14066,4349,9742,14150,4489,9960,14236,4630,
5643,12496,1805,5660,12502,1816,5679,12508,1829,5707,12517,1847,5744,12529,1872,5790,12544,1902,5847,12562,1940,5913,12584,1984,5990,12610,2035,6078,12639,2092,6175,12672,2156,
6282,12709,2227,6398,12749,2304,6524,12793,2386,6658,12841,2475,6800,12892,2568,6950,12947,2667,7107,13004,2770,7271,13065,2878,7441,13129,2989,7617,13195,3104,7798,13264,3223,
7984,13336,3344,8174,13410,3469,8368,13486,3595,8566,13564,3724,8767,13644,3855,8972,13726,3988,9179,13809,4123,9388,13894,4258,9600,13981,4395,9813,14068,4534,10029,14157,4673,
5836,12272,1931,5853,12278,1942,5871,12286,1954,5898,12296,1971,5933,12310,1995,5977,12327,2024,6031,12349,2060,6095,12374,2102,6169,12403,2151,6253,12437,2206,6346,12474,2267,
6449,12516,2335,6562,12561,2409,6683,12610,2489,6812,12663,2574,6950,12720,2665,7096,12779,2760,7248,12842,2861,7407,12908,2965,7573,12977,3074,7744,13049,3186,7921,13123,3301,
8103,13200,3420,8289,13278,3542,8479,13359,3666,8673,13442,3792,8871,13526,3921,9072,13612,4051,9275,13699,4183,9481,13788,4317,9690,13878,4452,9900,13969,4588,10113,14061,4725,
6057,12021,2074,6073,12028,2085,6090,12036,2096,6115,12048,2113,6149,12064,2135,6191,12084,2163,6243,12108,2197,6304,12137,2237,6374,12170,2283,6454,12208,2336,6544,12250,2395,
6642,12296,2460,6750,12347,2531,6866,12402,2607,6991,12460,2689,7124,12522,2777,7264,12588,2869,7412,12656,2966,7566,12728,3067,7727,12803,3172,7893,12880,3281,8065,12960,3393,
8242,13042,3509,8423,13125,3627,8609,13211,3748,8799,13299,3871,8992,13388,3997,9189,13479,4125,9389,13570,4254,9591,13663,4385,9796,13758,4518,10003,13853,4652,10212,13949,4786,
6303,11746,2233,6317,11755,2243,6334,11764,2254,6358,11777,2270,6390,11795,2291,6430,11818,2317,6478,11845,2349,6536,11877,2387,6603,11914,2432,6679,11956,2482,6765,12003,2538,
6859,12054,2600,6962,12110,2667,7073,12170,2741,7193,12234,2819,7320,12302,2903,7455,12373,2991,7597,12448,3084,7746,12526,3182,7901,12607,3283,8062,12690,3389,8229,12775,3497,
8401,12863,3609,8577,12952,3724,8758,13044,3842,8943,13137,3962,9132,13231,4085,9324,13327,4209,9519,13423,4336,9717,13521,4464,9918,13620,4594,10121,13719,4725,10326,13819,4857,
6570,11454,2407,6584,11463,2416,6600,11474,2426,6622,11488,2441,6652,11508,2461,6690,11533,2485,6736,11563,2516,6791,11598,2552,6855,11639,2594,6927,11685,2641,7008,11736,2694,
7097,11792,2753,7195,11853,2817,7301,11919,2887,7416,11988,2962,7538,12062,3042,7667,12139,3127,7804,12220,3216,7947,12304,3310,8096,12391,3407,8252,12480,3509,8412,12572,3614,
8579,12665,3722,8750,12761,3833,8925,12858,3948,9105,12956,4064,9289,13056,4183,9476,13157,4305,9666,13259,4428,9860,13362,4553,10056,13465,4680,10255,13569,4808,10456,13674,4938,
6857,11148,2592,6870,11158,2600,6885,11169,2610,6906,11185,2624,6934,11207,2642,6970,11233,2666,7014,11266,2694,7065,11304,2728,7125,11348,2768,7194,11398,2813,7270,11453,2863,
7355,11514,2919,7448,11580,2980,7549,11651,3046,7658,11726,3117,7775,11805,3193,7898,11888,3274,8029,11975,3360,8166,12065,3449,8310,12157,3543,8459,12253,3640,8614,12350,3742,
8775,12450,3846,8940,12551,3953,9110,12654,4064,9284,12759,4177,9462,12864,4292,9644,12971,4410,9830,13078,4530,10018,13186,4652,10210,13295,4775,10404,13404,4901,10601,13513,5027,
7161,10832,2787,7173,10843,2795,7187,10855,2804,7207,10872,2817,7234,10895,2835,7267,10924,2857,7308,10958,2884,7357,10999,2916,7413,11046,2953,7478,11100,2995,7550,11159,3042,
7631,11224,3095,7719,11294,3153,7815,11369,3215,7918,11450,3283,8029,11534,3356,8147,11623,3433,8272,11715,3514,8403,11811,3600,8541,11909,3689,8684,12010,3783,8833,12114,3880,
8988,12219,3980,9147,12327,4084,9311,12436,4190,9480,12546,4299,9652,12657,4411,9829,12769,4525,10009,12882,4642,10192,12995,4760,10379,13109,4880,10568,13223,5002,10760,13338,5125,
7479,10511,2991,7491,10522,2999,7504,10534,3007,7522,10552,3019,7547,10576,3036,7579,10607,3056,7617,10643,3082,7663,10687,3112,7716,10737,3146,7777,10793,3186,7845,10855,3231,
7921,10924,3281,8005,10998,3335,8096,11078,3395,8194,11163,3459,8299,11252,3527,8412,11346,3601,8530,11443,3678,8656,11544,3760,8787,11648,3845,8925,11755,3935,9068,11864,4028,
9216,11975,4124,9370,12088,4224,9528,12203,4326,9691,12319,4431,9858,12436,4539,10028,12553,4650,10203,12672,4762,10381,12790,4877,10562,12910,4994,10746,13029,5112,10933,13149,5232,
7810,10186,3202,7820,10197,3209,7833,10211,3217,7850,10229,3229,7873,10254,3244,7903,10286,3263,7939,10324,3287,7982,10370,3315,8032,10422,3348,8090,10481,3385,8154,10546,3428,
8226,10618,3474,8305,10696,3526,8391,10779,3582,8484,10868,3643,8584,10961,3708,8690,11060,3777,8804,11162,3851,8923,11268,3929,9049,11377,4010,9180,11489,4096,9317,11603,4185,
9460,11720,4277,9607,11839,4372,9759,11959,4471,9916,12080,4572,10077,12202,4676,10242,12325,4783,10411,12449,4891,10584,12573,5002,10760,12698,5115,10938,12822,5230,11120,12947,5347,
8150,9860,3419,8160,9872,3426,8172,9886,3433,8188,9906,3444,8210,9931,3458,8238,9964,3477,8272,10004,3499,8312,10051,3525,8359,10105,3556,8413,10166,3591,8474,10233,3631,
8542,10308,3675,8616,10389,3723,8698,10475,3776,8786,10567,3834,8881,10665,3895,8982,10767,3961,9090,10874,4031,9204,10984,4105,9323,11098,4183,9449,11214,4264,9580,11334,4349,
9717,11455,4438,9858,11579,4529,10004,11704,4623,10155,11830,4721,10310,11958,4821,10470,12086,4923,10633,12215,5028,10800,12344,5136,10970,12474,5245,11144,12604,5356,11320,12733,5469,
8499,9537,3641,8509,9549,3647,8520,9563,3654,8535,9583,3664,8556,9610,3678,8582,9643,3695,8614,9684,3715,8652,9732,3740,8696,9787,3769,8747,9850,3802,8804,9920,3839,
8868,9996,3881,8938,10079,3927,9015,10169,3977,9099,10264,4031,9189,10365,4089,9285,10470,4152,9387,10580,4218,9496,10694,4288,9610,10812,4362,9730,10933,4440,9855,11057,4521,
9985,11183,4605,10121,11311,4693,10262,11441,4783,10407,11572,4877,10556,11705,4973,10709,11838,5072,10867,11972,5173,11028,12106,5276,11193,12241,5382,11361,12375,5489,11532,12510,5599,
8856,9217,3866,8865,9229,3872,8875,9243,3879,8889,9264,3888,8908,9291,3901,8933,9325,3917,8963,9366,3936,8999,9415,3959,9041,9472,3987,9088,9536,4018,9142,9607,4053,
9203,9685,4092,9269,9770,4135,9342,9862,4182,9421,9959,4233,9506,10062,4289,9597,10171,4348,9695,10284,4411,9798,10401,4477,9907,10522,4548,10021,10647,4621,10141,10775,4699,
10265,10905,4779,10395,11037,4863,10530,11171,4949,10669,11307,5039,10813,11444,5131,10961,11582,5226,11112,11720,5323,11268,11859,5423,11427,11998,5525,11590,12138,5629,11756,12277,5735,
9218,8901,4094,9226,8914,4100,9236,8928,4106,9249,8949,4115,9267,8976,4127,9290,9010,4142,9319,9052,4160,9352,9102,4182,9392,9159,4207,9437,9224,4236,9488,9296,4269,
9545,9376,4306,9607,9462,4347,9676,9555,4392,9751,9655,4440,9832,9760,4492,9919,9870,4548,10011,9986,4608,10109,10106,4671,10213,10230,4738,10322,10358,4808,10436,10489,4882,
10555,10623,4959,10679,10759,5039,10809,10897,5121,10942,11036,5207,11080,11177,5296,11222,11319,5387,11369,11462,5480,11519,11605,5576,11672,11749,5674,11829,11892,5775,11990,12036,5877,
9584,8591,4324,9592,8604,4330,9601,8619,4335,9614,8639,4344,9631,8667,4355,9653,8701,4369,9680,8743,4386,9711,8793,4407,9748,8851,4431,9791,8916,4458,9839,8989,4489,
9893,9069,4524,9952,9157,4562,10017,9251,4604,10088,9352,4650,10165,9458,4699,10247,9571,4752,10335,9688,4809,10428,9810,4869,10527,9937,4933,10631,10067,4999,10740,10201,5070,
10854,10338,5143,10973,10477,5219,11096,10618,5298,11224,10761,5380,11357,10906,5465,11494,11051,5553,11634,11198,5643,11779,11345,5735,11927,11493,5829,12079,11640,5926,12234,11788,6025,
9955,8288,4556,9963,8301,4561,9971,8315,4566,9983,8336,4574,9999,8363,4584,10020,8398,4598,10045,8440,4614,10075,8490,4633,10110,8548,4656,10150,8613,4682,10195,8686,4711,
10246,8767,4744,10302,8855,4780,10364,8950,4820,10431,9051,4863,10504,9159,4910,10582,9273,4960,10665,9392,5014,10754,9516,5071,10848,9644,5131,10947,9776,5195,11051,9912,5261,
11160,10051,5331,11274,10193,5404,11392,10337,5480,11515,10483,5558,11642,10631,5639,11774,10780,5723,11909,10930,5810,12048,11081,5898,12191,11232,5989,12338,11383,6082,12488,11535,6177,
10329,7991,4788,10336,8004,4793,10344,8018,4798,10355,8039,4805,10370,8066,4815,10390,8101,4827,10414,8143,4843,10442,8193,4861,10475,8250,4882,10513,8316,4907,10556,8389,4934,
10604,8470,4965,10657,8558,5000,10716,8653,5037,10779,8755,5078,10848,8863,5122,10922,8978,5170,11002,9097,5221,11086,9222,5275,11176,9352,5332,11270,9486,5393,11370,9624,5456,
11474,9765,5523,11582,9908,5592,11696,10055,5665,11814,10203,5740,11936,10354,5818,12062,10506,5898,12192,10659,5981,12326,10812,6066,12464,10967,6154,12605,11122,6243,12750,11277,6335,
10705,7702,5021,10712,7714,5025,10719,7729,5030,10730,7749,5037,10744,7776,5046,10763,7810,5058,10785,7852,5072,10812,7902,5090,10843,7959,5110,10879,8024,5133,10920,8097,5159,
10965,8178,5188,11016,8266,5220,11071,8361,5256,11132,8463,5295,11197,8571,5337,11268,8686,5382,11343,8806,5430,11423,8932,5481,11509,9062,5536,11599,9197,5594,11694,9336,5654,
11793,9479,5718,11897,9624,5784,12006,9772,5853,12119,9923,5925,12236,10076,5999,12357,10230,6076,12482,10385,6156,12611,10542,6238,12744,10699,6322,12880,10857,6408,13020,11015,6496,
11083,7419,5254,11089,7432,5258,11097,7446,5262,11107,7466,5269,11120,7493,5277,11138,7527,5289,11159,7568,5302,11184,7617,5318,11214,7674,5337,11248,7739,5359,11286,7811,5384,
11330,7891,5412,11377,7979,5442,11430,8074,5476,11487,8175,5513,11550,8284,5552,11617,8398,5595,11689,8519,5641,11765,8645,5690,11846,8776,5742,11932,8911,5797,12023,9051,5854,
12118,9194,5915,12218,9341,5978,12322,9491,6044,12430,9643,6113,12542,9797,6184,12659,9953,6258,12779,10111,6334,12903,10270,6413,13031,10430,6494,13162,10590,6577,13297,10751,6662,
11463,7144,5486,11469,7157,5490,11475,7171,5494,11485,7191,5500,11498,7217,5509,11514,7251,5519,11534,7291,5532,11558,7340,5547,11586,7396,5565,11619,7460,5586,11655,7532,5609,
11696,7611,5635,11742,7698,5664,11792,7792,5696,11846,7893,5731,11905,8001,5769,11969,8115,5810,12038,8236,5853,12111,8361,5900,12188,8492,5949,12270,8628,6001,12357,8768,6056,
12448,8912,6114,12543,9060,6174,12643,9210,6238,12747,9363,6303,12854,9519,6372,12966,9677,6442,13082,9836,6515,13201,9997,6591,13325,10159,6668,13451,10321,6748,13581,10484,6830,
11843,6877,5718,11849,6889,5722,11855,6902,5726,11864,6922,5731,11876,6948,5739,11892,6981,5749,11911,7021,5761,11934,7069,5776,11960,7125,5793,11991,7188,5812,12026,7259,5834,
12065,7337,5859,12108,7423,5887,12156,7516,5917,12208,7617,5950,12264,7724,5986,12325,7837,6025,12390,7957,6066,12460,8082,6110,12534,8213,6157,12612,8348,6207,12695,8489,6259,
12782,8633,6315,12873,8781,6372,12969,8932,6433,13068,9086,6496,13172,9242,6561,13279,9401,6629,13390,9562,6699,13505,9724,6771,13624,9887,6846,13746,10052,6923,13871,10217,7001,
12224,6616,5949,12229,6628,5952,12235,6641,5956,12244,6660,5962,12256,6686,5969,12270,6719,5979,12289,6758,5990,12310,6805,6004,12336,6860,6020,12365,6922,6038,12398,6992,6059,
12435,7069,6083,12476,7154,6109,12521,7247,6138,12571,7346,6169,12624,7452,6203,12682,7564,6240,12745,7683,6279,12811,7808,6322,12882,7938,6366,12957,8073,6414,13036,8213,6464,
13119,8357,6516,13207,8504,6572,13298,8656,6629,13394,8810,6690,13493,8967,6752,13596,9127,6817,13703,9288,6884,13814,9452,6954,13928,9616,7026,14046,9782,7099,14167,9949,7175,
12605,6362,6179,12611,6374,6182,12616,6387,6186,12625,6406,6191,12636,6431,6198,12650,6463,6207,12667,6502,6218,12687,6548,6231,12712,6602,6246,12739,6663,6264,12771,6732,6284,
12806,6808,6306,12845,6892,6331,12888,6983,6358,12936,7081,6388,12987,7185,6421,13042,7297,6456,13102,7415,6493,13165,7538,6533,13233,7667,6576,13304,7802,6621,13380,7941,6669,
13460,8084,6719,13544,8232,6772,13632,8383,6827,13723,8537,6885,13819,8695,6945,13918,8855,7007,14021,9017,7072,14127,9181,7138,14237,9346,7207,14351,9513,7278,14467,9681,7351,
12987,6115,6408,12992,6126,6411,12997,6139,6414,13005,6158,6419,13016,6182,6426,13029,6213,6434,13045,6252,6445,13065,6297,6457,13088,6350,6472,13114,6410,6488,13144,6477,6507,
13178,6552,6529,13215,6635,6552,13257,6724,6578,13302,6821,6607,13351,6925,6637,13403,7035,6671,13460,7151,6707,13521,7273,6745,13586,7401,6786,13654,7535,6829,13727,7673,6874,
13803,7816,6922,13884,7963,6973,13968,8113,7026,14056,8267,7081,14148,8425,7138,14243,8585,7198,14342,8747,7260,14444,8911,7324,14550,9078,7390,14660,9245,7459,14773,9414,7529,
13369,5874,6635,13373,5885,6638,13378,5898,6642,13386,5916,6646,13396,5940,6653,13409,5971,6661,13424,6008,6671,13443,6052,6682,13465,6104,6696,13490,6163,6712,13519,6229,6730,
13551,6303,6750,13586,6384,6773,13626,6472,6797,13669,6567,6825,13715,6669,6854,13766,6778,6886,13820,6893,6920,13878,7014,6956,13940,7140,6995,14006,7272,7036,14076,7410,7080,
14149,7551,7126,14226,7697,7174,14307,7847,7225,14391,8001,7278,14480,8158,7333,14571,8317,7390,14667,8480,7450,14765,8644,7511,14868,8811,7575,14973,8979,7641,15082,9148,7708,
13750,5639,6862,13754,5650,6864,13759,5663,6867,13766,5680,6872,13776,5704,6878,13788,5734,6886,13803,5770,6895,13821,5814,6906,13842,5864,6919,13866,5922,6934,13893,5987,6952,
13924,6059,6971,13958,6139,6992,13995,6226,7016,14036,6319,7042,14081,6420,7070,14130,6527,7100,14182,6640,7133,14237,6759,7167,14297,6884,7205,14360,7015,7244,14426,7151,7286,
14497,7291,7330,14571,7436,7376,14648,7585,7424,14730,7738,7475,14814,7894,7528,14903,8053,7583,14994,8215,7640,15089,8379,7699,15188,8546,7760,15290,8714,7824,15395,8884,7889,
14131,5411,7086,14135,5421,7089,14140,5433,7092,14146,5451,7096,14155,5474,7102,14167,5503,7109,14181,5539,7118,14198,5581,7129,14218,5631,7141,14241,5687,7156,14267,5751,7172,
14297,5822,7190,14329,5900,7211,14365,5985,7233,14405,6077,7258,14448,6175,7285,14494,6281,7314,14544,6392,7345,14597,6510,7378,14654,6633,7413,14714,6762,7451,14778,6896,7491,
14846,7036,7533,14917,7179,7578,14992,7327,7624,15070,7479,7673,15151,7634,7723,15236,7792,7776,15325,7954,7831,15416,8117,7888,15511,8284,7947,15610,8452,8007,15711,8622,8070,
14511,5187,7309,14515,5198,7312,14519,5210,7314,14526,5226,7319,14535,5249,7324,14546,5277,7331,14559,5312,7339,14576,5354,7350,14595,5402,7362,14617,5458,7375,14642,5520,7391,
14670,5589,7408,14701,5666,7428,14736,5749,7449,14773,5839,7473,14814,5936,7498,14859,6040,7526,14906,6149,7556,14958,6265,7588,15012,6387,7622,15070,6514,7658,15132,6647,7696,
15197,6784,7736,15265,6926,7779,15337,7073,7823,15412,7223,7870,15490,7377,7919,15572,7535,7969,15657,7695,8022,15746,7859,8077,15837,8024,8133,15932,8192,8192,16030,8362,8252,
14891,4970,7530,14894,4980,7533,14899,4991,7535,14905,5008,7539,14913,5030,7545,14924,5058,7551,14937,5092,7559,14953,5132,7569,14971,5179,7580,14992,5233,7594,15016,5294,7608,
15043,5362,7625,15073,5437,7644,15106,5519,7664,15142,5607,7687,15181,5702,7711,15224,5804,7738,15270,5912,7766,15319,6026,7797,15371,6146,7829,15427,6271,7864,15486,6402,7901,
15549,6538,7939,15614,6678,7980,15683,6823,8023,15756,6972,8067,15831,7125,8114,15910,7281,8163,15992,7440,8214,16078,7603,8266,16166,7768,8321,16258,7935,8377,16352,8104,8435,
5291,13260,1289,5310,13262,1301,5331,13265,1315,5361,13269,1335,5401,13274,1362,5452,13280,1395,5513,13289,1436,5585,13299,1484,5668,13312,1539,5762,13327,1601,5867,13344,1670,
5982,13365,1746,6106,13388,1828,6240,13414,1916,6383,13444,2011,6534,13476,2110,6692,13512,2215,6858,13552,2324,7030,13594,2437,7209,13640,2554,7393,13689,2675,7582,13741,2799,
7775,13796,2926,7973,13853,3056,8175,13914,3187,8379,13977,3321,8587,14042,3457,8798,14110,3594,9011,14180,3733,9227,14252,3873,9444,14326,4014,9663,14402,4156,9883,14479,4299,
5354,13184,1330,5373,13186,1342,5393,13189,1356,5423,13194,1375,5462,13200,1402,5512,13207,1435,5573,13217,1475,5644,13229,1522,5726,13243,1576,5818,13259,1637,5922,13279,1705,
6035,13301,1780,6158,13326,1862,6290,13354,1949,6431,13386,2042,6581,13420,2141,6738,13458,2244,6902,13500,2352,7073,13544,2464,7250,13592,2581,7432,13642,2701,7620,13696,2824,
7812,13753,2949,8008,13812,3078,8208,13874,3209,8412,13939,3342,8619,14006,3477,8828,14075,3614,9040,14146,3752,9255,14219,3891,9471,14294,4031,9689,14371,4173,9909,14450,4315,
5424,13099,1375,5442,13102,1387,5462,13106,1401,5492,13111,1420,5530,13118,1446,5579,13126,1478,5639,13137,1518,5709,13150,1564,5789,13166,1618,5881,13185,1678,5982,13206,1745,
6094,13230,1819,6216,13257,1899,6346,13288,1985,6486,13321,2077,6633,13358,2175,6789,13398,2277,6951,13442,2384,7120,13488,2495,7295,13538,2610,7476,13591,2729,7662,13646,2851,
7853,13705,2976,8048,13766,3103,8246,13830,3233,8449,13896,3365,8654,13964,3499,8862,14035,3635,9073,14108,3772,9286,14183,3911,9502,14259,4051,9719,14337,4191,9937,14417,4333,
5522,12981,1439,5540,12985,1451,5560,12989,1464,5588,12995,1483,5626,13003,1508,5674,13013,1540,5732,13026,1578,5800,13041,1624,5879,13059,1676,5969,13080,1735,6068,13104,1801,
6178,13130,1873,6297,13160,1952,6425,13194,2037,6562,13230,2127,6708,13270,2223,6861,13313,2323,7021,13360,2429,7187,13409,2538,7360,13462,2652,7539,13517,2769,7722,13576,2889,
7911,13637,3013,8104,13700,3139,8301,13767,3268,8501,13835,3399,8704,13906,3531,8911,13979,3666,9120,14054,3802,9331,14130,3939,9545,14209,4078,9761,14289,4218,9978,14370,4358,
5650,12829,1523,5667,12833,1534,5686,12838,1547,5714,12845,1565,5751,12854,1590,5797,12866,1620,5854,12881,1658,5920,12899,1702,5997,12919,1753,6084,12943,1810,6181,12970,1874,
6288,13001,1945,6404,13034,2021,6530,13071,2104,6664,13112,2192,6806,13155,2286,6955,13202,2385,7112,13252,2488,7276,13305,2595,7446,13362,2707,7622,13421,2822,7802,13483,2941,
7988,13547,3062,8178,13614,3187,8372,13683,3313,8570,13755,3443,8771,13829,3574,8975,13904,3707,9182,13982,3841,9392,14061,3977,9603,14142,4114,9817,14224,4253,10032,14308,4392,
5808,12643,1626,5824,12648,1637,5843,12654,1649,5869,12662,1667,5905,12673,1690,5950,12687,1720,6004,12704,1756,6068,12725,1798,6143,12749,1847,6227,12776,1903,6321,12807,1965,
6424,12841,2033,6537,12879,2108,6659,12920,2188,6789,12965,2274,6928,13013,2365,7074,13064,2461,7227,13119,2562,7387,13176,2667,7553,13237,2776,7725,13300,2889,7903,13367,3005,
8085,13435,3124,8272,13506,3246,8463,13579,3371,8657,13655,3498,8855,13732,3627,9057,13811,3758,9261,13892,3891,9467,13974,4025,9676,14058,4160,9887,14143,4297,10100,14229,4435,
5994,12427,1747,6010,12433,1758,6028,12439,1769,6053,12449,1786,6087,12462,1809,6130,12478,1837,6182,12498,1871,6244,12521,1912,6315,12548,1959,6396,12579,2013,6487,12614,2073,
6587,12653,2138,6696,12695,2210,6814,12741,2288,6940,12791,2371,7074,12844,2459,7216,12901,2552,7365,12960,2650,7521,13023,2752,7682,13089,2859,7850,13157,2969,8024,13228,3082,
8202,13301,3199,8385,13377,3318,8572,13454,3440,8763,13534,3565,8957,13615,3691,9155,13698,3820,9356,13783,3950,9559,13869,4082,9765,13956,4216,9973,14045,4351,10183,14135,4486,
6207,12183,1886,6222,12190,1896,6239,12197,1907,6263,12208,1923,6296,12223,1944,6337,12242,1971,6387,12264,2004,6446,12291,2043,6514,12322,2088,6592,12357,2139,6678,12396,2196,
6774,12439,2260,6879,12486,2329,6992,12538,2403,7114,12592,2483,7244,12651,2568,7381,12713,2658,7525,12778,2753,7676,12846,2852,7833,12917,2955,7996,12991,3062,8165,13067,3172,
8338,13145,3286,8517,13226,3402,8700,13309,3521,8886,13393,3643,9077,13479,3767,9271,13567,3893,9468,13656,4021,9668,13746,4150,9870,13837,4281,10075,13930,4414,10281,14023,4547,
6445,11916,2040,6459,11924,2049,6475,11933,2060,6498,11945,2075,6529,11961,2095,6568,11982,2121,6615,12007,2152,6671,12037,2189,6737,12072,2232,6810,12111,2281,6893,12154,2335,
6985,12202,2396,7085,12254,2462,7194,12311,2533,7311,12371,2610,7435,12435,2691,7567,12503,2778,7706,12574,2869,7852,12647,2965,8004,12724,3064,8162,12804,3168,8326,12885,3275,
8495,12969,3385,8668,13055,3498,8846,13143,3614,9028,13233,3733,9214,13324,3854,9404,13416,3977,9597,13510,4102,9792,13605,4228,9991,13701,4357,10192,13798,4487,10395,13895,4618,
6704,11631,2208,6718,11639,2217,6733,11649,2227,6755,11662,2241,6784,11681,2260,6821,11704,2284,6866,11731,2314,6919,11764,2349,6981,11802,2390,7051,11845,2436,7130,11893,2488,
7217,11945,2545,7313,12003,2608,7417,12064,2676,7529,12130,2750,7648,12199,2828,7775,12273,2911,7908,12349,2998,8049,12429,3090,8195,12512,3186,8348,12597,3286,8506,12685,3389,
8670,12774,3496,8838,12866,3606,9011,12959,3718,9188,13054,3833,9369,13151,3951,9554,13249,4071,9742,13347,4193,9933,13447,4317,10127,13548,4442,10324,13649,4569,10523,13751,4698,
6984,11331,2388,6996,11340,2396,7011,11350,2406,7031,11365,2419,7059,11385,2437,7094,11410,2460,7136,11440,2488,7186,11476,2521,7245,11517,2560,7311,11564,2604,7386,11615,2653,
7469,11672,2707,7560,11734,2767,7659,11801,2832,7766,11872,2902,7880,11947,2976,8001,12025,3056,8129,12108,3140,8264,12193,3228,8405,12282,3320,8552,12373,3416,8705,12466,3515,
8862,12562,3618,9025,12659,3724,9193,12758,3833,9365,12859,3945,9541,12961,4059,9720,13064,4175,9903,13168,4294,10090,13273,4415,10279,13379,4537,10471,13485,4661,10666,13592,4786,
7280,11020,2579,7292,11030,2587,7305,11041,2596,7325,11057,2608,7351,11078,2625,7383,11105,2647,7423,11137,2673,7471,11176,2704,7526,11220,2741,7589,11270,2782,7660,11325,2828,
7739,11386,2880,7825,11452,2937,7919,11523,2998,8021,11599,3065,8129,11679,3136,8245,11763,3211,8368,11851,3291,8497,11942,3376,8632,12036,3464,8773,12133,3556,8920,12232,3652,
9072,12334,3751,9229,12437,3853,9391,12542,3958,9558,12648,4066,9728,12756,4176,9903,12864,4289,10081,12974,4405,10262,13084,4522,10446,13195,4641,10634,13306,4762,10824,13417,4884,
7591,10702,2778,7602,10712,2786,7615,10724,2794,7633,10741,2806,7657,10764,2822,7688,10792,2842,7726,10826,2867,7771,10867,2896,7823,10914,2931,7882,10966,2970,7949,11025,3013,
8024,11090,3062,8106,11160,3116,8195,11235,3174,8291,11316,3237,8395,11400,3305,8505,11489,3377,8622,11582,3453,8746,11679,3534,8875,11778,3618,9011,11880,3706,9152,11985,3798,
9298,12092,3893,9449,12201,3991,9605,12312,4093,9766,12423,4197,9931,12536,4303,10100,12650,4413,10273,12765,4524,10449,12881,4638,10628,12997,4753,10810,13113,4871,10996,13230,4990,
7914,10380,2986,7925,10391,2992,7937,10403,3000,7954,10421,3011,7977,10444,3026,8006,10474,3045,8041,10510,3069,8084,10553,3096,8133,10602,3129,8189,10657,3165,8252,10719,3207,
8323,10787,3253,8400,10860,3303,8485,10939,3358,8576,11024,3418,8675,11113,3482,8780,11206,3551,8891,11304,3623,9009,11405,3700,9133,11509,3781,9262,11617,3865,9398,11727,3953,
9538,11839,4044,9684,11953,4138,9834,12069,4236,9989,12186,4336,10148,12305,4439,10312,12424,4545,10479,12544,4652,10649,12665,4762,10823,12786,4874,11001,12907,4988,11181,13029,5104,
8248,10056,3199,8258,10068,3205,8270,10081,3213,8286,10099,3223,8307,10123,3237,8334,10154,3255,8368,10192,3277,8408,10236,3303,8454,10287,3333,8507,10344,3368,8567,10408,3407,
8633,10479,3450,8707,10555,3498,8787,10638,3550,8874,10725,3607,8967,10818,3667,9067,10916,3732,9173,11017,3802,9285,11123,3875,9403,11232,3951,9527,11344,4032,9657,11459,4116,
9792,11576,4203,9931,11695,4294,10076,11816,4387,10225,11939,4483,10379,12062,4583,10536,12187,4684,10698,12312,4788,10863,12438,4895,11032,12564,5003,11204,12690,5114,11379,12817,5226,
8592,9734,3417,8601,9745,3423,8611,9759,3430,8627,9777,3440,8647,9802,3453,8673,9834,3470,8704,9873,3490,8741,9918,3515,8785,9970,3543,8835,10030,3576,8891,10096,3612,
8954,10169,3653,9024,10248,3699,9100,10333,3748,9182,10423,3801,9270,10519,3859,9365,10620,3921,9466,10726,3986,9573,10835,4056,9686,10948,4129,9805,11065,4206,9928,11184,4286,
10057,11305,4369,10192,11429,4456,10330,11555,4546,10474,11682,4638,10622,11810,4733,10774,11940,4831,10930,12070,4932,11090,12201,5034,11253,12332,5139,11419,12463,5246,11589,12594,5355,
8942,9414,3639,8951,9426,3645,8961,9439,3651,8975,9458,3661,8994,9484,3673,9018,9516,3689,9048,9555,3708,9083,9602,3731,9124,9655,3758,9172,9716,3788,9225,9784,3823,
9284,9858,3862,9350,9939,3904,9422,10026,3951,9500,10120,4002,9584,10218,4056,9674,10322,4115,9770,10431,4177,9872,10543,4243,9979,10660,4312,10092,10780,4385,10211,10903,4462,
10334,11029,4542,10463,11157,4625,10596,11287,4711,10734,11418,4799,10876,11551,4891,11023,11685,4985,11173,11820,5082,11327,11955,5181,11485,12091,5282,11647,12227,5385,11811,12363,5490,
9299,9097,3864,9307,9109,3870,9317,9123,3876,9330,9142,3885,9348,9168,3896,9371,9201,3911,9399,9241,3929,9432,9288,3951,9471,9342,3976,9515,9404,4005,9566,9473,4038,
9622,9549,4074,9684,9631,4114,9752,9720,4158,9826,9816,4206,9906,9916,4258,9991,10023,4313,10083,10134,4372,10180,10249,4435,10282,10369,4501,10390,10492,4571,10503,10618,4644,
10621,10748,4720,10744,10879,4799,10872,11013,4881,11004,11148,4967,11141,11285,5054,11282,11423,5145,11427,11562,5238,11576,11702,5333,11728,11842,5431,11884,11982,5530,12044,12123,5632,
9661,8786,4092,9669,8798,4097,9678,8812,4103,9690,8832,4111,9707,8858,4122,9729,8891,4136,9755,8931,4153,9787,8978,4173,9823,9033,4197,9865,9096,4224,9913,9165,4255,
9966,9242,4289,10025,9326,4327,10089,9416,4369,10159,9513,4414,10235,9615,4463,10316,9723,4516,10403,9836,4572,10495,9954,4631,10593,10076,4694,10696,10202,4761,10804,10331,4830,
10917,10463,4903,11035,10598,4979,11157,10735,5057,11284,10874,5139,11416,11015,5223,11551,11157,5310,11691,11299,5399,11834,11443,5491,11981,11587,5585,12132,11732,5681,12286,11876,5779,
10027,8481,4321,10035,8493,4326,10043,8507,4332,10055,8526,4339,10071,8552,4350,10091,8585,4363,10116,8626,4379,10146,8674,4398,10180,8729,4420,10220,8791,4446,10265,8862,4475,
10315,8939,4507,10371,9023,4543,10432,9114,4583,10498,9212,4626,10570,9316,4672,10648,9425,4722,10730,9540,4775,10818,9659,4832,10911,9783,4891,11009,9911,4955,11112,10043,5021,
11221,10177,5090,11333,10315,5163,11451,10455,5238,11573,10597,5316,11699,10741,5397,11829,10886,5480,11963,11032,5566,12102,11179,5654,12244,11327,5744,12389,11475,5837,12538,11624,5932,
10397,8181,4552,10404,8194,4556,10412,8207,4561,10423,8227,4569,10438,8253,4578,10457,8286,4591,10481,8326,4606,10509,8374,4624,10542,8429,4645,10579,8492,4669,10622,8562,4697,
10669,8640,4727,10722,8725,4761,10780,8816,4799,10843,8914,4839,10911,9019,4883,10985,9129,4930,11063,9245,4981,11147,9366,5035,11236,9491,5092,11330,9621,5152,11428,9754,5215,
11531,9891,5281,11639,10031,5350,11752,10173,5422,11869,10318,5497,11990,10464,5574,12115,10612,5654,12244,10762,5737,12377,10912,5821,12514,11063,5908,12655,11214,5998,12798,11366,6089,
10770,7889,4783,10776,7901,4787,10784,7915,4792,10794,7934,4799,10808,7960,4808,10827,7993,4820,10849,8033,4834,10875,8081,4851,10906,8136,4871,10942,8199,4894,10982,8269,4920,
11027,8346,4949,11077,8431,4981,11132,8523,5016,11192,8621,5055,11257,8726,5096,11327,8837,5141,11402,8953,5189,11481,9075,5240,11566,9201,5294,11655,9332,5352,11750,9467,5412,
11848,9605,5475,11952,9746,5541,12059,9891,5610,12171,10037,5681,12288,10186,5755,12408,10337,5832,12532,10489,5911,12661,10642,5993,12792,10796,6076,12928,10950,6162,13067,11105,6250,
11144,7603,5014,11150,7615,5018,11157,7629,5023,11167,7648,5029,11181,7674,5038,11198,7707,5049,11219,7747,5063,11244,7794,5079,11274,7849,5097,11307,7911,5119,11346,7981,5144,
11388,8058,5171,11436,8142,5202,11488,8234,5235,11545,8332,5272,11607,8437,5311,11673,8548,5354,11744,8664,5399,11821,8786,5448,11901,8913,5499,11987,9045,5554,12077,9181,5611,
12171,9320,5672,12270,9463,5735,12373,9609,5800,12481,9757,5869,12592,9908,5940,12708,10060,6013,12827,10214,6089,12951,10370,6167,13078,10526,6248,13208,10683,6331,13343,10841,6415,
11520,7325,5246,11526,7337,5249,11533,7350,5254,11542,7369,5260,11555,7395,5268,11571,7427,5278,11591,7466,5291,11615,7513,5306,11643,7567,5324,11675,7629,5345,11711,7698,5368,
11752,7775,5394,11797,7859,5423,11847,7950,5455,11901,8048,5489,11960,8152,5527,12023,8263,5567,12091,8380,5611,12164,8502,5657,12241,8629,5706,12322,8761,5758,12408,8897,5813,
12498,9037,5870,12593,9181,5930,12692,9328,5993,12795,9478,6059,12902,9630,6127,13013,9784,6197,13128,9940,6270,13247,10097,6345,13370,10256,6423,13496,10415,6502,13625,10575,6584,
11898,7053,5477,11903,7065,5480,11910,7078,5484,11919,7097,5490,11931,7122,5498,11946,7154,5508,11965,7193,5520,11988,7239,5534,12014,7293,5551,12045,7354,5570,12079,7422,5592,
12118,7498,5617,12161,7582,5645,12208,7672,5675,12260,7769,5708,12316,7873,5743,12376,7983,5782,12441,8099,5823,12510,8221,5867,12584,8348,5914,12661,8480,5963,12744,8617,6016,
12830,8757,6070,12921,8901,6128,13016,9049,6188,13115,9200,6251,13218,9353,6316,13324,9508,6383,13435,9665,6453,13549,9824,6526,13667,9984,6600,13789,10146,6677,13913,10308,6755,
12276,6789,5707,12281,6800,5710,12287,6813,5714,12296,6832,5720,12307,6857,5727,12322,6888,5736,12340,6926,5748,12362,6972,5761,12387,7025,5777,12416,7085,5796,12449,7153,5817,
12485,7228,5840,12526,7310,5866,12571,7400,5895,12620,7496,5926,12674,7599,5960,12731,7708,5997,12793,7824,6036,12859,7945,6078,12930,8072,6122,13004,8203,6170,13083,8340,6220,
13166,8480,6272,13253,8625,6327,13344,8772,6385,13438,8923,6445,13537,9077,6507,13640,9233,6572,13746,9392,6639,13856,9552,6708,13970,9713,6780,14087,9876,6853,14208,10040,6929,
12655,6531,5936,12660,6542,5940,12666,6555,5943,12674,6573,5948,12685,6597,5955,12699,6628,5964,12716,6666,5975,12736,6711,5988,12760,6763,6003,12788,6822,6021,12819,6889,6041,
12854,6963,6063,12893,7044,6088,12936,7133,6115,12983,7228,6145,13034,7330,6177,13089,7439,6212,13148,7553,6249,13211,7674,6289,13278,7800,6332,13350,7931,6377,13425,8066,6424,
13504,8207,6475,13588,8351,6527,13675,8499,6582,13766,8650,6640,13861,8804,6700,13960,8960,6762,14062,9119,6826,14168,9280,6893,14278,9443,6961,14390,9607,7032,14507,9772,7105,
13034,6280,6165,13039,6291,6168,13044,6303,6171,13052,6321,6176,13063,6345,6183,13076,6375,6191,13092,6412,6202,13112,6456,6214,13134,6508,6228,13161,6566,6245,13191,6632,6264,
13224,6705,6285,13261,6785,6309,13302,6872,6335,13347,6966,6363,13396,7067,6394,13448,7174,6427,13505,7288,6463,13565,7407,6501,13629,7532,6541,13698,7662,6584,13770,7797,6630,
13846,7937,6678,13926,8080,6728,14010,8228,6781,14097,8379,6836,14188,8533,6893,14283,8690,6953,14382,8849,7015,14484,9011,7079,14589,9174,7145,14698,9339,7213,14810,9505,7283,
13413,6035,6392,13418,6046,6395,13423,6058,6398,13431,6075,6403,13440,6099,6409,13453,6129,6417,13469,6165,6427,13487,6208,6439,13509,6258,6453,13534,6316,6469,13563,6380,6486,
13595,6452,6507,13630,6531,6529,13669,6617,6554,13712,6710,6581,13758,6809,6610,13809,6915,6642,13863,7027,6676,13921,7145,6712,13982,7269,6751,14048,7398,6792,14117,7532,6836,
14190,7671,6882,14267,7814,6930,14347,7961,6980,14431,8111,7033,14519,8265,7088,14610,8422,7145,14705,8581,7205,14803,8743,7266,14905,8906,7330,15010,9072,7395,15118,9239,7463,
13793,5796,6618,13797,5807,6621,13802,5819,6624,13809,5836,6629,13818,5859,6635,13831,5888,6642,13845,5923,6652,13863,5966,6663,13884,6015,6676,13908,6071,6691,13935,6135,6708,
13966,6205,6727,13999,6283,6749,14037,6367,6772,14078,6459,6798,14122,6557,6826,14170,6661,6856,14222,6772,6889,14278,6889,6923,14337,7011,6960,14399,7139,7000,14466,7272,7041,
14536,7409,7085,14609,7551,7132,14687,7697,7180,14768,7847,7231,14852,8000,7283,14940,8157,7338,15031,8316,7395,15126,8477,7454,15224,8641,7516,15325,8807,7579,15430,8974,7644,
14171,5563,6843,14176,5574,6845,14180,5585,6848,14187,5602,6853,14196,5625,6858,14208,5653,6866,14222,5688,6875,14239,5729,6885,14259,5778,6898,14282,5833,6912,14308,5895,6928,
14337,5964,6947,14369,6040,6967,14405,6123,6990,14444,6213,7014,14487,6310,7041,14533,6413,7070,14583,6522,7101,14636,6637,7134,14692,6758,7170,14753,6884,7207,14816,7016,7247,
14884,7152,7289,14954,7293,7333,15029,7438,7380,15106,7587,7428,15188,7739,7479,15272,7895,7532,15360,8053,7587,15452,8215,7643,15546,8378,7702,15644,8544,7763,15745,8711,7826,
14550,5336,7066,14554,5346,7069,14558,5358,7071,14565,5374,7075,14574,5396,7081,14585,5424,7088,14598,5458,7096,14615,5499,7106,14634,5546,7118,14655,5600,7132,14680,5661,7148,
14708,5729,7165,14739,5803,7185,14774,5885,7206,14811,5973,7230,14852,6068,7255,14896,6169,7283,14944,6277,7312,14995,6390,7344,15049,6509,7378,15107,6634,7414,15168,6764,7453,
15233,6899,7493,15301,7038,7535,15372,7182,7580,15447,7330,7626,15525,7481,7675,15607,7636,7726,15692,7794,7778,15780,7955,7833,15871,8118,7890,15966,8283,7948,16063,8450,8009,
14928,5114,7288,14932,5124,7290,14936,5135,7293,14942,5151,7297,14951,5173,7302,14961,5200,7308,14974,5233,7317,14990,5273,7326,15008,5319,7338,15029,5372,7351,15053,5432,7366,
15080,5498,7382,15109,5571,7401,15142,5651,7421,15178,5738,7444,15217,5831,7468,15260,5931,7495,15306,6036,7523,15354,6148,7554,15407,6266,7586,15462,6389,7621,15521,6517,7657,
15583,6650,7696,15649,6788,7737,15718,6931,7779,15790,7077,7824,15865,7227,7871,15944,7381,7920,16025,7538,7970,16110,7698,8023,16199,7860,8077,16290,8025,8134,16384,8192,8192,
