0.00000000000000000000e+00,0.00000000000000000000e+00,0.00000000000000000000e+00,3.10060000000000002274e-01,3.16159999999999996589e-01,0.00000000000000000000e+00,
0.00000000000000000000e+00,2.00000000000000011102e-01,2.00000000000000000000e+00,4.04000000000000025757e-01,1.64000000000000006883e-01,2.36999999999999988454e-01,
0.00000000000000000000e+00,2.00000000000000011102e-01,4.00000000000000000000e+00,4.23999999999999988010e-01,1.25000000000000000000e-01,2.36999999999999988454e-01,
0.00000000000000000000e+00,2.00000000000000011102e-01,6.00000000000000000000e+00,4.34999999999999997780e-01,1.02999999999999994338e-01,2.36999999999999988454e-01,
0.00000000000000000000e+00,4.00000000000000022204e-01,2.00000000000000000000e+00,3.81000000000000005329e-01,2.20000000000000001110e-01,4.67000000000000026201e-01,
0.00000000000000000000e+00,4.00000000000000022204e-01,4.00000000000000000000e+00,4.06000000000000027534e-01,1.80999999999999994227e-01,4.67000000000000026201e-01,
0.00000000000000000000e+00,4.00000000000000022204e-01,6.00000000000000000000e+00,4.22999999999999987121e-01,1.52999999999999997113e-01,4.67000000000000026201e-01,
0.00000000000000000000e+00,4.00000000000000022204e-01,8.00000000000000000000e+00,4.36999999999999999556e-01,1.28000000000000002665e-01,4.67000000000000026201e-01,
0.00000000000000000000e+00,4.00000000000000022204e-01,1.00000000000000000000e+01,4.54000000000000014655e-01,9.80000000000000037748e-02,4.67000000000000026201e-01,
0.00000000000000000000e+00,5.99999999999999977796e-01,2.00000000000000000000e+00,3.71999999999999997335e-01,2.46999999999999997335e-01,6.98999999999999954703e-01,
0.00000000000000000000e+00,5.99999999999999977796e-01,4.00000000000000000000e+00,3.99000000000000021316e-01,2.10999999999999993117e-01,6.98999999999999954703e-01,
0.00000000000000000000e+00,5.99999999999999977796e-01,6.00000000000000000000e+00,4.18999999999999983569e-01,1.81999999999999995115e-01,6.98999999999999954703e-01,
0.00000000000000000000e+00,5.99999999999999977796e-01,8.00000000000000000000e+00,4.33999999999999996891e-01,1.58000000000000001554e-01,6.98999999999999954703e-01,
0.00000000000000000000e+00,5.99999999999999977796e-01,1.00000000000000000000e+01,4.47000000000000008438e-01,1.35000000000000008882e-01,6.98999999999999954703e-01,
0.00000000000000000000e+00,5.99999999999999977796e-01,1.20000000000000000000e+01,4.59000000000000019096e-01,1.14000000000000004108e-01,6.98999999999999954703e-01,
0.00000000000000000000e+00,8.00000000000000044409e-01,2.00000000000000000000e+00,3.64999999999999991118e-01,2.61000000000000009770e-01,9.42999999999999949374e-01,
0.00000000000000000000e+00,8.00000000000000044409e-01,4.00000000000000000000e+00,3.93000000000000015987e-01,2.30000000000000009992e-01,9.42999999999999949374e-01,
0.00000000000000000000e+00,8.00000000000000044409e-01,6.00000000000000000000e+00,4.14999999999999980016e-01,2.03000000000000013767e-01,9.42999999999999949374e-01,
0.00000000000000000000e+00,8.00000000000000044409e-01,8.00000000000000000000e+00,4.34999999999999997780e-01,1.76999999999999990674e-01,9.42999999999999949374e-01,
0.00000000000000000000e+00,8.00000000000000044409e-01,1.00000000000000000000e+01,4.47000000000000008438e-01,1.60000000000000003331e-01,9.42999999999999949374e-01,
0.00000000000000000000e+00,8.00000000000000044409e-01,1.20000000000000000000e+01,4.59000000000000019096e-01,1.42999999999999988232e-01,9.42999999999999949374e-01,
0.00000000000000000000e+00,8.00000000000000044409e-01,1.40000000000000000000e+01,4.69999999999999973355e-01,1.27000000000000001776e-01,9.42999999999999949374e-01,
0.00000000000000000000e+00,1.00000000000000000000e+00,0.00000000000000000000e+00,3.10060000000000002274e-01,3.16159999999999996589e-01,1.21013139999999984331e-02,
0.00000000000000000000e+00,1.00000000000000000000e+00,2.00000000000000000000e+00,3.62900000000000000355e-01,2.71000000000000018652e-01,1.20999999999999996447e+00,
0.00000000000000000000e+00,1.00000000000000000000e+00,4.00000000000000000000e+00,3.92000000000000015099e-01,2.42299999999999987610e-01,1.20999999999999996447e+00,
0.00000000000000000000e+00,1.00000000000000000000e+00,6.00000000000000000000e+00,4.15100000000000024514e-01,2.16900000000000009459e-01,1.20999999999999996447e+00,
0.00000000000000000000e+00,1.00000000000000000000e+00,8.00000000000000000000e+00,4.35699999999999976197e-01,1.92099999999999992983e-01,1.20999999999999996447e+00,
0.00000000000000000000e+00,1.00000000000000000000e+00,1.00000000000000000000e+01,4.52100000000000001865e-01,1.71000000000000013101e-01,1.20999999999999996447e+00,
0.00000000000000000000e+00,1.00000000000000000000e+00,1.20000000000000000000e+01,4.66799999999999992717e-01,1.51400000000000006795e-01,1.20999999999999996447e+00,
0.00000000000000000000e+00,1.00000000000000000000e+00,1.40000000000000000000e+01,4.78999999999999981348e-01,1.36000000000000009770e-01,1.20999999999999996447e+00,
0.00000000000000000000e+00,1.00000000000000000000e+00,1.60000000000000000000e+01,4.87999999999999989342e-01,1.23999999999999999112e-01,1.20999999999999996447e+00,
0.00000000000000000000e+00,2.00000000000000000000e+00,0.00000000000000000000e+00,3.10060000000000002274e-01,3.16159999999999996589e-01,3.12618880000000015640e-02,
0.00000000000000000000e+00,2.00000000000000000000e+00,2.00000000000000000000e+00,3.53200000000000013944e-01,2.95700000000000018385e-01,3.12599999999999961231e-02,
0.00000000000000000000e+00,2.00000000000000000000e+00,4.00000000000000000000e+00,3.85000000000000008882e-01,2.77799999999999991385e-01,3.12599999999999961231e-02,
0.00000000000000000000e+00,2.00000000000000000000e+00,6.00000000000000000000e+00,4.13899999999999990141e-01,2.60799999999999976286e-01,3.12599999999999961231e-02,
0.00000000000000000000e+00,2.00000000000000000000e+00,8.00000000000000000000e+00,4.42800000000000026912e-01,2.41900000000000003908e-01,3.12599999999999961231e-02,
0.00000000000000000000e+00,2.00000000000000000000e+00,1.00000000000000000000e+01,4.67799999999999993605e-01,2.23700000000000009948e-01,3.12599999999999961231e-02,
0.00000000000000000000e+00,2.00000000000000000000e+00,1.20000000000000000000e+01,4.91099999999999980993e-01,2.05999999999999988676e-01,3.12599999999999961231e-02,
0.00000000000000000000e+00,2.00000000000000000000e+00,1.40000000000000000000e+01,5.12900000000000022560e-01,1.88799999999999995604e-01,3.12599999999999961231e-02,
0.00000000000000000000e+00,2.00000000000000000000e+00,1.60000000000000000000e+01,5.31000000000000027534e-01,1.73999999999999988010e-01,3.12599999999999961231e-02,
0.00000000000000000000e+00,2.00000000000000000000e+00,1.80000000000000000000e+01,5.46000000000000040856e-01,1.61000000000000004219e-01,3.12599999999999961231e-02,
0.00000000000000000000e+00,3.00000000000000000000e+00,0.00000000000000000000e+00,3.10060000000000002274e-01,3.16159999999999996589e-01,6.55496820000000118833e-02,
0.00000000000000000000e+00,3.00000000000000000000e+00,2.00000000000000000000e+00,3.52600000000000024514e-01,3.06800000000000017142e-01,6.55000000000000026645e-02,
0.00000000000000000000e+00,3.00000000000000000000e+00,4.00000000000000000000e+00,3.88900000000000023448e-01,2.96899999999999997247e-01,6.55000000000000026645e-02,
0.00000000000000000000e+00,3.00000000000000000000e+00,6.00000000000000000000e+00,4.21800000000000008260e-01,2.86399999999999987921e-01,6.55000000000000026645e-02,
0.00000000000000000000e+00,3.00000000000000000000e+00,8.00000000000000000000e+00,4.55199999999999993516e-01,2.74100000000000010303e-01,6.55000000000000026645e-02,
0.00000000000000000000e+00,3.00000000000000000000e+00,1.00000000000000000000e+01,4.85099999999999975664e-01,2.61799999999999977174e-01,6.55000000000000026645e-02,
0.00000000000000000000e+00,3.00000000000000000000e+00,1.20000000000000000000e+01,5.13900000000000023448e-01,2.48900000000000010125e-01,6.55000000000000026645e-02,
0.00000000000000000000e+00,3.00000000000000000000e+00,1.40000000000000000000e+01,5.38000000000000033751e-01,2.36899999999999999467e-01,6.55000000000000026645e-02,
0.00000000000000000000e+00,3.00000000000000000000e+00,1.60000000000000000000e+01,5.62799999999999966960e-01,2.24099999999999993650e-01,6.55000000000000026645e-02,
0.00000000000000000000e+00,3.00000000000000000000e+00,1.80000000000000000000e+01,5.83999999999999963585e-01,2.11999999999999994005e-01,6.55000000000000026645e-02,
0.00000000000000000000e+00,3.00000000000000000000e+00,2.00000000000000000000e+01,6.01999999999999979572e-01,2.00000000000000011102e-01,6.55000000000000026645e-02,
0.00000000000000000000e+00,4.00000000000000000000e+00,0.00000000000000000000e+00,3.10060000000000002274e-01,3.16159999999999996589e-01,1.20007455999999998464e-01,
0.00000000000000000000e+00,4.00000000000000000000e+00,2.00000000000000000000e+00,3.41700000000000003730e-01,3.10599999999999987210e-01,1.19999999999999995559e-01,
0.00000000000000000000e+00,4.00000000000000000000e+00,4.00000000000000000000e+00,3.71499999999999996891e-01,3.04200000000000025935e-01,1.19999999999999995559e-01,
0.00000000000000000000e+00,4.00000000000000000000e+00,6.00000000000000000000e+00,3.99899999999999977707e-01,2.97200000000000019718e-01,1.19999999999999995559e-01,
0.00000000000000000000e+00,4.00000000000000000000e+00,8.00000000000000000000e+00,4.28200000000000025047e-01,2.88999999999999979128e-01,1.19999999999999995559e-01,
0.00000000000000000000e+00,4.00000000000000000000e+00,1.00000000000000000000e+01,4.52799999999999980282e-01,2.81100000000000016520e-01,1.19999999999999995559e-01,
0.00000000000000000000e+00,4.00000000000000000000e+00,1.20000000000000000000e+01,4.78899999999999992362e-01,2.71699999999999997069e-01,1.19999999999999995559e-01,
0.00000000000000000000e+00,4.00000000000000000000e+00,1.40000000000000000000e+01,5.02000000000000001776e-01,2.62299999999999977618e-01,1.19999999999999995559e-01,
0.00000000000000000000e+00,4.00000000000000000000e+00,1.60000000000000000000e+01,5.23399999999999976374e-01,2.53000000000000002665e-01,1.19999999999999995559e-01,
0.00000000000000000000e+00,4.00000000000000000000e+00,1.80000000000000000000e+01,5.46599999999999974776e-01,2.42400000000000004352e-01,1.19999999999999995559e-01,
0.00000000000000000000e+00,4.00000000000000000000e+00,2.00000000000000000000e+01,5.67400000000000015454e-01,2.31899999999999995026e-01,1.19999999999999995559e-01,
0.00000000000000000000e+00,4.00000000000000000000e+00,2.20000000000000000000e+01,5.81999999999999961808e-01,2.24000000000000004663e-01,1.19999999999999995559e-01,
0.00000000000000000000e+00,4.00000000000000000000e+00,2.40000000000000000000e+01,5.97999999999999976019e-01,2.13999999999999995781e-01,1.19999999999999995559e-01,
0.00000000000000000000e+00,5.00000000000000000000e+00,0.00000000000000000000e+00,3.10060000000000002274e-01,3.16159999999999996589e-01,1.97661249999999955040e-01,
0.00000000000000000000e+00,5.00000000000000000000e+00,2.00000000000000000000e+00,3.33199999999999996181e-01,3.13099999999999989431e-01,1.97699999999999986855e-01,
0.00000000000000000000e+00,5.00000000000000000000e+00,4.00000000000000000000e+00,3.59399999999999997247e-01,3.08999999999999996891e-01,1.97699999999999986855e-01,
0.00000000000000000000e+00,5.00000000000000000000e+00,6.00000000000000000000e+00,3.85099999999999997868e-01,3.03900000000000003464e-01,1.97699999999999986855e-01,
0.00000000000000000000e+00,5.00000000000000000000e+00,8.00000000000000000000e+00,4.10499999999999976019e-01,2.97999999999999987121e-01,1.97699999999999986855e-01,
0.00000000000000000000e+00,5.00000000000000000000e+00,1.00000000000000000000e+01,4.33199999999999973976e-01,2.91800000000000003819e-01,1.97699999999999986855e-01,
0.00000000000000000000e+00,5.00000000000000000000e+00,1.20000000000000000000e+01,4.57899999999999973710e-01,2.84100000000000019185e-01,1.97699999999999986855e-01,
0.00000000000000000000e+00,5.00000000000000000000e+00,1.40000000000000000000e+01,4.76700000000000012612e-01,2.77600000000000013411e-01,1.97699999999999986855e-01,
0.00000000000000000000e+00,5.00000000000000000000e+00,1.60000000000000000000e+01,4.98599999999999987654e-01,2.69500000000000017319e-01,1.97699999999999986855e-01,
0.00000000000000000000e+00,5.00000000000000000000e+00,1.80000000000000000000e+01,5.18499999999999960920e-01,2.62000000000000010658e-01,1.97699999999999986855e-01,
0.00000000000000000000e+00,5.00000000000000000000e+00,2.00000000000000000000e+01,5.39599999999999968558e-01,2.53500000000000003109e-01,1.97699999999999986855e-01,
0.00000000000000000000e+00,5.00000000000000000000e+00,2.20000000000000000000e+01,5.54000000000000047962e-01,2.45999999999999996447e-01,1.97699999999999986855e-01,
0.00000000000000000000e+00,5.00000000000000000000e+00,2.40000000000000000000e+01,5.69999999999999951150e-01,2.39999999999999991118e-01,1.97699999999999986855e-01,
0.00000000000000000000e+00,5.00000000000000000000e+00,2.60000000000000000000e+01,5.81999999999999961808e-01,2.34000000000000013545e-01,1.97699999999999986855e-01,
0.00000000000000000000e+00,5.00000000000000000000e+00,2.80000000000000000000e+01,5.92999999999999971578e-01,2.29000000000000009104e-01,1.97699999999999986855e-01,
0.00000000000000000000e+00,6.00000000000000000000e+00,0.00000000000000000000e+00,3.10060000000000002274e-01,3.16159999999999996589e-01,3.00528864000000006662e-01,
0.00000000000000000000e+00,6.00000000000000000000e+00,2.00000000000000000000e+00,3.29199999999999992628e-01,3.14099999999999990319e-01,3.00300000000000011369e-01,
0.00000000000000000000e+00,6.00000000000000000000e+00,4.00000000000000000000e+00,3.50800000000000000711e-01,3.11199999999999976641e-01,3.00300000000000011369e-01,
0.00000000000000000000e+00,6.00000000000000000000e+00,6.00000000000000000000e+00,3.73999999999999999112e-01,3.07400000000000006573e-01,3.00300000000000011369e-01,
0.00000000000000000000e+00,6.00000000000000000000e+00,8.00000000000000000000e+00,3.93000000000000015987e-01,3.03800000000000014477e-01,3.00300000000000011369e-01,
0.00000000000000000000e+00,6.00000000000000000000e+00,1.00000000000000000000e+01,4.14999999999999980016e-01,2.98899999999999999023e-01,3.00300000000000011369e-01,
0.00000000000000000000e+00,6.00000000000000000000e+00,1.20000000000000000000e+01,4.35999999999999998668e-01,2.93600000000000027622e-01,3.00300000000000011369e-01,
0.00000000000000000000e+00,6.00000000000000000000e+00,1.40000000000000000000e+01,4.55199999999999993516e-01,2.88100000000000022737e-01,3.00300000000000011369e-01,
0.00000000000000000000e+00,6.00000000000000000000e+00,1.60000000000000000000e+01,4.78100000000000024958e-01,2.81200000000000005507e-01,3.00300000000000011369e-01,
0.00000000000000000000e+00,6.00000000000000000000e+00,1.80000000000000000000e+01,4.96099999999999985434e-01,2.75100000000000011191e-01,3.00300000000000011369e-01,
0.00000000000000000000e+00,6.00000000000000000000e+00,2.00000000000000000000e+01,5.13000000000000011546e-01,2.68000000000000015987e-01,3.00300000000000011369e-01,
0.00000000000000000000e+00,6.00000000000000000000e+00,2.20000000000000000000e+01,5.27000000000000023981e-01,2.62000000000000010658e-01,3.00300000000000011369e-01,
0.00000000000000000000e+00,6.00000000000000000000e+00,2.40000000000000000000e+01,5.41000000000000036415e-01,2.56000000000000005329e-01,3.00300000000000011369e-01,
0.00000000000000000000e+00,6.00000000000000000000e+00,2.60000000000000000000e+01,5.52000000000000046185e-01,2.50000000000000000000e-01,3.00300000000000011369e-01,
0.00000000000000000000e+00,6.00000000000000000000e+00,2.80000000000000000000e+01,5.62999999999999944933e-01,2.45999999999999996447e-01,3.00300000000000011369e-01,
0.00000000000000000000e+00,7.00000000000000000000e+00,0.00000000000000000000e+00,3.10060000000000002274e-01,3.16159999999999996589e-01,4.30628338000000054908e-01,
0.00000000000000000000e+00,7.00000000000000000000e+00,2.00000000000000000000e+00,3.25799999999999978506e-01,3.14800000000000024247e-01,4.30600000000000038280e-01,
0.00000000000000000000e+00,7.00000000000000000000e+00,4.00000000000000000000e+00,3.44600000000000017408e-01,3.12500000000000000000e-01,4.30600000000000038280e-01,
0.00000000000000000000e+00,7.00000000000000000000e+00,6.00000000000000000000e+00,3.64800000000000013145e-01,3.09800000000000019806e-01,4.30600000000000038280e-01,
0.00000000000000000000e+00,7.00000000000000000000e+00,8.00000000000000000000e+00,3.85099999999999997868e-01,3.06699999999999972644e-01,4.30600000000000038280e-01,
0.00000000000000000000e+00,7.00000000000000000000e+00,1.00000000000000000000e+01,4.04000000000000025757e-01,3.02999999999999991562e-01,4.30600000000000038280e-01,
0.00000000000000000000e+00,7.00000000000000000000e+00,1.20000000000000000000e+01,4.25999999999999989786e-01,2.97999999999999987121e-01,4.30600000000000038280e-01,
0.00000000000000000000e+00,7.00000000000000000000e+00,1.40000000000000000000e+01,4.45599999999999996092e-01,2.93100000000000027178e-01,4.30600000000000038280e-01,
0.00000000000000000000e+00,7.00000000000000000000e+00,1.60000000000000000000e+01,4.64799999999999990941e-01,2.87800000000000000266e-01,4.30600000000000038280e-01,
0.00000000000000000000e+00,7.00000000000000000000e+00,1.80000000000000000000e+01,4.82999999999999984901e-01,2.82999999999999973799e-01,4.30600000000000038280e-01,
0.00000000000000000000e+00,7.00000000000000000000e+00,2.00000000000000000000e+01,4.97999999999999998224e-01,2.79000000000000025757e-01,4.30600000000000038280e-01,
0.00000000000000000000e+00,7.00000000000000000000e+00,2.20000000000000000000e+01,5.11000000000000009770e-01,2.74000000000000021316e-01,4.30600000000000038280e-01,
0.00000000000000000000e+00,7.00000000000000000000e+00,2.40000000000000000000e+01,5.26000000000000023093e-01,2.67000000000000015099e-01,4.30600000000000038280e-01,
0.00000000000000000000e+00,8.00000000000000000000e+00,0.00000000000000000000e+00,3.10060000000000002274e-01,3.16159999999999996589e-01,5.90986432000000005971e-01,
0.00000000000000000000e+00,8.00000000000000000000e+00,2.00000000000000000000e+00,3.21799999999999974953e-01,3.15199999999999980194e-01,5.90999999999999969802e-01,
0.00000000000000000000e+00,8.00000000000000000000e+00,4.00000000000000000000e+00,3.41200000000000003286e-01,3.13500000000000000888e-01,5.90999999999999969802e-01,
0.00000000000000000000e+00,8.00000000000000000000e+00,6.00000000000000000000e+00,3.59999999999999986677e-01,3.11199999999999976641e-01,5.90999999999999969802e-01,
0.00000000000000000000e+00,8.00000000000000000000e+00,8.00000000000000000000e+00,3.80000000000000004441e-01,3.08199999999999973976e-01,5.90999999999999969802e-01,
0.00000000000000000000e+00,8.00000000000000000000e+00,1.00000000000000000000e+01,3.98299999999999987388e-01,3.04900000000000004352e-01,5.90999999999999969802e-01,
0.00000000000000000000e+00,8.00000000000000000000e+00,1.20000000000000000000e+01,4.21999999999999986233e-01,2.99999999999999988898e-01,5.90999999999999969802e-01,
0.00000000000000000000e+00,8.00000000000000000000e+00,1.40000000000000000000e+01,4.39000000000000001332e-01,2.96999999999999986233e-01,5.90999999999999969802e-01,
0.00000000000000000000e+00,8.00000000000000000000e+00,1.60000000000000000000e+01,4.53000000000000013767e-01,2.92999999999999982681e-01,5.90999999999999969802e-01,
0.00000000000000000000e+00,8.00000000000000000000e+00,1.80000000000000000000e+01,4.68999999999999972466e-01,2.88999999999999979128e-01,5.90999999999999969802e-01,
0.00000000000000000000e+00,8.00000000000000000000e+00,2.00000000000000000000e+01,4.83999999999999985789e-01,2.83999999999999974687e-01,5.90999999999999969802e-01,
0.00000000000000000000e+00,9.00000000000000000000e+00,0.00000000000000000000e+00,3.10060000000000002274e-01,3.16159999999999996589e-01,7.86647106000000095882e-01,
0.00000000000000000000e+00,9.00000000000000000000e+00,2.00000000000000000000e+00,3.20500000000000007105e-01,3.15500000000000002665e-01,7.86599999999999965894e-01,
0.00000000000000000000e+00,9.00000000000000000000e+00,4.00000000000000000000e+00,3.40000000000000024425e-01,3.14000000000000001332e-01,7.86599999999999965894e-01,
0.00000000000000000000e+00,9.00000000000000000000e+00,6.00000000000000000000e+00,3.58999999999999985789e-01,3.11800000000000021583e-01,7.86599999999999965894e-01,
0.00000000000000000000e+00,9.00000000000000000000e+00,8.00000000000000000000e+00,3.76000000000000000888e-01,3.09999999999999997780e-01,7.86599999999999965894e-01,
0.00000000000000000000e+00,9.00000000000000000000e+00,1.00000000000000000000e+01,3.94000000000000016875e-01,3.05999999999999994227e-01,7.86599999999999965894e-01,
0.00000000000000000000e+00,9.00000000000000000000e+00,1.20000000000000000000e+01,4.13999999999999979128e-01,3.01999999999999990674e-01,7.86599999999999965894e-01,
0.00000000000000000000e+00,9.00000000000000000000e+00,1.40000000000000000000e+01,4.30999999999999994227e-01,2.97999999999999987121e-01,7.86599999999999965894e-01,
0.00000000000000000000e+00,1.00000000000000000000e+01,0.00000000000000000000e+00,3.10060000000000002274e-01,3.16159999999999996589e-01,1.02567999999999992511e+00,
0.00000000000000000000e+00,1.00000000000000000000e+01,2.00000000000000000000e+00,3.22000000000000008438e-01,3.16000000000000003109e-01,1.02569999999999983409e+00,
0.00000000000000000000e+00,1.00000000000000000000e+01,4.00000000000000000000e+00,3.42000000000000026201e-01,3.15000000000000002220e-01,1.02569999999999983409e+00,
0.00000000000000000000e+00,1.00000000000000000000e+01,6.00000000000000000000e+00,3.60999999999999987566e-01,3.14000000000000001332e-01,1.02569999999999983409e+00,
0.00000000000000000000e+00,1.00000000000000000000e+01,8.00000000000000000000e+00,3.78000000000000002665e-01,3.10999999999999998668e-01,1.02569999999999983409e+00,
2.50000000000000000000e+00,2.00000000000000011102e-01,2.00000000000000000000e+00,4.51000000000000011990e-01,1.82999999999999996003e-01,2.36999999999999988454e-01,
2.50000000000000000000e+00,2.00000000000000011102e-01,4.00000000000000000000e+00,4.87999999999999989342e-01,1.41999999999999987343e-01,2.36999999999999988454e-01,
2.50000000000000000000e+00,2.00000000000000011102e-01,6.00000000000000000000e+00,5.10000000000000008882e-01,1.18999999999999994671e-01,2.36999999999999988454e-01,
2.50000000000000000000e+00,4.00000000000000022204e-01,2.00000000000000000000e+00,4.10999999999999976463e-01,2.35999999999999987566e-01,4.67000000000000026201e-01,
2.50000000000000000000e+00,4.00000000000000022204e-01,4.00000000000000000000e+00,4.50000000000000011102e-01,1.98000000000000009326e-01,4.67000000000000026201e-01,
2.50000000000000000000e+00,4.00000000000000022204e-01,6.00000000000000000000e+00,4.76999999999999979572e-01,1.70000000000000012212e-01,4.67000000000000026201e-01,
2.50000000000000000000e+00,4.00000000000000022204e-01,8.00000000000000000000e+00,5.01000000000000000888e-01,1.42999999999999988232e-01,4.67000000000000026201e-01,
2.50000000000000000000e+00,4.00000000000000022204e-01,1.00000000000000000000e+01,5.29000000000000025757e-01,1.13000000000000003220e-01,4.67000000000000026201e-01,
2.50000000000000000000e+00,5.99999999999999977796e-01,2.00000000000000000000e+00,3.91000000000000014211e-01,2.60000000000000008882e-01,6.98999999999999954703e-01,
2.50000000000000000000e+00,5.99999999999999977796e-01,4.00000000000000000000e+00,4.31999999999999995115e-01,2.27000000000000007327e-01,6.98999999999999954703e-01,
2.50000000000000000000e+00,5.99999999999999977796e-01,6.00000000000000000000e+00,4.64000000000000023537e-01,2.00000000000000011102e-01,6.98999999999999954703e-01,
2.50000000000000000000e+00,5.99999999999999977796e-01,8.00000000000000000000e+00,4.88999999999999990230e-01,1.75999999999999989786e-01,6.98999999999999954703e-01,
2.50000000000000000000e+00,5.99999999999999977796e-01,1.00000000000000000000e+01,5.11000000000000009770e-01,1.53999999999999998002e-01,6.98999999999999954703e-01,
2.50000000000000000000e+00,5.99999999999999977796e-01,1.20000000000000000000e+01,5.37000000000000032863e-01,1.26000000000000000888e-01,6.98999999999999954703e-01,
2.50000000000000000000e+00,8.00000000000000044409e-01,2.00000000000000000000e+00,3.81000000000000005329e-01,2.72000000000000019540e-01,9.42999999999999949374e-01,
2.50000000000000000000e+00,8.00000000000000044409e-01,4.00000000000000000000e+00,4.20999999999999985345e-01,2.44999999999999995559e-01,9.42999999999999949374e-01,
2.50000000000000000000e+00,8.00000000000000044409e-01,6.00000000000000000000e+00,4.55000000000000015543e-01,2.19000000000000000222e-01,9.42999999999999949374e-01,
2.50000000000000000000e+00,8.00000000000000044409e-01,8.00000000000000000000e+00,4.82999999999999984901e-01,1.95000000000000006661e-01,9.42999999999999949374e-01,
2.50000000000000000000e+00,8.00000000000000044409e-01,1.00000000000000000000e+01,5.02000000000000001776e-01,1.76999999999999990674e-01,9.42999999999999949374e-01,
2.50000000000000000000e+00,8.00000000000000044409e-01,1.20000000000000000000e+01,5.21000000000000018652e-01,1.59000000000000002442e-01,9.42999999999999949374e-01,
2.50000000000000000000e+00,8.00000000000000044409e-01,1.40000000000000000000e+01,5.36000000000000031974e-01,1.42999999999999988232e-01,9.42999999999999949374e-01,
2.50000000000000000000e+00,1.00000000000000000000e+00,2.00000000000000000000e+00,3.76800000000000023803e-01,2.81600000000000016964e-01,1.20999999999999996447e+00,
2.50000000000000000000e+00,1.00000000000000000000e+00,4.00000000000000000000e+00,4.16600000000000025846e-01,2.56900000000000017231e-01,1.20999999999999996447e+00,
2.50000000000000000000e+00,1.00000000000000000000e+00,6.00000000000000000000e+00,4.51500000000000012434e-01,2.32899999999999995914e-01,1.20999999999999996447e+00,
2.50000000000000000000e+00,1.00000000000000000000e+00,8.00000000000000000000e+00,4.81200000000000016609e-01,2.10299999999999986944e-01,1.20999999999999996447e+00,
2.50000000000000000000e+00,1.00000000000000000000e+00,1.00000000000000000000e+01,5.05800000000000027356e-01,1.90000000000000002220e-01,1.20999999999999996447e+00,
2.50000000000000000000e+00,1.00000000000000000000e+00,1.20000000000000000000e+01,5.33000000000000029310e-01,1.69000000000000011324e-01,1.20999999999999996447e+00,
2.50000000000000000000e+00,1.00000000000000000000e+00,1.40000000000000000000e+01,5.48000000000000042633e-01,1.55999999999999999778e-01,1.20999999999999996447e+00,
2.50000000000000000000e+00,2.00000000000000000000e+00,2.00000000000000000000e+00,3.61399999999999999023e-01,3.03300000000000014033e-01,3.12599999999999961231e-02,
2.50000000000000000000e+00,2.00000000000000000000e+00,4.00000000000000000000e+00,4.02100000000000012967e-01,2.89999999999999980016e-01,3.12599999999999961231e-02,
2.50000000000000000000e+00,2.00000000000000000000e+00,6.00000000000000000000e+00,4.39000000000000001332e-01,2.76000000000000023093e-01,3.12599999999999961231e-02,
2.50000000000000000000e+00,2.00000000000000000000e+00,8.00000000000000000000e+00,4.77600000000000024514e-01,2.59299999999999974953e-01,3.12599999999999961231e-02,
2.50000000000000000000e+00,2.00000000000000000000e+00,1.00000000000000000000e+01,5.12199999999999988631e-01,2.42799999999999988054e-01,3.12599999999999961231e-02,
2.50000000000000000000e+00,2.00000000000000000000e+00,1.20000000000000000000e+01,5.43799999999999950084e-01,2.25399999999999989253e-01,3.12599999999999961231e-02,
2.50000000000000000000e+00,2.00000000000000000000e+00,1.40000000000000000000e+01,5.73400000000000020783e-01,2.08300000000000012923e-01,3.12599999999999961231e-02,
2.50000000000000000000e+00,2.00000000000000000000e+00,1.60000000000000000000e+01,6.00999999999999978684e-01,1.92000000000000003997e-01,3.12599999999999961231e-02,
2.50000000000000000000e+00,3.00000000000000000000e+00,2.00000000000000000000e+00,3.59099999999999974776e-01,3.13000000000000000444e-01,6.55000000000000026645e-02,
2.50000000000000000000e+00,3.00000000000000000000e+00,4.00000000000000000000e+00,4.02100000000000012967e-01,3.07599999999999984546e-01,6.55000000000000026645e-02,
2.50000000000000000000e+00,3.00000000000000000000e+00,6.00000000000000000000e+00,4.40900000000000014122e-01,3.00900000000000000799e-01,6.55000000000000026645e-02,
2.50000000000000000000e+00,3.00000000000000000000e+00,8.00000000000000000000e+00,4.82099999999999972999e-01,2.91800000000000003819e-01,6.55000000000000026645e-02,
2.50000000000000000000e+00,3.00000000000000000000e+00,1.00000000000000000000e+01,5.19100000000000005862e-01,2.81100000000000016520e-01,6.55000000000000026645e-02,
2.50000000000000000000e+00,3.00000000000000000000e+00,1.20000000000000000000e+01,5.53599999999999980993e-01,2.69100000000000005862e-01,6.55000000000000026645e-02,
2.50000000000000000000e+00,3.00000000000000000000e+00,1.40000000000000000000e+01,5.82799999999999984723e-01,2.57900000000000018119e-01,6.55000000000000026645e-02,
2.50000000000000000000e+00,3.00000000000000000000e+00,1.60000000000000000000e+01,6.11600000000000032507e-01,2.45600000000000012745e-01,6.55000000000000026645e-02,
2.50000000000000000000e+00,3.00000000000000000000e+00,1.80000000000000000000e+01,6.40000000000000013323e-01,2.32000000000000011768e-01,6.55000000000000026645e-02,
2.50000000000000000000e+00,3.00000000000000000000e+00,2.00000000000000000000e+01,6.67000000000000037303e-01,2.16999999999999998446e-01,6.55000000000000026645e-02,
2.50000000000000000000e+00,4.00000000000000000000e+00,2.00000000000000000000e+00,3.46100000000000018741e-01,3.15000000000000002220e-01,1.19999999999999995559e-01,
2.50000000000000000000e+00,4.00000000000000000000e+00,4.00000000000000000000e+00,3.80599999999999993872e-01,3.12500000000000000000e-01,1.19999999999999995559e-01,
2.50000000000000000000e+00,4.00000000000000000000e+00,6.00000000000000000000e+00,4.14100000000000023626e-01,3.08499999999999996447e-01,1.19999999999999995559e-01,
2.50000000000000000000e+00,4.00000000000000000000e+00,8.00000000000000000000e+00,4.47199999999999986411e-01,3.03099999999999980549e-01,1.19999999999999995559e-01,
2.50000000000000000000e+00,4.00000000000000000000e+00,1.00000000000000000000e+01,4.77399999999999991029e-01,2.96899999999999997247e-01,1.19999999999999995559e-01,
2.50000000000000000000e+00,4.00000000000000000000e+00,1.20000000000000000000e+01,5.07199999999999984190e-01,2.89700000000000013056e-01,1.19999999999999995559e-01,
2.50000000000000000000e+00,4.00000000000000000000e+00,1.40000000000000000000e+01,5.36900000000000043876e-01,2.81000000000000027534e-01,1.19999999999999995559e-01,
2.50000000000000000000e+00,4.00000000000000000000e+00,1.60000000000000000000e+01,5.62000000000000055067e-01,2.72399999999999975486e-01,1.19999999999999995559e-01,
2.50000000000000000000e+00,4.00000000000000000000e+00,1.80000000000000000000e+01,5.89799999999999990941e-01,2.62199999999999988631e-01,1.19999999999999995559e-01,
2.50000000000000000000e+00,4.00000000000000000000e+00,2.00000000000000000000e+01,6.14999999999999991118e-01,2.53000000000000002665e-01,1.19999999999999995559e-01,
2.50000000000000000000e+00,4.00000000000000000000e+00,2.20000000000000000000e+01,6.33000000000000007105e-01,2.43999999999999994671e-01,1.19999999999999995559e-01,
2.50000000000000000000e+00,4.00000000000000000000e+00,2.40000000000000000000e+01,6.54000000000000025757e-01,2.35999999999999987566e-01,1.19999999999999995559e-01,
2.50000000000000000000e+00,5.00000000000000000000e+00,2.00000000000000000000e+00,3.36000000000000020872e-01,3.15800000000000025135e-01,1.97699999999999986855e-01,
2.50000000000000000000e+00,5.00000000000000000000e+00,4.00000000000000000000e+00,3.65999999999999992006e-01,3.14800000000000024247e-01,1.97699999999999986855e-01,
2.50000000000000000000e+00,5.00000000000000000000e+00,6.00000000000000000000e+00,3.96000000000000018652e-01,3.13000000000000000444e-01,1.97699999999999986855e-01,
2.50000000000000000000e+00,5.00000000000000000000e+00,8.00000000000000000000e+00,4.25200000000000022382e-01,3.10099999999999986766e-01,1.97699999999999986855e-01,
2.50000000000000000000e+00,5.00000000000000000000e+00,1.00000000000000000000e+01,4.53299999999999980727e-01,3.05800000000000016254e-01,1.97699999999999986855e-01,
2.50000000000000000000e+00,5.00000000000000000000e+00,1.20000000000000000000e+01,4.81999999999999984013e-01,3.00200000000000022382e-01,1.97699999999999986855e-01,
2.50000000000000000000e+00,5.00000000000000000000e+00,1.40000000000000000000e+01,5.04700000000000037481e-01,2.94999999999999984457e-01,1.97699999999999986855e-01,
2.50000000000000000000e+00,5.00000000000000000000e+00,1.60000000000000000000e+01,5.30000000000000026645e-01,2.87999999999999978240e-01,1.97699999999999986855e-01,
2.50000000000000000000e+00,5.00000000000000000000e+00,1.80000000000000000000e+01,5.54000000000000047962e-01,2.80399999999999982592e-01,1.97699999999999986855e-01,
2.50000000000000000000e+00,5.00000000000000000000e+00,2.00000000000000000000e+01,5.78400000000000025224e-01,2.71899999999999975042e-01,1.97699999999999986855e-01,
2.50000000000000000000e+00,5.00000000000000000000e+00,2.20000000000000000000e+01,5.92999999999999971578e-01,2.65000000000000013323e-01,1.97699999999999986855e-01,
2.50000000000000000000e+00,5.00000000000000000000e+00,2.40000000000000000000e+01,6.06999999999999984013e-01,2.59000000000000007994e-01,1.97699999999999986855e-01,
2.50000000000000000000e+00,5.00000000000000000000e+00,2.60000000000000000000e+01,6.19999999999999995559e-01,2.53000000000000002665e-01,1.97699999999999986855e-01,
2.50000000000000000000e+00,5.00000000000000000000e+00,2.80000000000000000000e+01,6.31000000000000005329e-01,2.47999999999999998224e-01,1.97699999999999986855e-01,
2.50000000000000000000e+00,6.00000000000000000000e+00,2.00000000000000000000e+00,3.31799999999999983835e-01,3.16599999999999992539e-01,3.00300000000000011369e-01,
2.50000000000000000000e+00,6.00000000000000000000e+00,4.00000000000000000000e+00,3.56599999999999972555e-01,3.16300000000000025580e-01,3.00300000000000011369e-01,
2.50000000000000000000e+00,6.00000000000000000000e+00,6.00000000000000000000e+00,3.83199999999999985079e-01,3.15800000000000025135e-01,3.00300000000000011369e-01,
2.50000000000000000000e+00,6.00000000000000000000e+00,8.00000000000000000000e+00,4.06499999999999972466e-01,3.14400000000000012790e-01,3.00300000000000011369e-01,
2.50000000000000000000e+00,6.00000000000000000000e+00,1.00000000000000000000e+01,4.31999999999999995115e-01,3.11800000000000021583e-01,3.00300000000000011369e-01,
2.50000000000000000000e+00,6.00000000000000000000e+00,1.20000000000000000000e+01,4.56799999999999983835e-01,3.08199999999999973976e-01,3.00300000000000011369e-01,
2.50000000000000000000e+00,6.00000000000000000000e+00,1.40000000000000000000e+01,4.78999999999999981348e-01,3.04099999999999981437e-01,3.00300000000000011369e-01,
2.50000000000000000000e+00,6.00000000000000000000e+00,1.60000000000000000000e+01,5.04099999999999992539e-01,2.98300000000000009592e-01,3.00300000000000011369e-01,
2.50000000000000000000e+00,6.00000000000000000000e+00,1.80000000000000000000e+01,5.26200000000000001066e-01,2.92800000000000004707e-01,3.00300000000000011369e-01,
2.50000000000000000000e+00,6.00000000000000000000e+00,2.00000000000000000000e+01,5.45000000000000039968e-01,2.87999999999999978240e-01,3.00300000000000011369e-01,
2.50000000000000000000e+00,6.00000000000000000000e+00,2.20000000000000000000e+01,5.61000000000000054179e-01,2.81999999999999972911e-01,3.00300000000000011369e-01,
2.50000000000000000000e+00,6.00000000000000000000e+00,2.40000000000000000000e+01,5.73999999999999954703e-01,2.76000000000000023093e-01,3.00300000000000011369e-01,
2.50000000000000000000e+00,6.00000000000000000000e+00,2.60000000000000000000e+01,5.87999999999999967137e-01,2.71000000000000018652e-01,3.00300000000000011369e-01,
2.50000000000000000000e+00,6.00000000000000000000e+00,2.80000000000000000000e+01,5.96999999999999975131e-01,2.65000000000000013323e-01,3.00300000000000011369e-01,
2.50000000000000000000e+00,7.00000000000000000000e+00,2.00000000000000000000e+00,3.28400000000000025224e-01,3.17000000000000003997e-01,4.30600000000000038280e-01,
2.50000000000000000000e+00,7.00000000000000000000e+00,4.00000000000000000000e+00,3.49899999999999988809e-01,3.17099999999999992983e-01,4.30600000000000038280e-01,
2.50000000000000000000e+00,7.00000000000000000000e+00,6.00000000000000000000e+00,3.72800000000000020250e-01,3.17000000000000003997e-01,4.30600000000000038280e-01,
2.50000000000000000000e+00,7.00000000000000000000e+00,8.00000000000000000000e+00,3.96100000000000007638e-01,3.16000000000000003109e-01,4.30600000000000038280e-01,
2.50000000000000000000e+00,7.00000000000000000000e+00,1.00000000000000000000e+01,4.18300000000000005151e-01,3.14400000000000012790e-01,4.30600000000000038280e-01,
2.50000000000000000000e+00,7.00000000000000000000e+00,1.20000000000000000000e+01,4.43500000000000005329e-01,3.11900000000000010569e-01,4.30600000000000038280e-01,
2.50000000000000000000e+00,7.00000000000000000000e+00,1.40000000000000000000e+01,4.66000000000000025313e-01,3.08199999999999973976e-01,4.30600000000000038280e-01,
2.50000000000000000000e+00,7.00000000000000000000e+00,1.60000000000000000000e+01,4.88499999999999989786e-01,3.03900000000000003464e-01,4.30600000000000038280e-01,
2.50000000000000000000e+00,7.00000000000000000000e+00,1.80000000000000000000e+01,5.07000000000000006217e-01,2.99999999999999988898e-01,4.30600000000000038280e-01,
2.50000000000000000000e+00,7.00000000000000000000e+00,2.00000000000000000000e+01,5.23000000000000020428e-01,2.95999999999999985345e-01,4.30600000000000038280e-01,
2.50000000000000000000e+00,7.00000000000000000000e+00,2.20000000000000000000e+01,5.36000000000000031974e-01,2.90999999999999980904e-01,4.30600000000000038280e-01,
2.50000000000000000000e+00,7.00000000000000000000e+00,2.40000000000000000000e+01,5.53000000000000047073e-01,2.86999999999999977351e-01,4.30600000000000038280e-01,
2.50000000000000000000e+00,8.00000000000000000000e+00,2.00000000000000000000e+00,3.23599999999999998757e-01,3.16900000000000015010e-01,5.90999999999999969802e-01,
2.50000000000000000000e+00,8.00000000000000000000e+00,4.00000000000000000000e+00,3.45999999999999974243e-01,3.17699999999999982414e-01,5.90999999999999969802e-01,
2.50000000000000000000e+00,8.00000000000000000000e+00,6.00000000000000000000e+00,3.67099999999999981881e-01,3.17500000000000004441e-01,5.90999999999999969802e-01,
2.50000000000000000000e+00,8.00000000000000000000e+00,8.00000000000000000000e+00,3.90000000000000013323e-01,3.17099999999999992983e-01,5.90999999999999969802e-01,
2.50000000000000000000e+00,8.00000000000000000000e+00,1.00000000000000000000e+01,4.12499999999999977796e-01,3.16000000000000003109e-01,5.90999999999999969802e-01,
2.50000000000000000000e+00,8.00000000000000000000e+00,1.20000000000000000000e+01,4.39000000000000001332e-01,3.14000000000000001332e-01,5.90999999999999969802e-01,
2.50000000000000000000e+00,8.00000000000000000000e+00,1.40000000000000000000e+01,4.60000000000000019984e-01,3.10999999999999998668e-01,5.90999999999999969802e-01,
2.50000000000000000000e+00,8.00000000000000000000e+00,1.60000000000000000000e+01,4.75999999999999978684e-01,3.07999999999999996003e-01,5.90999999999999969802e-01,
2.50000000000000000000e+00,8.00000000000000000000e+00,1.80000000000000000000e+01,4.92999999999999993783e-01,3.05999999999999994227e-01,5.90999999999999969802e-01,
2.50000000000000000000e+00,8.00000000000000000000e+00,2.00000000000000000000e+01,5.10000000000000008882e-01,3.02999999999999991562e-01,5.90999999999999969802e-01,
2.50000000000000000000e+00,9.00000000000000000000e+00,2.00000000000000000000e+00,3.22000000000000008438e-01,3.16800000000000026024e-01,7.86599999999999965894e-01,
2.50000000000000000000e+00,9.00000000000000000000e+00,4.00000000000000000000e+00,3.44499999999999972911e-01,3.17900000000000015898e-01,7.86599999999999965894e-01,
2.50000000000000000000e+00,9.00000000000000000000e+00,6.00000000000000000000e+00,3.66499999999999992450e-01,3.18300000000000027356e-01,7.86599999999999965894e-01,
2.50000000000000000000e+00,9.00000000000000000000e+00,8.00000000000000000000e+00,3.84000000000000007994e-01,3.18000000000000004885e-01,7.86599999999999965894e-01,
2.50000000000000000000e+00,9.00000000000000000000e+00,1.00000000000000000000e+01,4.06000000000000027534e-01,3.16000000000000003109e-01,7.86599999999999965894e-01,
2.50000000000000000000e+00,9.00000000000000000000e+00,1.20000000000000000000e+01,4.28999999999999992450e-01,3.14000000000000001332e-01,7.86599999999999965894e-01,
2.50000000000000000000e+00,9.00000000000000000000e+00,1.40000000000000000000e+01,4.48000000000000009326e-01,3.10999999999999998668e-01,7.86599999999999965894e-01,
2.50000000000000000000e+00,1.00000000000000000000e+01,2.00000000000000000000e+00,3.24000000000000010214e-01,3.18000000000000004885e-01,1.02569999999999983409e+00,
2.50000000000000000000e+00,1.00000000000000000000e+01,4.00000000000000000000e+00,3.44999999999999973355e-01,3.18000000000000004885e-01,1.02569999999999983409e+00,
2.50000000000000000000e+00,1.00000000000000000000e+01,6.00000000000000000000e+00,3.65999999999999992006e-01,3.18000000000000004885e-01,1.02569999999999983409e+00,
2.50000000000000000000e+00,1.00000000000000000000e+01,8.00000000000000000000e+00,3.85000000000000008882e-01,3.18000000000000004885e-01,1.02569999999999983409e+00,
5.00000000000000000000e+00,2.00000000000000011102e-01,2.00000000000000000000e+00,5.01000000000000000888e-01,2.03999999999999986899e-01,2.36999999999999988454e-01,
5.00000000000000000000e+00,2.00000000000000011102e-01,4.00000000000000000000e+00,5.56000000000000049738e-01,1.59000000000000002442e-01,2.36999999999999988454e-01,
5.00000000000000000000e+00,4.00000000000000022204e-01,2.00000000000000000000e+00,4.41000000000000003109e-01,2.55000000000000004441e-01,4.67000000000000026201e-01,
5.00000000000000000000e+00,4.00000000000000022204e-01,4.00000000000000000000e+00,4.97999999999999998224e-01,2.19000000000000000222e-01,4.67000000000000026201e-01,
5.00000000000000000000e+00,4.00000000000000022204e-01,6.00000000000000000000e+00,5.37000000000000032863e-01,1.90000000000000002220e-01,4.67000000000000026201e-01,
5.00000000000000000000e+00,4.00000000000000022204e-01,8.00000000000000000000e+00,5.74999999999999955591e-01,1.61000000000000004219e-01,4.67000000000000026201e-01,
5.00000000000000000000e+00,5.99999999999999977796e-01,2.00000000000000000000e+00,4.10999999999999976463e-01,2.74000000000000021316e-01,6.98999999999999954703e-01,
5.00000000000000000000e+00,5.99999999999999977796e-01,4.00000000000000000000e+00,4.68999999999999972466e-01,2.45999999999999996447e-01,6.98999999999999954703e-01,
5.00000000000000000000e+00,5.99999999999999977796e-01,6.00000000000000000000e+00,5.14000000000000012434e-01,2.21000000000000001998e-01,6.98999999999999954703e-01,
5.00000000000000000000e+00,5.99999999999999977796e-01,8.00000000000000000000e+00,5.51000000000000045297e-01,1.97000000000000008438e-01,6.98999999999999954703e-01,
5.00000000000000000000e+00,5.99999999999999977796e-01,1.00000000000000000000e+01,5.85999999999999965361e-01,1.75999999999999989786e-01,6.98999999999999954703e-01,
5.00000000000000000000e+00,8.00000000000000044409e-01,2.00000000000000000000e+00,3.99000000000000021316e-01,2.85999999999999976463e-01,9.42999999999999949374e-01,
5.00000000000000000000e+00,8.00000000000000044409e-01,4.00000000000000000000e+00,4.50000000000000011102e-01,2.61000000000000009770e-01,9.42999999999999949374e-01,
5.00000000000000000000e+00,8.00000000000000044409e-01,6.00000000000000000000e+00,4.95999999999999996447e-01,2.36999999999999988454e-01,9.42999999999999949374e-01,
5.00000000000000000000e+00,8.00000000000000044409e-01,8.00000000000000000000e+00,5.36000000000000031974e-01,2.13999999999999995781e-01,9.42999999999999949374e-01,
5.00000000000000000000e+00,8.00000000000000044409e-01,1.00000000000000000000e+01,5.64999999999999946709e-01,1.97000000000000008438e-01,9.42999999999999949374e-01,
5.00000000000000000000e+00,8.00000000000000044409e-01,1.20000000000000000000e+01,5.90999999999999969802e-01,1.79999999999999993339e-01,9.42999999999999949374e-01,
5.00000000000000000000e+00,1.00000000000000000000e+00,2.00000000000000000000e+00,3.90799999999999980727e-01,2.92899999999999993694e-01,1.20999999999999996447e+00,
5.00000000000000000000e+00,1.00000000000000000000e+00,4.00000000000000000000e+00,4.42000000000000003997e-01,2.72799999999999986944e-01,1.20999999999999996447e+00,
5.00000000000000000000e+00,1.00000000000000000000e+00,6.00000000000000000000e+00,4.88499999999999989786e-01,2.51500000000000001332e-01,1.20999999999999996447e+00,
5.00000000000000000000e+00,1.00000000000000000000e+00,8.00000000000000000000e+00,5.28200000000000002842e-01,2.29699999999999987521e-01,1.20999999999999996447e+00,
5.00000000000000000000e+00,1.00000000000000000000e+00,1.00000000000000000000e+01,5.60400000000000009237e-01,2.09999999999999992228e-01,1.20999999999999996447e+00,
5.00000000000000000000e+00,1.00000000000000000000e+00,1.20000000000000000000e+01,5.94999999999999973355e-01,1.86999999999999999556e-01,1.20999999999999996447e+00,
5.00000000000000000000e+00,2.00000000000000000000e+00,2.00000000000000000000e+00,3.69199999999999972644e-01,3.11099999999999987654e-01,3.12599999999999961231e-02,
5.00000000000000000000e+00,2.00000000000000000000e+00,4.00000000000000000000e+00,4.18399999999999994138e-01,3.03200000000000025047e-01,3.12599999999999961231e-02,
5.00000000000000000000e+00,2.00000000000000000000e+00,6.00000000000000000000e+00,4.64200000000000001510e-01,2.93399999999999994138e-01,3.12599999999999961231e-02,
5.00000000000000000000e+00,2.00000000000000000000e+00,8.00000000000000000000e+00,5.14299999999999979394e-01,2.80000000000000026645e-01,3.12599999999999961231e-02,
5.00000000000000000000e+00,2.00000000000000000000e+00,1.00000000000000000000e+01,5.55699999999999971756e-01,2.63299999999999978506e-01,3.12599999999999961231e-02,
5.00000000000000000000e+00,2.00000000000000000000e+00,1.20000000000000000000e+01,5.92999999999999971578e-01,2.46499999999999996891e-01,3.12599999999999961231e-02,
5.00000000000000000000e+00,2.00000000000000000000e+00,1.40000000000000000000e+01,6.30199999999999982414e-01,2.28699999999999986633e-01,3.12599999999999961231e-02,
5.00000000000000000000e+00,2.00000000000000000000e+00,1.60000000000000000000e+01,6.59000000000000030198e-01,2.11999999999999994005e-01,3.12599999999999961231e-02,
5.00000000000000000000e+00,3.00000000000000000000e+00,2.00000000000000000000e+00,3.64499999999999990674e-01,3.19000000000000005773e-01,6.55000000000000026645e-02,
5.00000000000000000000e+00,3.00000000000000000000e+00,4.00000000000000000000e+00,4.14800000000000002043e-01,3.19000000000000005773e-01,6.55000000000000026645e-02,
5.00000000000000000000e+00,3.00000000000000000000e+00,6.00000000000000000000e+00,4.59199999999999997069e-01,3.16800000000000026024e-01,6.55000000000000026645e-02,
5.00000000000000000000e+00,3.00000000000000000000e+00,8.00000000000000000000e+00,5.06399999999999961275e-01,3.11400000000000010125e-01,6.55000000000000026645e-02,
5.00000000000000000000e+00,3.00000000000000000000e+00,1.00000000000000000000e+01,5.50000000000000044409e-01,3.02400000000000002132e-01,6.55000000000000026645e-02,
5.00000000000000000000e+00,3.00000000000000000000e+00,1.20000000000000000000e+01,5.88400000000000034106e-01,2.90399999999999991473e-01,6.55000000000000026645e-02,
5.00000000000000000000e+00,3.00000000000000000000e+00,1.40000000000000000000e+01,6.20399999999999951505e-01,2.78899999999999981259e-01,6.55000000000000026645e-02,
5.00000000000000000000e+00,3.00000000000000000000e+00,1.60000000000000000000e+01,6.52000000000000023981e-01,2.66000000000000014211e-01,6.55000000000000026645e-02,
5.00000000000000000000e+00,3.00000000000000000000e+00,1.80000000000000000000e+01,6.82000000000000050626e-01,2.51000000000000000888e-01,6.55000000000000026645e-02,
5.00000000000000000000e+00,3.00000000000000000000e+00,2.00000000000000000000e+01,7.09999999999999964473e-01,2.34000000000000013545e-01,6.55000000000000026645e-02,
5.00000000000000000000e+00,4.00000000000000000000e+00,2.00000000000000000000e+00,3.50800000000000000711e-01,3.20000000000000006661e-01,1.19999999999999995559e-01,
5.00000000000000000000e+00,4.00000000000000000000e+00,4.00000000000000000000e+00,3.91600000000000003642e-01,3.22299999999999975397e-01,1.19999999999999995559e-01,
5.00000000000000000000e+00,4.00000000000000000000e+00,6.00000000000000000000e+00,4.29900000000000004352e-01,3.22599999999999997868e-01,1.19999999999999995559e-01,
5.00000000000000000000e+00,4.00000000000000000000e+00,8.00000000000000000000e+00,4.68999999999999972466e-01,3.20900000000000018563e-01,1.19999999999999995559e-01,
5.00000000000000000000e+00,4.00000000000000000000e+00,1.00000000000000000000e+01,5.04299999999999970512e-01,3.17599999999999993427e-01,1.19999999999999995559e-01,
5.00000000000000000000e+00,4.00000000000000000000e+00,1.20000000000000000000e+01,5.38499999999999978684e-01,3.12900000000000011458e-01,1.19999999999999995559e-01,
5.00000000000000000000e+00,4.00000000000000000000e+00,1.40000000000000000000e+01,5.73400000000000020783e-01,3.05700000000000027267e-01,1.19999999999999995559e-01,
5.00000000000000000000e+00,4.00000000000000000000e+00,1.60000000000000000000e+01,6.03899999999999992362e-01,2.97800000000000009148e-01,1.19999999999999995559e-01,
5.00000000000000000000e+00,4.00000000000000000000e+00,1.80000000000000000000e+01,6.32900000000000018119e-01,2.88100000000000022737e-01,1.19999999999999995559e-01,
5.00000000000000000000e+00,4.00000000000000000000e+00,2.00000000000000000000e+01,6.58000000000000029310e-01,2.78000000000000024869e-01,1.19999999999999995559e-01,
5.00000000000000000000e+00,4.00000000000000000000e+00,2.20000000000000000000e+01,6.78000000000000047073e-01,2.70000000000000017764e-01,1.19999999999999995559e-01,
5.00000000000000000000e+00,4.00000000000000000000e+00,2.40000000000000000000e+01,6.98999999999999954703e-01,2.60000000000000008882e-01,1.19999999999999995559e-01,
5.00000000000000000000e+00,5.00000000000000000000e+00,2.00000000000000000000e+00,3.39200000000000001510e-01,3.19199999999999983746e-01,1.97699999999999986855e-01,
5.00000000000000000000e+00,5.00000000000000000000e+00,4.00000000000000000000e+00,3.73999999999999999112e-01,3.22000000000000008438e-01,1.97699999999999986855e-01,
5.00000000000000000000e+00,5.00000000000000000000e+00,6.00000000000000000000e+00,4.07799999999999995826e-01,3.23799999999999976730e-01,1.97699999999999986855e-01,
5.00000000000000000000e+00,5.00000000000000000000e+00,8.00000000000000000000e+00,4.41300000000000025580e-01,3.24000000000000010214e-01,1.97699999999999986855e-01,
5.00000000000000000000e+00,5.00000000000000000000e+00,1.00000000000000000000e+01,4.74700000000000010836e-01,3.22699999999999986855e-01,1.97699999999999986855e-01,
5.00000000000000000000e+00,5.00000000000000000000e+00,1.20000000000000000000e+01,5.07099999999999995204e-01,3.19400000000000017231e-01,1.97699999999999986855e-01,
5.00000000000000000000e+00,5.00000000000000000000e+00,1.40000000000000000000e+01,5.34100000000000019185e-01,3.15800000000000025135e-01,1.97699999999999986855e-01,
5.00000000000000000000e+00,5.00000000000000000000e+00,1.60000000000000000000e+01,5.63699999999999978861e-01,3.10199999999999975753e-01,1.97699999999999986855e-01,
5.00000000000000000000e+00,5.00000000000000000000e+00,1.80000000000000000000e+01,5.91799999999999992717e-01,3.03800000000000014477e-01,1.97699999999999986855e-01,
5.00000000000000000000e+00,5.00000000000000000000e+00,2.00000000000000000000e+01,6.14199999999999968203e-01,2.96999999999999986233e-01,1.97699999999999986855e-01,
5.00000000000000000000e+00,5.00000000000000000000e+00,2.20000000000000000000e+01,6.34000000000000007994e-01,2.89999999999999980016e-01,1.97699999999999986855e-01,
5.00000000000000000000e+00,5.00000000000000000000e+00,2.40000000000000000000e+01,6.48000000000000020428e-01,2.83999999999999974687e-01,1.97699999999999986855e-01,
5.00000000000000000000e+00,5.00000000000000000000e+00,2.60000000000000000000e+01,6.62000000000000032863e-01,2.79000000000000025757e-01,1.97699999999999986855e-01,
5.00000000000000000000e+00,5.00000000000000000000e+00,2.80000000000000000000e+01,6.74000000000000043521e-01,2.74000000000000021316e-01,1.97699999999999986855e-01,
5.00000000000000000000e+00,6.00000000000000000000e+00,2.00000000000000000000e+00,3.34299999999999986056e-01,3.19000000000000005773e-01,3.00300000000000011369e-01,
5.00000000000000000000e+00,6.00000000000000000000e+00,4.00000000000000000000e+00,3.62800000000000011369e-01,3.22099999999999997424e-01,3.00300000000000011369e-01,
5.00000000000000000000e+00,6.00000000000000000000e+00,6.00000000000000000000e+00,3.92100000000000004086e-01,3.24400000000000021672e-01,3.00300000000000011369e-01,
5.00000000000000000000e+00,6.00000000000000000000e+00,8.00000000000000000000e+00,4.18700000000000016609e-01,3.25100000000000000089e-01,3.00300000000000011369e-01,
5.00000000000000000000e+00,6.00000000000000000000e+00,1.00000000000000000000e+01,4.48000000000000009326e-01,3.25000000000000011102e-01,3.00300000000000011369e-01,
5.00000000000000000000e+00,6.00000000000000000000e+00,1.20000000000000000000e+01,4.75999999999999978684e-01,3.23400000000000020783e-01,3.00300000000000011369e-01,
5.00000000000000000000e+00,6.00000000000000000000e+00,1.40000000000000000000e+01,5.02000000000000001776e-01,3.21199999999999985523e-01,3.00300000000000011369e-01,
5.00000000000000000000e+00,6.00000000000000000000e+00,1.60000000000000000000e+01,5.29699999999999948663e-01,3.17900000000000015898e-01,3.00300000000000011369e-01,
5.00000000000000000000e+00,6.00000000000000000000e+00,1.80000000000000000000e+01,5.55200000000000026823e-01,3.13800000000000023359e-01,3.00300000000000011369e-01,
5.00000000000000000000e+00,6.00000000000000000000e+00,2.00000000000000000000e+01,5.74999999999999955591e-01,3.08999999999999996891e-01,3.00300000000000011369e-01,
5.00000000000000000000e+00,6.00000000000000000000e+00,2.20000000000000000000e+01,5.92999999999999971578e-01,3.03999999999999992450e-01,3.00300000000000011369e-01,
5.00000000000000000000e+00,6.00000000000000000000e+00,2.40000000000000000000e+01,6.06999999999999984013e-01,2.98999999999999988010e-01,3.00300000000000011369e-01,
5.00000000000000000000e+00,6.00000000000000000000e+00,2.60000000000000000000e+01,6.17999999999999993783e-01,2.94999999999999984457e-01,3.00300000000000011369e-01,
5.00000000000000000000e+00,6.00000000000000000000e+00,2.80000000000000000000e+01,6.32000000000000006217e-01,2.88999999999999979128e-01,3.00300000000000011369e-01,
5.00000000000000000000e+00,6.00000000000000000000e+00,3.00000000000000000000e+01,6.43000000000000015987e-01,2.82999999999999973799e-01,3.00300000000000011369e-01,
5.00000000000000000000e+00,7.00000000000000000000e+00,2.00000000000000000000e+00,3.30600000000000004974e-01,3.19000000000000005773e-01,4.30600000000000038280e-01,
5.00000000000000000000e+00,7.00000000000000000000e+00,4.00000000000000000000e+00,3.55200000000000015721e-01,3.22199999999999986411e-01,4.30600000000000038280e-01,
5.00000000000000000000e+00,7.00000000000000000000e+00,6.00000000000000000000e+00,3.80500000000000004885e-01,3.24400000000000021672e-01,4.30600000000000038280e-01,
5.00000000000000000000e+00,7.00000000000000000000e+00,8.00000000000000000000e+00,4.06700000000000005951e-01,3.25600000000000000533e-01,4.30600000000000038280e-01,
5.00000000000000000000e+00,7.00000000000000000000e+00,1.00000000000000000000e+01,4.31999999999999995115e-01,3.26000000000000011990e-01,4.30600000000000038280e-01,
5.00000000000000000000e+00,7.00000000000000000000e+00,1.20000000000000000000e+01,4.59500000000000019540e-01,3.25199999999999989075e-01,4.30600000000000038280e-01,
5.00000000000000000000e+00,7.00000000000000000000e+00,1.40000000000000000000e+01,4.84800000000000008704e-01,3.23799999999999976730e-01,4.30600000000000038280e-01,
5.00000000000000000000e+00,7.00000000000000000000e+00,1.60000000000000000000e+01,5.10000000000000008882e-01,3.21000000000000007550e-01,4.30600000000000038280e-01,
5.00000000000000000000e+00,7.00000000000000000000e+00,1.80000000000000000000e+01,5.30000000000000026645e-01,3.18000000000000004885e-01,4.30600000000000038280e-01,
5.00000000000000000000e+00,7.00000000000000000000e+00,2.00000000000000000000e+01,5.47000000000000041744e-01,3.15000000000000002220e-01,4.30600000000000038280e-01,
5.00000000000000000000e+00,7.00000000000000000000e+00,2.20000000000000000000e+01,5.62999999999999944933e-01,3.10999999999999998668e-01,4.30600000000000038280e-01,
5.00000000000000000000e+00,7.00000000000000000000e+00,2.40000000000000000000e+01,5.79999999999999960032e-01,3.05999999999999994227e-01,4.30600000000000038280e-01,
5.00000000000000000000e+00,8.00000000000000000000e+00,2.00000000000000000000e+00,3.25400000000000022560e-01,3.18599999999999994316e-01,5.90999999999999969802e-01,
5.00000000000000000000e+00,8.00000000000000000000e+00,4.00000000000000000000e+00,3.50999999999999978684e-01,3.22400000000000019895e-01,5.90999999999999969802e-01,
5.00000000000000000000e+00,8.00000000000000000000e+00,6.00000000000000000000e+00,3.74300000000000021583e-01,3.24799999999999977618e-01,5.90999999999999969802e-01,
5.00000000000000000000e+00,8.00000000000000000000e+00,8.00000000000000000000e+00,4.00100000000000011191e-01,3.26299999999999978950e-01,5.90999999999999969802e-01,
5.00000000000000000000e+00,8.00000000000000000000e+00,1.00000000000000000000e+01,4.24899999999999999911e-01,3.27000000000000012879e-01,5.90999999999999969802e-01,
5.00000000000000000000e+00,8.00000000000000000000e+00,1.20000000000000000000e+01,4.54000000000000014655e-01,3.26000000000000011990e-01,5.90999999999999969802e-01,
5.00000000000000000000e+00,8.00000000000000000000e+00,1.40000000000000000000e+01,4.75999999999999978684e-01,3.25000000000000011102e-01,5.90999999999999969802e-01,
5.00000000000000000000e+00,8.00000000000000000000e+00,1.60000000000000000000e+01,4.93999999999999994671e-01,3.24000000000000010214e-01,5.90999999999999969802e-01,
5.00000000000000000000e+00,8.00000000000000000000e+00,1.80000000000000000000e+01,5.13000000000000011546e-01,3.22000000000000008438e-01,5.90999999999999969802e-01,
5.00000000000000000000e+00,9.00000000000000000000e+00,2.00000000000000000000e+00,3.24000000000000010214e-01,3.18799999999999972289e-01,7.86599999999999965894e-01,
5.00000000000000000000e+00,9.00000000000000000000e+00,4.00000000000000000000e+00,3.49499999999999977351e-01,3.22599999999999997868e-01,7.86599999999999965894e-01,
5.00000000000000000000e+00,9.00000000000000000000e+00,6.00000000000000000000e+00,3.73400000000000009681e-01,3.25600000000000000533e-01,7.86599999999999965894e-01,
5.00000000000000000000e+00,9.00000000000000000000e+00,8.00000000000000000000e+00,3.95000000000000017764e-01,3.26000000000000011990e-01,7.86599999999999965894e-01,
5.00000000000000000000e+00,9.00000000000000000000e+00,1.00000000000000000000e+01,4.17999999999999982681e-01,3.26000000000000011990e-01,7.86599999999999965894e-01,
5.00000000000000000000e+00,9.00000000000000000000e+00,1.20000000000000000000e+01,4.44000000000000005773e-01,3.25000000000000011102e-01,7.86599999999999965894e-01,
5.00000000000000000000e+00,1.00000000000000000000e+01,2.00000000000000000000e+00,3.26000000000000011990e-01,3.20000000000000006661e-01,1.02569999999999983409e+00,
5.00000000000000000000e+00,1.00000000000000000000e+01,4.00000000000000000000e+00,3.47999999999999976019e-01,3.22000000000000008438e-01,1.02569999999999983409e+00,
5.00000000000000000000e+00,1.00000000000000000000e+01,6.00000000000000000000e+00,3.71999999999999997335e-01,3.25000000000000011102e-01,1.02569999999999983409e+00,
5.00000000000000000000e+00,1.00000000000000000000e+01,8.00000000000000000000e+00,3.92000000000000015099e-01,3.26000000000000011990e-01,1.02569999999999983409e+00,
7.50000000000000000000e+00,2.00000000000000011102e-01,2.00000000000000000000e+00,5.43000000000000038192e-01,2.24000000000000004663e-01,2.36999999999999988454e-01,
7.50000000000000000000e+00,2.00000000000000011102e-01,4.00000000000000000000e+00,6.26000000000000000888e-01,1.77999999999999991562e-01,2.36999999999999988454e-01,
7.50000000000000000000e+00,4.00000000000000022204e-01,2.00000000000000000000e+00,4.66000000000000025313e-01,2.72000000000000019540e-01,4.67000000000000026201e-01,
7.50000000000000000000e+00,4.00000000000000022204e-01,4.00000000000000000000e+00,5.39000000000000034639e-01,2.37999999999999989342e-01,4.67000000000000026201e-01,
7.50000000000000000000e+00,4.00000000000000022204e-01,6.00000000000000000000e+00,5.87999999999999967137e-01,2.07999999999999990452e-01,4.67000000000000026201e-01,
7.50000000000000000000e+00,4.00000000000000022204e-01,8.00000000000000000000e+00,6.35000000000000008882e-01,1.75999999999999989786e-01,4.67000000000000026201e-01,
7.50000000000000000000e+00,5.99999999999999977796e-01,2.00000000000000000000e+00,4.30999999999999994227e-01,2.89999999999999980016e-01,6.98999999999999954703e-01,
7.50000000000000000000e+00,5.99999999999999977796e-01,4.00000000000000000000e+00,5.02000000000000001776e-01,2.64000000000000012434e-01,6.98999999999999954703e-01,
7.50000000000000000000e+00,5.99999999999999977796e-01,6.00000000000000000000e+00,5.58000000000000051514e-01,2.39999999999999991118e-01,6.98999999999999954703e-01,
7.50000000000000000000e+00,5.99999999999999977796e-01,8.00000000000000000000e+00,6.03999999999999981348e-01,2.13999999999999995781e-01,6.98999999999999954703e-01,
7.50000000000000000000e+00,5.99999999999999977796e-01,1.00000000000000000000e+01,6.40000000000000013323e-01,1.92000000000000003997e-01,6.98999999999999954703e-01,
7.50000000000000000000e+00,8.00000000000000044409e-01,2.00000000000000000000e+00,4.10999999999999976463e-01,2.96999999999999986233e-01,9.42999999999999949374e-01,
7.50000000000000000000e+00,8.00000000000000044409e-01,4.00000000000000000000e+00,4.76999999999999979572e-01,2.76000000000000023093e-01,9.42999999999999949374e-01,
7.50000000000000000000e+00,8.00000000000000044409e-01,6.00000000000000000000e+00,5.34000000000000030198e-01,2.55000000000000004441e-01,9.42999999999999949374e-01,
7.50000000000000000000e+00,8.00000000000000044409e-01,8.00000000000000000000e+00,5.83999999999999963585e-01,2.34000000000000013545e-01,9.42999999999999949374e-01,
7.50000000000000000000e+00,8.00000000000000044409e-01,1.00000000000000000000e+01,6.23999999999999999112e-01,2.15999999999999997558e-01,9.42999999999999949374e-01,
7.50000000000000000000e+00,8.00000000000000044409e-01,1.20000000000000000000e+01,6.60000000000000031086e-01,1.99000000000000010214e-01,9.42999999999999949374e-01,
7.50000000000000000000e+00,1.00000000000000000000e+00,2.00000000000000000000e+00,4.02000000000000023981e-01,3.03400000000000003020e-01,1.20999999999999996447e+00,
7.50000000000000000000e+00,1.00000000000000000000e+00,4.00000000000000000000e+00,4.66000000000000025313e-01,2.88800000000000001155e-01,1.20999999999999996447e+00,
7.50000000000000000000e+00,1.00000000000000000000e+00,6.00000000000000000000e+00,5.23499999999999965361e-01,2.69799999999999984279e-01,1.20999999999999996447e+00,
7.50000000000000000000e+00,1.00000000000000000000e+00,8.00000000000000000000e+00,5.72200000000000041922e-01,2.48700000000000004396e-01,1.20999999999999996447e+00,
7.50000000000000000000e+00,1.00000000000000000000e+00,1.00000000000000000000e+01,6.11099999999999976552e-01,2.29000000000000009104e-01,1.20999999999999996447e+00,
7.50000000000000000000e+00,1.00000000000000000000e+00,1.20000000000000000000e+01,6.54000000000000025757e-01,2.03999999999999986899e-01,1.20999999999999996447e+00,
7.50000000000000000000e+00,2.00000000000000000000e+00,2.00000000000000000000e+00,3.75099999999999988987e-01,3.18099999999999993872e-01,3.12599999999999961231e-02,
7.50000000000000000000e+00,2.00000000000000000000e+00,4.00000000000000000000e+00,4.33499999999999996447e-01,3.16900000000000015010e-01,3.12599999999999961231e-02,
7.50000000000000000000e+00,2.00000000000000000000e+00,6.00000000000000000000e+00,4.87499999999999988898e-01,3.12300000000000022027e-01,3.12599999999999961231e-02,
7.50000000000000000000e+00,2.00000000000000000000e+00,8.00000000000000000000e+00,5.43300000000000005151e-01,3.02700000000000024603e-01,3.12599999999999961231e-02,
7.50000000000000000000e+00,2.00000000000000000000e+00,1.00000000000000000000e+01,5.95199999999999951328e-01,2.87399999999999988809e-01,3.12599999999999961231e-02,
7.50000000000000000000e+00,2.00000000000000000000e+00,1.20000000000000000000e+01,6.39199999999999990408e-01,2.70399999999999973710e-01,3.12599999999999961231e-02,
7.50000000000000000000e+00,2.00000000000000000000e+00,1.40000000000000000000e+01,6.79100000000000036948e-01,2.52000000000000001776e-01,3.12599999999999961231e-02,
7.50000000000000000000e+00,2.00000000000000000000e+00,1.60000000000000000000e+01,7.13999999999999968026e-01,2.34000000000000013545e-01,3.12599999999999961231e-02,
7.50000000000000000000e+00,3.00000000000000000000e+00,2.00000000000000000000e+00,3.68999999999999994671e-01,3.24799999999999977618e-01,6.55000000000000026645e-02,
7.50000000000000000000e+00,3.00000000000000000000e+00,4.00000000000000000000e+00,4.23999999999999988010e-01,3.30199999999999993516e-01,6.55000000000000026645e-02,
7.50000000000000000000e+00,3.00000000000000000000e+00,6.00000000000000000000e+00,4.73799999999999998934e-01,3.31600000000000005862e-01,6.55000000000000026645e-02,
7.50000000000000000000e+00,3.00000000000000000000e+00,8.00000000000000000000e+00,5.25100000000000011191e-01,3.29699999999999993072e-01,6.55000000000000026645e-02,
7.50000000000000000000e+00,3.00000000000000000000e+00,1.00000000000000000000e+01,5.72999999999999953815e-01,3.24000000000000010214e-01,6.55000000000000026645e-02,
7.50000000000000000000e+00,3.00000000000000000000e+00,1.20000000000000000000e+01,6.15800000000000014033e-01,3.12900000000000011458e-01,6.55000000000000026645e-02,
7.50000000000000000000e+00,3.00000000000000000000e+00,1.40000000000000000000e+01,6.49199999999999999289e-01,3.01200000000000023270e-01,6.55000000000000026645e-02,
7.50000000000000000000e+00,3.00000000000000000000e+00,1.60000000000000000000e+01,6.81699999999999972644e-01,2.87200000000000010836e-01,6.55000000000000026645e-02,
7.50000000000000000000e+00,3.00000000000000000000e+00,1.80000000000000000000e+01,7.13999999999999968026e-01,2.71000000000000018652e-01,6.55000000000000026645e-02,
7.50000000000000000000e+00,3.00000000000000000000e+00,2.00000000000000000000e+01,7.46999999999999997335e-01,2.51000000000000000888e-01,6.55000000000000026645e-02,
7.50000000000000000000e+00,4.00000000000000000000e+00,2.00000000000000000000e+00,3.53800000000000003375e-01,3.23599999999999998757e-01,1.19999999999999995559e-01,
7.50000000000000000000e+00,4.00000000000000000000e+00,4.00000000000000000000e+00,3.99000000000000021316e-01,3.30000000000000015543e-01,1.19999999999999995559e-01,
7.50000000000000000000e+00,4.00000000000000000000e+00,6.00000000000000000000e+00,4.41500000000000003553e-01,3.34000000000000019096e-01,1.19999999999999995559e-01,
7.50000000000000000000e+00,4.00000000000000000000e+00,8.00000000000000000000e+00,4.84999999999999986677e-01,3.35899999999999976374e-01,1.19999999999999995559e-01,
7.50000000000000000000e+00,4.00000000000000000000e+00,1.00000000000000000000e+01,5.23499999999999965361e-01,3.35100000000000008971e-01,1.19999999999999995559e-01,
7.50000000000000000000e+00,4.00000000000000000000e+00,1.20000000000000000000e+01,5.60300000000000020250e-01,3.32100000000000006306e-01,1.19999999999999995559e-01,
7.50000000000000000000e+00,4.00000000000000000000e+00,1.40000000000000000000e+01,5.95899999999999985256e-01,3.26900000000000023892e-01,1.19999999999999995559e-01,
7.50000000000000000000e+00,4.00000000000000000000e+00,1.60000000000000000000e+01,6.26000000000000000888e-01,3.19199999999999983746e-01,1.19999999999999995559e-01,
7.50000000000000000000e+00,4.00000000000000000000e+00,1.80000000000000000000e+01,6.53800000000000047784e-01,3.09999999999999997780e-01,1.19999999999999995559e-01,
7.50000000000000000000e+00,4.00000000000000000000e+00,2.00000000000000000000e+01,6.80599999999999982769e-01,2.98800000000000010036e-01,1.19999999999999995559e-01,
7.50000000000000000000e+00,4.00000000000000000000e+00,2.20000000000000000000e+01,7.02999999999999958256e-01,2.90999999999999980904e-01,1.19999999999999995559e-01,
7.50000000000000000000e+00,4.00000000000000000000e+00,2.40000000000000000000e+01,7.25999999999999978684e-01,2.80000000000000026645e-01,1.19999999999999995559e-01,
7.50000000000000000000e+00,5.00000000000000000000e+00,2.00000000000000000000e+00,3.42500000000000026645e-01,3.22900000000000020339e-01,1.97699999999999986855e-01,
7.50000000000000000000e+00,5.00000000000000000000e+00,4.00000000000000000000e+00,3.80599999999999993872e-01,3.29400000000000026112e-01,1.97699999999999986855e-01,
7.50000000000000000000e+00,5.00000000000000000000e+00,6.00000000000000000000e+00,4.17999999999999982681e-01,3.34799999999999986500e-01,1.97699999999999986855e-01,
7.50000000000000000000e+00,5.00000000000000000000e+00,8.00000000000000000000e+00,4.56299999999999983391e-01,3.38700000000000001066e-01,1.97699999999999986855e-01,
7.50000000000000000000e+00,5.00000000000000000000e+00,1.00000000000000000000e+01,4.92700000000000026823e-01,3.39899999999999979927e-01,1.97699999999999986855e-01,
7.50000000000000000000e+00,5.00000000000000000000e+00,1.20000000000000000000e+01,5.28000000000000024869e-01,3.38899999999999979039e-01,1.97699999999999986855e-01,
7.50000000000000000000e+00,5.00000000000000000000e+00,1.40000000000000000000e+01,5.59000000000000052403e-01,3.37000000000000021760e-01,1.97699999999999986855e-01,
7.50000000000000000000e+00,5.00000000000000000000e+00,1.60000000000000000000e+01,5.90099999999999957900e-01,3.33100000000000007194e-01,1.97699999999999986855e-01,
7.50000000000000000000e+00,5.00000000000000000000e+00,1.80000000000000000000e+01,6.16099999999999980993e-01,3.27699999999999991296e-01,1.97699999999999986855e-01,
7.50000000000000000000e+00,5.00000000000000000000e+00,2.00000000000000000000e+01,6.38800000000000034461e-01,3.21599999999999996980e-01,1.97699999999999986855e-01,
7.50000000000000000000e+00,5.00000000000000000000e+00,2.20000000000000000000e+01,6.61000000000000031974e-01,3.17000000000000003997e-01,1.97699999999999986855e-01,
7.50000000000000000000e+00,5.00000000000000000000e+00,2.40000000000000000000e+01,6.80000000000000048850e-01,3.11999999999999999556e-01,1.97699999999999986855e-01,
7.50000000000000000000e+00,5.00000000000000000000e+00,2.60000000000000000000e+01,6.91999999999999948486e-01,3.06999999999999995115e-01,1.97699999999999986855e-01,
7.50000000000000000000e+00,5.00000000000000000000e+00,2.80000000000000000000e+01,7.07999999999999962697e-01,3.01999999999999990674e-01,1.97699999999999986855e-01,
7.50000000000000000000e+00,6.00000000000000000000e+00,2.00000000000000000000e+00,3.38100000000000011635e-01,3.22799999999999975842e-01,3.00300000000000011369e-01,
7.50000000000000000000e+00,6.00000000000000000000e+00,4.00000000000000000000e+00,3.69199999999999972644e-01,3.29100000000000003642e-01,3.00300000000000011369e-01,
7.50000000000000000000e+00,6.00000000000000000000e+00,6.00000000000000000000e+00,4.00000000000000022204e-01,3.34000000000000019096e-01,3.00300000000000011369e-01,
7.50000000000000000000e+00,6.00000000000000000000e+00,8.00000000000000000000e+00,4.31800000000000017142e-01,3.38299999999999989608e-01,3.00300000000000011369e-01,
7.50000000000000000000e+00,6.00000000000000000000e+00,1.00000000000000000000e+01,4.65500000000000024869e-01,3.41200000000000003286e-01,3.00300000000000011369e-01,
7.50000000000000000000e+00,6.00000000000000000000e+00,1.20000000000000000000e+01,4.96099999999999985434e-01,3.42799999999999993605e-01,3.00300000000000011369e-01,
7.50000000000000000000e+00,6.00000000000000000000e+00,1.40000000000000000000e+01,5.26499999999999968026e-01,3.43100000000000016076e-01,3.00300000000000011369e-01,
7.50000000000000000000e+00,6.00000000000000000000e+00,1.60000000000000000000e+01,5.56000000000000049738e-01,3.42000000000000026201e-01,3.00300000000000011369e-01,
7.50000000000000000000e+00,6.00000000000000000000e+00,1.80000000000000000000e+01,5.82899999999999973710e-01,3.39600000000000012967e-01,3.00300000000000011369e-01,
7.50000000000000000000e+00,6.00000000000000000000e+00,2.00000000000000000000e+01,6.02999999999999980460e-01,3.36000000000000020872e-01,3.00300000000000011369e-01,
7.50000000000000000000e+00,6.00000000000000000000e+00,2.20000000000000000000e+01,6.25000000000000000000e-01,3.33000000000000018208e-01,3.00300000000000011369e-01,
7.50000000000000000000e+00,6.00000000000000000000e+00,2.40000000000000000000e+01,6.39000000000000012434e-01,3.30000000000000015543e-01,3.00300000000000011369e-01,
7.50000000000000000000e+00,6.00000000000000000000e+00,2.60000000000000000000e+01,6.52000000000000023981e-01,3.26000000000000011990e-01,3.00300000000000011369e-01,
7.50000000000000000000e+00,6.00000000000000000000e+00,2.80000000000000000000e+01,6.67000000000000037303e-01,3.21000000000000007550e-01,3.00300000000000011369e-01,
7.50000000000000000000e+00,6.00000000000000000000e+00,3.00000000000000000000e+01,6.79000000000000047962e-01,3.16000000000000003109e-01,3.00300000000000011369e-01,
7.50000000000000000000e+00,7.00000000000000000000e+00,2.00000000000000000000e+00,3.33500000000000018652e-01,3.22000000000000008438e-01,4.30600000000000038280e-01,
7.50000000000000000000e+00,7.00000000000000000000e+00,4.00000000000000000000e+00,3.61099999999999976552e-01,3.28199999999999991740e-01,4.30600000000000038280e-01,
7.50000000000000000000e+00,7.00000000000000000000e+00,6.00000000000000000000e+00,3.88799999999999978950e-01,3.33600000000000007638e-01,4.30600000000000038280e-01,
7.50000000000000000000e+00,7.00000000000000000000e+00,8.00000000000000000000e+00,4.19599999999999972999e-01,3.38200000000000000622e-01,4.30600000000000038280e-01,
7.50000000000000000000e+00,7.00000000000000000000e+00,1.00000000000000000000e+01,4.47000000000000008438e-01,3.41299999999999992273e-01,4.30600000000000038280e-01,
7.50000000000000000000e+00,7.00000000000000000000e+00,1.20000000000000000000e+01,4.77700000000000013500e-01,3.43500000000000027534e-01,4.30600000000000038280e-01,
7.50000000000000000000e+00,7.00000000000000000000e+00,1.40000000000000000000e+01,5.05900000000000016342e-01,3.44999999999999973355e-01,4.30600000000000038280e-01,
7.50000000000000000000e+00,7.00000000000000000000e+00,1.60000000000000000000e+01,5.34100000000000019185e-01,3.45200000000000006839e-01,4.30600000000000038280e-01,
7.50000000000000000000e+00,7.00000000000000000000e+00,1.80000000000000000000e+01,5.54000000000000047962e-01,3.43000000000000027089e-01,4.30600000000000038280e-01,
7.50000000000000000000e+00,7.00000000000000000000e+00,2.00000000000000000000e+01,5.72999999999999953815e-01,3.41000000000000025313e-01,4.30600000000000038280e-01,
7.50000000000000000000e+00,7.00000000000000000000e+00,2.20000000000000000000e+01,5.91999999999999970690e-01,3.38000000000000022649e-01,4.30600000000000038280e-01,
7.50000000000000000000e+00,7.00000000000000000000e+00,2.40000000000000000000e+01,6.06999999999999984013e-01,3.35000000000000019984e-01,4.30600000000000038280e-01,
7.50000000000000000000e+00,7.00000000000000000000e+00,2.60000000000000000000e+01,6.21999999999999997335e-01,3.32000000000000017319e-01,4.30600000000000038280e-01,
7.50000000000000000000e+00,8.00000000000000000000e+00,2.00000000000000000000e+00,3.27699999999999991296e-01,3.21099999999999996536e-01,5.90999999999999969802e-01,
7.50000000000000000000e+00,8.00000000000000000000e+00,4.00000000000000000000e+00,3.56399999999999994582e-01,3.27900000000000024780e-01,5.90999999999999969802e-01,
7.50000000000000000000e+00,8.00000000000000000000e+00,6.00000000000000000000e+00,3.83000000000000007105e-01,3.33500000000000018652e-01,5.90999999999999969802e-01,
7.50000000000000000000e+00,8.00000000000000000000e+00,8.00000000000000000000e+00,4.11799999999999999378e-01,3.38500000000000023093e-01,5.90999999999999969802e-01,
7.50000000000000000000e+00,8.00000000000000000000e+00,1.00000000000000000000e+01,4.38800000000000023359e-01,3.41899999999999981704e-01,5.90999999999999969802e-01,
7.50000000000000000000e+00,8.00000000000000000000e+00,1.20000000000000000000e+01,4.69999999999999973355e-01,3.44999999999999973355e-01,5.90999999999999969802e-01,
7.50000000000000000000e+00,8.00000000000000000000e+00,1.40000000000000000000e+01,4.91999999999999992895e-01,3.43999999999999972466e-01,5.90999999999999969802e-01,
7.50000000000000000000e+00,8.00000000000000000000e+00,1.60000000000000000000e+01,5.14000000000000012434e-01,3.43999999999999972466e-01,5.90999999999999969802e-01,
7.50000000000000000000e+00,8.00000000000000000000e+00,1.80000000000000000000e+01,5.36000000000000031974e-01,3.43000000000000027089e-01,5.90999999999999969802e-01,
7.50000000000000000000e+00,8.00000000000000000000e+00,2.00000000000000000000e+01,5.53000000000000047073e-01,3.43000000000000027089e-01,5.90999999999999969802e-01,
7.50000000000000000000e+00,9.00000000000000000000e+00,2.00000000000000000000e+00,3.26299999999999978950e-01,3.21000000000000007550e-01,7.86599999999999965894e-01,
7.50000000000000000000e+00,9.00000000000000000000e+00,4.00000000000000000000e+00,3.55100000000000026734e-01,3.28299999999999980727e-01,7.86599999999999965894e-01,
7.50000000000000000000e+00,9.00000000000000000000e+00,6.00000000000000000000e+00,3.81199999999999983302e-01,3.34799999999999986500e-01,7.86599999999999965894e-01,
7.50000000000000000000e+00,9.00000000000000000000e+00,8.00000000000000000000e+00,4.06999999999999972911e-01,3.38000000000000022649e-01,7.86599999999999965894e-01,
7.50000000000000000000e+00,9.00000000000000000000e+00,1.00000000000000000000e+01,4.30999999999999994227e-01,3.40000000000000024425e-01,7.86599999999999965894e-01,
7.50000000000000000000e+00,9.00000000000000000000e+00,1.20000000000000000000e+01,4.57000000000000017319e-01,3.40000000000000024425e-01,7.86599999999999965894e-01,
7.50000000000000000000e+00,9.00000000000000000000e+00,1.40000000000000000000e+01,4.79999999999999982236e-01,3.40000000000000024425e-01,7.86599999999999965894e-01,
7.50000000000000000000e+00,1.00000000000000000000e+01,2.00000000000000000000e+00,3.29000000000000014655e-01,3.22000000000000008438e-01,1.02569999999999983409e+00,
7.50000000000000000000e+00,1.00000000000000000000e+01,4.00000000000000000000e+00,3.53999999999999981348e-01,3.29000000000000014655e-01,1.02569999999999983409e+00,
7.50000000000000000000e+00,1.00000000000000000000e+01,6.00000000000000000000e+00,3.80000000000000004441e-01,3.34000000000000019096e-01,1.02569999999999983409e+00,
7.50000000000000000000e+00,1.00000000000000000000e+01,8.00000000000000000000e+00,4.02000000000000023981e-01,3.37000000000000021760e-01,1.02569999999999983409e+00,
1.00000000000000000000e+01,2.00000000000000011102e-01,2.00000000000000000000e+00,5.91999999999999970690e-01,2.45999999999999996447e-01,2.36999999999999988454e-01,
1.00000000000000000000e+01,2.00000000000000011102e-01,4.00000000000000000000e+00,6.95999999999999952038e-01,1.98000000000000009326e-01,2.36999999999999988454e-01,
1.00000000000000000000e+01,4.00000000000000022204e-01,2.00000000000000000000e+00,4.89999999999999991118e-01,2.88999999999999979128e-01,4.67000000000000026201e-01,
1.00000000000000000000e+01,4.00000000000000022204e-01,4.00000000000000000000e+00,5.81999999999999961808e-01,2.58000000000000007105e-01,4.67000000000000026201e-01,
1.00000000000000000000e+01,4.00000000000000022204e-01,6.00000000000000000000e+00,6.49000000000000021316e-01,2.29000000000000009104e-01,4.67000000000000026201e-01,
1.00000000000000000000e+01,4.00000000000000022204e-01,8.00000000000000000000e+00,7.05999999999999960920e-01,1.96000000000000007550e-01,4.67000000000000026201e-01,
1.00000000000000000000e+01,5.99999999999999977796e-01,2.00000000000000000000e+00,4.47000000000000008438e-01,3.04999999999999993339e-01,6.98999999999999954703e-01,
1.00000000000000000000e+01,5.99999999999999977796e-01,4.00000000000000000000e+00,5.37000000000000032863e-01,2.83999999999999974687e-01,6.98999999999999954703e-01,
1.00000000000000000000e+01,5.99999999999999977796e-01,6.00000000000000000000e+00,6.04999999999999982236e-01,2.61000000000000009770e-01,6.98999999999999954703e-01,
1.00000000000000000000e+01,5.99999999999999977796e-01,8.00000000000000000000e+00,6.60000000000000031086e-01,2.34999999999999986677e-01,6.98999999999999954703e-01,
1.00000000000000000000e+01,5.99999999999999977796e-01,1.00000000000000000000e+01,7.03999999999999959144e-01,2.13999999999999995781e-01,6.98999999999999954703e-01,
1.00000000000000000000e+01,8.00000000000000044409e-01,2.00000000000000000000e+00,4.22999999999999987121e-01,3.08999999999999996891e-01,9.42999999999999949374e-01,
1.00000000000000000000e+01,8.00000000000000044409e-01,4.00000000000000000000e+00,5.08000000000000007105e-01,2.95999999999999985345e-01,9.42999999999999949374e-01,
1.00000000000000000000e+01,8.00000000000000044409e-01,6.00000000000000000000e+00,5.77999999999999958256e-01,2.80000000000000026645e-01,9.42999999999999949374e-01,
1.00000000000000000000e+01,8.00000000000000044409e-01,8.00000000000000000000e+00,6.35000000000000008882e-01,2.59000000000000007994e-01,9.42999999999999949374e-01,
1.00000000000000000000e+01,8.00000000000000044409e-01,1.00000000000000000000e+01,6.85000000000000053291e-01,2.39999999999999991118e-01,9.42999999999999949374e-01,
1.00000000000000000000e+01,8.00000000000000044409e-01,1.20000000000000000000e+01,7.24999999999999977796e-01,2.17999999999999999334e-01,9.42999999999999949374e-01,
1.00000000000000000000e+01,1.00000000000000000000e+00,2.00000000000000000000e+00,4.12800000000000000266e-01,3.15400000000000013678e-01,1.20999999999999996447e+00,
1.00000000000000000000e+01,1.00000000000000000000e+00,4.00000000000000000000e+00,4.93300000000000016254e-01,3.06800000000000017142e-01,1.20999999999999996447e+00,
1.00000000000000000000e+01,1.00000000000000000000e+00,6.00000000000000000000e+00,5.58400000000000007461e-01,2.92100000000000026290e-01,1.20999999999999996447e+00,
1.00000000000000000000e+01,1.00000000000000000000e+00,8.00000000000000000000e+00,6.17800000000000015810e-01,2.71299999999999985612e-01,1.20999999999999996447e+00,
1.00000000000000000000e+01,1.00000000000000000000e+00,1.00000000000000000000e+01,6.66100000000000025402e-01,2.49900000000000011013e-01,1.20999999999999996447e+00,
1.00000000000000000000e+01,1.00000000000000000000e+00,1.20000000000000000000e+01,7.10999999999999965361e-01,2.27000000000000007327e-01,1.20999999999999996447e+00,
1.00000000000000000000e+01,2.00000000000000000000e+00,2.00000000000000000000e+00,3.81099999999999994316e-01,3.27400000000000024336e-01,3.12599999999999961231e-02,
1.00000000000000000000e+01,2.00000000000000000000e+00,4.00000000000000000000e+00,4.48099999999999998312e-01,3.33000000000000018208e-01,3.12599999999999961231e-02,
1.00000000000000000000e+01,2.00000000000000000000e+00,6.00000000000000000000e+00,5.09499999999999952927e-01,3.33100000000000007194e-01,3.12599999999999961231e-02,
1.00000000000000000000e+01,2.00000000000000000000e+00,8.00000000000000000000e+00,5.71300000000000030020e-01,3.25900000000000023004e-01,3.12599999999999961231e-02,
1.00000000000000000000e+01,2.00000000000000000000e+00,1.00000000000000000000e+01,6.24700000000000033040e-01,3.11999999999999999556e-01,3.12599999999999961231e-02,
1.00000000000000000000e+01,2.00000000000000000000e+00,1.20000000000000000000e+01,6.73200000000000020606e-01,2.93700000000000016609e-01,3.12599999999999961231e-02,
1.00000000000000000000e+01,2.00000000000000000000e+00,1.40000000000000000000e+01,7.16500000000000025757e-01,2.73399999999999976374e-01,3.12599999999999961231e-02,
1.00000000000000000000e+01,2.00000000000000000000e+00,1.60000000000000000000e+01,7.52000000000000001776e-01,2.54000000000000003553e-01,3.12599999999999961231e-02,
1.00000000000000000000e+01,3.00000000000000000000e+00,2.00000000000000000000e+00,3.72800000000000020250e-01,3.31399999999999972378e-01,6.55000000000000026645e-02,
1.00000000000000000000e+01,3.00000000000000000000e+00,4.00000000000000000000e+00,4.30800000000000016254e-01,3.41200000000000003286e-01,6.55000000000000026645e-02,
1.00000000000000000000e+01,3.00000000000000000000e+00,6.00000000000000000000e+00,4.85399999999999998135e-01,3.46700000000000008171e-01,6.55000000000000026645e-02,
1.00000000000000000000e+01,3.00000000000000000000e+00,8.00000000000000000000e+00,5.39300000000000001599e-01,3.47700000000000009059e-01,6.55000000000000026645e-02,
1.00000000000000000000e+01,3.00000000000000000000e+00,1.00000000000000000000e+01,5.87099999999999955236e-01,3.43999999999999972466e-01,6.55000000000000026645e-02,
1.00000000000000000000e+01,3.00000000000000000000e+00,1.20000000000000000000e+01,6.32199999999999984190e-01,3.36100000000000009859e-01,6.55000000000000026645e-02,
1.00000000000000000000e+01,3.00000000000000000000e+00,1.40000000000000000000e+01,6.70300000000000006928e-01,3.24900000000000022116e-01,6.55000000000000026645e-02,
1.00000000000000000000e+01,3.00000000000000000000e+00,1.60000000000000000000e+01,7.02999999999999958256e-01,3.14000000000000001332e-01,6.55000000000000026645e-02,
1.00000000000000000000e+01,3.00000000000000000000e+00,1.80000000000000000000e+01,7.38999999999999990230e-01,3.01999999999999990674e-01,6.55000000000000026645e-02,
1.00000000000000000000e+01,3.00000000000000000000e+00,2.00000000000000000000e+01,7.78000000000000024869e-01,2.85999999999999976463e-01,6.55000000000000026645e-02,
1.00000000000000000000e+01,4.00000000000000000000e+00,2.00000000000000000000e+00,3.58200000000000018385e-01,3.29400000000000026112e-01,1.19999999999999995559e-01,
1.00000000000000000000e+01,4.00000000000000000000e+00,4.00000000000000000000e+00,4.07799999999999995826e-01,3.41200000000000003286e-01,1.19999999999999995559e-01,
1.00000000000000000000e+01,4.00000000000000000000e+00,6.00000000000000000000e+00,4.53500000000000014211e-01,3.49999999999999977796e-01,1.19999999999999995559e-01,
1.00000000000000000000e+01,4.00000000000000000000e+00,8.00000000000000000000e+00,4.99499999999999999556e-01,3.55700000000000016165e-01,1.19999999999999995559e-01,
1.00000000000000000000e+01,4.00000000000000000000e+00,1.00000000000000000000e+01,5.41799999999999948308e-01,3.57999999999999984901e-01,1.19999999999999995559e-01,
1.00000000000000000000e+01,4.00000000000000000000e+00,1.20000000000000000000e+01,5.80099999999999949019e-01,3.58800000000000007816e-01,1.19999999999999995559e-01,
1.00000000000000000000e+01,4.00000000000000000000e+00,1.40000000000000000000e+01,6.15399999999999947065e-01,3.56800000000000006040e-01,1.19999999999999995559e-01,
1.00000000000000000000e+01,4.00000000000000000000e+00,1.60000000000000000000e+01,6.40900000000000025224e-01,3.53300000000000002931e-01,1.19999999999999995559e-01,
1.00000000000000000000e+01,4.00000000000000000000e+00,1.80000000000000000000e+01,6.71000000000000040856e-01,3.47999999999999976019e-01,1.19999999999999995559e-01,
1.00000000000000000000e+01,4.00000000000000000000e+00,2.00000000000000000000e+01,6.97999999999999953815e-01,3.43999999999999972466e-01,1.19999999999999995559e-01,
1.00000000000000000000e+01,4.00000000000000000000e+00,2.20000000000000000000e+01,7.25999999999999978684e-01,3.38000000000000022649e-01,1.19999999999999995559e-01,
1.00000000000000000000e+01,4.00000000000000000000e+00,2.40000000000000000000e+01,7.56000000000000005329e-01,3.32000000000000017319e-01,1.19999999999999995559e-01,
1.00000000000000000000e+01,5.00000000000000000000e+00,2.00000000000000000000e+00,3.46499999999999974687e-01,3.27799999999999980282e-01,1.97699999999999986855e-01,
1.00000000000000000000e+01,5.00000000000000000000e+00,4.00000000000000000000e+00,3.87900000000000022560e-01,3.39799999999999990941e-01,1.97699999999999986855e-01,
1.00000000000000000000e+01,5.00000000000000000000e+00,6.00000000000000000000e+00,4.29900000000000004352e-01,3.49899999999999988809e-01,1.97699999999999986855e-01,
1.00000000000000000000e+01,5.00000000000000000000e+00,8.00000000000000000000e+00,4.71299999999999996714e-01,3.57499999999999984457e-01,1.97699999999999986855e-01,
1.00000000000000000000e+01,5.00000000000000000000e+00,1.00000000000000000000e+01,5.11299999999999976730e-01,3.62999999999999989342e-01,1.97699999999999986855e-01,
1.00000000000000000000e+01,5.00000000000000000000e+00,1.20000000000000000000e+01,5.48100000000000031619e-01,3.65999999999999992006e-01,1.97699999999999986855e-01,
1.00000000000000000000e+01,5.00000000000000000000e+00,1.40000000000000000000e+01,5.77099999999999946354e-01,3.66400000000000003464e-01,1.97699999999999986855e-01,
1.00000000000000000000e+01,5.00000000000000000000e+00,1.60000000000000000000e+01,6.03700000000000014388e-01,3.65700000000000025047e-01,1.97699999999999986855e-01,
1.00000000000000000000e+01,5.00000000000000000000e+00,1.80000000000000000000e+01,6.29700000000000037481e-01,3.64200000000000023714e-01,1.97699999999999986855e-01,
1.00000000000000000000e+01,5.00000000000000000000e+00,2.00000000000000000000e+01,6.55000000000000026645e-01,3.60999999999999987566e-01,1.97699999999999986855e-01,
1.00000000000000000000e+01,5.00000000000000000000e+00,2.20000000000000000000e+01,6.80000000000000048850e-01,3.56999999999999984013e-01,1.97699999999999986855e-01,
1.00000000000000000000e+01,5.00000000000000000000e+00,2.40000000000000000000e+01,7.01999999999999957367e-01,3.53999999999999981348e-01,1.97699999999999986855e-01,
1.00000000000000000000e+01,5.00000000000000000000e+00,2.60000000000000000000e+01,7.20999999999999974243e-01,3.49999999999999977796e-01,1.97699999999999986855e-01,
1.00000000000000000000e+01,6.00000000000000000000e+00,2.00000000000000000000e+00,3.41700000000000003730e-01,3.26799999999999979394e-01,3.00300000000000011369e-01,
1.00000000000000000000e+01,6.00000000000000000000e+00,4.00000000000000000000e+00,3.76800000000000023803e-01,3.38100000000000011635e-01,3.00300000000000011369e-01,
1.00000000000000000000e+01,6.00000000000000000000e+00,6.00000000000000000000e+00,4.10299999999999998046e-01,3.47299999999999997602e-01,3.00300000000000011369e-01,
1.00000000000000000000e+01,6.00000000000000000000e+00,8.00000000000000000000e+00,4.44900000000000017675e-01,3.54999999999999982236e-01,3.00300000000000011369e-01,
1.00000000000000000000e+01,6.00000000000000000000e+00,1.00000000000000000000e+01,4.81200000000000016609e-01,3.61899999999999999467e-01,3.00300000000000011369e-01,
1.00000000000000000000e+01,6.00000000000000000000e+00,1.20000000000000000000e+01,5.15000000000000013323e-01,3.66700000000000025935e-01,3.00300000000000011369e-01,
1.00000000000000000000e+01,6.00000000000000000000e+00,1.40000000000000000000e+01,5.46799999999999952749e-01,3.69699999999999973088e-01,3.00300000000000011369e-01,
1.00000000000000000000e+01,6.00000000000000000000e+00,1.60000000000000000000e+01,5.74100000000000054712e-01,3.71300000000000018918e-01,3.00300000000000011369e-01,
1.00000000000000000000e+01,6.00000000000000000000e+00,1.80000000000000000000e+01,6.00899999999999989697e-01,3.71999999999999997335e-01,3.00300000000000011369e-01,
1.00000000000000000000e+01,6.00000000000000000000e+00,2.00000000000000000000e+01,6.23999999999999999112e-01,3.70999999999999996447e-01,3.00300000000000011369e-01,
1.00000000000000000000e+01,6.00000000000000000000e+00,2.20000000000000000000e+01,6.46000000000000018652e-01,3.69999999999999995559e-01,3.00300000000000011369e-01,
1.00000000000000000000e+01,6.00000000000000000000e+00,2.40000000000000000000e+01,6.64000000000000034639e-01,3.69999999999999995559e-01,3.00300000000000011369e-01,
1.00000000000000000000e+01,6.00000000000000000000e+00,2.60000000000000000000e+01,6.79000000000000047962e-01,3.68999999999999994671e-01,3.00300000000000011369e-01,
1.00000000000000000000e+01,6.00000000000000000000e+00,2.80000000000000000000e+01,6.95999999999999952038e-01,3.67999999999999993783e-01,3.00300000000000011369e-01,
1.00000000000000000000e+01,6.00000000000000000000e+00,3.00000000000000000000e+01,7.13999999999999968026e-01,3.64999999999999991118e-01,3.00300000000000011369e-01,
1.00000000000000000000e+01,7.00000000000000000000e+00,2.00000000000000000000e+00,3.36000000000000020872e-01,3.25299999999999978062e-01,4.30600000000000038280e-01,
1.00000000000000000000e+01,7.00000000000000000000e+00,4.00000000000000000000e+00,3.67099999999999981881e-01,3.36000000000000020872e-01,4.30600000000000038280e-01,
1.00000000000000000000e+01,7.00000000000000000000e+00,6.00000000000000000000e+00,3.98399999999999976374e-01,3.45200000000000006839e-01,4.30600000000000038280e-01,
1.00000000000000000000e+01,7.00000000000000000000e+00,8.00000000000000000000e+00,4.30800000000000016254e-01,3.53300000000000002931e-01,4.30600000000000038280e-01,
1.00000000000000000000e+01,7.00000000000000000000e+00,1.00000000000000000000e+01,4.60000000000000019984e-01,3.59599999999999975220e-01,4.30600000000000038280e-01,
1.00000000000000000000e+01,7.00000000000000000000e+00,1.20000000000000000000e+01,4.92999999999999993783e-01,3.65900000000000003020e-01,4.30600000000000038280e-01,
1.00000000000000000000e+01,7.00000000000000000000e+00,1.40000000000000000000e+01,5.23399999999999976374e-01,3.69999999999999995559e-01,4.30600000000000038280e-01,
1.00000000000000000000e+01,7.00000000000000000000e+00,1.60000000000000000000e+01,5.51899999999999946176e-01,3.72900000000000009237e-01,4.30600000000000038280e-01,
1.00000000000000000000e+01,7.00000000000000000000e+00,1.80000000000000000000e+01,5.70999999999999952038e-01,3.72999999999999998224e-01,4.30600000000000038280e-01,
1.00000000000000000000e+01,7.00000000000000000000e+00,2.00000000000000000000e+01,5.91999999999999970690e-01,3.73999999999999999112e-01,4.30600000000000038280e-01,
1.00000000000000000000e+01,7.00000000000000000000e+00,2.20000000000000000000e+01,6.13999999999999990230e-01,3.73999999999999999112e-01,4.30600000000000038280e-01,
1.00000000000000000000e+01,7.00000000000000000000e+00,2.40000000000000000000e+01,6.30000000000000004441e-01,3.71999999999999997335e-01,4.30600000000000038280e-01,
1.00000000000000000000e+01,7.00000000000000000000e+00,2.60000000000000000000e+01,6.47000000000000019540e-01,3.68999999999999994671e-01,4.30600000000000038280e-01,
1.00000000000000000000e+01,8.00000000000000000000e+00,2.00000000000000000000e+00,3.30100000000000004530e-01,3.23699999999999987743e-01,5.90999999999999969802e-01,
1.00000000000000000000e+01,8.00000000000000000000e+00,4.00000000000000000000e+00,3.62099999999999977440e-01,3.34899999999999975486e-01,5.90999999999999969802e-01,
1.00000000000000000000e+01,8.00000000000000000000e+00,6.00000000000000000000e+00,3.91000000000000014211e-01,3.44200000000000005951e-01,5.90999999999999969802e-01,
1.00000000000000000000e+01,8.00000000000000000000e+00,8.00000000000000000000e+00,4.21200000000000018829e-01,3.52600000000000024514e-01,5.90999999999999969802e-01,
1.00000000000000000000e+01,8.00000000000000000000e+00,1.00000000000000000000e+01,4.49000000000000010214e-01,3.58899999999999996803e-01,5.90999999999999969802e-01,
1.00000000000000000000e+01,8.00000000000000000000e+00,1.20000000000000000000e+01,4.80999999999999983125e-01,3.64999999999999991118e-01,5.90999999999999969802e-01,
1.00000000000000000000e+01,8.00000000000000000000e+00,1.40000000000000000000e+01,5.07000000000000006217e-01,3.68999999999999994671e-01,5.90999999999999969802e-01,
1.00000000000000000000e+01,8.00000000000000000000e+00,1.60000000000000000000e+01,5.29000000000000025757e-01,3.70999999999999996447e-01,5.90999999999999969802e-01,
1.00000000000000000000e+01,8.00000000000000000000e+00,1.80000000000000000000e+01,5.51000000000000045297e-01,3.73999999999999999112e-01,5.90999999999999969802e-01,
1.00000000000000000000e+01,8.00000000000000000000e+00,2.00000000000000000000e+01,5.68999999999999950262e-01,3.73999999999999999112e-01,5.90999999999999969802e-01,
1.00000000000000000000e+01,8.00000000000000000000e+00,2.20000000000000000000e+01,5.87999999999999967137e-01,3.75000000000000000000e-01,5.90999999999999969802e-01,
1.00000000000000000000e+01,8.00000000000000000000e+00,2.40000000000000000000e+01,6.06999999999999984013e-01,3.75000000000000000000e-01,5.90999999999999969802e-01,
1.00000000000000000000e+01,8.00000000000000000000e+00,2.60000000000000000000e+01,6.25000000000000000000e-01,3.75000000000000000000e-01,5.90999999999999969802e-01,
1.00000000000000000000e+01,9.00000000000000000000e+00,2.00000000000000000000e+00,3.28400000000000025224e-01,3.23299999999999976286e-01,7.86599999999999965894e-01,
1.00000000000000000000e+01,9.00000000000000000000e+00,4.00000000000000000000e+00,3.59999999999999986677e-01,3.34799999999999986500e-01,7.86599999999999965894e-01,
1.00000000000000000000e+01,9.00000000000000000000e+00,6.00000000000000000000e+00,3.88000000000000011546e-01,3.43899999999999983480e-01,7.86599999999999965894e-01,
1.00000000000000000000e+01,9.00000000000000000000e+00,8.00000000000000000000e+00,4.15999999999999980904e-01,3.49999999999999977796e-01,7.86599999999999965894e-01,
1.00000000000000000000e+01,9.00000000000000000000e+00,1.00000000000000000000e+01,4.41000000000000003109e-01,3.55999999999999983125e-01,7.86599999999999965894e-01,
1.00000000000000000000e+01,9.00000000000000000000e+00,1.20000000000000000000e+01,4.65000000000000024425e-01,3.60999999999999987566e-01,7.86599999999999965894e-01,
1.00000000000000000000e+01,9.00000000000000000000e+00,1.40000000000000000000e+01,4.89999999999999991118e-01,3.63999999999999990230e-01,7.86599999999999965894e-01,
1.00000000000000000000e+01,9.00000000000000000000e+00,1.60000000000000000000e+01,5.10000000000000008882e-01,3.67999999999999993783e-01,7.86599999999999965894e-01,
1.00000000000000000000e+01,1.00000000000000000000e+01,2.00000000000000000000e+00,3.32000000000000017319e-01,3.26000000000000011990e-01,1.02569999999999983409e+00,
1.00000000000000000000e+01,1.00000000000000000000e+01,4.00000000000000000000e+00,3.58999999999999985789e-01,3.36000000000000020872e-01,1.02569999999999983409e+00,
1.00000000000000000000e+01,1.00000000000000000000e+01,6.00000000000000000000e+00,3.86000000000000009770e-01,3.43999999999999972466e-01,1.02569999999999983409e+00,
1.00000000000000000000e+01,1.00000000000000000000e+01,8.00000000000000000000e+00,4.10999999999999976463e-01,3.48999999999999976907e-01,1.02569999999999983409e+00,
1.25000000000000000000e+01,2.00000000000000011102e-01,2.00000000000000000000e+00,6.79000000000000047962e-01,2.89999999999999980016e-01,2.36999999999999988454e-01,
1.25000000000000000000e+01,2.00000000000000011102e-01,4.00000000000000000000e+00,8.42999999999999971578e-01,2.44999999999999995559e-01,2.36999999999999988454e-01,
1.25000000000000000000e+01,4.00000000000000022204e-01,2.00000000000000000000e+00,5.34000000000000030198e-01,3.24000000000000010214e-01,4.67000000000000026201e-01,
1.25000000000000000000e+01,4.00000000000000022204e-01,4.00000000000000000000e+00,6.65000000000000035527e-01,2.97999999999999987121e-01,4.67000000000000026201e-01,
1.25000000000000000000e+01,4.00000000000000022204e-01,6.00000000000000000000e+00,7.55000000000000004441e-01,2.70000000000000017764e-01,4.67000000000000026201e-01,
1.25000000000000000000e+01,4.00000000000000022204e-01,8.00000000000000000000e+00,8.43999999999999972466e-01,2.40999999999999992006e-01,4.67000000000000026201e-01,
1.25000000000000000000e+01,5.99999999999999977796e-01,2.00000000000000000000e+00,4.73999999999999976907e-01,3.32000000000000017319e-01,6.98999999999999954703e-01,
1.25000000000000000000e+01,5.99999999999999977796e-01,4.00000000000000000000e+00,6.02999999999999980460e-01,3.22000000000000008438e-01,6.98999999999999954703e-01,
1.25000000000000000000e+01,5.99999999999999977796e-01,6.00000000000000000000e+00,6.92999999999999949374e-01,3.02999999999999991562e-01,6.98999999999999954703e-01,
1.25000000000000000000e+01,5.99999999999999977796e-01,8.00000000000000000000e+00,7.87000000000000032863e-01,2.81999999999999972911e-01,6.98999999999999954703e-01,
1.25000000000000000000e+01,5.99999999999999977796e-01,1.00000000000000000000e+01,8.45999999999999974243e-01,2.66000000000000014211e-01,6.98999999999999954703e-01,
1.25000000000000000000e+01,8.00000000000000044409e-01,2.00000000000000000000e+00,4.45000000000000006661e-01,3.33000000000000018208e-01,9.42999999999999949374e-01,
1.25000000000000000000e+01,8.00000000000000044409e-01,4.00000000000000000000e+00,5.58000000000000051514e-01,3.30000000000000015543e-01,9.42999999999999949374e-01,
1.25000000000000000000e+01,8.00000000000000044409e-01,6.00000000000000000000e+00,6.37000000000000010658e-01,3.20000000000000006661e-01,9.42999999999999949374e-01,
1.25000000000000000000e+01,8.00000000000000044409e-01,8.00000000000000000000e+00,7.14999999999999968914e-01,3.05999999999999994227e-01,9.42999999999999949374e-01,
1.25000000000000000000e+01,8.00000000000000044409e-01,1.00000000000000000000e+01,8.02000000000000046185e-01,2.87999999999999978240e-01,9.42999999999999949374e-01,
1.25000000000000000000e+01,8.00000000000000044409e-01,1.20000000000000000000e+01,8.75000000000000000000e-01,2.73000000000000020428e-01,9.42999999999999949374e-01,
1.25000000000000000000e+01,1.00000000000000000000e+00,2.00000000000000000000e+00,4.25800000000000011813e-01,3.34399999999999975042e-01,1.20999999999999996447e+00,
1.25000000000000000000e+01,1.00000000000000000000e+00,4.00000000000000000000e+00,5.31100000000000016520e-01,3.37100000000000010747e-01,1.20999999999999996447e+00,
1.25000000000000000000e+01,1.00000000000000000000e+00,6.00000000000000000000e+00,6.04800000000000004263e-01,3.27000000000000012879e-01,1.20999999999999996447e+00,
1.25000000000000000000e+01,1.00000000000000000000e+00,8.00000000000000000000e+00,6.72100000000000030731e-01,3.05800000000000016254e-01,1.20999999999999996447e+00,
1.25000000000000000000e+01,1.00000000000000000000e+00,1.00000000000000000000e+01,7.26999999999999979572e-01,2.79000000000000025757e-01,1.20999999999999996447e+00,
1.25000000000000000000e+01,1.00000000000000000000e+00,1.20000000000000000000e+01,7.78000000000000024869e-01,2.47999999999999998224e-01,1.20999999999999996447e+00,
1.25000000000000000000e+01,2.00000000000000000000e+00,2.00000000000000000000e+00,3.85199999999999986855e-01,3.36500000000000021316e-01,3.12599999999999961231e-02,
1.25000000000000000000e+01,2.00000000000000000000e+00,4.00000000000000000000e+00,4.59799999999999986500e-01,3.50800000000000000711e-01,3.12599999999999961231e-02,
1.25000000000000000000e+01,2.00000000000000000000e+00,6.00000000000000000000e+00,5.28000000000000024869e-01,3.58099999999999973888e-01,3.12599999999999961231e-02,
1.25000000000000000000e+01,2.00000000000000000000e+00,8.00000000000000000000e+00,5.99500000000000032863e-01,3.58999999999999985789e-01,3.12599999999999961231e-02,
1.25000000000000000000e+01,2.00000000000000000000e+00,1.00000000000000000000e+01,6.59000000000000030198e-01,3.49999999999999977796e-01,3.12599999999999961231e-02,
1.25000000000000000000e+01,2.00000000000000000000e+00,1.20000000000000000000e+01,7.17999999999999971578e-01,3.40000000000000024425e-01,3.12599999999999961231e-02,
1.25000000000000000000e+01,2.00000000000000000000e+00,1.40000000000000000000e+01,7.79000000000000025757e-01,3.23000000000000009326e-01,3.12599999999999961231e-02,
1.25000000000000000000e+01,2.00000000000000000000e+00,1.60000000000000000000e+01,8.23999999999999954703e-01,3.08999999999999996891e-01,3.12599999999999961231e-02,
1.25000000000000000000e+01,3.00000000000000000000e+00,2.00000000000000000000e+00,3.75699999999999978417e-01,3.39100000000000012523e-01,6.55000000000000026645e-02,
1.25000000000000000000e+01,3.00000000000000000000e+00,4.00000000000000000000e+00,4.35999999999999998668e-01,3.56300000000000005596e-01,6.55000000000000026645e-02,
1.25000000000000000000e+01,3.00000000000000000000e+00,6.00000000000000000000e+00,4.95400000000000007017e-01,3.69199999999999972644e-01,6.55000000000000026645e-02,
1.25000000000000000000e+01,3.00000000000000000000e+00,8.00000000000000000000e+00,5.47499999999999986677e-01,3.77099999999999990763e-01,6.55000000000000026645e-02,
1.25000000000000000000e+01,3.00000000000000000000e+00,1.00000000000000000000e+01,5.94099999999999961453e-01,3.81799999999999972733e-01,6.55000000000000026645e-02,
1.25000000000000000000e+01,3.00000000000000000000e+00,1.20000000000000000000e+01,6.37000000000000010658e-01,3.81000000000000005329e-01,6.55000000000000026645e-02,
1.25000000000000000000e+01,3.00000000000000000000e+00,1.40000000000000000000e+01,6.74000000000000043521e-01,3.79000000000000003553e-01,6.55000000000000026645e-02,
1.25000000000000000000e+01,3.00000000000000000000e+00,1.60000000000000000000e+01,7.07999999999999962697e-01,3.73999999999999999112e-01,6.55000000000000026645e-02,
1.25000000000000000000e+01,4.00000000000000000000e+00,2.00000000000000000000e+00,3.62399999999999999911e-01,3.36699999999999999289e-01,1.19999999999999995559e-01,
1.25000000000000000000e+01,4.00000000000000000000e+00,4.00000000000000000000e+00,4.14100000000000023626e-01,3.53899999999999992362e-01,1.19999999999999995559e-01,
1.25000000000000000000e+01,4.00000000000000000000e+00,6.00000000000000000000e+00,4.61199999999999998845e-01,3.67400000000000004352e-01,1.19999999999999995559e-01,
1.25000000000000000000e+01,4.00000000000000000000e+00,8.00000000000000000000e+00,5.07099999999999995204e-01,3.77699999999999980194e-01,1.19999999999999995559e-01,
1.25000000000000000000e+01,4.00000000000000000000e+00,1.00000000000000000000e+01,5.47499999999999986677e-01,3.85599999999999998312e-01,1.19999999999999995559e-01,
1.25000000000000000000e+01,4.00000000000000000000e+00,1.20000000000000000000e+01,5.80899999999999971934e-01,3.91000000000000014211e-01,1.19999999999999995559e-01,
1.25000000000000000000e+01,4.00000000000000000000e+00,1.40000000000000000000e+01,6.13999999999999990230e-01,3.96000000000000018652e-01,1.19999999999999995559e-01,
1.25000000000000000000e+01,4.00000000000000000000e+00,1.60000000000000000000e+01,6.39000000000000012434e-01,4.00000000000000022204e-01,1.19999999999999995559e-01,
1.25000000000000000000e+01,4.00000000000000000000e+00,1.80000000000000000000e+01,6.69000000000000039080e-01,4.04000000000000025757e-01,1.19999999999999995559e-01,
1.25000000000000000000e+01,5.00000000000000000000e+00,2.00000000000000000000e+00,3.50600000000000022737e-01,3.33699999999999996625e-01,1.97699999999999986855e-01,
1.25000000000000000000e+01,5.00000000000000000000e+00,4.00000000000000000000e+00,3.92500000000000015543e-01,3.49399999999999988365e-01,1.97699999999999986855e-01,
1.25000000000000000000e+01,5.00000000000000000000e+00,6.00000000000000000000e+00,4.36499999999999999112e-01,3.63999999999999990230e-01,1.97699999999999986855e-01,
1.25000000000000000000e+01,5.00000000000000000000e+00,8.00000000000000000000e+00,4.79499999999999981792e-01,3.75800000000000022915e-01,1.97699999999999986855e-01,
1.25000000000000000000e+01,5.00000000000000000000e+00,1.00000000000000000000e+01,5.17499999999999960032e-01,3.84400000000000019451e-01,1.97699999999999986855e-01,
1.25000000000000000000e+01,5.00000000000000000000e+00,1.20000000000000000000e+01,5.48200000000000020606e-01,3.90900000000000025224e-01,1.97699999999999986855e-01,
1.25000000000000000000e+01,5.00000000000000000000e+00,1.40000000000000000000e+01,5.73100000000000053824e-01,3.95299999999999984723e-01,1.97699999999999986855e-01,
1.25000000000000000000e+01,5.00000000000000000000e+00,1.60000000000000000000e+01,5.93300000000000049560e-01,3.98899999999999976819e-01,1.97699999999999986855e-01,
1.25000000000000000000e+01,5.00000000000000000000e+00,1.80000000000000000000e+01,6.16999999999999992895e-01,4.02000000000000023981e-01,1.97699999999999986855e-01,
1.25000000000000000000e+01,5.00000000000000000000e+00,2.00000000000000000000e+01,6.36000000000000009770e-01,4.06000000000000027534e-01,1.97699999999999986855e-01,
1.25000000000000000000e+01,6.00000000000000000000e+00,2.00000000000000000000e+00,3.45299999999999995826e-01,3.32100000000000006306e-01,3.00300000000000011369e-01,
1.25000000000000000000e+01,6.00000000000000000000e+00,4.00000000000000000000e+00,3.80599999999999993872e-01,3.46700000000000008171e-01,3.00300000000000011369e-01,
1.25000000000000000000e+01,6.00000000000000000000e+00,6.00000000000000000000e+00,4.17999999999999982681e-01,3.59999999999999986677e-01,3.00300000000000011369e-01,
1.25000000000000000000e+01,6.00000000000000000000e+00,8.00000000000000000000e+00,4.53299999999999980727e-01,3.70800000000000018474e-01,3.00300000000000011369e-01,
1.25000000000000000000e+01,6.00000000000000000000e+00,1.00000000000000000000e+01,4.89099999999999979217e-01,3.80599999999999993872e-01,3.00300000000000011369e-01,
1.25000000000000000000e+01,6.00000000000000000000e+00,1.20000000000000000000e+01,5.21499999999999963585e-01,3.88699999999999989964e-01,3.00300000000000011369e-01,
1.25000000000000000000e+01,6.00000000000000000000e+00,1.40000000000000000000e+01,5.48799999999999954525e-01,3.94699999999999995293e-01,3.00300000000000011369e-01,
1.25000000000000000000e+01,6.00000000000000000000e+00,1.60000000000000000000e+01,5.69799999999999973177e-01,3.99000000000000021316e-01,3.00300000000000011369e-01,
1.25000000000000000000e+01,6.00000000000000000000e+00,1.80000000000000000000e+01,5.87899999999999978151e-01,4.02100000000000012967e-01,3.00300000000000011369e-01,
1.25000000000000000000e+01,6.00000000000000000000e+00,2.00000000000000000000e+01,6.03999999999999981348e-01,4.03000000000000024869e-01,3.00300000000000011369e-01,
1.25000000000000000000e+01,6.00000000000000000000e+00,2.20000000000000000000e+01,6.13999999999999990230e-01,4.06000000000000027534e-01,3.00300000000000011369e-01,
1.25000000000000000000e+01,7.00000000000000000000e+00,2.00000000000000000000e+00,3.39200000000000001510e-01,3.29799999999999982059e-01,4.30600000000000038280e-01,
1.25000000000000000000e+01,7.00000000000000000000e+00,4.00000000000000000000e+00,3.71499999999999996891e-01,3.43899999999999983480e-01,4.30600000000000038280e-01,
1.25000000000000000000e+01,7.00000000000000000000e+00,6.00000000000000000000e+00,4.05299999999999993605e-01,3.56999999999999984013e-01,4.30600000000000038280e-01,
1.25000000000000000000e+01,7.00000000000000000000e+00,8.00000000000000000000e+00,4.37099999999999988542e-01,3.67900000000000004796e-01,4.30600000000000038280e-01,
1.25000000000000000000e+01,7.00000000000000000000e+00,1.00000000000000000000e+01,4.67100000000000015188e-01,3.76800000000000023803e-01,4.30600000000000038280e-01,
1.25000000000000000000e+01,7.00000000000000000000e+00,1.20000000000000000000e+01,5.00099999999999988987e-01,3.86099999999999998757e-01,4.30600000000000038280e-01,
1.25000000000000000000e+01,7.00000000000000000000e+00,1.40000000000000000000e+01,5.29699999999999948663e-01,3.93799999999999983391e-01,4.30600000000000038280e-01,
1.25000000000000000000e+01,7.00000000000000000000e+00,1.60000000000000000000e+01,5.52200000000000024158e-01,3.98899999999999976819e-01,4.30600000000000038280e-01,
1.25000000000000000000e+01,7.00000000000000000000e+00,1.80000000000000000000e+01,5.69500000000000006217e-01,4.02399999999999979927e-01,4.30600000000000038280e-01,
1.25000000000000000000e+01,7.00000000000000000000e+00,2.00000000000000000000e+01,5.82400000000000028777e-01,4.04600000000000015188e-01,4.30600000000000038280e-01,
1.25000000000000000000e+01,7.00000000000000000000e+00,2.20000000000000000000e+01,5.93999999999999972466e-01,4.06999999999999972911e-01,4.30600000000000038280e-01,
1.25000000000000000000e+01,7.00000000000000000000e+00,2.40000000000000000000e+01,6.01999999999999979572e-01,4.08999999999999974687e-01,4.30600000000000038280e-01,
1.25000000000000000000e+01,8.00000000000000000000e+00,2.00000000000000000000e+00,3.33399999999999974154e-01,3.27600000000000002309e-01,5.90999999999999969802e-01,
1.25000000000000000000e+01,8.00000000000000000000e+00,4.00000000000000000000e+00,3.66700000000000025935e-01,3.42899999999999982592e-01,5.90999999999999969802e-01,
1.25000000000000000000e+01,8.00000000000000000000e+00,6.00000000000000000000e+00,3.96000000000000018652e-01,3.54700000000000015277e-01,5.90999999999999969802e-01,
1.25000000000000000000e+01,8.00000000000000000000e+00,8.00000000000000000000e+00,4.27499999999999991118e-01,3.66200000000000025491e-01,5.90999999999999969802e-01,
1.25000000000000000000e+01,8.00000000000000000000e+00,1.00000000000000000000e+01,4.55199999999999993516e-01,3.76099999999999989875e-01,5.90999999999999969802e-01,
1.25000000000000000000e+01,8.00000000000000000000e+00,1.20000000000000000000e+01,4.85200000000000020162e-01,3.84699999999999986411e-01,5.90999999999999969802e-01,
1.25000000000000000000e+01,8.00000000000000000000e+00,1.40000000000000000000e+01,5.13000000000000011546e-01,3.91000000000000014211e-01,5.90999999999999969802e-01,
1.25000000000000000000e+01,8.00000000000000000000e+00,1.60000000000000000000e+01,5.33000000000000029310e-01,3.96000000000000018652e-01,5.90999999999999969802e-01,
1.25000000000000000000e+01,8.00000000000000000000e+00,1.80000000000000000000e+01,5.51000000000000045297e-01,3.99000000000000021316e-01,5.90999999999999969802e-01,
1.25000000000000000000e+01,8.00000000000000000000e+00,2.00000000000000000000e+01,5.65999999999999947597e-01,4.02000000000000023981e-01,5.90999999999999969802e-01,
1.25000000000000000000e+01,8.00000000000000000000e+00,2.20000000000000000000e+01,5.79999999999999960032e-01,4.03000000000000024869e-01,5.90999999999999969802e-01,
1.25000000000000000000e+01,8.00000000000000000000e+00,2.40000000000000000000e+01,5.91999999999999970690e-01,4.04000000000000025757e-01,5.90999999999999969802e-01,
1.25000000000000000000e+01,8.00000000000000000000e+00,2.60000000000000000000e+01,6.01999999999999979572e-01,4.05000000000000026645e-01,5.90999999999999969802e-01,
1.25000000000000000000e+01,9.00000000000000000000e+00,2.00000000000000000000e+00,3.32000000000000017319e-01,3.27299999999999979838e-01,7.86599999999999965894e-01,
1.25000000000000000000e+01,9.00000000000000000000e+00,4.00000000000000000000e+00,3.64099999999999979217e-01,3.42200000000000004174e-01,7.86599999999999965894e-01,
1.25000000000000000000e+01,9.00000000000000000000e+00,6.00000000000000000000e+00,3.92699999999999993516e-01,3.54999999999999982236e-01,7.86599999999999965894e-01,
1.25000000000000000000e+01,9.00000000000000000000e+00,8.00000000000000000000e+00,4.21999999999999986233e-01,3.64999999999999991118e-01,7.86599999999999965894e-01,
1.25000000000000000000e+01,9.00000000000000000000e+00,1.00000000000000000000e+01,4.46000000000000007550e-01,3.72999999999999998224e-01,7.86599999999999965894e-01,
1.25000000000000000000e+01,9.00000000000000000000e+00,1.20000000000000000000e+01,4.68999999999999972466e-01,3.80000000000000004441e-01,7.86599999999999965894e-01,
1.25000000000000000000e+01,9.00000000000000000000e+00,1.40000000000000000000e+01,4.91999999999999992895e-01,3.87000000000000010658e-01,7.86599999999999965894e-01,
1.25000000000000000000e+01,9.00000000000000000000e+00,1.60000000000000000000e+01,5.13000000000000011546e-01,3.92000000000000015099e-01,7.86599999999999965894e-01,
1.25000000000000000000e+01,9.00000000000000000000e+00,1.80000000000000000000e+01,5.32000000000000028422e-01,3.96000000000000018652e-01,7.86599999999999965894e-01,
1.25000000000000000000e+01,1.00000000000000000000e+01,2.00000000000000000000e+00,3.34000000000000019096e-01,3.29000000000000014655e-01,1.02569999999999983409e+00,
1.25000000000000000000e+01,1.00000000000000000000e+01,4.00000000000000000000e+00,3.61999999999999988454e-01,3.42000000000000026201e-01,1.02569999999999983409e+00,
1.25000000000000000000e+01,1.00000000000000000000e+01,6.00000000000000000000e+00,3.89000000000000012434e-01,3.53999999999999981348e-01,1.02569999999999983409e+00,
1.25000000000000000000e+01,1.00000000000000000000e+01,8.00000000000000000000e+00,4.14999999999999980016e-01,3.62999999999999989342e-01,1.02569999999999983409e+00,
1.50000000000000000000e+01,2.00000000000000011102e-01,2.00000000000000000000e+00,8.36999999999999966249e-01,3.75000000000000000000e-01,2.36999999999999988454e-01,
1.50000000000000000000e+01,2.00000000000000011102e-01,4.00000000000000000000e+00,1.17399999999999993250e+00,3.54999999999999982236e-01,2.36999999999999988454e-01,
1.50000000000000000000e+01,4.00000000000000022204e-01,2.00000000000000000000e+00,5.84999999999999964473e-01,3.66999999999999992895e-01,4.67000000000000026201e-01,
1.50000000000000000000e+01,4.00000000000000022204e-01,4.00000000000000000000e+00,7.75000000000000022204e-01,3.61999999999999988454e-01,4.67000000000000026201e-01,
1.50000000000000000000e+01,4.00000000000000022204e-01,6.00000000000000000000e+00,8.89000000000000012434e-01,3.43999999999999972466e-01,4.67000000000000026201e-01,
1.50000000000000000000e+01,5.99999999999999977796e-01,2.00000000000000000000e+00,5.05000000000000004441e-01,3.66999999999999992895e-01,6.98999999999999954703e-01,
1.50000000000000000000e+01,5.99999999999999977796e-01,4.00000000000000000000e+00,6.73000000000000042633e-01,3.70999999999999996447e-01,6.98999999999999954703e-01,
1.50000000000000000000e+01,5.99999999999999977796e-01,6.00000000000000000000e+00,8.05000000000000048850e-01,3.61999999999999988454e-01,6.98999999999999954703e-01,
1.50000000000000000000e+01,5.99999999999999977796e-01,8.00000000000000000000e+00,9.30000000000000048850e-01,3.46999999999999975131e-01,6.98999999999999954703e-01,
1.50000000000000000000e+01,8.00000000000000044409e-01,2.00000000000000000000e+00,4.63000000000000022649e-01,3.60999999999999987566e-01,9.42999999999999949374e-01,
1.50000000000000000000e+01,8.00000000000000044409e-01,4.00000000000000000000e+00,6.11999999999999988454e-01,3.76000000000000000888e-01,9.42999999999999949374e-01,
1.50000000000000000000e+01,8.00000000000000044409e-01,6.00000000000000000000e+00,7.20999999999999974243e-01,3.76000000000000000888e-01,9.42999999999999949374e-01,
1.50000000000000000000e+01,8.00000000000000044409e-01,8.00000000000000000000e+00,8.25999999999999956479e-01,3.71999999999999997335e-01,9.42999999999999949374e-01,
1.50000000000000000000e+01,1.00000000000000000000e+00,2.00000000000000000000e+00,4.37699999999999977973e-01,3.57999999999999984901e-01,1.20999999999999996447e+00,
1.50000000000000000000e+01,1.00000000000000000000e+00,4.00000000000000000000e+00,5.65999999999999947597e-01,3.79500000000000003997e-01,1.20999999999999996447e+00,
1.50000000000000000000e+01,1.00000000000000000000e+00,6.00000000000000000000e+00,6.56000000000000027534e-01,3.84000000000000007994e-01,1.20999999999999996447e+00,
1.50000000000000000000e+01,1.00000000000000000000e+00,8.00000000000000000000e+00,7.35999999999999987566e-01,3.85000000000000008882e-01,1.20999999999999996447e+00,
1.50000000000000000000e+01,1.00000000000000000000e+00,1.00000000000000000000e+01,8.28999999999999959144e-01,3.85000000000000008882e-01,1.20999999999999996447e+00,
1.50000000000000000000e+01,2.00000000000000000000e+00,2.00000000000000000000e+00,3.88000000000000011546e-01,3.47600000000000020073e-01,3.12599999999999961231e-02,
1.50000000000000000000e+01,2.00000000000000000000e+00,4.00000000000000000000e+00,4.67399999999999982148e-01,3.73800000000000021139e-01,3.12599999999999961231e-02,
1.50000000000000000000e+01,2.00000000000000000000e+00,6.00000000000000000000e+00,5.42599999999999971223e-01,3.92500000000000015543e-01,3.12599999999999961231e-02,
1.50000000000000000000e+01,2.00000000000000000000e+00,8.00000000000000000000e+00,6.19999999999999995559e-01,4.06000000000000027534e-01,3.12599999999999961231e-02,
1.50000000000000000000e+01,2.00000000000000000000e+00,1.00000000000000000000e+01,6.84000000000000052403e-01,4.14999999999999980016e-01,3.12599999999999961231e-02,
1.50000000000000000000e+01,3.00000000000000000000e+00,2.00000000000000000000e+00,3.77099999999999990763e-01,3.47600000000000020073e-01,6.55000000000000026645e-02,
1.50000000000000000000e+01,3.00000000000000000000e+00,4.00000000000000000000e+00,4.37599999999999988987e-01,3.71499999999999996891e-01,6.55000000000000026645e-02,
1.50000000000000000000e+01,3.00000000000000000000e+00,6.00000000000000000000e+00,4.96599999999999985878e-01,3.90799999999999980727e-01,6.55000000000000026645e-02,
1.50000000000000000000e+01,3.00000000000000000000e+00,8.00000000000000000000e+00,5.45599999999999973888e-01,4.04000000000000025757e-01,6.55000000000000026645e-02,
1.50000000000000000000e+01,3.00000000000000000000e+00,1.00000000000000000000e+01,5.89999999999999968914e-01,4.13999999999999979128e-01,6.55000000000000026645e-02,
1.50000000000000000000e+01,3.00000000000000000000e+00,1.20000000000000000000e+01,6.29000000000000003553e-01,4.22999999999999987121e-01,6.55000000000000026645e-02,
1.50000000000000000000e+01,4.00000000000000000000e+00,2.00000000000000000000e+00,3.65099999999999980105e-01,3.44200000000000005951e-01,1.19999999999999995559e-01,
1.50000000000000000000e+01,4.00000000000000000000e+00,4.00000000000000000000e+00,4.18700000000000016609e-01,3.67900000000000004796e-01,1.19999999999999995559e-01,
1.50000000000000000000e+01,4.00000000000000000000e+00,6.00000000000000000000e+00,4.65100000000000013411e-01,3.85900000000000020783e-01,1.19999999999999995559e-01,
1.50000000000000000000e+01,4.00000000000000000000e+00,8.00000000000000000000e+00,5.07000000000000006217e-01,3.99399999999999977263e-01,1.19999999999999995559e-01,
1.50000000000000000000e+01,4.00000000000000000000e+00,1.00000000000000000000e+01,5.43200000000000016165e-01,4.09700000000000008615e-01,1.19999999999999995559e-01,
1.50000000000000000000e+01,4.00000000000000000000e+00,1.20000000000000000000e+01,5.72899999999999964828e-01,4.16899999999999992806e-01,1.19999999999999995559e-01,
1.50000000000000000000e+01,4.00000000000000000000e+00,1.40000000000000000000e+01,6.02999999999999980460e-01,4.22999999999999987121e-01,1.19999999999999995559e-01,
1.50000000000000000000e+01,5.00000000000000000000e+00,2.00000000000000000000e+00,3.52999999999999980460e-01,3.39500000000000023981e-01,1.97699999999999986855e-01,
1.50000000000000000000e+01,5.00000000000000000000e+00,4.00000000000000000000e+00,3.96799999999999986056e-01,3.61399999999999999023e-01,1.97699999999999986855e-01,
1.50000000000000000000e+01,5.00000000000000000000e+00,6.00000000000000000000e+00,4.42000000000000003997e-01,3.80800000000000027356e-01,1.97699999999999986855e-01,
1.50000000000000000000e+01,5.00000000000000000000e+00,8.00000000000000000000e+00,4.82999999999999984901e-01,3.96000000000000018652e-01,1.97699999999999986855e-01,
1.50000000000000000000e+01,5.00000000000000000000e+00,1.00000000000000000000e+01,5.16100000000000003197e-01,4.06399999999999983480e-01,1.97699999999999986855e-01,
1.50000000000000000000e+01,5.00000000000000000000e+00,1.20000000000000000000e+01,5.42200000000000015277e-01,4.14100000000000023626e-01,1.97699999999999986855e-01,
1.50000000000000000000e+01,5.00000000000000000000e+00,1.40000000000000000000e+01,5.64200000000000034817e-01,4.20099999999999973443e-01,1.97699999999999986855e-01,
1.50000000000000000000e+01,5.00000000000000000000e+00,1.60000000000000000000e+01,5.83999999999999963585e-01,4.24999999999999988898e-01,1.97699999999999986855e-01,
1.50000000000000000000e+01,5.00000000000000000000e+00,1.80000000000000000000e+01,6.00999999999999978684e-01,4.28999999999999992450e-01,1.97699999999999986855e-01,
1.50000000000000000000e+01,6.00000000000000000000e+00,2.00000000000000000000e+00,3.47399999999999986589e-01,3.37299999999999988720e-01,3.00300000000000011369e-01,
1.50000000000000000000e+01,6.00000000000000000000e+00,4.00000000000000000000e+00,3.84000000000000007994e-01,3.56399999999999994582e-01,3.00300000000000011369e-01,
1.50000000000000000000e+01,6.00000000000000000000e+00,6.00000000000000000000e+00,4.22899999999999998135e-01,3.75000000000000000000e-01,3.00300000000000011369e-01,
1.50000000000000000000e+01,6.00000000000000000000e+00,8.00000000000000000000e+00,4.59199999999999997069e-01,3.90000000000000013323e-01,3.00300000000000011369e-01,
1.50000000000000000000e+01,6.00000000000000000000e+00,1.00000000000000000000e+01,4.92099999999999981881e-01,4.02200000000000001954e-01,3.00300000000000011369e-01,
1.50000000000000000000e+01,6.00000000000000000000e+00,1.20000000000000000000e+01,5.19900000000000028777e-01,4.11899999999999988365e-01,3.00300000000000011369e-01,
1.50000000000000000000e+01,6.00000000000000000000e+00,1.40000000000000000000e+01,5.42300000000000004263e-01,4.18800000000000005596e-01,3.00300000000000011369e-01,
1.50000000000000000000e+01,6.00000000000000000000e+00,1.60000000000000000000e+01,5.59699999999999975309e-01,4.23899999999999999023e-01,3.00300000000000011369e-01,
1.50000000000000000000e+01,6.00000000000000000000e+00,1.80000000000000000000e+01,5.71500000000000007994e-01,4.26999999999999990674e-01,3.00300000000000011369e-01,
1.50000000000000000000e+01,6.00000000000000000000e+00,2.00000000000000000000e+01,5.84999999999999964473e-01,4.30999999999999994227e-01,3.00300000000000011369e-01,
1.50000000000000000000e+01,7.00000000000000000000e+00,2.00000000000000000000e+00,3.42100000000000015188e-01,3.34899999999999975486e-01,4.30600000000000038280e-01,
1.50000000000000000000e+01,7.00000000000000000000e+00,4.00000000000000000000e+00,3.75000000000000000000e-01,3.52999999999999980460e-01,4.30600000000000038280e-01,
1.50000000000000000000e+01,7.00000000000000000000e+00,6.00000000000000000000e+00,4.09100000000000019185e-01,3.70099999999999984546e-01,4.30600000000000038280e-01,
1.50000000000000000000e+01,7.00000000000000000000e+00,8.00000000000000000000e+00,4.40199999999999980194e-01,3.84199999999999985967e-01,4.30600000000000038280e-01,
1.50000000000000000000e+01,7.00000000000000000000e+00,1.00000000000000000000e+01,4.71100000000000018741e-01,3.97199999999999997513e-01,4.30600000000000038280e-01,
1.50000000000000000000e+01,7.00000000000000000000e+00,1.20000000000000000000e+01,5.00700000000000033928e-01,4.08100000000000018296e-01,4.30600000000000038280e-01,
1.50000000000000000000e+01,7.00000000000000000000e+00,1.40000000000000000000e+01,5.25200000000000000178e-01,4.16800000000000003819e-01,4.30600000000000038280e-01,
1.50000000000000000000e+01,7.00000000000000000000e+00,1.60000000000000000000e+01,5.43699999999999961098e-01,4.22800000000000009148e-01,4.30600000000000038280e-01,
1.50000000000000000000e+01,7.00000000000000000000e+00,1.80000000000000000000e+01,5.56400000000000005684e-01,4.26700000000000023714e-01,4.30600000000000038280e-01,
1.50000000000000000000e+01,7.00000000000000000000e+00,2.00000000000000000000e+01,5.65699999999999980638e-01,4.29800000000000015365e-01,4.30600000000000038280e-01,
1.50000000000000000000e+01,7.00000000000000000000e+00,2.20000000000000000000e+01,5.74999999999999955591e-01,4.33999999999999996891e-01,4.30600000000000038280e-01,
1.50000000000000000000e+01,8.00000000000000000000e+00,2.00000000000000000000e+00,3.37299999999999988720e-01,3.33000000000000018208e-01,5.90999999999999969802e-01,
1.50000000000000000000e+01,8.00000000000000000000e+00,4.00000000000000000000e+00,3.68999999999999994671e-01,3.50999999999999978684e-01,5.90999999999999969802e-01,
1.50000000000000000000e+01,8.00000000000000000000e+00,6.00000000000000000000e+00,3.98799999999999987832e-01,3.66300000000000014477e-01,5.90999999999999969802e-01,
1.50000000000000000000e+01,8.00000000000000000000e+00,8.00000000000000000000e+00,4.30999999999999994227e-01,3.82000000000000006217e-01,5.90999999999999969802e-01,
1.50000000000000000000e+01,8.00000000000000000000e+00,1.00000000000000000000e+01,4.57600000000000006750e-01,3.93799999999999983391e-01,5.90999999999999969802e-01,
1.50000000000000000000e+01,8.00000000000000000000e+00,1.20000000000000000000e+01,4.84899999999999997691e-01,4.05000000000000026645e-01,5.90999999999999969802e-01,
1.50000000000000000000e+01,8.00000000000000000000e+00,1.40000000000000000000e+01,5.08800000000000030020e-01,4.14499999999999979572e-01,5.90999999999999969802e-01,
1.50000000000000000000e+01,8.00000000000000000000e+00,1.60000000000000000000e+01,5.30000000000000026645e-01,4.20999999999999985345e-01,5.90999999999999969802e-01,
1.50000000000000000000e+01,8.00000000000000000000e+00,1.80000000000000000000e+01,5.42000000000000037303e-01,4.24999999999999988898e-01,5.90999999999999969802e-01,
1.50000000000000000000e+01,8.00000000000000000000e+00,2.00000000000000000000e+01,5.53000000000000047073e-01,4.26999999999999990674e-01,5.90999999999999969802e-01,
1.50000000000000000000e+01,8.00000000000000000000e+00,2.20000000000000000000e+01,5.61000000000000054179e-01,4.30999999999999994227e-01,5.90999999999999969802e-01,
1.50000000000000000000e+01,8.00000000000000000000e+00,2.40000000000000000000e+01,5.70999999999999952038e-01,4.32999999999999996003e-01,5.90999999999999969802e-01,
1.50000000000000000000e+01,8.00000000000000000000e+00,2.60000000000000000000e+01,5.77999999999999958256e-01,4.34999999999999997780e-01,5.90999999999999969802e-01,
1.50000000000000000000e+01,9.00000000000000000000e+00,2.00000000000000000000e+00,3.35299999999999986944e-01,3.32500000000000017764e-01,7.86599999999999965894e-01,
1.50000000000000000000e+01,9.00000000000000000000e+00,4.00000000000000000000e+00,3.66800000000000014921e-01,3.50899999999999989697e-01,7.86599999999999965894e-01,
1.50000000000000000000e+01,9.00000000000000000000e+00,6.00000000000000000000e+00,3.94799999999999984279e-01,3.65900000000000003020e-01,7.86599999999999965894e-01,
1.50000000000000000000e+01,9.00000000000000000000e+00,8.00000000000000000000e+00,4.21999999999999986233e-01,3.79000000000000003553e-01,7.86599999999999965894e-01,
1.50000000000000000000e+01,9.00000000000000000000e+00,1.00000000000000000000e+01,4.48000000000000009326e-01,3.90000000000000013323e-01,7.86599999999999965894e-01,
1.50000000000000000000e+01,9.00000000000000000000e+00,1.20000000000000000000e+01,4.69999999999999973355e-01,4.00000000000000022204e-01,7.86599999999999965894e-01,
1.50000000000000000000e+01,9.00000000000000000000e+00,1.40000000000000000000e+01,4.90999999999999992006e-01,4.07999999999999973799e-01,7.86599999999999965894e-01,
1.50000000000000000000e+01,9.00000000000000000000e+00,1.60000000000000000000e+01,5.10000000000000008882e-01,4.15999999999999980904e-01,7.86599999999999965894e-01,
1.50000000000000000000e+01,9.00000000000000000000e+00,1.80000000000000000000e+01,5.25000000000000022204e-01,4.20999999999999985345e-01,7.86599999999999965894e-01,
1.50000000000000000000e+01,9.00000000000000000000e+00,2.00000000000000000000e+01,5.41000000000000036415e-01,4.25999999999999989786e-01,7.86599999999999965894e-01,
1.50000000000000000000e+01,9.00000000000000000000e+00,2.20000000000000000000e+01,5.50000000000000044409e-01,4.29999999999999993339e-01,7.86599999999999965894e-01,
1.50000000000000000000e+01,9.00000000000000000000e+00,2.40000000000000000000e+01,5.59000000000000052403e-01,4.32999999999999996003e-01,7.86599999999999965894e-01,
1.50000000000000000000e+01,9.00000000000000000000e+00,2.60000000000000000000e+01,5.66999999999999948486e-01,4.34999999999999997780e-01,7.86599999999999965894e-01,
1.50000000000000000000e+01,1.00000000000000000000e+01,2.00000000000000000000e+00,3.36000000000000020872e-01,3.33000000000000018208e-01,1.02569999999999983409e+00,
1.50000000000000000000e+01,1.00000000000000000000e+01,4.00000000000000000000e+00,3.63999999999999990230e-01,3.49999999999999977796e-01,1.02569999999999983409e+00,
1.50000000000000000000e+01,1.00000000000000000000e+01,6.00000000000000000000e+00,3.91000000000000014211e-01,3.64999999999999991118e-01,1.02569999999999983409e+00,
1.50000000000000000000e+01,1.00000000000000000000e+01,8.00000000000000000000e+00,4.15999999999999980904e-01,3.78000000000000002665e-01,1.02569999999999983409e+00,
1.50000000000000000000e+01,1.00000000000000000000e+01,1.00000000000000000000e+01,4.40000000000000002220e-01,3.88000000000000011546e-01,1.02569999999999983409e+00,
1.75000000000000000000e+01,2.00000000000000011102e-01,2.00000000000000000000e+00,1.00000000000000000000e+00,4.79999999999999982236e-01,2.36999999999999988454e-01,
1.75000000000000000000e+01,4.00000000000000022204e-01,2.00000000000000000000e+00,6.38000000000000011546e-01,4.19999999999999984457e-01,4.67000000000000026201e-01,
1.75000000000000000000e+01,4.00000000000000022204e-01,4.00000000000000000000e+00,9.08000000000000029310e-01,4.52000000000000012879e-01,4.67000000000000026201e-01,
1.75000000000000000000e+01,5.99999999999999977796e-01,2.00000000000000000000e+00,5.26000000000000023093e-01,3.97000000000000019540e-01,6.98999999999999954703e-01,
1.75000000000000000000e+01,5.99999999999999977796e-01,4.00000000000000000000e+00,7.64000000000000012434e-01,4.41000000000000003109e-01,6.98999999999999954703e-01,
1.75000000000000000000e+01,8.00000000000000044409e-01,2.00000000000000000000e+00,4.74999999999999977796e-01,3.86000000000000009770e-01,9.42999999999999949374e-01,
1.75000000000000000000e+01,8.00000000000000044409e-01,4.00000000000000000000e+00,6.63000000000000033751e-01,4.29999999999999993339e-01,9.42999999999999949374e-01,
1.75000000000000000000e+01,8.00000000000000044409e-01,6.00000000000000000000e+00,8.16999999999999948486e-01,4.50000000000000011102e-01,9.42999999999999949374e-01,
1.75000000000000000000e+01,1.00000000000000000000e+00,2.00000000000000000000e+00,4.43000000000000004885e-01,3.77500000000000002220e-01,1.20999999999999996447e+00,
1.75000000000000000000e+01,1.00000000000000000000e+00,4.00000000000000000000e+00,5.84999999999999964473e-01,4.21999999999999986233e-01,1.20999999999999996447e+00,
1.75000000000000000000e+01,1.00000000000000000000e+00,6.00000000000000000000e+00,6.85000000000000053291e-01,4.42000000000000003997e-01,1.20999999999999996447e+00,
1.75000000000000000000e+01,2.00000000000000000000e+00,2.00000000000000000000e+00,3.88900000000000023448e-01,3.58999999999999985789e-01,3.12599999999999961231e-02,
1.75000000000000000000e+01,2.00000000000000000000e+00,4.00000000000000000000e+00,4.68999999999999972466e-01,3.96399999999999974598e-01,3.12599999999999961231e-02,
1.75000000000000000000e+01,2.00000000000000000000e+00,6.00000000000000000000e+00,5.47499999999999986677e-01,4.27099999999999979661e-01,3.12599999999999961231e-02,
1.75000000000000000000e+01,2.00000000000000000000e+00,8.00000000000000000000e+00,6.19999999999999995559e-01,4.56000000000000016431e-01,3.12599999999999961231e-02,
1.75000000000000000000e+01,3.00000000000000000000e+00,2.00000000000000000000e+00,3.77099999999999990763e-01,3.54899999999999993250e-01,6.55000000000000026645e-02,
1.75000000000000000000e+01,3.00000000000000000000e+00,4.00000000000000000000e+00,4.37800000000000022471e-01,3.86500000000000010214e-01,6.55000000000000026645e-02,
1.75000000000000000000e+01,3.00000000000000000000e+00,6.00000000000000000000e+00,4.92999999999999993783e-01,4.11600000000000021405e-01,6.55000000000000026645e-02,
1.75000000000000000000e+01,3.00000000000000000000e+00,8.00000000000000000000e+00,5.39000000000000034639e-01,4.30599999999999982769e-01,6.55000000000000026645e-02,
1.75000000000000000000e+01,3.00000000000000000000e+00,1.00000000000000000000e+01,5.80999999999999960920e-01,4.48000000000000009326e-01,6.55000000000000026645e-02,
1.75000000000000000000e+01,4.00000000000000000000e+00,2.00000000000000000000e+00,3.66200000000000025491e-01,3.50399999999999989253e-01,1.19999999999999995559e-01,
1.75000000000000000000e+01,4.00000000000000000000e+00,4.00000000000000000000e+00,4.20800000000000007372e-01,3.80900000000000016342e-01,1.19999999999999995559e-01,
1.75000000000000000000e+01,4.00000000000000000000e+00,6.00000000000000000000e+00,4.65500000000000024869e-01,4.02899999999999980371e-01,1.19999999999999995559e-01,
1.75000000000000000000e+01,4.00000000000000000000e+00,8.00000000000000000000e+00,5.03800000000000025580e-01,4.20399999999999995914e-01,1.19999999999999995559e-01,
1.75000000000000000000e+01,4.00000000000000000000e+00,1.00000000000000000000e+01,5.35599999999999965006e-01,4.34199999999999974865e-01,1.19999999999999995559e-01,
1.75000000000000000000e+01,4.00000000000000000000e+00,1.20000000000000000000e+01,5.59000000000000052403e-01,4.45000000000000006661e-01,1.19999999999999995559e-01,
1.75000000000000000000e+01,4.00000000000000000000e+00,1.40000000000000000000e+01,5.86999999999999966249e-01,4.56000000000000016431e-01,1.19999999999999995559e-01,
1.75000000000000000000e+01,5.00000000000000000000e+00,2.00000000000000000000e+00,3.53999999999999981348e-01,3.44499999999999972911e-01,1.97699999999999986855e-01,
1.75000000000000000000e+01,5.00000000000000000000e+00,4.00000000000000000000e+00,3.99100000000000010303e-01,3.71400000000000007905e-01,1.97699999999999986855e-01,
1.75000000000000000000e+01,5.00000000000000000000e+00,6.00000000000000000000e+00,4.44000000000000005773e-01,3.95399999999999973710e-01,1.97699999999999986855e-01,
1.75000000000000000000e+01,5.00000000000000000000e+00,8.00000000000000000000e+00,4.81999999999999984013e-01,4.14100000000000023626e-01,1.97699999999999986855e-01,
1.75000000000000000000e+01,5.00000000000000000000e+00,1.00000000000000000000e+01,5.10800000000000031797e-01,4.27599999999999980105e-01,1.97699999999999986855e-01,
1.75000000000000000000e+01,5.00000000000000000000e+00,1.20000000000000000000e+01,5.33499999999999974243e-01,4.37800000000000022471e-01,1.97699999999999986855e-01,
1.75000000000000000000e+01,5.00000000000000000000e+00,1.40000000000000000000e+01,5.50599999999999978328e-01,4.45000000000000006661e-01,1.97699999999999986855e-01,
1.75000000000000000000e+01,5.00000000000000000000e+00,1.60000000000000000000e+01,5.67999999999999949374e-01,4.53000000000000013767e-01,1.97699999999999986855e-01,
1.75000000000000000000e+01,6.00000000000000000000e+00,2.00000000000000000000e+00,3.48700000000000009948e-01,3.42100000000000015188e-01,3.00300000000000011369e-01,
1.75000000000000000000e+01,6.00000000000000000000e+00,4.00000000000000000000e+00,3.86000000000000009770e-01,3.65200000000000024603e-01,3.00300000000000011369e-01,
1.75000000000000000000e+01,6.00000000000000000000e+00,6.00000000000000000000e+00,4.24200000000000021494e-01,3.87600000000000000089e-01,3.00300000000000011369e-01,
1.75000000000000000000e+01,6.00000000000000000000e+00,8.00000000000000000000e+00,4.59600000000000008527e-01,4.06399999999999983480e-01,3.00300000000000011369e-01,
1.75000000000000000000e+01,6.00000000000000000000e+00,1.00000000000000000000e+01,4.90400000000000002576e-01,4.21999999999999986233e-01,3.00300000000000011369e-01,
1.75000000000000000000e+01,6.00000000000000000000e+00,1.20000000000000000000e+01,5.14499999999999957367e-01,4.33099999999999984990e-01,3.00300000000000011369e-01,
1.75000000000000000000e+01,6.00000000000000000000e+00,1.40000000000000000000e+01,5.32000000000000028422e-01,4.41199999999999981082e-01,3.00300000000000011369e-01,
1.75000000000000000000e+01,6.00000000000000000000e+00,1.60000000000000000000e+01,5.46799999999999952749e-01,4.47799999999999975842e-01,3.00300000000000011369e-01,
1.75000000000000000000e+01,6.00000000000000000000e+00,1.80000000000000000000e+01,5.55000000000000048850e-01,4.52000000000000012879e-01,3.00300000000000011369e-01,
1.75000000000000000000e+01,6.00000000000000000000e+00,2.00000000000000000000e+01,5.63999999999999945821e-01,4.55000000000000015543e-01,3.00300000000000011369e-01,
1.75000000000000000000e+01,7.00000000000000000000e+00,2.00000000000000000000e+00,3.43700000000000005507e-01,3.39700000000000001954e-01,4.30600000000000038280e-01,
1.75000000000000000000e+01,7.00000000000000000000e+00,4.00000000000000000000e+00,3.77199999999999979750e-01,3.61300000000000010036e-01,4.30600000000000038280e-01,
1.75000000000000000000e+01,7.00000000000000000000e+00,6.00000000000000000000e+00,4.10700000000000009504e-01,3.82000000000000006217e-01,4.30600000000000038280e-01,
1.75000000000000000000e+01,7.00000000000000000000e+00,8.00000000000000000000e+00,4.41500000000000003553e-01,3.99600000000000010747e-01,4.30600000000000038280e-01,
1.75000000000000000000e+01,7.00000000000000000000e+00,1.00000000000000000000e+01,4.70399999999999984812e-01,4.15100000000000024514e-01,4.30600000000000038280e-01,
1.75000000000000000000e+01,7.00000000000000000000e+00,1.20000000000000000000e+01,4.96999999999999997335e-01,4.28200000000000025047e-01,4.30600000000000038280e-01,
1.75000000000000000000e+01,7.00000000000000000000e+00,1.40000000000000000000e+01,5.17399999999999971045e-01,4.38099999999999989431e-01,4.30600000000000038280e-01,
1.75000000000000000000e+01,7.00000000000000000000e+00,1.60000000000000000000e+01,5.31900000000000039435e-01,4.44900000000000017675e-01,4.30600000000000038280e-01,
1.75000000000000000000e+01,7.00000000000000000000e+00,1.80000000000000000000e+01,5.41699999999999959321e-01,4.49199999999999988187e-01,4.30600000000000038280e-01,
1.75000000000000000000e+01,7.00000000000000000000e+00,2.00000000000000000000e+01,5.48000000000000042633e-01,4.53000000000000013767e-01,4.30600000000000038280e-01,
1.75000000000000000000e+01,7.00000000000000000000e+00,2.20000000000000000000e+01,5.56000000000000049738e-01,4.56000000000000016431e-01,4.30600000000000038280e-01,
1.75000000000000000000e+01,8.00000000000000000000e+00,2.00000000000000000000e+00,3.39500000000000023981e-01,3.37899999999999978151e-01,5.90999999999999969802e-01,
1.75000000000000000000e+01,8.00000000000000000000e+00,4.00000000000000000000e+00,3.69900000000000006573e-01,3.58599999999999974332e-01,5.90999999999999969802e-01,
1.75000000000000000000e+01,8.00000000000000000000e+00,6.00000000000000000000e+00,4.00000000000000022204e-01,3.77000000000000001776e-01,5.90999999999999969802e-01,
1.75000000000000000000e+01,8.00000000000000000000e+00,8.00000000000000000000e+00,4.30599999999999982769e-01,3.95199999999999995737e-01,5.90999999999999969802e-01,
1.75000000000000000000e+01,8.00000000000000000000e+00,1.00000000000000000000e+01,4.56799999999999983835e-01,4.09999999999999975575e-01,5.90999999999999969802e-01,
1.75000000000000000000e+01,8.00000000000000000000e+00,1.20000000000000000000e+01,4.81599999999999972555e-01,4.23200000000000020606e-01,5.90999999999999969802e-01,
1.75000000000000000000e+01,8.00000000000000000000e+00,1.40000000000000000000e+01,5.02499999999999946709e-01,4.33800000000000018918e-01,5.90999999999999969802e-01,
1.75000000000000000000e+01,8.00000000000000000000e+00,1.60000000000000000000e+01,5.19499999999999961808e-01,4.42400000000000015454e-01,5.90999999999999969802e-01,
1.75000000000000000000e+01,8.00000000000000000000e+00,1.80000000000000000000e+01,5.31599999999999961453e-01,4.48000000000000009326e-01,5.90999999999999969802e-01,
1.75000000000000000000e+01,8.00000000000000000000e+00,2.00000000000000000000e+01,5.39100000000000023626e-01,4.51799999999999979394e-01,5.90999999999999969802e-01,
1.75000000000000000000e+01,8.00000000000000000000e+00,2.20000000000000000000e+01,5.46000000000000040856e-01,4.54000000000000014655e-01,5.90999999999999969802e-01,
1.75000000000000000000e+01,8.00000000000000000000e+00,2.40000000000000000000e+01,5.53000000000000047073e-01,4.58000000000000018208e-01,5.90999999999999969802e-01,
1.75000000000000000000e+01,9.00000000000000000000e+00,2.00000000000000000000e+00,3.38000000000000022649e-01,3.37700000000000000178e-01,7.86599999999999965894e-01,
1.75000000000000000000e+01,9.00000000000000000000e+00,4.00000000000000000000e+00,3.67900000000000004796e-01,3.58499999999999985345e-01,7.86599999999999965894e-01,
1.75000000000000000000e+01,9.00000000000000000000e+00,6.00000000000000000000e+00,3.95000000000000017764e-01,3.76300000000000023359e-01,7.86599999999999965894e-01,
1.75000000000000000000e+01,9.00000000000000000000e+00,8.00000000000000000000e+00,4.21999999999999986233e-01,3.93000000000000015987e-01,7.86599999999999965894e-01,
1.75000000000000000000e+01,9.00000000000000000000e+00,1.00000000000000000000e+01,4.47000000000000008438e-01,4.06999999999999972911e-01,7.86599999999999965894e-01,
1.75000000000000000000e+01,9.00000000000000000000e+00,1.20000000000000000000e+01,4.68000000000000027089e-01,4.17999999999999982681e-01,7.86599999999999965894e-01,
1.75000000000000000000e+01,9.00000000000000000000e+00,1.40000000000000000000e+01,4.85999999999999987566e-01,4.27999999999999991562e-01,7.86599999999999965894e-01,
1.75000000000000000000e+01,9.00000000000000000000e+00,1.60000000000000000000e+01,5.03000000000000002665e-01,4.35999999999999998668e-01,7.86599999999999965894e-01,
1.75000000000000000000e+01,9.00000000000000000000e+00,1.80000000000000000000e+01,5.17000000000000015099e-01,4.44000000000000005773e-01,7.86599999999999965894e-01,
1.75000000000000000000e+01,9.00000000000000000000e+00,2.00000000000000000000e+01,5.29000000000000025757e-01,4.50000000000000011102e-01,7.86599999999999965894e-01,
1.75000000000000000000e+01,9.00000000000000000000e+00,2.20000000000000000000e+01,5.37000000000000032863e-01,4.54000000000000014655e-01,7.86599999999999965894e-01,
1.75000000000000000000e+01,9.00000000000000000000e+00,2.40000000000000000000e+01,5.45000000000000039968e-01,4.59000000000000019096e-01,7.86599999999999965894e-01,
1.75000000000000000000e+01,9.00000000000000000000e+00,2.60000000000000000000e+01,5.53000000000000047073e-01,4.63000000000000022649e-01,7.86599999999999965894e-01,
1.75000000000000000000e+01,1.00000000000000000000e+01,2.00000000000000000000e+00,3.37000000000000021760e-01,3.38000000000000022649e-01,1.02569999999999983409e+00,
1.75000000000000000000e+01,1.00000000000000000000e+01,4.00000000000000000000e+00,3.65999999999999992006e-01,3.56999999999999984013e-01,1.02569999999999983409e+00,
1.75000000000000000000e+01,1.00000000000000000000e+01,6.00000000000000000000e+00,3.91000000000000014211e-01,3.75000000000000000000e-01,1.02569999999999983409e+00,
1.75000000000000000000e+01,1.00000000000000000000e+01,8.00000000000000000000e+00,4.14999999999999980016e-01,3.91000000000000014211e-01,1.02569999999999983409e+00,
1.75000000000000000000e+01,1.00000000000000000000e+01,1.00000000000000000000e+01,4.39000000000000001332e-01,4.05000000000000026645e-01,1.02569999999999983409e+00,
1.75000000000000000000e+01,1.00000000000000000000e+01,1.20000000000000000000e+01,4.55000000000000015543e-01,4.15999999999999980904e-01,1.02569999999999983409e+00,
2.00000000000000000000e+01,2.00000000000000011102e-01,2.00000000000000000000e+00,1.29000000000000003553e+00,7.39999999999999991118e-01,2.36999999999999988454e-01,
2.00000000000000000000e+01,4.00000000000000022204e-01,2.00000000000000000000e+00,6.97999999999999953815e-01,4.98999999999999999112e-01,4.67000000000000026201e-01,
2.00000000000000000000e+01,5.99999999999999977796e-01,2.00000000000000000000e+00,5.51000000000000045297e-01,4.44000000000000005773e-01,6.98999999999999954703e-01,
2.00000000000000000000e+01,5.99999999999999977796e-01,4.00000000000000000000e+00,8.99000000000000021316e-01,5.86999999999999966249e-01,6.98999999999999954703e-01,
2.00000000000000000000e+01,8.00000000000000044409e-01,2.00000000000000000000e+00,4.80999999999999983125e-01,4.10999999999999976463e-01,9.42999999999999949374e-01,
2.00000000000000000000e+01,8.00000000000000044409e-01,4.00000000000000000000e+00,7.48999999999999999112e-01,5.34000000000000030198e-01,9.42999999999999949374e-01,
2.00000000000000000000e+01,1.00000000000000000000e+00,2.00000000000000000000e+00,4.44599999999999995204e-01,3.98199999999999998401e-01,1.20999999999999996447e+00,
2.00000000000000000000e+01,1.00000000000000000000e+00,4.00000000000000000000e+00,5.90999999999999969802e-01,4.64000000000000023537e-01,1.20999999999999996447e+00,
2.00000000000000000000e+01,2.00000000000000000000e+00,2.00000000000000000000e+00,3.87199999999999988631e-01,3.68800000000000016698e-01,3.12599999999999961231e-02,
2.00000000000000000000e+01,2.00000000000000000000e+00,4.00000000000000000000e+00,4.67600000000000015632e-01,4.16800000000000003819e-01,3.12599999999999961231e-02,
2.00000000000000000000e+01,2.00000000000000000000e+00,6.00000000000000000000e+00,5.45000000000000039968e-01,4.58000000000000018208e-01,3.12599999999999961231e-02,
2.00000000000000000000e+01,2.00000000000000000000e+00,8.00000000000000000000e+00,6.11999999999999988454e-01,4.92999999999999993783e-01,3.12599999999999961231e-02,
2.00000000000000000000e+01,3.00000000000000000000e+00,2.00000000000000000000e+00,3.74699999999999977529e-01,3.62999999999999989342e-01,6.55000000000000026645e-02,
2.00000000000000000000e+01,3.00000000000000000000e+00,4.00000000000000000000e+00,4.34099999999999985878e-01,4.01799999999999990496e-01,6.55000000000000026645e-02,
2.00000000000000000000e+01,3.00000000000000000000e+00,6.00000000000000000000e+00,4.87200000000000021938e-01,4.32599999999999984546e-01,6.55000000000000026645e-02,
2.00000000000000000000e+01,3.00000000000000000000e+00,8.00000000000000000000e+00,5.30499999999999971578e-01,4.55900000000000027445e-01,6.55000000000000026645e-02,
2.00000000000000000000e+01,3.00000000000000000000e+00,1.00000000000000000000e+01,5.71999999999999952927e-01,4.74999999999999977796e-01,6.55000000000000026645e-02,
2.00000000000000000000e+01,4.00000000000000000000e+00,2.00000000000000000000e+00,3.65999999999999992006e-01,3.58999999999999985789e-01,1.19999999999999995559e-01,
2.00000000000000000000e+01,4.00000000000000000000e+00,4.00000000000000000000e+00,4.18899999999999994582e-01,3.94799999999999984279e-01,1.19999999999999995559e-01,
2.00000000000000000000e+01,4.00000000000000000000e+00,6.00000000000000000000e+00,4.61799999999999988276e-01,4.21300000000000007816e-01,1.19999999999999995559e-01,
2.00000000000000000000e+01,4.00000000000000000000e+00,8.00000000000000000000e+00,4.96499999999999996891e-01,4.41400000000000014566e-01,1.19999999999999995559e-01,
2.00000000000000000000e+01,4.00000000000000000000e+00,1.00000000000000000000e+01,5.25000000000000022204e-01,4.57299999999999984279e-01,1.19999999999999995559e-01,
2.00000000000000000000e+01,4.00000000000000000000e+00,1.20000000000000000000e+01,5.45000000000000039968e-01,4.68000000000000027089e-01,1.19999999999999995559e-01,
2.00000000000000000000e+01,5.00000000000000000000e+00,2.00000000000000000000e+00,3.54600000000000026290e-01,3.51399999999999990141e-01,1.97699999999999986855e-01,
2.00000000000000000000e+01,5.00000000000000000000e+00,4.00000000000000000000e+00,3.99500000000000021760e-01,3.84000000000000007994e-01,1.97699999999999986855e-01,
2.00000000000000000000e+01,5.00000000000000000000e+00,6.00000000000000000000e+00,4.42800000000000026912e-01,4.12800000000000000266e-01,1.97699999999999986855e-01,
2.00000000000000000000e+01,5.00000000000000000000e+00,8.00000000000000000000e+00,4.76999999999999979572e-01,4.33800000000000018918e-01,1.97699999999999986855e-01,
2.00000000000000000000e+01,5.00000000000000000000e+00,1.00000000000000000000e+01,5.02499999999999946709e-01,4.48900000000000021227e-01,1.97699999999999986855e-01,
2.00000000000000000000e+01,5.00000000000000000000e+00,1.20000000000000000000e+01,5.21100000000000007638e-01,4.60000000000000019984e-01,1.97699999999999986855e-01,
2.00000000000000000000e+01,5.00000000000000000000e+00,1.40000000000000000000e+01,5.39000000000000034639e-01,4.68000000000000027089e-01,1.97699999999999986855e-01,
2.00000000000000000000e+01,5.00000000000000000000e+00,1.60000000000000000000e+01,5.52000000000000046185e-01,4.76999999999999979572e-01,1.97699999999999986855e-01,
2.00000000000000000000e+01,6.00000000000000000000e+00,2.00000000000000000000e+00,3.49100000000000021405e-01,3.48299999999999998490e-01,3.00300000000000011369e-01,
2.00000000000000000000e+01,6.00000000000000000000e+00,4.00000000000000000000e+00,3.86099999999999998757e-01,3.76699999999999979305e-01,3.00300000000000011369e-01,
2.00000000000000000000e+01,6.00000000000000000000e+00,6.00000000000000000000e+00,4.23999999999999988010e-01,4.03000000000000024869e-01,3.00300000000000011369e-01,
2.00000000000000000000e+01,6.00000000000000000000e+00,8.00000000000000000000e+00,4.57000000000000017319e-01,4.24899999999999999911e-01,3.00300000000000011369e-01,
2.00000000000000000000e+01,6.00000000000000000000e+00,1.00000000000000000000e+01,4.84300000000000008260e-01,4.41599999999999992539e-01,3.00300000000000011369e-01,
2.00000000000000000000e+01,6.00000000000000000000e+00,1.20000000000000000000e+01,5.05000000000000004441e-01,4.53600000000000003197e-01,3.00300000000000011369e-01,
2.00000000000000000000e+01,6.00000000000000000000e+00,1.40000000000000000000e+01,5.20000000000000017764e-01,4.62299999999999988720e-01,3.00300000000000011369e-01,
2.00000000000000000000e+01,6.00000000000000000000e+00,1.60000000000000000000e+01,5.31000000000000027534e-01,4.68999999999999972466e-01,3.00300000000000011369e-01,
2.00000000000000000000e+01,6.00000000000000000000e+00,1.80000000000000000000e+01,5.39000000000000034639e-01,4.71999999999999975131e-01,3.00300000000000011369e-01,
2.00000000000000000000e+01,7.00000000000000000000e+00,2.00000000000000000000e+00,3.44299999999999994937e-01,3.45399999999999984812e-01,4.30600000000000038280e-01,
2.00000000000000000000e+01,7.00000000000000000000e+00,4.00000000000000000000e+00,3.77800000000000024691e-01,3.71900000000000008349e-01,4.30600000000000038280e-01,
2.00000000000000000000e+01,7.00000000000000000000e+00,6.00000000000000000000e+00,4.10200000000000009059e-01,3.96000000000000018652e-01,4.30600000000000038280e-01,
2.00000000000000000000e+01,7.00000000000000000000e+00,8.00000000000000000000e+00,4.39900000000000013234e-01,4.16399999999999992362e-01,4.30600000000000038280e-01,
2.00000000000000000000e+01,7.00000000000000000000e+00,1.00000000000000000000e+01,4.66700000000000003730e-01,4.33499999999999996447e-01,4.30600000000000038280e-01,
2.00000000000000000000e+01,7.00000000000000000000e+00,1.20000000000000000000e+01,4.89999999999999991118e-01,4.48000000000000009326e-01,4.30600000000000038280e-01,
2.00000000000000000000e+01,7.00000000000000000000e+00,1.40000000000000000000e+01,5.07399999999999962164e-01,4.58100000000000007194e-01,4.30600000000000038280e-01,
2.00000000000000000000e+01,7.00000000000000000000e+00,1.60000000000000000000e+01,5.18800000000000038902e-01,4.65000000000000024425e-01,4.30600000000000038280e-01,
2.00000000000000000000e+01,7.00000000000000000000e+00,1.80000000000000000000e+01,5.27599999999999957900e-01,4.69999999999999973355e-01,4.30600000000000038280e-01,
2.00000000000000000000e+01,7.00000000000000000000e+00,2.00000000000000000000e+01,5.32000000000000028422e-01,4.73999999999999976907e-01,4.30600000000000038280e-01,
2.00000000000000000000e+01,8.00000000000000000000e+00,2.00000000000000000000e+00,3.40700000000000002842e-01,3.43399999999999983036e-01,5.90999999999999969802e-01,
2.00000000000000000000e+01,8.00000000000000000000e+00,4.00000000000000000000e+00,3.70099999999999984546e-01,3.67400000000000004352e-01,5.90999999999999969802e-01,
2.00000000000000000000e+01,8.00000000000000000000e+00,6.00000000000000000000e+00,3.99399999999999977263e-01,3.89600000000000001865e-01,5.90999999999999969802e-01,
2.00000000000000000000e+01,8.00000000000000000000e+00,8.00000000000000000000e+00,4.27999999999999991562e-01,4.10200000000000009059e-01,5.90999999999999969802e-01,
2.00000000000000000000e+01,8.00000000000000000000e+00,1.00000000000000000000e+01,4.52699999999999991296e-01,4.26800000000000012701e-01,5.90999999999999969802e-01,
2.00000000000000000000e+01,8.00000000000000000000e+00,1.20000000000000000000e+01,4.75300000000000000266e-01,4.41400000000000014566e-01,5.90999999999999969802e-01,
2.00000000000000000000e+01,8.00000000000000000000e+00,1.40000000000000000000e+01,4.93999999999999994671e-01,4.53000000000000013767e-01,5.90999999999999969802e-01,
2.00000000000000000000e+01,8.00000000000000000000e+00,1.60000000000000000000e+01,5.07900000000000018119e-01,4.61299999999999987832e-01,5.90999999999999969802e-01,
2.00000000000000000000e+01,8.00000000000000000000e+00,1.80000000000000000000e+01,5.17900000000000027001e-01,4.67000000000000026201e-01,5.90999999999999969802e-01,
2.00000000000000000000e+01,8.00000000000000000000e+00,2.00000000000000000000e+01,5.24499999999999966249e-01,4.70899999999999985256e-01,5.90999999999999969802e-01,
2.00000000000000000000e+01,8.00000000000000000000e+00,2.20000000000000000000e+01,5.30000000000000026645e-01,4.73999999999999976907e-01,5.90999999999999969802e-01,
2.00000000000000000000e+01,9.00000000000000000000e+00,2.00000000000000000000e+00,3.39200000000000001510e-01,3.43000000000000027089e-01,7.86599999999999965894e-01,
2.00000000000000000000e+01,9.00000000000000000000e+00,4.00000000000000000000e+00,3.67700000000000026823e-01,3.66800000000000014921e-01,7.86599999999999965894e-01,
2.00000000000000000000e+01,9.00000000000000000000e+00,6.00000000000000000000e+00,3.94100000000000005862e-01,3.87699999999999989075e-01,7.86599999999999965894e-01,
2.00000000000000000000e+01,9.00000000000000000000e+00,8.00000000000000000000e+00,4.19899999999999995470e-01,4.06899999999999983924e-01,7.86599999999999965894e-01,
2.00000000000000000000e+01,9.00000000000000000000e+00,1.00000000000000000000e+01,4.44000000000000005773e-01,4.23999999999999988010e-01,7.86599999999999965894e-01,
2.00000000000000000000e+01,9.00000000000000000000e+00,1.20000000000000000000e+01,4.63000000000000022649e-01,4.35999999999999998668e-01,7.86599999999999965894e-01,
2.00000000000000000000e+01,9.00000000000000000000e+00,1.40000000000000000000e+01,4.79999999999999982236e-01,4.47000000000000008438e-01,7.86599999999999965894e-01,
2.00000000000000000000e+01,9.00000000000000000000e+00,1.60000000000000000000e+01,4.94999999999999995559e-01,4.55000000000000015543e-01,7.86599999999999965894e-01,
2.00000000000000000000e+01,9.00000000000000000000e+00,1.80000000000000000000e+01,5.06000000000000005329e-01,4.62000000000000021760e-01,7.86599999999999965894e-01,
2.00000000000000000000e+01,9.00000000000000000000e+00,2.00000000000000000000e+01,5.16000000000000014211e-01,4.68000000000000027089e-01,7.86599999999999965894e-01,
2.00000000000000000000e+01,9.00000000000000000000e+00,2.20000000000000000000e+01,5.24000000000000021316e-01,4.72999999999999976019e-01,7.86599999999999965894e-01,
2.00000000000000000000e+01,9.00000000000000000000e+00,2.40000000000000000000e+01,5.32000000000000028422e-01,4.77999999999999980460e-01,7.86599999999999965894e-01,
2.00000000000000000000e+01,1.00000000000000000000e+01,2.00000000000000000000e+00,3.38000000000000022649e-01,3.43000000000000027089e-01,1.02569999999999983409e+00,
2.00000000000000000000e+01,1.00000000000000000000e+01,4.00000000000000000000e+00,3.65999999999999992006e-01,3.66999999999999992895e-01,1.02569999999999983409e+00,
2.00000000000000000000e+01,1.00000000000000000000e+01,6.00000000000000000000e+00,3.89000000000000012434e-01,3.85000000000000008882e-01,1.02569999999999983409e+00,
2.00000000000000000000e+01,1.00000000000000000000e+01,8.00000000000000000000e+00,4.11999999999999977351e-01,4.02000000000000023981e-01,1.02569999999999983409e+00,
2.00000000000000000000e+01,1.00000000000000000000e+01,1.00000000000000000000e+01,4.34999999999999997780e-01,4.19999999999999984457e-01,1.02569999999999983409e+00,
2.00000000000000000000e+01,1.00000000000000000000e+01,1.20000000000000000000e+01,4.52000000000000012879e-01,4.30999999999999994227e-01,1.02569999999999983409e+00,
2.00000000000000000000e+01,1.00000000000000000000e+01,1.40000000000000000000e+01,4.67000000000000026201e-01,4.42000000000000003997e-01,1.02569999999999983409e+00,
2.00000000000000000000e+01,1.00000000000000000000e+01,1.60000000000000000000e+01,4.82999999999999984901e-01,4.53000000000000013767e-01,1.02569999999999983409e+00,
2.25000000000000000000e+01,2.00000000000000011102e-01,2.00000000000000000000e+00,1.42999999999999993783e+00,9.69999999999999973355e-01,2.36999999999999988454e-01,
2.25000000000000000000e+01,4.00000000000000022204e-01,2.00000000000000000000e+00,7.28999999999999981348e-01,5.87999999999999967137e-01,4.67000000000000026201e-01,
2.25000000000000000000e+01,5.99999999999999977796e-01,2.00000000000000000000e+00,5.62999999999999944933e-01,4.90999999999999992006e-01,6.98999999999999954703e-01,
2.25000000000000000000e+01,5.99999999999999977796e-01,4.00000000000000000000e+00,9.94999999999999995559e-01,7.33999999999999985789e-01,6.98999999999999954703e-01,
2.25000000000000000000e+01,8.00000000000000044409e-01,2.00000000000000000000e+00,4.78999999999999981348e-01,4.39000000000000001332e-01,9.42999999999999949374e-01,
2.25000000000000000000e+01,8.00000000000000044409e-01,4.00000000000000000000e+00,8.19999999999999951150e-01,6.40000000000000013323e-01,9.42999999999999949374e-01,
2.25000000000000000000e+01,1.00000000000000000000e+00,2.00000000000000000000e+00,4.36199999999999976641e-01,4.17700000000000015721e-01,1.20999999999999996447e+00,
2.25000000000000000000e+01,1.00000000000000000000e+00,4.00000000000000000000e+00,5.80999999999999960920e-01,5.05000000000000004441e-01,1.20999999999999996447e+00,
2.25000000000000000000e+01,2.00000000000000000000e+00,2.00000000000000000000e+00,3.82500000000000006661e-01,3.78500000000000003109e-01,3.12599999999999961231e-02,
2.25000000000000000000e+01,2.00000000000000000000e+00,4.00000000000000000000e+00,4.62700000000000000178e-01,4.39199999999999979305e-01,3.12599999999999961231e-02,
2.25000000000000000000e+01,2.00000000000000000000e+00,6.00000000000000000000e+00,5.38000000000000033751e-01,4.85999999999999987566e-01,3.12599999999999961231e-02,
2.25000000000000000000e+01,2.00000000000000000000e+00,8.00000000000000000000e+00,6.03999999999999981348e-01,5.26000000000000023093e-01,3.12599999999999961231e-02,
2.25000000000000000000e+01,3.00000000000000000000e+00,2.00000000000000000000e+00,3.70300000000000018030e-01,3.69999999999999995559e-01,6.55000000000000026645e-02,
2.25000000000000000000e+01,3.00000000000000000000e+00,4.00000000000000000000e+00,4.27700000000000024603e-01,4.16600000000000025846e-01,6.55000000000000026645e-02,
2.25000000000000000000e+01,3.00000000000000000000e+00,6.00000000000000000000e+00,4.78399999999999991918e-01,4.53100000000000002753e-01,6.55000000000000026645e-02,
2.25000000000000000000e+01,3.00000000000000000000e+00,8.00000000000000000000e+00,5.21000000000000018652e-01,4.81999999999999984013e-01,6.55000000000000026645e-02,
2.25000000000000000000e+01,3.00000000000000000000e+00,1.00000000000000000000e+01,5.60000000000000053291e-01,5.05000000000000004441e-01,6.55000000000000026645e-02,
2.25000000000000000000e+01,4.00000000000000000000e+00,2.00000000000000000000e+00,3.63300000000000011813e-01,3.65400000000000002576e-01,1.19999999999999995559e-01,
2.25000000000000000000e+01,4.00000000000000000000e+00,4.00000000000000000000e+00,4.13800000000000001155e-01,4.07600000000000017852e-01,1.19999999999999995559e-01,
2.25000000000000000000e+01,4.00000000000000000000e+00,6.00000000000000000000e+00,4.54199999999999992628e-01,4.39099999999999990319e-01,1.19999999999999995559e-01,
2.25000000000000000000e+01,4.00000000000000000000e+00,8.00000000000000000000e+00,4.86499999999999988010e-01,4.62500000000000022204e-01,1.19999999999999995559e-01,
2.25000000000000000000e+01,4.00000000000000000000e+00,1.00000000000000000000e+01,5.12000000000000010658e-01,4.79999999999999982236e-01,1.19999999999999995559e-01,
2.25000000000000000000e+01,4.00000000000000000000e+00,1.20000000000000000000e+01,5.29000000000000025757e-01,4.91999999999999992895e-01,1.19999999999999995559e-01,
2.25000000000000000000e+01,5.00000000000000000000e+00,2.00000000000000000000e+00,3.53399999999999991918e-01,3.56999999999999984013e-01,1.97699999999999986855e-01,
2.25000000000000000000e+01,5.00000000000000000000e+00,4.00000000000000000000e+00,3.96799999999999986056e-01,3.95399999999999973710e-01,1.97699999999999986855e-01,
2.25000000000000000000e+01,5.00000000000000000000e+00,6.00000000000000000000e+00,4.38000000000000000444e-01,4.29200000000000025935e-01,1.97699999999999986855e-01,
2.25000000000000000000e+01,5.00000000000000000000e+00,8.00000000000000000000e+00,4.68500000000000027534e-01,4.52400000000000024336e-01,1.97699999999999986855e-01,
2.25000000000000000000e+01,5.00000000000000000000e+00,1.00000000000000000000e+01,4.90499999999999991562e-01,4.68299999999999994049e-01,1.97699999999999986855e-01,
2.25000000000000000000e+01,5.00000000000000000000e+00,1.20000000000000000000e+01,5.08199999999999985079e-01,4.81200000000000016609e-01,1.97699999999999986855e-01,
2.25000000000000000000e+01,5.00000000000000000000e+00,1.40000000000000000000e+01,5.23000000000000020428e-01,4.90999999999999992006e-01,1.97699999999999986855e-01,
2.25000000000000000000e+01,6.00000000000000000000e+00,2.00000000000000000000e+00,3.47999999999999976019e-01,3.53999999999999981348e-01,3.00300000000000011369e-01,
2.25000000000000000000e+01,6.00000000000000000000e+00,4.00000000000000000000e+00,3.84000000000000007994e-01,3.86699999999999988187e-01,3.00300000000000011369e-01,
2.25000000000000000000e+01,6.00000000000000000000e+00,6.00000000000000000000e+00,4.20300000000000006928e-01,4.17600000000000026734e-01,3.00300000000000011369e-01,
2.25000000000000000000e+01,6.00000000000000000000e+00,8.00000000000000000000e+00,4.51699999999999990408e-01,4.42099999999999992983e-01,3.00300000000000011369e-01,
2.25000000000000000000e+01,6.00000000000000000000e+00,1.00000000000000000000e+01,4.75999999999999978684e-01,4.60699999999999998401e-01,3.00300000000000011369e-01,
2.25000000000000000000e+01,6.00000000000000000000e+00,1.20000000000000000000e+01,4.92800000000000015810e-01,4.72999999999999976019e-01,3.00300000000000011369e-01,
2.25000000000000000000e+01,6.00000000000000000000e+00,1.40000000000000000000e+01,5.06099999999999994316e-01,4.82899999999999995914e-01,3.00300000000000011369e-01,
2.25000000000000000000e+01,6.00000000000000000000e+00,1.60000000000000000000e+01,5.16000000000000014211e-01,4.88999999999999990230e-01,3.00300000000000011369e-01,
2.25000000000000000000e+01,6.00000000000000000000e+00,1.80000000000000000000e+01,5.23000000000000020428e-01,4.93999999999999994671e-01,3.00300000000000011369e-01,
2.25000000000000000000e+01,7.00000000000000000000e+00,2.00000000000000000000e+00,3.43600000000000016520e-01,3.50700000000000011724e-01,4.30600000000000038280e-01,
2.25000000000000000000e+01,7.00000000000000000000e+00,4.00000000000000000000e+00,3.76099999999999989875e-01,3.80000000000000004441e-01,4.30600000000000038280e-01,
2.25000000000000000000e+01,7.00000000000000000000e+00,6.00000000000000000000e+00,4.07299999999999995381e-01,4.07299999999999995381e-01,4.30600000000000038280e-01,
2.25000000000000000000e+01,7.00000000000000000000e+00,8.00000000000000000000e+00,4.35300000000000020250e-01,4.31200000000000027711e-01,4.30600000000000038280e-01,
2.25000000000000000000e+01,7.00000000000000000000e+00,1.00000000000000000000e+01,4.60600000000000009415e-01,4.51600000000000001421e-01,4.30600000000000038280e-01,
2.25000000000000000000e+01,7.00000000000000000000e+00,1.20000000000000000000e+01,4.80600000000000027178e-01,4.66600000000000014744e-01,4.30600000000000038280e-01,
2.25000000000000000000e+01,7.00000000000000000000e+00,1.40000000000000000000e+01,4.94999999999999995559e-01,4.77300000000000002043e-01,4.30600000000000038280e-01,
2.25000000000000000000e+01,7.00000000000000000000e+00,1.60000000000000000000e+01,5.04900000000000015454e-01,4.84300000000000008260e-01,4.30600000000000038280e-01,
2.25000000000000000000e+01,7.00000000000000000000e+00,1.80000000000000000000e+01,5.11000000000000009770e-01,4.87999999999999989342e-01,4.30600000000000038280e-01,
2.25000000000000000000e+01,7.00000000000000000000e+00,2.00000000000000000000e+01,5.16000000000000014211e-01,4.91999999999999992895e-01,4.30600000000000038280e-01,
2.25000000000000000000e+01,8.00000000000000000000e+00,2.00000000000000000000e+00,3.40600000000000013856e-01,3.48399999999999987477e-01,5.90999999999999969802e-01,
2.25000000000000000000e+01,8.00000000000000000000e+00,4.00000000000000000000e+00,3.68400000000000005240e-01,3.75099999999999988987e-01,5.90999999999999969802e-01,
2.25000000000000000000e+01,8.00000000000000000000e+00,6.00000000000000000000e+00,3.96899999999999975042e-01,4.00899999999999978595e-01,5.90999999999999969802e-01,
2.25000000000000000000e+01,8.00000000000000000000e+00,8.00000000000000000000e+00,4.23099999999999976108e-01,4.23099999999999976108e-01,5.90999999999999969802e-01,
2.25000000000000000000e+01,8.00000000000000000000e+00,1.00000000000000000000e+01,4.46900000000000019451e-01,4.42300000000000026468e-01,5.90999999999999969802e-01,
2.25000000000000000000e+01,8.00000000000000000000e+00,1.20000000000000000000e+01,4.67799999999999993605e-01,4.58899999999999974598e-01,5.90999999999999969802e-01,
2.25000000000000000000e+01,8.00000000000000000000e+00,1.40000000000000000000e+01,4.84200000000000019273e-01,4.71200000000000007727e-01,5.90999999999999969802e-01,
2.25000000000000000000e+01,8.00000000000000000000e+00,1.60000000000000000000e+01,4.95699999999999973976e-01,4.79999999999999982236e-01,5.90999999999999969802e-01,
2.25000000000000000000e+01,8.00000000000000000000e+00,1.80000000000000000000e+01,5.03299999999999969624e-01,4.85499999999999987121e-01,5.90999999999999969802e-01,
2.25000000000000000000e+01,8.00000000000000000000e+00,2.00000000000000000000e+01,5.09099999999999996980e-01,4.89999999999999991118e-01,5.90999999999999969802e-01,
2.25000000000000000000e+01,8.00000000000000000000e+00,2.20000000000000000000e+01,5.14000000000000012434e-01,4.93999999999999994671e-01,5.90999999999999969802e-01,
2.25000000000000000000e+01,9.00000000000000000000e+00,2.00000000000000000000e+00,3.39000000000000023537e-01,3.47200000000000008615e-01,7.86599999999999965894e-01,
2.25000000000000000000e+01,9.00000000000000000000e+00,4.00000000000000000000e+00,3.65499999999999991562e-01,3.73800000000000021139e-01,7.86599999999999965894e-01,
2.25000000000000000000e+01,9.00000000000000000000e+00,6.00000000000000000000e+00,3.91000000000000014211e-01,3.97199999999999997513e-01,7.86599999999999965894e-01,
2.25000000000000000000e+01,9.00000000000000000000e+00,8.00000000000000000000e+00,4.15399999999999991473e-01,4.18600000000000027622e-01,7.86599999999999965894e-01,
2.25000000000000000000e+01,9.00000000000000000000e+00,1.00000000000000000000e+01,4.36999999999999999556e-01,4.36900000000000010569e-01,7.86599999999999965894e-01,
2.25000000000000000000e+01,9.00000000000000000000e+00,1.20000000000000000000e+01,4.56899999999999972822e-01,4.52699999999999991296e-01,7.86599999999999965894e-01,
2.25000000000000000000e+01,9.00000000000000000000e+00,1.40000000000000000000e+01,4.72999999999999976019e-01,4.65000000000000024425e-01,7.86599999999999965894e-01,
2.25000000000000000000e+01,9.00000000000000000000e+00,1.60000000000000000000e+01,4.85999999999999987566e-01,4.75999999999999978684e-01,7.86599999999999965894e-01,
2.25000000000000000000e+01,9.00000000000000000000e+00,1.80000000000000000000e+01,4.93999999999999994671e-01,4.82999999999999984901e-01,7.86599999999999965894e-01,
2.25000000000000000000e+01,9.00000000000000000000e+00,2.00000000000000000000e+01,5.01000000000000000888e-01,4.87999999999999989342e-01,7.86599999999999965894e-01,
2.25000000000000000000e+01,9.00000000000000000000e+00,2.20000000000000000000e+01,5.09000000000000007994e-01,4.93999999999999994671e-01,7.86599999999999965894e-01,
2.25000000000000000000e+01,9.00000000000000000000e+00,2.40000000000000000000e+01,5.15000000000000013323e-01,4.98999999999999999112e-01,7.86599999999999965894e-01,
2.25000000000000000000e+01,1.00000000000000000000e+01,2.00000000000000000000e+00,3.37000000000000021760e-01,3.46999999999999975131e-01,1.02569999999999983409e+00,
2.25000000000000000000e+01,1.00000000000000000000e+01,4.00000000000000000000e+00,3.62999999999999989342e-01,3.72999999999999998224e-01,1.02569999999999983409e+00,
2.25000000000000000000e+01,1.00000000000000000000e+01,6.00000000000000000000e+00,3.85000000000000008882e-01,3.95000000000000017764e-01,1.02569999999999983409e+00,
2.25000000000000000000e+01,1.00000000000000000000e+01,8.00000000000000000000e+00,4.06999999999999972911e-01,4.12999999999999978240e-01,1.02569999999999983409e+00,
2.25000000000000000000e+01,1.00000000000000000000e+01,1.00000000000000000000e+01,4.27999999999999991562e-01,4.30999999999999994227e-01,1.02569999999999983409e+00,
2.25000000000000000000e+01,1.00000000000000000000e+01,1.20000000000000000000e+01,4.46000000000000007550e-01,4.46000000000000007550e-01,1.02569999999999983409e+00,
2.25000000000000000000e+01,1.00000000000000000000e+01,1.40000000000000000000e+01,4.63000000000000022649e-01,4.60000000000000019984e-01,1.02569999999999983409e+00,
2.25000000000000000000e+01,1.00000000000000000000e+01,1.60000000000000000000e+01,4.75999999999999978684e-01,4.69999999999999973355e-01,1.02569999999999983409e+00,
2.25000000000000000000e+01,1.00000000000000000000e+01,1.80000000000000000000e+01,4.86999999999999988454e-01,4.76999999999999979572e-01,1.02569999999999983409e+00,
2.25000000000000000000e+01,1.00000000000000000000e+01,2.00000000000000000000e+01,4.95999999999999996447e-01,4.85999999999999987566e-01,1.02569999999999983409e+00,
2.25000000000000000000e+01,1.00000000000000000000e+01,2.20000000000000000000e+01,5.03000000000000002665e-01,4.89999999999999991118e-01,1.02569999999999983409e+00,
2.50000000000000000000e+01,2.00000000000000011102e-01,2.00000000000000000000e+00,1.49500000000000010658e+00,1.28400000000000003020e+00,2.36999999999999988454e-01,
2.50000000000000000000e+01,4.00000000000000022204e-01,2.00000000000000000000e+00,7.20999999999999974243e-01,6.56000000000000027534e-01,4.67000000000000026201e-01,
2.50000000000000000000e+01,5.99999999999999977796e-01,2.00000000000000000000e+00,5.48000000000000042633e-01,5.26000000000000023093e-01,6.98999999999999954703e-01,
2.50000000000000000000e+01,8.00000000000000044409e-01,2.00000000000000000000e+00,4.65000000000000024425e-01,4.57000000000000017319e-01,9.42999999999999949374e-01,
2.50000000000000000000e+01,8.00000000000000044409e-01,4.00000000000000000000e+00,8.91000000000000014211e-01,7.90000000000000035527e-01,9.42999999999999949374e-01,
2.50000000000000000000e+01,1.00000000000000000000e+00,2.00000000000000000000e+00,4.22999999999999987121e-01,4.26499999999999990230e-01,1.20999999999999996447e+00,
2.50000000000000000000e+01,1.00000000000000000000e+00,4.00000000000000000000e+00,5.64999999999999946709e-01,5.43000000000000038192e-01,1.20999999999999996447e+00,
2.50000000000000000000e+01,2.00000000000000000000e+00,2.00000000000000000000e+00,3.75699999999999978417e-01,3.83900000000000019007e-01,3.12599999999999961231e-02,
2.50000000000000000000e+01,2.00000000000000000000e+00,4.00000000000000000000e+00,4.54299999999999981615e-01,4.57299999999999984279e-01,3.12599999999999961231e-02,
2.50000000000000000000e+01,2.00000000000000000000e+00,6.00000000000000000000e+00,5.26000000000000023093e-01,5.19000000000000016875e-01,3.12599999999999961231e-02,
2.50000000000000000000e+01,3.00000000000000000000e+00,2.00000000000000000000e+00,3.64599999999999979661e-01,3.74800000000000022027e-01,6.55000000000000026645e-02,
2.50000000000000000000e+01,3.00000000000000000000e+00,4.00000000000000000000e+00,4.19099999999999972555e-01,4.28300000000000014033e-01,6.55000000000000026645e-02,
2.50000000000000000000e+01,3.00000000000000000000e+00,6.00000000000000000000e+00,4.67000000000000026201e-01,4.71100000000000018741e-01,6.55000000000000026645e-02,
2.50000000000000000000e+01,3.00000000000000000000e+00,8.00000000000000000000e+00,5.09000000000000007994e-01,5.09000000000000007994e-01,6.55000000000000026645e-02,
2.50000000000000000000e+01,4.00000000000000000000e+00,2.00000000000000000000e+00,3.58999999999999985789e-01,3.70099999999999984546e-01,1.19999999999999995559e-01,
2.50000000000000000000e+01,4.00000000000000000000e+00,4.00000000000000000000e+00,4.06899999999999983924e-01,4.18800000000000005596e-01,1.19999999999999995559e-01,
2.50000000000000000000e+01,4.00000000000000000000e+00,6.00000000000000000000e+00,4.45099999999999995648e-01,4.55000000000000015543e-01,1.19999999999999995559e-01,
2.50000000000000000000e+01,4.00000000000000000000e+00,8.00000000000000000000e+00,4.74499999999999977351e-01,4.80999999999999983125e-01,1.19999999999999995559e-01,
2.50000000000000000000e+01,4.00000000000000000000e+00,1.00000000000000000000e+01,4.95999999999999996447e-01,5.03000000000000002665e-01,1.19999999999999995559e-01,
2.50000000000000000000e+01,4.00000000000000000000e+00,1.20000000000000000000e+01,5.12000000000000010658e-01,5.16000000000000014211e-01,1.19999999999999995559e-01,
2.50000000000000000000e+01,5.00000000000000000000e+00,2.00000000000000000000e+00,3.49999999999999977796e-01,3.61999999999999988454e-01,1.97699999999999986855e-01,
2.50000000000000000000e+01,5.00000000000000000000e+00,4.00000000000000000000e+00,3.91500000000000014655e-01,4.05700000000000005063e-01,1.97699999999999986855e-01,
2.50000000000000000000e+01,5.00000000000000000000e+00,6.00000000000000000000e+00,4.30200000000000026823e-01,4.43500000000000005329e-01,1.97699999999999986855e-01,
2.50000000000000000000e+01,5.00000000000000000000e+00,8.00000000000000000000e+00,4.57899999999999973710e-01,4.69200000000000005951e-01,1.97699999999999986855e-01,
2.50000000000000000000e+01,5.00000000000000000000e+00,1.00000000000000000000e+01,4.77700000000000013500e-01,4.87599999999999977884e-01,1.97699999999999986855e-01,
2.50000000000000000000e+01,5.00000000000000000000e+00,1.20000000000000000000e+01,4.93200000000000027267e-01,5.01900000000000012790e-01,1.97699999999999986855e-01,
2.50000000000000000000e+01,5.00000000000000000000e+00,1.40000000000000000000e+01,5.07000000000000006217e-01,5.12000000000000010658e-01,1.97699999999999986855e-01,
2.50000000000000000000e+01,6.00000000000000000000e+00,2.00000000000000000000e+00,3.45700000000000007283e-01,3.57999999999999984901e-01,3.00300000000000011369e-01,
2.50000000000000000000e+01,6.00000000000000000000e+00,4.00000000000000000000e+00,3.79400000000000015010e-01,3.95500000000000018208e-01,3.00300000000000011369e-01,
2.50000000000000000000e+01,6.00000000000000000000e+00,6.00000000000000000000e+00,4.13999999999999979128e-01,4.30499999999999993783e-01,3.00300000000000011369e-01,
2.50000000000000000000e+01,6.00000000000000000000e+00,8.00000000000000000000e+00,4.42599999999999993427e-01,4.58799999999999985612e-01,3.00300000000000011369e-01,
2.50000000000000000000e+01,6.00000000000000000000e+00,1.00000000000000000000e+01,4.63899999999999979039e-01,4.78999999999999981348e-01,3.00300000000000011369e-01,
2.50000000000000000000e+01,6.00000000000000000000e+00,1.20000000000000000000e+01,4.77999999999999980460e-01,4.91999999999999992895e-01,3.00300000000000011369e-01,
2.50000000000000000000e+01,6.00000000000000000000e+00,1.40000000000000000000e+01,4.90499999999999991562e-01,5.03800000000000025580e-01,3.00300000000000011369e-01,
2.50000000000000000000e+01,6.00000000000000000000e+00,1.60000000000000000000e+01,4.98999999999999999112e-01,5.10000000000000008882e-01,3.00300000000000011369e-01,
2.50000000000000000000e+01,7.00000000000000000000e+00,2.00000000000000000000e+00,3.41899999999999981704e-01,3.53999999999999981348e-01,4.30600000000000038280e-01,
2.50000000000000000000e+01,7.00000000000000000000e+00,4.00000000000000000000e+00,3.71800000000000019362e-01,3.88500000000000011990e-01,4.30600000000000038280e-01,
2.50000000000000000000e+01,7.00000000000000000000e+00,6.00000000000000000000e+00,4.00899999999999978595e-01,4.19800000000000006484e-01,4.30600000000000038280e-01,
2.50000000000000000000e+01,7.00000000000000000000e+00,8.00000000000000000000e+00,4.27099999999999979661e-01,4.46199999999999985523e-01,4.30600000000000038280e-01,
2.50000000000000000000e+01,7.00000000000000000000e+00,1.00000000000000000000e+01,4.50900000000000023004e-01,4.69600000000000017408e-01,4.30600000000000038280e-01,
2.50000000000000000000e+01,7.00000000000000000000e+00,1.20000000000000000000e+01,4.67700000000000004619e-01,4.85700000000000020606e-01,4.30600000000000038280e-01,
2.50000000000000000000e+01,7.00000000000000000000e+00,1.40000000000000000000e+01,4.79100000000000025846e-01,4.96499999999999996891e-01,4.30600000000000038280e-01,
2.50000000000000000000e+01,7.00000000000000000000e+00,1.60000000000000000000e+01,4.87499999999999988898e-01,5.04700000000000037481e-01,4.30600000000000038280e-01,
2.50000000000000000000e+01,7.00000000000000000000e+00,1.80000000000000000000e+01,4.92999999999999993783e-01,5.09000000000000007994e-01,4.30600000000000038280e-01,
2.50000000000000000000e+01,7.00000000000000000000e+00,2.00000000000000000000e+01,4.97999999999999998224e-01,5.13000000000000011546e-01,4.30600000000000038280e-01,
2.50000000000000000000e+01,8.00000000000000000000e+00,2.00000000000000000000e+00,3.39399999999999979483e-01,3.51800000000000001599e-01,5.90999999999999969802e-01,
2.50000000000000000000e+01,8.00000000000000000000e+00,4.00000000000000000000e+00,3.64999999999999991118e-01,3.82599999999999995648e-01,5.90999999999999969802e-01,
2.50000000000000000000e+01,8.00000000000000000000e+00,6.00000000000000000000e+00,3.91299999999999981171e-01,4.11700000000000010392e-01,5.90999999999999969802e-01,
2.50000000000000000000e+01,8.00000000000000000000e+00,8.00000000000000000000e+00,4.15800000000000002931e-01,4.37800000000000022471e-01,5.90999999999999969802e-01,
2.50000000000000000000e+01,8.00000000000000000000e+00,1.00000000000000000000e+01,4.37599999999999988987e-01,4.60100000000000008971e-01,5.90999999999999969802e-01,
2.50000000000000000000e+01,8.00000000000000000000e+00,1.20000000000000000000e+01,4.56199999999999994404e-01,4.78800000000000003375e-01,5.90999999999999969802e-01,
2.50000000000000000000e+01,8.00000000000000000000e+00,1.40000000000000000000e+01,4.69899999999999984368e-01,4.91999999999999992895e-01,5.90999999999999969802e-01,
2.50000000000000000000e+01,8.00000000000000000000e+00,1.60000000000000000000e+01,4.79100000000000025846e-01,5.01199999999999978861e-01,5.90999999999999969802e-01,
2.50000000000000000000e+01,8.00000000000000000000e+00,1.80000000000000000000e+01,4.84700000000000019718e-01,5.06900000000000017231e-01,5.90999999999999969802e-01,
2.50000000000000000000e+01,8.00000000000000000000e+00,2.00000000000000000000e+01,4.89999999999999991118e-01,5.11000000000000009770e-01,5.90999999999999969802e-01,
2.50000000000000000000e+01,8.00000000000000000000e+00,2.20000000000000000000e+01,4.92999999999999993783e-01,5.15000000000000013323e-01,5.90999999999999969802e-01,
2.50000000000000000000e+01,9.00000000000000000000e+00,2.00000000000000000000e+00,3.37799999999999989164e-01,3.50399999999999989253e-01,7.86599999999999965894e-01,
2.50000000000000000000e+01,9.00000000000000000000e+00,4.00000000000000000000e+00,3.62099999999999977440e-01,3.79900000000000015454e-01,7.86599999999999965894e-01,
2.50000000000000000000e+01,9.00000000000000000000e+00,6.00000000000000000000e+00,3.85799999999999976286e-01,4.07100000000000017408e-01,7.86599999999999965894e-01,
2.50000000000000000000e+01,9.00000000000000000000e+00,8.00000000000000000000e+00,4.07999999999999973799e-01,4.31900000000000006128e-01,7.86599999999999965894e-01,
2.50000000000000000000e+01,9.00000000000000000000e+00,1.00000000000000000000e+01,4.27499999999999991118e-01,4.52900000000000024780e-01,7.86599999999999965894e-01,
2.50000000000000000000e+01,9.00000000000000000000e+00,1.20000000000000000000e+01,4.45500000000000007105e-01,4.71899999999999986144e-01,7.86599999999999965894e-01,
2.50000000000000000000e+01,9.00000000000000000000e+00,1.40000000000000000000e+01,4.60199999999999997957e-01,4.86899999999999999467e-01,7.86599999999999965894e-01,
2.50000000000000000000e+01,9.00000000000000000000e+00,1.60000000000000000000e+01,4.71100000000000018741e-01,4.97699999999999975753e-01,7.86599999999999965894e-01,
2.50000000000000000000e+01,9.00000000000000000000e+00,1.80000000000000000000e+01,4.78200000000000013944e-01,5.04900000000000015454e-01,7.86599999999999965894e-01,
2.50000000000000000000e+01,9.00000000000000000000e+00,2.00000000000000000000e+01,4.82999999999999984901e-01,5.09199999999999985967e-01,7.86599999999999965894e-01,
2.50000000000000000000e+01,9.00000000000000000000e+00,2.20000000000000000000e+01,4.88999999999999990230e-01,5.15000000000000013323e-01,7.86599999999999965894e-01,
2.50000000000000000000e+01,9.00000000000000000000e+00,2.40000000000000000000e+01,4.94999999999999995559e-01,5.22000000000000019540e-01,7.86599999999999965894e-01,
2.50000000000000000000e+01,1.00000000000000000000e+01,2.00000000000000000000e+00,3.36000000000000020872e-01,3.47999999999999976019e-01,1.02569999999999983409e+00,
2.50000000000000000000e+01,1.00000000000000000000e+01,4.00000000000000000000e+00,3.59999999999999986677e-01,3.77000000000000001776e-01,1.02569999999999983409e+00,
2.50000000000000000000e+01,1.00000000000000000000e+01,6.00000000000000000000e+00,3.81000000000000005329e-01,4.02000000000000023981e-01,1.02569999999999983409e+00,
2.50000000000000000000e+01,1.00000000000000000000e+01,8.00000000000000000000e+00,4.00000000000000022204e-01,4.24999999999999988898e-01,1.02569999999999983409e+00,
2.50000000000000000000e+01,1.00000000000000000000e+01,1.00000000000000000000e+01,4.17999999999999982681e-01,4.46000000000000007550e-01,1.02569999999999983409e+00,
2.50000000000000000000e+01,1.00000000000000000000e+01,1.20000000000000000000e+01,4.34999999999999997780e-01,4.65000000000000024425e-01,1.02569999999999983409e+00,
2.50000000000000000000e+01,1.00000000000000000000e+01,1.40000000000000000000e+01,4.50000000000000011102e-01,4.80999999999999983125e-01,1.02569999999999983409e+00,
2.50000000000000000000e+01,1.00000000000000000000e+01,1.60000000000000000000e+01,4.62000000000000021760e-01,4.93999999999999994671e-01,1.02569999999999983409e+00,
2.50000000000000000000e+01,1.00000000000000000000e+01,1.80000000000000000000e+01,4.71999999999999975131e-01,5.02000000000000001776e-01,1.02569999999999983409e+00,
2.50000000000000000000e+01,1.00000000000000000000e+01,2.00000000000000000000e+01,4.77999999999999980460e-01,5.08000000000000007105e-01,1.02569999999999983409e+00,
2.50000000000000000000e+01,1.00000000000000000000e+01,2.20000000000000000000e+01,4.83999999999999985789e-01,5.14000000000000012434e-01,1.02569999999999983409e+00,
2.75000000000000000000e+01,2.00000000000000011102e-01,2.00000000000000000000e+00,1.43399999999999994138e+00,1.45900000000000007461e+00,2.36999999999999988454e-01,
2.75000000000000000000e+01,4.00000000000000022204e-01,2.00000000000000000000e+00,6.59000000000000030198e-01,6.99999999999999955591e-01,4.67000000000000026201e-01,
2.75000000000000000000e+01,5.99999999999999977796e-01,2.00000000000000000000e+00,5.02000000000000001776e-01,5.31000000000000027534e-01,6.98999999999999954703e-01,
2.75000000000000000000e+01,5.99999999999999977796e-01,4.00000000000000000000e+00,1.04400000000000003908e+00,1.07400000000000006573e+00,6.98999999999999954703e-01,
2.75000000000000000000e+01,8.00000000000000044409e-01,2.00000000000000000000e+00,4.33999999999999996891e-01,4.60000000000000019984e-01,9.42999999999999949374e-01,
2.75000000000000000000e+01,8.00000000000000044409e-01,4.00000000000000000000e+00,8.80000000000000004441e-01,9.36000000000000054179e-01,9.42999999999999949374e-01,
2.75000000000000000000e+01,1.00000000000000000000e+00,2.00000000000000000000e+00,4.04200000000000003730e-01,4.28700000000000025491e-01,1.20999999999999996447e+00,
2.75000000000000000000e+01,1.00000000000000000000e+00,4.00000000000000000000e+00,5.43000000000000038192e-01,5.69999999999999951150e-01,1.20999999999999996447e+00,
2.75000000000000000000e+01,2.00000000000000000000e+00,2.00000000000000000000e+00,3.65999999999999992006e-01,3.85799999999999976286e-01,3.12599999999999961231e-02,
2.75000000000000000000e+01,2.00000000000000000000e+00,4.00000000000000000000e+00,4.40099999999999991207e-01,4.72299999999999997602e-01,3.12599999999999961231e-02,
2.75000000000000000000e+01,2.00000000000000000000e+00,6.00000000000000000000e+00,5.10000000000000008882e-01,5.47000000000000041744e-01,3.12599999999999961231e-02,
2.75000000000000000000e+01,3.00000000000000000000e+00,2.00000000000000000000e+00,3.58899999999999996803e-01,3.77800000000000024691e-01,6.55000000000000026645e-02,
2.75000000000000000000e+01,3.00000000000000000000e+00,4.00000000000000000000e+00,4.08600000000000018741e-01,4.37900000000000011458e-01,6.55000000000000026645e-02,
2.75000000000000000000e+01,3.00000000000000000000e+00,6.00000000000000000000e+00,4.52600000000000002309e-01,4.88900000000000001243e-01,6.55000000000000026645e-02,
2.75000000000000000000e+01,3.00000000000000000000e+00,8.00000000000000000000e+00,4.91999999999999992895e-01,5.35000000000000031086e-01,6.55000000000000026645e-02,
2.75000000000000000000e+01,4.00000000000000000000e+00,2.00000000000000000000e+00,3.54200000000000014833e-01,3.72699999999999975753e-01,1.19999999999999995559e-01,
2.75000000000000000000e+01,4.00000000000000000000e+00,4.00000000000000000000e+00,3.98199999999999998401e-01,4.27200000000000024158e-01,1.19999999999999995559e-01,
2.75000000000000000000e+01,4.00000000000000000000e+00,6.00000000000000000000e+00,4.33099999999999984990e-01,4.68799999999999994493e-01,1.19999999999999995559e-01,
2.75000000000000000000e+01,4.00000000000000000000e+00,8.00000000000000000000e+00,4.59500000000000019540e-01,4.98999999999999999112e-01,1.19999999999999995559e-01,
2.75000000000000000000e+01,4.00000000000000000000e+00,1.00000000000000000000e+01,4.80999999999999983125e-01,5.23000000000000020428e-01,1.19999999999999995559e-01,
2.75000000000000000000e+01,4.00000000000000000000e+00,1.20000000000000000000e+01,4.93999999999999994671e-01,5.38000000000000033751e-01,1.19999999999999995559e-01,
2.75000000000000000000e+01,5.00000000000000000000e+00,2.00000000000000000000e+00,3.46999999999999975131e-01,3.63999999999999990230e-01,1.97699999999999986855e-01,
2.75000000000000000000e+01,5.00000000000000000000e+00,4.00000000000000000000e+00,3.85000000000000008882e-01,4.11999999999999977351e-01,1.97699999999999986855e-01,
2.75000000000000000000e+01,5.00000000000000000000e+00,6.00000000000000000000e+00,4.19899999999999995470e-01,4.55100000000000004530e-01,1.97699999999999986855e-01,
2.75000000000000000000e+01,5.00000000000000000000e+00,8.00000000000000000000e+00,4.45000000000000006661e-01,4.84999999999999986677e-01,1.97699999999999986855e-01,
2.75000000000000000000e+01,5.00000000000000000000e+00,1.00000000000000000000e+01,4.63200000000000000622e-01,5.05700000000000038369e-01,1.97699999999999986855e-01,
2.75000000000000000000e+01,5.00000000000000000000e+00,1.20000000000000000000e+01,4.76700000000000012612e-01,5.20800000000000040679e-01,1.97699999999999986855e-01,
2.75000000000000000000e+01,5.00000000000000000000e+00,1.40000000000000000000e+01,4.88999999999999990230e-01,5.35000000000000031086e-01,1.97699999999999986855e-01,
2.75000000000000000000e+01,6.00000000000000000000e+00,2.00000000000000000000e+00,3.43100000000000016076e-01,3.60099999999999975664e-01,3.00300000000000011369e-01,
2.75000000000000000000e+01,6.00000000000000000000e+00,4.00000000000000000000e+00,3.74499999999999999556e-01,4.00399999999999978151e-01,3.00300000000000011369e-01,
2.75000000000000000000e+01,6.00000000000000000000e+00,6.00000000000000000000e+00,4.06000000000000027534e-01,4.40000000000000002220e-01,3.00300000000000011369e-01,
2.75000000000000000000e+01,6.00000000000000000000e+00,8.00000000000000000000e+00,4.32099999999999984102e-01,4.71899999999999986144e-01,3.00300000000000011369e-01,
2.75000000000000000000e+01,6.00000000000000000000e+00,1.00000000000000000000e+01,4.51199999999999989964e-01,4.94300000000000017142e-01,3.00300000000000011369e-01,
2.75000000000000000000e+01,6.00000000000000000000e+00,1.20000000000000000000e+01,4.63799999999999990052e-01,5.08700000000000041034e-01,3.00300000000000011369e-01,
2.75000000000000000000e+01,6.00000000000000000000e+00,1.40000000000000000000e+01,4.75399999999999989253e-01,5.22000000000000019540e-01,3.00300000000000011369e-01,
2.75000000000000000000e+01,6.00000000000000000000e+00,1.60000000000000000000e+01,4.81999999999999984013e-01,5.28000000000000024869e-01,3.00300000000000011369e-01,
2.75000000000000000000e+01,7.00000000000000000000e+00,2.00000000000000000000e+00,3.39600000000000012967e-01,3.55800000000000005151e-01,4.30600000000000038280e-01,
2.75000000000000000000e+01,7.00000000000000000000e+00,4.00000000000000000000e+00,3.67700000000000026823e-01,3.92500000000000015543e-01,4.30600000000000038280e-01,
2.75000000000000000000e+01,7.00000000000000000000e+00,6.00000000000000000000e+00,3.94299999999999983835e-01,4.26400000000000001243e-01,4.30600000000000038280e-01,
2.75000000000000000000e+01,7.00000000000000000000e+00,8.00000000000000000000e+00,4.18399999999999994138e-01,4.56799999999999983835e-01,4.30600000000000038280e-01,
2.75000000000000000000e+01,7.00000000000000000000e+00,1.00000000000000000000e+01,4.40000000000000002220e-01,4.82999999999999984901e-01,4.30600000000000038280e-01,
2.75000000000000000000e+01,7.00000000000000000000e+00,1.20000000000000000000e+01,4.54699999999999993072e-01,5.00499999999999944933e-01,4.30600000000000038280e-01,
2.75000000000000000000e+01,7.00000000000000000000e+00,1.40000000000000000000e+01,4.65200000000000002398e-01,5.12800000000000033573e-01,4.30600000000000038280e-01,
2.75000000000000000000e+01,7.00000000000000000000e+00,1.60000000000000000000e+01,4.72799999999999998046e-01,5.21499999999999963585e-01,4.30600000000000038280e-01,
2.75000000000000000000e+01,7.00000000000000000000e+00,1.80000000000000000000e+01,4.76999999999999979572e-01,5.27000000000000023981e-01,4.30600000000000038280e-01,
2.75000000000000000000e+01,8.00000000000000000000e+00,2.00000000000000000000e+00,3.37899999999999978151e-01,3.53999999999999981348e-01,5.90999999999999969802e-01,
2.75000000000000000000e+01,8.00000000000000000000e+00,4.00000000000000000000e+00,3.62200000000000021938e-01,3.86099999999999998757e-01,5.90999999999999969802e-01,
2.75000000000000000000e+01,8.00000000000000000000e+00,6.00000000000000000000e+00,3.86199999999999987743e-01,4.17499999999999982236e-01,5.90999999999999969802e-01,
2.75000000000000000000e+01,8.00000000000000000000e+00,8.00000000000000000000e+00,4.08799999999999996714e-01,4.46599999999999996980e-01,5.90999999999999969802e-01,
2.75000000000000000000e+01,8.00000000000000000000e+00,1.00000000000000000000e+01,4.28300000000000014033e-01,4.71200000000000007727e-01,5.90999999999999969802e-01,
2.75000000000000000000e+01,8.00000000000000000000e+00,1.20000000000000000000e+01,4.45500000000000007105e-01,4.91700000000000025935e-01,5.90999999999999969802e-01,
2.75000000000000000000e+01,8.00000000000000000000e+00,1.40000000000000000000e+01,4.57399999999999973266e-01,5.06199999999999983302e-01,5.90999999999999969802e-01,
2.75000000000000000000e+01,8.00000000000000000000e+00,1.60000000000000000000e+01,4.65799999999999991829e-01,5.15800000000000036238e-01,5.90999999999999969802e-01,
2.75000000000000000000e+01,8.00000000000000000000e+00,1.80000000000000000000e+01,4.70899999999999985256e-01,5.22000000000000019540e-01,5.90999999999999969802e-01,
2.75000000000000000000e+01,8.00000000000000000000e+00,2.00000000000000000000e+01,4.74999999999999977796e-01,5.26000000000000023093e-01,5.90999999999999969802e-01,
2.75000000000000000000e+01,9.00000000000000000000e+00,2.00000000000000000000e+00,3.36500000000000021316e-01,3.52700000000000013500e-01,7.86599999999999965894e-01,
2.75000000000000000000e+01,9.00000000000000000000e+00,4.00000000000000000000e+00,3.59099999999999974776e-01,3.83199999999999985079e-01,7.86599999999999965894e-01,
2.75000000000000000000e+01,9.00000000000000000000e+00,6.00000000000000000000e+00,3.81099999999999994316e-01,4.12299999999999999822e-01,7.86599999999999965894e-01,
2.75000000000000000000e+01,9.00000000000000000000e+00,8.00000000000000000000e+00,4.01899999999999979483e-01,4.39199999999999979305e-01,7.86599999999999965894e-01,
2.75000000000000000000e+01,9.00000000000000000000e+00,1.00000000000000000000e+01,4.20099999999999973443e-01,4.62199999999999999734e-01,7.86599999999999965894e-01,
2.75000000000000000000e+01,9.00000000000000000000e+00,1.20000000000000000000e+01,4.36900000000000010569e-01,4.82899999999999995914e-01,7.86599999999999965894e-01,
2.75000000000000000000e+01,9.00000000000000000000e+00,1.40000000000000000000e+01,4.50299999999999978062e-01,4.99300000000000021583e-01,7.86599999999999965894e-01,
2.75000000000000000000e+01,9.00000000000000000000e+00,1.60000000000000000000e+01,4.59500000000000019540e-01,5.10399999999999964828e-01,7.86599999999999965894e-01,
2.75000000000000000000e+01,9.00000000000000000000e+00,1.80000000000000000000e+01,4.66299999999999992273e-01,5.18800000000000038902e-01,7.86599999999999965894e-01,
2.75000000000000000000e+01,9.00000000000000000000e+00,2.00000000000000000000e+01,4.70999999999999974243e-01,5.23000000000000020428e-01,7.86599999999999965894e-01,
2.75000000000000000000e+01,9.00000000000000000000e+00,2.20000000000000000000e+01,4.75999999999999978684e-01,5.28000000000000024869e-01,7.86599999999999965894e-01,
2.75000000000000000000e+01,1.00000000000000000000e+01,2.00000000000000000000e+00,3.35000000000000019984e-01,3.50999999999999978684e-01,1.02569999999999983409e+00,
2.75000000000000000000e+01,1.00000000000000000000e+01,4.00000000000000000000e+00,3.56999999999999984013e-01,3.80000000000000004441e-01,1.02569999999999983409e+00,
2.75000000000000000000e+01,1.00000000000000000000e+01,6.00000000000000000000e+00,3.76000000000000000888e-01,4.06999999999999972911e-01,1.02569999999999983409e+00,
2.75000000000000000000e+01,1.00000000000000000000e+01,8.00000000000000000000e+00,3.95000000000000017764e-01,4.31999999999999995115e-01,1.02569999999999983409e+00,
2.75000000000000000000e+01,1.00000000000000000000e+01,1.00000000000000000000e+01,4.11999999999999977351e-01,4.54000000000000014655e-01,1.02569999999999983409e+00,
2.75000000000000000000e+01,1.00000000000000000000e+01,1.20000000000000000000e+01,4.26999999999999990674e-01,4.72999999999999976019e-01,1.02569999999999983409e+00,
2.75000000000000000000e+01,1.00000000000000000000e+01,1.40000000000000000000e+01,4.42000000000000003997e-01,4.91999999999999992895e-01,1.02569999999999983409e+00,
2.75000000000000000000e+01,1.00000000000000000000e+01,1.60000000000000000000e+01,4.53000000000000013767e-01,5.05000000000000004441e-01,1.02569999999999983409e+00,
2.75000000000000000000e+01,1.00000000000000000000e+01,1.80000000000000000000e+01,4.62000000000000021760e-01,5.15000000000000013323e-01,1.02569999999999983409e+00,
2.75000000000000000000e+01,1.00000000000000000000e+01,2.00000000000000000000e+01,4.67000000000000026201e-01,5.21000000000000018652e-01,1.02569999999999983409e+00,
2.75000000000000000000e+01,1.00000000000000000000e+01,2.20000000000000000000e+01,4.71999999999999975131e-01,5.28000000000000024869e-01,1.02569999999999983409e+00,
3.00000000000000000000e+01,4.00000000000000022204e-01,2.00000000000000000000e+00,5.42000000000000037303e-01,6.70000000000000039968e-01,4.67000000000000026201e-01,
3.00000000000000000000e+01,5.99999999999999977796e-01,2.00000000000000000000e+00,4.31999999999999995115e-01,5.01000000000000000888e-01,6.98999999999999954703e-01,
3.00000000000000000000e+01,5.99999999999999977796e-01,4.00000000000000000000e+00,9.02000000000000023981e-01,1.22300000000000008704e+00,6.98999999999999954703e-01,
3.00000000000000000000e+01,8.00000000000000044409e-01,2.00000000000000000000e+00,3.97000000000000019540e-01,4.48000000000000009326e-01,9.42999999999999949374e-01,
3.00000000000000000000e+01,8.00000000000000044409e-01,4.00000000000000000000e+00,7.61000000000000009770e-01,9.97999999999999998224e-01,9.42999999999999949374e-01,
3.00000000000000000000e+01,1.00000000000000000000e+00,2.00000000000000000000e+00,3.80199999999999982414e-01,4.21200000000000018829e-01,1.20999999999999996447e+00,
3.00000000000000000000e+01,1.00000000000000000000e+00,4.00000000000000000000e+00,5.01000000000000000888e-01,5.99999999999999977796e-01,1.20999999999999996447e+00,
3.00000000000000000000e+01,2.00000000000000000000e+00,2.00000000000000000000e+00,3.55600000000000027178e-01,3.84799999999999975397e-01,3.12599999999999961231e-02,
3.00000000000000000000e+01,2.00000000000000000000e+00,4.00000000000000000000e+00,4.18800000000000005596e-01,4.78899999999999992362e-01,3.12599999999999961231e-02,
3.00000000000000000000e+01,2.00000000000000000000e+00,6.00000000000000000000e+00,4.81999999999999984013e-01,5.75999999999999956479e-01,3.12599999999999961231e-02,
3.00000000000000000000e+01,3.00000000000000000000e+00,2.00000000000000000000e+00,3.51300000000000001155e-01,3.78900000000000014566e-01,6.55000000000000026645e-02,
3.00000000000000000000e+01,3.00000000000000000000e+00,4.00000000000000000000e+00,3.96100000000000007638e-01,4.45199999999999984635e-01,6.55000000000000026645e-02,
3.00000000000000000000e+01,3.00000000000000000000e+00,6.00000000000000000000e+00,4.34499999999999997335e-01,5.02600000000000046718e-01,6.55000000000000026645e-02,
3.00000000000000000000e+01,3.00000000000000000000e+00,8.00000000000000000000e+00,4.69999999999999973355e-01,5.55000000000000048850e-01,6.55000000000000026645e-02,
3.00000000000000000000e+01,4.00000000000000000000e+00,2.00000000000000000000e+00,3.47600000000000020073e-01,3.73199999999999976197e-01,1.19999999999999995559e-01,
3.00000000000000000000e+01,4.00000000000000000000e+00,4.00000000000000000000e+00,3.87099999999999999645e-01,4.32099999999999984102e-01,1.19999999999999995559e-01,
3.00000000000000000000e+01,4.00000000000000000000e+00,6.00000000000000000000e+00,4.18999999999999983569e-01,4.79499999999999981792e-01,1.19999999999999995559e-01,
3.00000000000000000000e+01,4.00000000000000000000e+00,8.00000000000000000000e+00,4.43000000000000004885e-01,5.15299999999999980282e-01,1.19999999999999995559e-01,
3.00000000000000000000e+01,4.00000000000000000000e+00,1.00000000000000000000e+01,4.62000000000000021760e-01,5.43000000000000038192e-01,1.19999999999999995559e-01,
3.00000000000000000000e+01,4.00000000000000000000e+00,1.20000000000000000000e+01,4.72999999999999976019e-01,5.62000000000000055067e-01,1.19999999999999995559e-01,
3.00000000000000000000e+01,5.00000000000000000000e+00,2.00000000000000000000e+00,3.42200000000000004174e-01,3.64800000000000013145e-01,1.97699999999999986855e-01,
3.00000000000000000000e+01,5.00000000000000000000e+00,4.00000000000000000000e+00,3.76199999999999978861e-01,4.15800000000000002931e-01,1.97699999999999986855e-01,
3.00000000000000000000e+01,5.00000000000000000000e+00,6.00000000000000000000e+00,4.07200000000000006395e-01,4.62100000000000010747e-01,1.97699999999999986855e-01,
3.00000000000000000000e+01,5.00000000000000000000e+00,8.00000000000000000000e+00,4.30700000000000027267e-01,4.96699999999999974865e-01,1.97699999999999986855e-01,
3.00000000000000000000e+01,5.00000000000000000000e+00,1.00000000000000000000e+01,4.46799999999999974953e-01,5.20900000000000029665e-01,1.97699999999999986855e-01,
3.00000000000000000000e+01,5.00000000000000000000e+00,1.20000000000000000000e+01,4.59000000000000019096e-01,5.39000000000000034639e-01,1.97699999999999986855e-01,
3.00000000000000000000e+01,5.00000000000000000000e+00,1.40000000000000000000e+01,4.68999999999999972466e-01,5.54000000000000047962e-01,1.97699999999999986855e-01,
3.00000000000000000000e+01,6.00000000000000000000e+00,2.00000000000000000000e+00,3.39799999999999990941e-01,3.61099999999999976552e-01,3.00300000000000011369e-01,
3.00000000000000000000e+01,6.00000000000000000000e+00,4.00000000000000000000e+00,3.67900000000000004796e-01,4.03299999999999991829e-01,3.00300000000000011369e-01,
3.00000000000000000000e+01,6.00000000000000000000e+00,6.00000000000000000000e+00,3.96000000000000018652e-01,4.45199999999999984635e-01,3.00300000000000011369e-01,
3.00000000000000000000e+01,6.00000000000000000000e+00,8.00000000000000000000e+00,4.20099999999999973443e-01,4.81200000000000016609e-01,3.00300000000000011369e-01,
3.00000000000000000000e+01,6.00000000000000000000e+00,1.00000000000000000000e+01,4.37199999999999977529e-01,5.06800000000000028244e-01,3.00300000000000011369e-01,
3.00000000000000000000e+01,6.00000000000000000000e+00,1.20000000000000000000e+01,4.48799999999999976730e-01,5.23700000000000054357e-01,3.00300000000000011369e-01,
3.00000000000000000000e+01,6.00000000000000000000e+00,1.40000000000000000000e+01,4.59299999999999986056e-01,5.39200000000000012612e-01,3.00300000000000011369e-01,
3.00000000000000000000e+01,6.00000000000000000000e+00,1.60000000000000000000e+01,4.65000000000000024425e-01,5.46000000000000040856e-01,3.00300000000000011369e-01,
3.00000000000000000000e+01,7.00000000000000000000e+00,2.00000000000000000000e+00,3.36899999999999977263e-01,3.56899999999999995026e-01,4.30600000000000038280e-01,
3.00000000000000000000e+01,7.00000000000000000000e+00,4.00000000000000000000e+00,3.62399999999999999911e-01,3.95100000000000006750e-01,4.30600000000000038280e-01,
3.00000000000000000000e+01,7.00000000000000000000e+00,6.00000000000000000000e+00,3.86400000000000021227e-01,4.30499999999999993783e-01,4.30600000000000038280e-01,
3.00000000000000000000e+01,7.00000000000000000000e+00,8.00000000000000000000e+00,4.08999999999999974687e-01,4.64100000000000012523e-01,4.30600000000000038280e-01,
3.00000000000000000000e+01,7.00000000000000000000e+00,1.00000000000000000000e+01,4.28900000000000003464e-01,4.93700000000000027711e-01,4.30600000000000038280e-01,
3.00000000000000000000e+01,7.00000000000000000000e+00,1.20000000000000000000e+01,4.42000000000000003997e-01,5.13100000000000000533e-01,4.30600000000000038280e-01,
3.00000000000000000000e+01,7.00000000000000000000e+00,1.40000000000000000000e+01,4.51600000000000001421e-01,5.27699999999999946887e-01,4.30600000000000038280e-01,
3.00000000000000000000e+01,7.00000000000000000000e+00,1.60000000000000000000e+01,4.58199999999999996181e-01,5.37499999999999977796e-01,4.30600000000000038280e-01,
3.00000000000000000000e+01,7.00000000000000000000e+00,1.80000000000000000000e+01,4.62000000000000021760e-01,5.43000000000000038192e-01,4.30600000000000038280e-01,
3.00000000000000000000e+01,8.00000000000000000000e+00,2.00000000000000000000e+00,3.35899999999999976374e-01,3.55200000000000015721e-01,5.90999999999999969802e-01,
3.00000000000000000000e+01,8.00000000000000000000e+00,4.00000000000000000000e+00,3.58099999999999973888e-01,3.88299999999999978506e-01,5.90999999999999969802e-01,
3.00000000000000000000e+01,8.00000000000000000000e+00,6.00000000000000000000e+00,3.80300000000000026912e-01,4.21599999999999974776e-01,5.90999999999999969802e-01,
3.00000000000000000000e+01,8.00000000000000000000e+00,8.00000000000000000000e+00,4.00799999999999989608e-01,4.52000000000000012879e-01,5.90999999999999969802e-01,
3.00000000000000000000e+01,8.00000000000000000000e+00,1.00000000000000000000e+01,4.18999999999999983569e-01,4.79100000000000025846e-01,5.90999999999999969802e-01,
3.00000000000000000000e+01,8.00000000000000000000e+00,1.20000000000000000000e+01,4.34099999999999985878e-01,5.02000000000000001776e-01,5.90999999999999969802e-01,
3.00000000000000000000e+01,8.00000000000000000000e+00,1.40000000000000000000e+01,4.45000000000000006661e-01,5.18100000000000004974e-01,5.90999999999999969802e-01,
3.00000000000000000000e+01,8.00000000000000000000e+00,1.60000000000000000000e+01,4.52500000000000013323e-01,5.29499999999999970690e-01,5.90999999999999969802e-01,
3.00000000000000000000e+01,8.00000000000000000000e+00,1.80000000000000000000e+01,4.57000000000000017319e-01,5.36599999999999965894e-01,5.90999999999999969802e-01,
3.00000000000000000000e+01,8.00000000000000000000e+00,2.00000000000000000000e+01,4.61000000000000020872e-01,5.42000000000000037303e-01,5.90999999999999969802e-01,
3.00000000000000000000e+01,9.00000000000000000000e+00,2.00000000000000000000e+00,3.34899999999999975486e-01,3.53700000000000014388e-01,7.86599999999999965894e-01,
3.00000000000000000000e+01,9.00000000000000000000e+00,4.00000000000000000000e+00,3.55800000000000005151e-01,3.85199999999999986855e-01,7.86599999999999965894e-01,
3.00000000000000000000e+01,9.00000000000000000000e+00,6.00000000000000000000e+00,3.76099999999999989875e-01,4.15499999999999980460e-01,7.86599999999999965894e-01,
3.00000000000000000000e+01,9.00000000000000000000e+00,8.00000000000000000000e+00,3.95699999999999996181e-01,4.45000000000000006661e-01,7.86599999999999965894e-01,
3.00000000000000000000e+01,9.00000000000000000000e+00,1.00000000000000000000e+01,4.11999999999999977351e-01,4.69399999999999983924e-01,7.86599999999999965894e-01,
3.00000000000000000000e+01,9.00000000000000000000e+00,1.20000000000000000000e+01,4.27099999999999979661e-01,4.91999999999999992895e-01,7.86599999999999965894e-01,
3.00000000000000000000e+01,9.00000000000000000000e+00,1.40000000000000000000e+01,4.39300000000000023803e-01,5.10099999999999997868e-01,7.86599999999999965894e-01,
3.00000000000000000000e+01,9.00000000000000000000e+00,1.60000000000000000000e+01,4.47699999999999986855e-01,5.22499999999999964473e-01,7.86599999999999965894e-01,
3.00000000000000000000e+01,9.00000000000000000000e+00,1.80000000000000000000e+01,4.54000000000000014655e-01,5.32000000000000028422e-01,7.86599999999999965894e-01,
3.00000000000000000000e+01,9.00000000000000000000e+00,2.00000000000000000000e+01,4.57000000000000017319e-01,5.37000000000000032863e-01,7.86599999999999965894e-01,
3.00000000000000000000e+01,9.00000000000000000000e+00,2.20000000000000000000e+01,4.62000000000000021760e-01,5.44000000000000039080e-01,7.86599999999999965894e-01,
3.00000000000000000000e+01,1.00000000000000000000e+01,2.00000000000000000000e+00,3.34000000000000019096e-01,3.51999999999999979572e-01,1.02569999999999983409e+00,
3.00000000000000000000e+01,1.00000000000000000000e+01,4.00000000000000000000e+00,3.54999999999999982236e-01,3.82000000000000006217e-01,1.02569999999999983409e+00,
3.00000000000000000000e+01,1.00000000000000000000e+01,6.00000000000000000000e+00,3.70999999999999996447e-01,4.08999999999999974687e-01,1.02569999999999983409e+00,
3.00000000000000000000e+01,1.00000000000000000000e+01,8.00000000000000000000e+00,3.90000000000000013323e-01,4.36999999999999999556e-01,1.02569999999999983409e+00,
3.00000000000000000000e+01,1.00000000000000000000e+01,1.00000000000000000000e+01,4.05000000000000026645e-01,4.60000000000000019984e-01,1.02569999999999983409e+00,
3.00000000000000000000e+01,1.00000000000000000000e+01,1.20000000000000000000e+01,4.19999999999999984457e-01,4.80999999999999983125e-01,1.02569999999999983409e+00,
3.00000000000000000000e+01,1.00000000000000000000e+01,1.40000000000000000000e+01,4.32999999999999996003e-01,5.02000000000000001776e-01,1.02569999999999983409e+00,
3.00000000000000000000e+01,1.00000000000000000000e+01,1.60000000000000000000e+01,4.42000000000000003997e-01,5.15000000000000013323e-01,1.02569999999999983409e+00,
3.00000000000000000000e+01,1.00000000000000000000e+01,1.80000000000000000000e+01,4.50000000000000011102e-01,5.27000000000000023981e-01,1.02569999999999983409e+00,
3.00000000000000000000e+01,1.00000000000000000000e+01,2.00000000000000000000e+01,4.55000000000000015543e-01,5.34000000000000030198e-01,1.02569999999999983409e+00,
3.00000000000000000000e+01,1.00000000000000000000e+01,2.20000000000000000000e+01,4.60000000000000019984e-01,5.41000000000000036415e-01,1.02569999999999983409e+00,
3.25000000000000000000e+01,2.00000000000000011102e-01,2.00000000000000000000e+00,7.12999999999999967137e-01,1.41399999999999992362e+00,2.36999999999999988454e-01,
3.25000000000000000000e+01,4.00000000000000022204e-01,2.00000000000000000000e+00,4.22999999999999987121e-01,5.89999999999999968914e-01,4.67000000000000026201e-01,
3.25000000000000000000e+01,4.00000000000000022204e-01,4.00000000000000000000e+00,7.34999999999999986677e-01,1.82000000000000006217e+00,4.67000000000000026201e-01,
3.25000000000000000000e+01,5.99999999999999977796e-01,2.00000000000000000000e+00,3.77000000000000001776e-01,4.68000000000000027089e-01,6.98999999999999954703e-01,
3.25000000000000000000e+01,5.99999999999999977796e-01,4.00000000000000000000e+00,6.02999999999999980460e-01,1.16900000000000003908e+00,6.98999999999999954703e-01,
3.25000000000000000000e+01,8.00000000000000044409e-01,2.00000000000000000000e+00,3.62999999999999989342e-01,4.24999999999999988898e-01,9.42999999999999949374e-01,
3.25000000000000000000e+01,8.00000000000000044409e-01,4.00000000000000000000e+00,5.56000000000000049738e-01,9.07000000000000028422e-01,9.42999999999999949374e-01,
3.25000000000000000000e+01,1.00000000000000000000e+00,2.00000000000000000000e+00,3.53999999999999981348e-01,4.08799999999999996714e-01,1.20999999999999996447e+00,
3.25000000000000000000e+01,1.00000000000000000000e+00,4.00000000000000000000e+00,4.39000000000000001332e-01,6.14999999999999991118e-01,1.20999999999999996447e+00,
3.25000000000000000000e+01,1.00000000000000000000e+00,6.00000000000000000000e+00,4.79999999999999982236e-01,7.22999999999999976019e-01,1.20999999999999996447e+00,
3.25000000000000000000e+01,2.00000000000000000000e+00,2.00000000000000000000e+00,3.42100000000000015188e-01,3.80300000000000026912e-01,3.12599999999999961231e-02,
3.25000000000000000000e+01,2.00000000000000000000e+00,4.00000000000000000000e+00,3.88100000000000000533e-01,4.75200000000000011280e-01,3.12599999999999961231e-02,
3.25000000000000000000e+01,2.00000000000000000000e+00,6.00000000000000000000e+00,4.33999999999999996891e-01,5.89999999999999968914e-01,3.12599999999999961231e-02,
3.25000000000000000000e+01,2.00000000000000000000e+00,8.00000000000000000000e+00,4.75999999999999978684e-01,7.15999999999999969802e-01,3.12599999999999961231e-02,
3.25000000000000000000e+01,3.00000000000000000000e+00,2.00000000000000000000e+00,3.41200000000000003286e-01,3.76800000000000023803e-01,6.55000000000000026645e-02,
3.25000000000000000000e+01,3.00000000000000000000e+00,4.00000000000000000000e+00,3.77199999999999979750e-01,4.48400000000000020783e-01,6.55000000000000026645e-02,
3.25000000000000000000e+01,3.00000000000000000000e+00,6.00000000000000000000e+00,4.06899999999999983924e-01,5.11000000000000009770e-01,6.55000000000000026645e-02,
3.25000000000000000000e+01,3.00000000000000000000e+00,8.00000000000000000000e+00,4.31999999999999995115e-01,5.75999999999999956479e-01,6.55000000000000026645e-02,
3.25000000000000000000e+01,3.00000000000000000000e+00,1.00000000000000000000e+01,4.55000000000000015543e-01,6.38000000000000011546e-01,6.55000000000000026645e-02,
3.25000000000000000000e+01,4.00000000000000000000e+00,2.00000000000000000000e+00,3.38200000000000000622e-01,3.70599999999999984990e-01,1.19999999999999995559e-01,
3.25000000000000000000e+01,4.00000000000000000000e+00,4.00000000000000000000e+00,3.70800000000000018474e-01,4.32900000000000007017e-01,1.19999999999999995559e-01,
3.25000000000000000000e+01,4.00000000000000000000e+00,6.00000000000000000000e+00,3.96799999999999986056e-01,4.85700000000000020606e-01,1.19999999999999995559e-01,
3.25000000000000000000e+01,4.00000000000000000000e+00,8.00000000000000000000e+00,4.17399999999999993250e-01,5.30000000000000026645e-01,1.19999999999999995559e-01,
3.25000000000000000000e+01,4.00000000000000000000e+00,1.00000000000000000000e+01,4.32999999999999996003e-01,5.67999999999999949374e-01,1.19999999999999995559e-01,
3.25000000000000000000e+01,4.00000000000000000000e+00,1.20000000000000000000e+01,4.43000000000000004885e-01,5.93999999999999972466e-01,1.19999999999999995559e-01,
3.25000000000000000000e+01,5.00000000000000000000e+00,2.00000000000000000000e+00,3.35199999999999997957e-01,3.63599999999999978773e-01,1.97699999999999986855e-01,
3.25000000000000000000e+01,5.00000000000000000000e+00,4.00000000000000000000e+00,3.62099999999999977440e-01,4.14300000000000001599e-01,1.97699999999999986855e-01,
3.25000000000000000000e+01,5.00000000000000000000e+00,6.00000000000000000000e+00,3.87900000000000022560e-01,4.64600000000000012967e-01,1.97699999999999986855e-01,
3.25000000000000000000e+01,5.00000000000000000000e+00,8.00000000000000000000e+00,4.08799999999999996714e-01,5.06800000000000028244e-01,1.97699999999999986855e-01,
3.25000000000000000000e+01,5.00000000000000000000e+00,1.00000000000000000000e+01,4.22399999999999997691e-01,5.36900000000000043876e-01,1.97699999999999986855e-01,
3.25000000000000000000e+01,5.00000000000000000000e+00,1.20000000000000000000e+01,4.33300000000000018474e-01,5.60200000000000031264e-01,1.97699999999999986855e-01,
3.25000000000000000000e+01,5.00000000000000000000e+00,1.40000000000000000000e+01,4.40000000000000002220e-01,5.79999999999999960032e-01,1.97699999999999986855e-01,
3.25000000000000000000e+01,6.00000000000000000000e+00,2.00000000000000000000e+00,3.34199999999999997069e-01,3.60700000000000020606e-01,3.00300000000000011369e-01,
3.25000000000000000000e+01,6.00000000000000000000e+00,4.00000000000000000000e+00,3.57200000000000017497e-01,4.03799999999999992273e-01,3.00300000000000011369e-01,
3.25000000000000000000e+01,6.00000000000000000000e+00,6.00000000000000000000e+00,3.79900000000000015454e-01,4.47000000000000008438e-01,3.00300000000000011369e-01,
3.25000000000000000000e+01,6.00000000000000000000e+00,8.00000000000000000000e+00,4.00600000000000011635e-01,4.88499999999999989786e-01,3.00300000000000011369e-01,
3.25000000000000000000e+01,6.00000000000000000000e+00,1.00000000000000000000e+01,4.15899999999999991918e-01,5.19000000000000016875e-01,3.00300000000000011369e-01,
3.25000000000000000000e+01,6.00000000000000000000e+00,1.20000000000000000000e+01,4.26900000000000001688e-01,5.41399999999999992362e-01,3.00300000000000011369e-01,
3.25000000000000000000e+01,6.00000000000000000000e+00,1.40000000000000000000e+01,4.35400000000000009237e-01,5.59400000000000008349e-01,3.00300000000000011369e-01,
3.25000000000000000000e+01,6.00000000000000000000e+00,1.60000000000000000000e+01,4.39000000000000001332e-01,5.67999999999999949374e-01,3.00300000000000011369e-01,
3.25000000000000000000e+01,7.00000000000000000000e+00,2.00000000000000000000e+00,3.32799999999999984723e-01,3.56899999999999995026e-01,4.30600000000000038280e-01,
3.25000000000000000000e+01,7.00000000000000000000e+00,4.00000000000000000000e+00,3.53399999999999991918e-01,3.95299999999999984723e-01,4.30600000000000038280e-01,
3.25000000000000000000e+01,7.00000000000000000000e+00,6.00000000000000000000e+00,3.72800000000000020250e-01,4.31599999999999983658e-01,4.30600000000000038280e-01,
3.25000000000000000000e+01,7.00000000000000000000e+00,8.00000000000000000000e+00,3.91900000000000026112e-01,4.68399999999999983036e-01,4.30600000000000038280e-01,
3.25000000000000000000e+01,7.00000000000000000000e+00,1.00000000000000000000e+01,4.09100000000000019185e-01,5.03000000000000002665e-01,4.30600000000000038280e-01,
3.25000000000000000000e+01,7.00000000000000000000e+00,1.20000000000000000000e+01,4.21300000000000007816e-01,5.27000000000000023981e-01,4.30600000000000038280e-01,
3.25000000000000000000e+01,7.00000000000000000000e+00,1.40000000000000000000e+01,4.30900000000000005240e-01,5.45900000000000051870e-01,4.30600000000000038280e-01,
3.25000000000000000000e+01,7.00000000000000000000e+00,1.60000000000000000000e+01,4.36599999999999988098e-01,5.57799999999999962519e-01,4.30600000000000038280e-01,
3.25000000000000000000e+01,7.00000000000000000000e+00,1.80000000000000000000e+01,4.39000000000000001332e-01,5.63999999999999945821e-01,4.30600000000000038280e-01,
3.25000000000000000000e+01,8.00000000000000000000e+00,2.00000000000000000000e+00,3.32699999999999995737e-01,3.55499999999999982681e-01,5.90999999999999969802e-01,
3.25000000000000000000e+01,8.00000000000000000000e+00,4.00000000000000000000e+00,3.50399999999999989253e-01,3.88699999999999989964e-01,5.90999999999999969802e-01,
3.25000000000000000000e+01,8.00000000000000000000e+00,6.00000000000000000000e+00,3.68999999999999994671e-01,4.22999999999999987121e-01,5.90999999999999969802e-01,
3.25000000000000000000e+01,8.00000000000000000000e+00,8.00000000000000000000e+00,3.85799999999999976286e-01,4.55000000000000015543e-01,5.90999999999999969802e-01,
3.25000000000000000000e+01,8.00000000000000000000e+00,1.00000000000000000000e+01,4.02100000000000012967e-01,4.86899999999999999467e-01,5.90999999999999969802e-01,
3.25000000000000000000e+01,8.00000000000000000000e+00,1.20000000000000000000e+01,4.15399999999999991473e-01,5.13299999999999978506e-01,5.90999999999999969802e-01,
3.25000000000000000000e+01,8.00000000000000000000e+00,1.40000000000000000000e+01,4.26099999999999978773e-01,5.34399999999999986144e-01,5.90999999999999969802e-01,
3.25000000000000000000e+01,8.00000000000000000000e+00,1.60000000000000000000e+01,4.32699999999999973532e-01,5.47499999999999986677e-01,5.90999999999999969802e-01,
3.25000000000000000000e+01,8.00000000000000000000e+00,1.80000000000000000000e+01,4.37099999999999988542e-01,5.55699999999999971756e-01,5.90999999999999969802e-01,
3.25000000000000000000e+01,8.00000000000000000000e+00,2.00000000000000000000e+01,4.40000000000000002220e-01,5.62000000000000055067e-01,5.90999999999999969802e-01,
3.25000000000000000000e+01,8.00000000000000000000e+00,2.20000000000000000000e+01,4.43000000000000004885e-01,5.67999999999999949374e-01,5.90999999999999969802e-01,
3.25000000000000000000e+01,9.00000000000000000000e+00,2.00000000000000000000e+00,3.32100000000000006306e-01,3.53899999999999992362e-01,7.86599999999999965894e-01,
3.25000000000000000000e+01,9.00000000000000000000e+00,4.00000000000000000000e+00,3.49899999999999988809e-01,3.86599999999999999201e-01,7.86599999999999965894e-01,
3.25000000000000000000e+01,9.00000000000000000000e+00,6.00000000000000000000e+00,3.66999999999999992895e-01,4.17800000000000004707e-01,7.86599999999999965894e-01,
3.25000000000000000000e+01,9.00000000000000000000e+00,8.00000000000000000000e+00,3.83400000000000018563e-01,4.49000000000000010214e-01,7.86599999999999965894e-01,
3.25000000000000000000e+01,9.00000000000000000000e+00,1.00000000000000000000e+01,3.97299999999999986500e-01,4.76100000000000023181e-01,7.86599999999999965894e-01,
3.25000000000000000000e+01,9.00000000000000000000e+00,1.20000000000000000000e+01,4.10799999999999998490e-01,5.02800000000000024691e-01,7.86599999999999965894e-01,
3.25000000000000000000e+01,9.00000000000000000000e+00,1.40000000000000000000e+01,4.21200000000000018829e-01,5.23700000000000054357e-01,7.86599999999999965894e-01,
3.25000000000000000000e+01,9.00000000000000000000e+00,1.60000000000000000000e+01,4.28800000000000014477e-01,5.38300000000000000711e-01,7.86599999999999965894e-01,
3.25000000000000000000e+01,9.00000000000000000000e+00,1.80000000000000000000e+01,4.35400000000000009237e-01,5.50799999999999956302e-01,7.86599999999999965894e-01,
3.25000000000000000000e+01,9.00000000000000000000e+00,2.00000000000000000000e+01,4.38000000000000000444e-01,5.56000000000000049738e-01,7.86599999999999965894e-01,
3.25000000000000000000e+01,9.00000000000000000000e+00,2.20000000000000000000e+01,4.42000000000000003997e-01,5.63999999999999945821e-01,7.86599999999999965894e-01,
3.25000000000000000000e+01,1.00000000000000000000e+01,2.00000000000000000000e+00,3.32000000000000017319e-01,3.53999999999999981348e-01,1.02569999999999983409e+00,
3.25000000000000000000e+01,1.00000000000000000000e+01,4.00000000000000000000e+00,3.47999999999999976019e-01,3.84000000000000007994e-01,1.02569999999999983409e+00,
3.25000000000000000000e+01,1.00000000000000000000e+01,6.00000000000000000000e+00,3.64999999999999991118e-01,4.12999999999999978240e-01,1.02569999999999983409e+00,
3.25000000000000000000e+01,1.00000000000000000000e+01,8.00000000000000000000e+00,3.80000000000000004441e-01,4.42000000000000003997e-01,1.02569999999999983409e+00,
3.25000000000000000000e+01,1.00000000000000000000e+01,1.00000000000000000000e+01,3.93000000000000015987e-01,4.66000000000000025313e-01,1.02569999999999983409e+00,
3.25000000000000000000e+01,1.00000000000000000000e+01,1.20000000000000000000e+01,4.06000000000000027534e-01,4.91999999999999992895e-01,1.02569999999999983409e+00,
3.25000000000000000000e+01,1.00000000000000000000e+01,1.40000000000000000000e+01,4.15999999999999980904e-01,5.14000000000000012434e-01,1.02569999999999983409e+00,
3.25000000000000000000e+01,1.00000000000000000000e+01,1.60000000000000000000e+01,4.23999999999999988010e-01,5.29000000000000025757e-01,1.02569999999999983409e+00,
3.25000000000000000000e+01,1.00000000000000000000e+01,1.80000000000000000000e+01,4.31999999999999995115e-01,5.46000000000000040856e-01,1.02569999999999983409e+00,
3.25000000000000000000e+01,1.00000000000000000000e+01,2.00000000000000000000e+01,4.35999999999999998668e-01,5.52000000000000046185e-01,1.02569999999999983409e+00,
3.25000000000000000000e+01,1.00000000000000000000e+01,2.20000000000000000000e+01,4.40000000000000002220e-01,5.60000000000000053291e-01,1.02569999999999983409e+00,
3.50000000000000000000e+01,2.00000000000000011102e-01,2.00000000000000000000e+00,4.49000000000000010214e-01,1.14500000000000001776e+00,2.36999999999999988454e-01,
3.50000000000000000000e+01,4.00000000000000022204e-01,2.00000000000000000000e+00,3.57999999999999984901e-01,5.28000000000000024869e-01,4.67000000000000026201e-01,
3.50000000000000000000e+01,4.00000000000000022204e-01,4.00000000000000000000e+00,3.23000000000000009326e-01,1.46700000000000008171e+00,4.67000000000000026201e-01,
3.50000000000000000000e+01,5.99999999999999977796e-01,2.00000000000000000000e+00,3.42000000000000026201e-01,4.42000000000000003997e-01,6.98999999999999954703e-01,
3.50000000000000000000e+01,5.99999999999999977796e-01,4.00000000000000000000e+00,4.09999999999999975575e-01,9.94999999999999995559e-01,6.98999999999999954703e-01,
3.50000000000000000000e+01,8.00000000000000044409e-01,2.00000000000000000000e+00,3.36000000000000020872e-01,4.09999999999999975575e-01,9.42999999999999949374e-01,
3.50000000000000000000e+01,8.00000000000000044409e-01,4.00000000000000000000e+00,4.00000000000000022204e-01,7.37999999999999989342e-01,9.42999999999999949374e-01,
3.50000000000000000000e+01,8.00000000000000044409e-01,6.00000000000000000000e+00,4.24999999999999988898e-01,1.26600000000000001421e+00,9.42999999999999949374e-01,
3.50000000000000000000e+01,1.00000000000000000000e+00,2.00000000000000000000e+00,3.35899999999999976374e-01,3.98199999999999998401e-01,1.20999999999999996447e+00,
3.50000000000000000000e+01,1.00000000000000000000e+00,4.00000000000000000000e+00,3.76500000000000001332e-01,5.94199999999999950440e-01,1.20999999999999996447e+00,
3.50000000000000000000e+01,1.00000000000000000000e+00,6.00000000000000000000e+00,3.98000000000000020428e-01,7.39999999999999991118e-01,1.20999999999999996447e+00,
3.50000000000000000000e+01,2.00000000000000000000e+00,2.00000000000000000000e+00,3.30900000000000027445e-01,3.74300000000000021583e-01,3.12599999999999961231e-02,
3.50000000000000000000e+01,2.00000000000000000000e+00,4.00000000000000000000e+00,3.58200000000000018385e-01,4.65000000000000024425e-01,3.12599999999999961231e-02,
3.50000000000000000000e+01,2.00000000000000000000e+00,6.00000000000000000000e+00,3.83900000000000019007e-01,5.74799999999999977618e-01,3.12599999999999961231e-02,
3.50000000000000000000e+01,2.00000000000000000000e+00,8.00000000000000000000e+00,4.08999999999999974687e-01,7.09999999999999964473e-01,3.12599999999999961231e-02,
3.50000000000000000000e+01,2.00000000000000000000e+00,1.00000000000000000000e+01,4.17999999999999982681e-01,8.24999999999999955591e-01,3.12599999999999961231e-02,
3.50000000000000000000e+01,3.00000000000000000000e+00,2.00000000000000000000e+00,3.31899999999999972822e-01,3.72900000000000009237e-01,6.55000000000000026645e-02,
3.50000000000000000000e+01,3.00000000000000000000e+00,4.00000000000000000000e+00,3.55399999999999993694e-01,4.42900000000000015898e-01,6.55000000000000026645e-02,
3.50000000000000000000e+01,3.00000000000000000000e+00,6.00000000000000000000e+00,3.75000000000000000000e-01,5.10900000000000020783e-01,6.55000000000000026645e-02,
3.50000000000000000000e+01,3.00000000000000000000e+00,8.00000000000000000000e+00,3.92400000000000026557e-01,5.83200000000000051692e-01,6.55000000000000026645e-02,
3.50000000000000000000e+01,3.00000000000000000000e+00,1.00000000000000000000e+01,4.04000000000000025757e-01,6.50000000000000022204e-01,6.55000000000000026645e-02,
3.50000000000000000000e+01,3.00000000000000000000e+00,1.20000000000000000000e+01,4.12999999999999978240e-01,7.17999999999999971578e-01,6.55000000000000026645e-02,
3.50000000000000000000e+01,4.00000000000000000000e+00,2.00000000000000000000e+00,3.31199999999999994404e-01,3.67800000000000015810e-01,1.19999999999999995559e-01,
3.50000000000000000000e+01,4.00000000000000000000e+00,4.00000000000000000000e+00,3.53800000000000003375e-01,4.28400000000000003020e-01,1.19999999999999995559e-01,
3.50000000000000000000e+01,4.00000000000000000000e+00,6.00000000000000000000e+00,3.71800000000000019362e-01,4.85200000000000020162e-01,1.19999999999999995559e-01,
3.50000000000000000000e+01,4.00000000000000000000e+00,8.00000000000000000000e+00,3.86799999999999977174e-01,5.38399999999999989697e-01,1.19999999999999995559e-01,
3.50000000000000000000e+01,4.00000000000000000000e+00,1.00000000000000000000e+01,3.98299999999999987388e-01,5.84999999999999964473e-01,1.19999999999999995559e-01,
3.50000000000000000000e+01,4.00000000000000000000e+00,1.20000000000000000000e+01,4.06999999999999972911e-01,6.18999999999999994671e-01,1.19999999999999995559e-01,
3.50000000000000000000e+01,4.00000000000000000000e+00,1.40000000000000000000e+01,4.14999999999999980016e-01,6.59000000000000030198e-01,1.19999999999999995559e-01,
3.50000000000000000000e+01,5.00000000000000000000e+00,2.00000000000000000000e+00,3.28900000000000025668e-01,3.61200000000000021050e-01,1.97699999999999986855e-01,
3.50000000000000000000e+01,5.00000000000000000000e+00,4.00000000000000000000e+00,3.48200000000000009504e-01,4.09700000000000008615e-01,1.97699999999999986855e-01,
3.50000000000000000000e+01,5.00000000000000000000e+00,6.00000000000000000000e+00,3.66300000000000014477e-01,4.61399999999999976819e-01,1.97699999999999986855e-01,
3.50000000000000000000e+01,5.00000000000000000000e+00,8.00000000000000000000e+00,3.81500000000000005773e-01,5.09299999999999974953e-01,1.97699999999999986855e-01,
3.50000000000000000000e+01,5.00000000000000000000e+00,1.00000000000000000000e+01,3.92799999999999982503e-01,5.48499999999999987566e-01,1.97699999999999986855e-01,
3.50000000000000000000e+01,5.00000000000000000000e+00,1.20000000000000000000e+01,4.01100000000000012079e-01,5.80200000000000049027e-01,1.97699999999999986855e-01,
3.50000000000000000000e+01,5.00000000000000000000e+00,1.40000000000000000000e+01,4.06999999999999972911e-01,6.03999999999999981348e-01,1.97699999999999986855e-01,
3.50000000000000000000e+01,5.00000000000000000000e+00,1.60000000000000000000e+01,4.09999999999999975575e-01,6.26000000000000000888e-01,1.97699999999999986855e-01,
3.50000000000000000000e+01,6.00000000000000000000e+00,2.00000000000000000000e+00,3.28799999999999981171e-01,3.59200000000000019273e-01,3.00300000000000011369e-01,
3.50000000000000000000e+01,6.00000000000000000000e+00,4.00000000000000000000e+00,3.46100000000000018741e-01,4.00799999999999989608e-01,3.00300000000000011369e-01,
3.50000000000000000000e+01,6.00000000000000000000e+00,6.00000000000000000000e+00,3.62200000000000021938e-01,4.43799999999999972289e-01,3.00300000000000011369e-01,
3.50000000000000000000e+01,6.00000000000000000000e+00,8.00000000000000000000e+00,3.77199999999999979750e-01,4.87999999999999989342e-01,3.00300000000000011369e-01,
3.50000000000000000000e+01,6.00000000000000000000e+00,1.00000000000000000000e+01,3.89100000000000001421e-01,5.26399999999999979039e-01,3.00300000000000011369e-01,
3.50000000000000000000e+01,6.00000000000000000000e+00,1.20000000000000000000e+01,3.98000000000000020428e-01,5.56400000000000005684e-01,3.00300000000000011369e-01,
3.50000000000000000000e+01,6.00000000000000000000e+00,1.40000000000000000000e+01,4.04200000000000003730e-01,5.78799999999999981171e-01,3.00300000000000011369e-01,
3.50000000000000000000e+01,6.00000000000000000000e+00,1.60000000000000000000e+01,4.08999999999999974687e-01,5.93999999999999972466e-01,3.00300000000000011369e-01,
3.50000000000000000000e+01,6.00000000000000000000e+00,1.80000000000000000000e+01,4.12999999999999978240e-01,6.06999999999999984013e-01,3.00300000000000011369e-01,
3.50000000000000000000e+01,7.00000000000000000000e+00,2.00000000000000000000e+00,3.28400000000000025224e-01,3.55899999999999994138e-01,4.30600000000000038280e-01,
3.50000000000000000000e+01,7.00000000000000000000e+00,4.00000000000000000000e+00,3.43700000000000005507e-01,3.92900000000000027001e-01,4.30600000000000038280e-01,
3.50000000000000000000e+01,7.00000000000000000000e+00,6.00000000000000000000e+00,3.58099999999999973888e-01,4.29099999999999981437e-01,4.30600000000000038280e-01,
3.50000000000000000000e+01,7.00000000000000000000e+00,8.00000000000000000000e+00,3.72199999999999975309e-01,4.66899999999999981704e-01,4.30600000000000038280e-01,
3.50000000000000000000e+01,7.00000000000000000000e+00,1.00000000000000000000e+01,3.85199999999999986855e-01,5.05099999999999993427e-01,4.30600000000000038280e-01,
3.50000000000000000000e+01,7.00000000000000000000e+00,1.20000000000000000000e+01,3.94899999999999973266e-01,5.36699999999999954881e-01,4.30600000000000038280e-01,
3.50000000000000000000e+01,7.00000000000000000000e+00,1.40000000000000000000e+01,4.02700000000000002398e-01,5.61499999999999999112e-01,4.30600000000000038280e-01,
3.50000000000000000000e+01,7.00000000000000000000e+00,1.60000000000000000000e+01,4.07600000000000017852e-01,5.78300000000000036238e-01,4.30600000000000038280e-01,
3.50000000000000000000e+01,7.00000000000000000000e+00,1.80000000000000000000e+01,4.09999999999999975575e-01,5.88999999999999968026e-01,4.30600000000000038280e-01,
3.50000000000000000000e+01,7.00000000000000000000e+00,2.00000000000000000000e+01,4.12999999999999978240e-01,6.00999999999999978684e-01,4.30600000000000038280e-01,
3.50000000000000000000e+01,8.00000000000000000000e+00,2.00000000000000000000e+00,3.28400000000000025224e-01,3.54200000000000014833e-01,5.90999999999999969802e-01,
3.50000000000000000000e+01,8.00000000000000000000e+00,4.00000000000000000000e+00,3.43299999999999994049e-01,3.87199999999999988631e-01,5.90999999999999969802e-01,
3.50000000000000000000e+01,8.00000000000000000000e+00,6.00000000000000000000e+00,3.57300000000000006484e-01,4.21399999999999996803e-01,5.90999999999999969802e-01,
3.50000000000000000000e+01,8.00000000000000000000e+00,8.00000000000000000000e+00,3.69599999999999984102e-01,4.54199999999999992628e-01,5.90999999999999969802e-01,
3.50000000000000000000e+01,8.00000000000000000000e+00,1.00000000000000000000e+01,3.81599999999999994760e-01,4.87900000000000000355e-01,5.90999999999999969802e-01,
3.50000000000000000000e+01,8.00000000000000000000e+00,1.20000000000000000000e+01,3.92400000000000026557e-01,5.19900000000000028777e-01,5.90999999999999969802e-01,
3.50000000000000000000e+01,8.00000000000000000000e+00,1.40000000000000000000e+01,4.01100000000000012079e-01,5.46799999999999952749e-01,5.90999999999999969802e-01,
3.50000000000000000000e+01,8.00000000000000000000e+00,1.60000000000000000000e+01,4.06100000000000016520e-01,5.64100000000000045830e-01,5.90999999999999969802e-01,
3.50000000000000000000e+01,8.00000000000000000000e+00,1.80000000000000000000e+01,4.10399999999999987033e-01,5.78500000000000014211e-01,5.90999999999999969802e-01,
3.50000000000000000000e+01,8.00000000000000000000e+00,2.00000000000000000000e+01,4.12700000000000011280e-01,5.85500000000000020428e-01,5.90999999999999969802e-01,
3.50000000000000000000e+01,8.00000000000000000000e+00,2.20000000000000000000e+01,4.14999999999999980016e-01,5.94999999999999973355e-01,5.90999999999999969802e-01,
3.50000000000000000000e+01,9.00000000000000000000e+00,2.00000000000000000000e+00,3.28400000000000025224e-01,3.53399999999999991918e-01,7.86599999999999965894e-01,
3.50000000000000000000e+01,9.00000000000000000000e+00,4.00000000000000000000e+00,3.43700000000000005507e-01,3.86099999999999998757e-01,7.86599999999999965894e-01,
3.50000000000000000000e+01,9.00000000000000000000e+00,6.00000000000000000000e+00,3.57200000000000017497e-01,4.17899999999999993694e-01,7.86599999999999965894e-01,
3.50000000000000000000e+01,9.00000000000000000000e+00,8.00000000000000000000e+00,3.69800000000000017586e-01,4.49699999999999988631e-01,7.86599999999999965894e-01,
3.50000000000000000000e+01,9.00000000000000000000e+00,1.00000000000000000000e+01,3.81000000000000005329e-01,4.79100000000000025846e-01,7.86599999999999965894e-01,
3.50000000000000000000e+01,9.00000000000000000000e+00,1.20000000000000000000e+01,3.91100000000000003197e-01,5.08199999999999985079e-01,7.86599999999999965894e-01,
3.50000000000000000000e+01,9.00000000000000000000e+00,1.40000000000000000000e+01,3.99299999999999988276e-01,5.32900000000000040323e-01,7.86599999999999965894e-01,
3.50000000000000000000e+01,9.00000000000000000000e+00,1.60000000000000000000e+01,4.05799999999999994049e-01,5.54100000000000036948e-01,7.86599999999999965894e-01,
3.50000000000000000000e+01,9.00000000000000000000e+00,1.80000000000000000000e+01,4.10799999999999998490e-01,5.69899999999999962164e-01,7.86599999999999965894e-01,
3.50000000000000000000e+01,9.00000000000000000000e+00,2.00000000000000000000e+01,4.13999999999999979128e-01,5.79999999999999960032e-01,7.86599999999999965894e-01,
3.50000000000000000000e+01,9.00000000000000000000e+00,2.20000000000000000000e+01,4.16999999999999981792e-01,5.89999999999999968914e-01,7.86599999999999965894e-01,
3.50000000000000000000e+01,1.00000000000000000000e+01,2.00000000000000000000e+00,3.28000000000000013767e-01,3.53999999999999981348e-01,1.02569999999999983409e+00,
3.50000000000000000000e+01,1.00000000000000000000e+01,4.00000000000000000000e+00,3.43000000000000027089e-01,3.84000000000000007994e-01,1.02569999999999983409e+00,
3.50000000000000000000e+01,1.00000000000000000000e+01,6.00000000000000000000e+00,3.55999999999999983125e-01,4.13999999999999979128e-01,1.02569999999999983409e+00,
3.50000000000000000000e+01,1.00000000000000000000e+01,8.00000000000000000000e+00,3.69999999999999995559e-01,4.46000000000000007550e-01,1.02569999999999983409e+00,
3.50000000000000000000e+01,1.00000000000000000000e+01,1.00000000000000000000e+01,3.80000000000000004441e-01,4.69999999999999973355e-01,1.02569999999999983409e+00,
3.50000000000000000000e+01,1.00000000000000000000e+01,1.20000000000000000000e+01,3.91000000000000014211e-01,4.96999999999999997335e-01,1.02569999999999983409e+00,
3.50000000000000000000e+01,1.00000000000000000000e+01,1.40000000000000000000e+01,3.98000000000000020428e-01,5.18000000000000015987e-01,1.02569999999999983409e+00,
3.50000000000000000000e+01,1.00000000000000000000e+01,1.60000000000000000000e+01,4.05000000000000026645e-01,5.38000000000000033751e-01,1.02569999999999983409e+00,
3.50000000000000000000e+01,1.00000000000000000000e+01,1.80000000000000000000e+01,4.09999999999999975575e-01,5.60000000000000053291e-01,1.02569999999999983409e+00,
3.50000000000000000000e+01,1.00000000000000000000e+01,2.00000000000000000000e+01,4.12999999999999978240e-01,5.71999999999999952927e-01,1.02569999999999983409e+00,
3.50000000000000000000e+01,1.00000000000000000000e+01,2.20000000000000000000e+01,4.15999999999999980904e-01,5.79999999999999960032e-01,1.02569999999999983409e+00,
3.75000000000000000000e+01,2.00000000000000011102e-01,2.00000000000000000000e+00,2.62000000000000010658e-01,8.36999999999999966249e-01,2.36999999999999988454e-01,
3.75000000000000000000e+01,2.00000000000000011102e-01,4.00000000000000000000e+00,-7.79999999999999998890e-02,2.16000000000000014211e+00,2.36999999999999988454e-01,
3.75000000000000000000e+01,4.00000000000000022204e-01,2.00000000000000000000e+00,3.11999999999999999556e-01,4.81999999999999984013e-01,4.67000000000000026201e-01,
3.75000000000000000000e+01,4.00000000000000022204e-01,4.00000000000000000000e+00,1.28000000000000002665e-01,1.14100000000000001421e+00,4.67000000000000026201e-01,
3.75000000000000000000e+01,5.99999999999999977796e-01,2.00000000000000000000e+00,3.15000000000000002220e-01,4.19999999999999984457e-01,6.98999999999999954703e-01,
3.75000000000000000000e+01,5.99999999999999977796e-01,4.00000000000000000000e+00,2.74000000000000021316e-01,7.92000000000000037303e-01,6.98999999999999954703e-01,
3.75000000000000000000e+01,5.99999999999999977796e-01,6.00000000000000000000e+00,-4.49999999999999983347e-02,1.45900000000000007461e+00,6.98999999999999954703e-01,
3.75000000000000000000e+01,8.00000000000000044409e-01,2.00000000000000000000e+00,3.14000000000000001332e-01,3.94000000000000016875e-01,9.42999999999999949374e-01,
3.75000000000000000000e+01,8.00000000000000044409e-01,4.00000000000000000000e+00,3.04999999999999993339e-01,6.12999999999999989342e-01,9.42999999999999949374e-01,
3.75000000000000000000e+01,8.00000000000000044409e-01,6.00000000000000000000e+00,2.36999999999999988454e-01,9.68999999999999972466e-01,9.42999999999999949374e-01,
3.75000000000000000000e+01,8.00000000000000044409e-01,8.00000000000000000000e+00,-1.18999999999999994671e-01,1.63199999999999989519e+00,9.42999999999999949374e-01,
3.75000000000000000000e+01,1.00000000000000000000e+00,2.00000000000000000000e+00,3.15400000000000013678e-01,3.84000000000000007994e-01,1.20999999999999996447e+00,
3.75000000000000000000e+01,1.00000000000000000000e+00,4.00000000000000000000e+00,3.13300000000000022915e-01,5.38000000000000033751e-01,1.20999999999999996447e+00,
3.75000000000000000000e+01,1.00000000000000000000e+00,6.00000000000000000000e+00,2.89999999999999980016e-01,7.05999999999999960920e-01,1.20999999999999996447e+00,
3.75000000000000000000e+01,1.00000000000000000000e+00,8.00000000000000000000e+00,2.34999999999999986677e-01,9.43999999999999950262e-01,1.20999999999999996447e+00,
3.75000000000000000000e+01,2.00000000000000000000e+00,2.00000000000000000000e+00,3.16500000000000003553e-01,3.64999999999999991118e-01,3.12599999999999961231e-02,
3.75000000000000000000e+01,2.00000000000000000000e+00,4.00000000000000000000e+00,3.24799999999999977618e-01,4.45699999999999985079e-01,3.12599999999999961231e-02,
3.75000000000000000000e+01,2.00000000000000000000e+00,6.00000000000000000000e+00,3.26000000000000011990e-01,5.37900000000000044764e-01,3.12599999999999961231e-02,
3.75000000000000000000e+01,2.00000000000000000000e+00,8.00000000000000000000e+00,3.16000000000000003109e-01,6.50900000000000034106e-01,3.12599999999999961231e-02,
3.75000000000000000000e+01,2.00000000000000000000e+00,1.00000000000000000000e+01,2.96999999999999986233e-01,7.68000000000000015987e-01,3.12599999999999961231e-02,
3.75000000000000000000e+01,2.00000000000000000000e+00,1.20000000000000000000e+01,2.74000000000000021316e-01,8.79000000000000003553e-01,3.12599999999999961231e-02,
3.75000000000000000000e+01,2.00000000000000000000e+00,1.40000000000000000000e+01,2.42999999999999993783e-01,1.01000000000000000888e+00,3.12599999999999961231e-02,
3.75000000000000000000e+01,3.00000000000000000000e+00,2.00000000000000000000e+00,3.18000000000000004885e-01,3.64400000000000001688e-01,6.55000000000000026645e-02,
3.75000000000000000000e+01,3.00000000000000000000e+00,4.00000000000000000000e+00,3.27000000000000012879e-01,4.28800000000000014477e-01,6.55000000000000026645e-02,
3.75000000000000000000e+01,3.00000000000000000000e+00,6.00000000000000000000e+00,3.33299999999999985167e-01,4.96699999999999974865e-01,6.55000000000000026645e-02,
3.75000000000000000000e+01,3.00000000000000000000e+00,8.00000000000000000000e+00,3.34100000000000008082e-01,5.69999999999999951150e-01,6.55000000000000026645e-02,
3.75000000000000000000e+01,3.00000000000000000000e+00,1.00000000000000000000e+01,3.26600000000000001421e-01,6.44800000000000039790e-01,6.55000000000000026645e-02,
3.75000000000000000000e+01,3.00000000000000000000e+00,1.20000000000000000000e+01,3.15000000000000002220e-01,7.19999999999999973355e-01,6.55000000000000026645e-02,
3.75000000000000000000e+01,3.00000000000000000000e+00,1.40000000000000000000e+01,2.99999999999999988898e-01,7.93000000000000038192e-01,6.55000000000000026645e-02,
3.75000000000000000000e+01,4.00000000000000000000e+00,2.00000000000000000000e+00,3.18500000000000005329e-01,3.60399999999999998135e-01,1.19999999999999995559e-01,
3.75000000000000000000e+01,4.00000000000000000000e+00,4.00000000000000000000e+00,3.28100000000000002753e-01,4.15700000000000013944e-01,1.19999999999999995559e-01,
3.75000000000000000000e+01,4.00000000000000000000e+00,6.00000000000000000000e+00,3.35500000000000020428e-01,4.73899999999999987921e-01,1.19999999999999995559e-01,
3.75000000000000000000e+01,4.00000000000000000000e+00,8.00000000000000000000e+00,3.40000000000000024425e-01,5.34800000000000053113e-01,1.19999999999999995559e-01,
3.75000000000000000000e+01,4.00000000000000000000e+00,1.00000000000000000000e+01,3.39500000000000023981e-01,5.91300000000000047784e-01,1.19999999999999995559e-01,
3.75000000000000000000e+01,4.00000000000000000000e+00,1.20000000000000000000e+01,3.34799999999999986500e-01,6.46800000000000041567e-01,1.19999999999999995559e-01,
3.75000000000000000000e+01,4.00000000000000000000e+00,1.40000000000000000000e+01,3.27000000000000012879e-01,6.97999999999999953815e-01,1.19999999999999995559e-01,
3.75000000000000000000e+01,4.00000000000000000000e+00,1.60000000000000000000e+01,3.15000000000000002220e-01,7.57000000000000006217e-01,1.19999999999999995559e-01,
3.75000000000000000000e+01,4.00000000000000000000e+00,1.80000000000000000000e+01,3.02999999999999991562e-01,8.09000000000000052403e-01,1.19999999999999995559e-01,
3.75000000000000000000e+01,5.00000000000000000000e+00,2.00000000000000000000e+00,3.18799999999999972289e-01,3.55999999999999983125e-01,1.97699999999999986855e-01,
3.75000000000000000000e+01,5.00000000000000000000e+00,4.00000000000000000000e+00,3.27400000000000024336e-01,3.99399999999999977263e-01,1.97699999999999986855e-01,
3.75000000000000000000e+01,5.00000000000000000000e+00,6.00000000000000000000e+00,3.35399999999999975930e-01,4.48299999999999976286e-01,1.97699999999999986855e-01,
3.75000000000000000000e+01,5.00000000000000000000e+00,8.00000000000000000000e+00,3.41200000000000003286e-01,4.97599999999999986766e-01,1.97699999999999986855e-01,
3.75000000000000000000e+01,5.00000000000000000000e+00,1.00000000000000000000e+01,3.45100000000000017852e-01,5.49000000000000043521e-01,1.97699999999999986855e-01,
3.75000000000000000000e+01,5.00000000000000000000e+00,1.20000000000000000000e+01,3.44999999999999973355e-01,5.94899999999999984368e-01,1.97699999999999986855e-01,
3.75000000000000000000e+01,5.00000000000000000000e+00,1.40000000000000000000e+01,3.42899999999999982592e-01,6.33499999999999952038e-01,1.97699999999999986855e-01,
3.75000000000000000000e+01,5.00000000000000000000e+00,1.60000000000000000000e+01,3.41000000000000025313e-01,6.66000000000000036415e-01,1.97699999999999986855e-01,
3.75000000000000000000e+01,5.00000000000000000000e+00,1.80000000000000000000e+01,3.39000000000000023537e-01,6.96999999999999952927e-01,1.97699999999999986855e-01,
3.75000000000000000000e+01,5.00000000000000000000e+00,2.00000000000000000000e+01,3.33000000000000018208e-01,7.32999999999999984901e-01,1.97699999999999986855e-01,
3.75000000000000000000e+01,6.00000000000000000000e+00,2.00000000000000000000e+00,3.19299999999999972733e-01,3.54999999999999982236e-01,3.00300000000000011369e-01,
3.75000000000000000000e+01,6.00000000000000000000e+00,4.00000000000000000000e+00,3.27500000000000013323e-01,3.92199999999999993072e-01,3.00300000000000011369e-01,
3.75000000000000000000e+01,6.00000000000000000000e+00,6.00000000000000000000e+00,3.35100000000000008971e-01,4.32099999999999984102e-01,3.00300000000000011369e-01,
3.75000000000000000000e+01,6.00000000000000000000e+00,8.00000000000000000000e+00,3.41799999999999992717e-01,4.76800000000000001599e-01,3.00300000000000011369e-01,
3.75000000000000000000e+01,6.00000000000000000000e+00,1.00000000000000000000e+01,3.46299999999999996714e-01,5.19599999999999950795e-01,3.00300000000000011369e-01,
3.75000000000000000000e+01,6.00000000000000000000e+00,1.20000000000000000000e+01,3.48799999999999998934e-01,5.59599999999999986322e-01,3.00300000000000011369e-01,
3.75000000000000000000e+01,6.00000000000000000000e+00,1.40000000000000000000e+01,3.49799999999999999822e-01,5.98500000000000031974e-01,3.00300000000000011369e-01,
3.75000000000000000000e+01,6.00000000000000000000e+00,1.60000000000000000000e+01,3.49799999999999999822e-01,6.28199999999999980638e-01,3.00300000000000011369e-01,
3.75000000000000000000e+01,6.00000000000000000000e+00,1.80000000000000000000e+01,3.48999999999999976907e-01,6.50000000000000022204e-01,3.00300000000000011369e-01,
3.75000000000000000000e+01,6.00000000000000000000e+00,2.00000000000000000000e+01,3.47999999999999976019e-01,6.67000000000000037303e-01,3.00300000000000011369e-01,
3.75000000000000000000e+01,6.00000000000000000000e+00,2.20000000000000000000e+01,3.46999999999999975131e-01,6.87999999999999944933e-01,3.00300000000000011369e-01,
3.75000000000000000000e+01,7.00000000000000000000e+00,2.00000000000000000000e+00,3.19000000000000005773e-01,3.51600000000000023626e-01,4.30600000000000038280e-01,
3.75000000000000000000e+01,7.00000000000000000000e+00,4.00000000000000000000e+00,3.26699999999999990408e-01,3.84799999999999975397e-01,4.30600000000000038280e-01,
3.75000000000000000000e+01,7.00000000000000000000e+00,6.00000000000000000000e+00,3.34100000000000008082e-01,4.19099999999999972555e-01,4.30600000000000038280e-01,
3.75000000000000000000e+01,7.00000000000000000000e+00,8.00000000000000000000e+00,3.40600000000000013856e-01,4.55799999999999982947e-01,4.30600000000000038280e-01,
3.75000000000000000000e+01,7.00000000000000000000e+00,1.00000000000000000000e+01,3.46100000000000018741e-01,4.94999999999999995559e-01,4.30600000000000038280e-01,
3.75000000000000000000e+01,7.00000000000000000000e+00,1.20000000000000000000e+01,3.50200000000000011280e-01,5.32800000000000051337e-01,4.30600000000000038280e-01,
3.75000000000000000000e+01,7.00000000000000000000e+00,1.40000000000000000000e+01,3.53200000000000013944e-01,5.69999999999999951150e-01,4.30600000000000038280e-01,
3.75000000000000000000e+01,7.00000000000000000000e+00,1.60000000000000000000e+01,3.54899999999999993250e-01,5.99999999999999977796e-01,4.30600000000000038280e-01,
3.75000000000000000000e+01,7.00000000000000000000e+00,1.80000000000000000000e+01,3.55499999999999982681e-01,6.24199999999999977085e-01,4.30600000000000038280e-01,
3.75000000000000000000e+01,7.00000000000000000000e+00,2.00000000000000000000e+01,3.55999999999999983125e-01,6.42000000000000015099e-01,4.30600000000000038280e-01,
3.75000000000000000000e+01,7.00000000000000000000e+00,2.20000000000000000000e+01,3.55999999999999983125e-01,6.61000000000000031974e-01,4.30600000000000038280e-01,
3.75000000000000000000e+01,7.00000000000000000000e+00,2.40000000000000000000e+01,3.55999999999999983125e-01,6.76000000000000045297e-01,4.30600000000000038280e-01,
3.75000000000000000000e+01,8.00000000000000000000e+00,2.00000000000000000000e+00,3.19400000000000017231e-01,3.50200000000000011280e-01,5.90999999999999969802e-01,
3.75000000000000000000e+01,8.00000000000000000000e+00,4.00000000000000000000e+00,3.26600000000000001421e-01,3.80900000000000016342e-01,5.90999999999999969802e-01,
3.75000000000000000000e+01,8.00000000000000000000e+00,6.00000000000000000000e+00,3.33899999999999974598e-01,4.12899999999999989253e-01,5.90999999999999969802e-01,
3.75000000000000000000e+01,8.00000000000000000000e+00,8.00000000000000000000e+00,3.40799999999999991829e-01,4.45199999999999984635e-01,5.90999999999999969802e-01,
3.75000000000000000000e+01,8.00000000000000000000e+00,1.00000000000000000000e+01,3.46299999999999996714e-01,4.79100000000000025846e-01,5.90999999999999969802e-01,
3.75000000000000000000e+01,8.00000000000000000000e+00,1.20000000000000000000e+01,3.51100000000000023181e-01,5.14399999999999968381e-01,5.90999999999999969802e-01,
3.75000000000000000000e+01,8.00000000000000000000e+00,1.40000000000000000000e+01,3.54600000000000026290e-01,5.49000000000000043521e-01,5.90999999999999969802e-01,
3.75000000000000000000e+01,8.00000000000000000000e+00,1.60000000000000000000e+01,3.56899999999999995026e-01,5.79799999999999982059e-01,5.90999999999999969802e-01,
3.75000000000000000000e+01,8.00000000000000000000e+00,1.80000000000000000000e+01,3.58499999999999985345e-01,6.06299999999999950084e-01,5.90999999999999969802e-01,
3.75000000000000000000e+01,8.00000000000000000000e+00,2.00000000000000000000e+01,3.59200000000000019273e-01,6.23500000000000054179e-01,5.90999999999999969802e-01,
3.75000000000000000000e+01,8.00000000000000000000e+00,2.20000000000000000000e+01,3.59999999999999986677e-01,6.45000000000000017764e-01,5.90999999999999969802e-01,
3.75000000000000000000e+01,8.00000000000000000000e+00,2.40000000000000000000e+01,3.59999999999999986677e-01,6.60000000000000031086e-01,5.90999999999999969802e-01,
3.75000000000000000000e+01,8.00000000000000000000e+00,2.60000000000000000000e+01,3.60999999999999987566e-01,6.79000000000000047962e-01,5.90999999999999969802e-01,
3.75000000000000000000e+01,8.00000000000000000000e+00,2.80000000000000000000e+01,3.60999999999999987566e-01,6.95999999999999952038e-01,5.90999999999999969802e-01,
3.75000000000000000000e+01,9.00000000000000000000e+00,2.00000000000000000000e+00,3.19799999999999973177e-01,3.49999999999999977796e-01,7.86599999999999965894e-01,
3.75000000000000000000e+01,9.00000000000000000000e+00,4.00000000000000000000e+00,3.27400000000000024336e-01,3.79300000000000026024e-01,7.86599999999999965894e-01,
3.75000000000000000000e+01,9.00000000000000000000e+00,6.00000000000000000000e+00,3.35100000000000008971e-01,4.11100000000000020961e-01,7.86599999999999965894e-01,
3.75000000000000000000e+01,9.00000000000000000000e+00,8.00000000000000000000e+00,3.41399999999999981259e-01,4.41500000000000003553e-01,7.86599999999999965894e-01,
3.75000000000000000000e+01,9.00000000000000000000e+00,1.00000000000000000000e+01,3.47100000000000019629e-01,4.73499999999999976463e-01,7.86599999999999965894e-01,
3.75000000000000000000e+01,9.00000000000000000000e+00,1.20000000000000000000e+01,3.51800000000000001599e-01,5.04199999999999981526e-01,7.86599999999999965894e-01,
3.75000000000000000000e+01,9.00000000000000000000e+00,1.40000000000000000000e+01,3.55100000000000026734e-01,5.33900000000000041211e-01,7.86599999999999965894e-01,
3.75000000000000000000e+01,9.00000000000000000000e+00,1.60000000000000000000e+01,3.58099999999999973888e-01,5.65400000000000013678e-01,7.86599999999999965894e-01,
3.75000000000000000000e+01,9.00000000000000000000e+00,1.80000000000000000000e+01,3.60200000000000020162e-01,5.91999999999999970690e-01,7.86599999999999965894e-01,
3.75000000000000000000e+01,9.00000000000000000000e+00,2.00000000000000000000e+01,3.60999999999999987566e-01,6.13999999999999990230e-01,7.86599999999999965894e-01,
3.75000000000000000000e+01,9.00000000000000000000e+00,2.20000000000000000000e+01,3.61999999999999988454e-01,6.38000000000000011546e-01,7.86599999999999965894e-01,
3.75000000000000000000e+01,9.00000000000000000000e+00,2.40000000000000000000e+01,3.59999999999999986677e-01,6.57000000000000028422e-01,7.86599999999999965894e-01,
3.75000000000000000000e+01,9.00000000000000000000e+00,2.60000000000000000000e+01,3.59999999999999986677e-01,6.82000000000000050626e-01,7.86599999999999965894e-01,
3.75000000000000000000e+01,9.00000000000000000000e+00,2.80000000000000000000e+01,3.59999999999999986677e-01,7.06999999999999961808e-01,7.86599999999999965894e-01,
3.75000000000000000000e+01,1.00000000000000000000e+01,2.00000000000000000000e+00,3.20000000000000006661e-01,3.50999999999999978684e-01,1.02569999999999983409e+00,
3.75000000000000000000e+01,1.00000000000000000000e+01,4.00000000000000000000e+00,3.27000000000000012879e-01,3.78000000000000002665e-01,1.02569999999999983409e+00,
3.75000000000000000000e+01,1.00000000000000000000e+01,6.00000000000000000000e+00,3.34000000000000019096e-01,4.09999999999999975575e-01,1.02569999999999983409e+00,
3.75000000000000000000e+01,1.00000000000000000000e+01,8.00000000000000000000e+00,3.42000000000000026201e-01,4.39000000000000001332e-01,1.02569999999999983409e+00,
3.75000000000000000000e+01,1.00000000000000000000e+01,1.00000000000000000000e+01,3.46999999999999975131e-01,4.69999999999999973355e-01,1.02569999999999983409e+00,
3.75000000000000000000e+01,1.00000000000000000000e+01,1.20000000000000000000e+01,3.50999999999999978684e-01,4.92999999999999993783e-01,1.02569999999999983409e+00,
3.75000000000000000000e+01,1.00000000000000000000e+01,1.40000000000000000000e+01,3.53999999999999981348e-01,5.18000000000000015987e-01,1.02569999999999983409e+00,
3.75000000000000000000e+01,1.00000000000000000000e+01,1.60000000000000000000e+01,3.56999999999999984013e-01,5.45000000000000039968e-01,1.02569999999999983409e+00,
3.75000000000000000000e+01,1.00000000000000000000e+01,1.80000000000000000000e+01,3.59999999999999986677e-01,5.70999999999999952038e-01,1.02569999999999983409e+00,
3.75000000000000000000e+01,1.00000000000000000000e+01,2.00000000000000000000e+01,3.60999999999999987566e-01,5.91999999999999970690e-01,1.02569999999999983409e+00,
3.75000000000000000000e+01,1.00000000000000000000e+01,2.20000000000000000000e+01,3.59999999999999986677e-01,6.07999999999999984901e-01,1.02569999999999983409e+00,
4.00000000000000000000e+01,2.00000000000000011102e-01,2.00000000000000000000e+00,1.84999999999999997780e-01,6.76000000000000045297e-01,2.36999999999999988454e-01,
4.00000000000000000000e+01,2.00000000000000011102e-01,4.00000000000000000000e+00,-2.57000000000000006217e-01,1.23300000000000009592e+00,2.36999999999999988454e-01,
4.00000000000000000000e+01,4.00000000000000022204e-01,2.00000000000000000000e+00,2.77000000000000023981e-01,4.45000000000000006661e-01,4.67000000000000026201e-01,
4.00000000000000000000e+01,4.00000000000000022204e-01,4.00000000000000000000e+00,4.10000000000000017208e-02,9.06000000000000027534e-01,4.67000000000000026201e-01,
4.00000000000000000000e+01,5.99999999999999977796e-01,2.00000000000000000000e+00,2.91999999999999981792e-01,3.99000000000000021316e-01,6.98999999999999954703e-01,
4.00000000000000000000e+01,5.99999999999999977796e-01,4.00000000000000000000e+00,2.07999999999999990452e-01,6.52000000000000023981e-01,6.98999999999999954703e-01,
4.00000000000000000000e+01,5.99999999999999977796e-01,6.00000000000000000000e+00,-1.28000000000000002665e-01,1.12500000000000000000e+00,6.98999999999999954703e-01,
4.00000000000000000000e+01,8.00000000000000044409e-01,2.00000000000000000000e+00,2.97999999999999987121e-01,3.81000000000000005329e-01,9.42999999999999949374e-01,
4.00000000000000000000e+01,8.00000000000000044409e-01,4.00000000000000000000e+00,2.54000000000000003553e-01,5.37000000000000032863e-01,9.42999999999999949374e-01,
4.00000000000000000000e+01,8.00000000000000044409e-01,6.00000000000000000000e+00,1.49999999999999994449e-01,7.91000000000000036415e-01,9.42999999999999949374e-01,
4.00000000000000000000e+01,8.00000000000000044409e-01,8.00000000000000000000e+00,-1.55999999999999999778e-01,1.21999999999999997335e+00,9.42999999999999949374e-01,
4.00000000000000000000e+01,1.00000000000000000000e+00,2.00000000000000000000e+00,3.00599999999999978328e-01,3.71999999999999997335e-01,1.20999999999999996447e+00,
4.00000000000000000000e+01,1.00000000000000000000e+00,4.00000000000000000000e+00,2.72199999999999997513e-01,4.90300000000000013589e-01,1.20999999999999996447e+00,
4.00000000000000000000e+01,1.00000000000000000000e+00,6.00000000000000000000e+00,2.23200000000000009504e-01,6.39199999999999990408e-01,1.20999999999999996447e+00,
4.00000000000000000000e+01,1.00000000000000000000e+00,8.00000000000000000000e+00,1.10000000000000000555e-01,8.83000000000000007105e-01,1.20999999999999996447e+00,
4.00000000000000000000e+01,1.00000000000000000000e+00,1.00000000000000000000e+01,-1.29999999999999994033e-02,1.06499999999999994671e+00,1.20999999999999996447e+00,
4.00000000000000000000e+01,2.00000000000000000000e+00,2.00000000000000000000e+00,3.06900000000000006128e-01,3.57999999999999984901e-01,3.12599999999999961231e-02,
4.00000000000000000000e+01,2.00000000000000000000e+00,4.00000000000000000000e+00,2.98599999999999976552e-01,4.23999999999999988010e-01,3.12599999999999961231e-02,
4.00000000000000000000e+01,2.00000000000000000000e+00,6.00000000000000000000e+00,2.85200000000000009059e-01,4.97199999999999975309e-01,3.12599999999999961231e-02,
4.00000000000000000000e+01,2.00000000000000000000e+00,8.00000000000000000000e+00,2.62799999999999978062e-01,5.83699999999999996625e-01,3.12599999999999961231e-02,
4.00000000000000000000e+01,2.00000000000000000000e+00,1.00000000000000000000e+01,2.30699999999999988409e-01,6.81400000000000005684e-01,3.12599999999999961231e-02,
4.00000000000000000000e+01,2.00000000000000000000e+00,1.20000000000000000000e+01,1.90700000000000008393e-01,7.79800000000000048672e-01,3.12599999999999961231e-02,
4.00000000000000000000e+01,2.00000000000000000000e+00,1.40000000000000000000e+01,1.40999999999999986455e-01,8.76000000000000000888e-01,3.12599999999999961231e-02,
4.00000000000000000000e+01,2.00000000000000000000e+00,1.60000000000000000000e+01,6.09999999999999986677e-02,9.97999999999999998224e-01,3.12599999999999961231e-02,
4.00000000000000000000e+01,2.00000000000000000000e+00,1.80000000000000000000e+01,-2.99999999999999988898e-02,1.11000000000000009770e+00,3.12599999999999961231e-02,
4.00000000000000000000e+01,3.00000000000000000000e+00,2.00000000000000000000e+00,3.08800000000000018918e-01,3.57800000000000006928e-01,6.55000000000000026645e-02,
4.00000000000000000000e+01,3.00000000000000000000e+00,4.00000000000000000000e+00,3.05300000000000015810e-01,4.12299999999999999822e-01,6.55000000000000026645e-02,
4.00000000000000000000e+01,3.00000000000000000000e+00,6.00000000000000000000e+00,2.99200000000000021494e-01,4.71700000000000008171e-01,6.55000000000000026645e-02,
4.00000000000000000000e+01,3.00000000000000000000e+00,8.00000000000000000000e+00,2.88700000000000012168e-01,5.36100000000000020961e-01,6.55000000000000026645e-02,
4.00000000000000000000e+01,3.00000000000000000000e+00,1.00000000000000000000e+01,2.72399999999999975486e-01,6.02600000000000024514e-01,6.55000000000000026645e-02,
4.00000000000000000000e+01,3.00000000000000000000e+00,1.20000000000000000000e+01,2.53099999999999991651e-01,6.70000000000000039968e-01,6.55000000000000026645e-02,
4.00000000000000000000e+01,3.00000000000000000000e+00,1.40000000000000000000e+01,2.28300000000000002931e-01,7.42299999999999959854e-01,6.55000000000000026645e-02,
4.00000000000000000000e+01,3.00000000000000000000e+00,1.60000000000000000000e+01,2.02000000000000012879e-01,8.07000000000000050626e-01,6.55000000000000026645e-02,
4.00000000000000000000e+01,3.00000000000000000000e+00,1.80000000000000000000e+01,1.68000000000000010436e-01,8.80000000000000004441e-01,6.55000000000000026645e-02,
4.00000000000000000000e+01,3.00000000000000000000e+00,2.00000000000000000000e+01,1.30000000000000004441e-01,9.47999999999999953815e-01,6.55000000000000026645e-02,
4.00000000000000000000e+01,3.00000000000000000000e+00,2.20000000000000000000e+01,8.89999999999999957812e-02,1.01400000000000001243e+00,6.55000000000000026645e-02,
4.00000000000000000000e+01,3.00000000000000000000e+00,2.40000000000000000000e+01,4.59999999999999992228e-02,1.07800000000000006928e+00,6.55000000000000026645e-02,
4.00000000000000000000e+01,4.00000000000000000000e+00,2.00000000000000000000e+00,3.10900000000000009681e-01,3.54999999999999982236e-01,1.19999999999999995559e-01,
4.00000000000000000000e+01,4.00000000000000000000e+00,4.00000000000000000000e+00,3.09999999999999997780e-01,4.01799999999999990496e-01,1.19999999999999995559e-01,
4.00000000000000000000e+01,4.00000000000000000000e+00,6.00000000000000000000e+00,3.06900000000000006128e-01,4.55000000000000015543e-01,1.19999999999999995559e-01,
4.00000000000000000000e+01,4.00000000000000000000e+00,8.00000000000000000000e+00,3.00800000000000011813e-01,5.09499999999999952927e-01,1.19999999999999995559e-01,
4.00000000000000000000e+01,4.00000000000000000000e+00,1.00000000000000000000e+01,2.90800000000000002931e-01,5.67200000000000037481e-01,1.19999999999999995559e-01,
4.00000000000000000000e+01,4.00000000000000000000e+00,1.20000000000000000000e+01,2.75799999999999989608e-01,6.28199999999999980638e-01,1.19999999999999995559e-01,
4.00000000000000000000e+01,4.00000000000000000000e+00,1.40000000000000000000e+01,2.59000000000000007994e-01,6.85799999999999965183e-01,1.19999999999999995559e-01,
4.00000000000000000000e+01,4.00000000000000000000e+00,1.60000000000000000000e+01,2.42199999999999998623e-01,7.35999999999999987566e-01,1.19999999999999995559e-01,
4.00000000000000000000e+01,4.00000000000000000000e+00,1.80000000000000000000e+01,2.21000000000000001998e-01,7.93000000000000038192e-01,1.19999999999999995559e-01,
4.00000000000000000000e+01,4.00000000000000000000e+00,2.00000000000000000000e+01,1.92000000000000003997e-01,8.59999999999999986677e-01,1.19999999999999995559e-01,
4.00000000000000000000e+01,4.00000000000000000000e+00,2.20000000000000000000e+01,1.65000000000000007772e-01,9.17000000000000037303e-01,1.19999999999999995559e-01,
4.00000000000000000000e+01,4.00000000000000000000e+00,2.40000000000000000000e+01,1.41999999999999987343e-01,9.63999999999999968026e-01,1.19999999999999995559e-01,
4.00000000000000000000e+01,4.00000000000000000000e+00,2.60000000000000000000e+01,1.05999999999999997002e-01,1.02800000000000002487e+00,1.19999999999999995559e-01,
4.00000000000000000000e+01,4.00000000000000000000e+00,2.80000000000000000000e+01,5.80000000000000029421e-02,1.10000000000000008882e+00,1.19999999999999995559e-01,
4.00000000000000000000e+01,5.00000000000000000000e+00,2.00000000000000000000e+00,3.10999999999999998668e-01,3.50800000000000000711e-01,1.97699999999999986855e-01,
4.00000000000000000000e+01,5.00000000000000000000e+00,4.00000000000000000000e+00,3.11099999999999987654e-01,3.88100000000000000533e-01,1.97699999999999986855e-01,
4.00000000000000000000e+01,5.00000000000000000000e+00,6.00000000000000000000e+00,3.10800000000000020695e-01,4.30099999999999982325e-01,1.97699999999999986855e-01,
4.00000000000000000000e+01,5.00000000000000000000e+00,8.00000000000000000000e+00,3.07999999999999996003e-01,4.75899999999999989697e-01,1.97699999999999986855e-01,
4.00000000000000000000e+01,5.00000000000000000000e+00,1.00000000000000000000e+01,3.02800000000000013589e-01,5.23700000000000054357e-01,1.97699999999999986855e-01,
4.00000000000000000000e+01,5.00000000000000000000e+00,1.20000000000000000000e+01,2.93999999999999983569e-01,5.75099999999999944578e-01,1.97699999999999986855e-01,
4.00000000000000000000e+01,5.00000000000000000000e+00,1.40000000000000000000e+01,2.83799999999999996714e-01,6.20800000000000018474e-01,1.97699999999999986855e-01,
4.00000000000000000000e+01,5.00000000000000000000e+00,1.60000000000000000000e+01,2.70199999999999995737e-01,6.70000000000000039968e-01,1.97699999999999986855e-01,
4.00000000000000000000e+01,5.00000000000000000000e+00,1.80000000000000000000e+01,2.54900000000000015454e-01,7.17899999999999982592e-01,1.97699999999999986855e-01,
4.00000000000000000000e+01,5.00000000000000000000e+00,2.00000000000000000000e+01,2.36999999999999988454e-01,7.67000000000000015099e-01,1.97699999999999986855e-01,
4.00000000000000000000e+01,5.00000000000000000000e+00,2.20000000000000000000e+01,2.21000000000000001998e-01,8.08000000000000051514e-01,1.97699999999999986855e-01,
4.00000000000000000000e+01,5.00000000000000000000e+00,2.40000000000000000000e+01,2.02000000000000012879e-01,8.51999999999999979572e-01,1.97699999999999986855e-01,
4.00000000000000000000e+01,5.00000000000000000000e+00,2.60000000000000000000e+01,1.78999999999999992450e-01,8.98000000000000020428e-01,1.97699999999999986855e-01,
4.00000000000000000000e+01,5.00000000000000000000e+00,2.80000000000000000000e+01,1.53999999999999998002e-01,9.48999999999999954703e-01,1.97699999999999986855e-01,
4.00000000000000000000e+01,5.00000000000000000000e+00,3.00000000000000000000e+01,1.25000000000000000000e-01,1.00000000000000000000e+00,1.97699999999999986855e-01,
4.00000000000000000000e+01,5.00000000000000000000e+00,3.20000000000000000000e+01,9.70000000000000028866e-02,1.04800000000000004263e+00,1.97699999999999986855e-01,
4.00000000000000000000e+01,6.00000000000000000000e+00,2.00000000000000000000e+00,3.11199999999999976641e-01,3.49600000000000021849e-01,3.00300000000000011369e-01,
4.00000000000000000000e+01,6.00000000000000000000e+00,4.00000000000000000000e+00,3.12400000000000011013e-01,3.82199999999999984190e-01,3.00300000000000011369e-01,
4.00000000000000000000e+01,6.00000000000000000000e+00,6.00000000000000000000e+00,3.12800000000000022471e-01,4.17499999999999982236e-01,3.00300000000000011369e-01,
4.00000000000000000000e+01,6.00000000000000000000e+00,8.00000000000000000000e+00,3.11599999999999988098e-01,4.56299999999999983391e-01,3.00300000000000011369e-01,
4.00000000000000000000e+01,6.00000000000000000000e+00,1.00000000000000000000e+01,3.08599999999999985434e-01,4.94900000000000006573e-01,3.00300000000000011369e-01,
4.00000000000000000000e+01,6.00000000000000000000e+00,1.20000000000000000000e+01,3.03700000000000025491e-01,5.35800000000000054001e-01,3.00300000000000011369e-01,
4.00000000000000000000e+01,6.00000000000000000000e+00,1.40000000000000000000e+01,2.96200000000000018829e-01,5.80200000000000049027e-01,3.00300000000000011369e-01,
4.00000000000000000000e+01,6.00000000000000000000e+00,1.60000000000000000000e+01,2.87200000000000010836e-01,6.19900000000000006573e-01,3.00300000000000011369e-01,
4.00000000000000000000e+01,6.00000000000000000000e+00,1.80000000000000000000e+01,2.76299999999999990052e-01,6.61599999999999965894e-01,3.00300000000000011369e-01,
4.00000000000000000000e+01,6.00000000000000000000e+00,2.00000000000000000000e+01,2.64799999999999979838e-01,7.00400000000000022560e-01,3.00300000000000011369e-01,
4.00000000000000000000e+01,6.00000000000000000000e+00,2.20000000000000000000e+01,2.53000000000000002665e-01,7.37999999999999989342e-01,3.00300000000000011369e-01,
4.00000000000000000000e+01,6.00000000000000000000e+00,2.40000000000000000000e+01,2.37999999999999989342e-01,7.82000000000000028422e-01,3.00300000000000011369e-01,
4.00000000000000000000e+01,6.00000000000000000000e+00,2.60000000000000000000e+01,2.25000000000000005551e-01,8.19999999999999951150e-01,3.00300000000000011369e-01,
4.00000000000000000000e+01,6.00000000000000000000e+00,2.80000000000000000000e+01,2.07999999999999990452e-01,8.62999999999999989342e-01,3.00300000000000011369e-01,
4.00000000000000000000e+01,6.00000000000000000000e+00,3.00000000000000000000e+01,1.88000000000000000444e-01,9.05000000000000026645e-01,3.00300000000000011369e-01,
4.00000000000000000000e+01,6.00000000000000000000e+00,3.20000000000000000000e+01,1.71000000000000013101e-01,9.38999999999999945821e-01,3.00300000000000011369e-01,
4.00000000000000000000e+01,7.00000000000000000000e+00,2.00000000000000000000e+00,3.11699999999999977085e-01,3.46899999999999986144e-01,4.30600000000000038280e-01,
4.00000000000000000000e+01,7.00000000000000000000e+00,4.00000000000000000000e+00,3.13300000000000022915e-01,3.76400000000000012346e-01,4.30600000000000038280e-01,
4.00000000000000000000e+01,7.00000000000000000000e+00,6.00000000000000000000e+00,3.14199999999999979305e-01,4.05799999999999994049e-01,4.30600000000000038280e-01,
4.00000000000000000000e+01,7.00000000000000000000e+00,8.00000000000000000000e+00,3.14000000000000001332e-01,4.38699999999999978861e-01,4.30600000000000038280e-01,
4.00000000000000000000e+01,7.00000000000000000000e+00,1.00000000000000000000e+01,3.12300000000000022027e-01,4.73200000000000009504e-01,4.30600000000000038280e-01,
4.00000000000000000000e+01,7.00000000000000000000e+00,1.20000000000000000000e+01,3.09199999999999974865e-01,5.09499999999999952927e-01,4.30600000000000038280e-01,
4.00000000000000000000e+01,7.00000000000000000000e+00,1.40000000000000000000e+01,3.04700000000000026379e-01,5.45799999999999951861e-01,4.30600000000000038280e-01,
4.00000000000000000000e+01,7.00000000000000000000e+00,1.60000000000000000000e+01,2.98099999999999976108e-01,5.83500000000000018652e-01,4.30600000000000038280e-01,
4.00000000000000000000e+01,7.00000000000000000000e+00,1.80000000000000000000e+01,2.90499999999999980460e-01,6.18600000000000038725e-01,4.30600000000000038280e-01,
4.00000000000000000000e+01,7.00000000000000000000e+00,2.00000000000000000000e+01,2.81600000000000016964e-01,6.56299999999999994493e-01,4.30600000000000038280e-01,
4.00000000000000000000e+01,7.00000000000000000000e+00,2.20000000000000000000e+01,2.72799999999999986944e-01,6.89300000000000023803e-01,4.30600000000000038280e-01,
4.00000000000000000000e+01,7.00000000000000000000e+00,2.40000000000000000000e+01,2.62000000000000010658e-01,7.26999999999999979572e-01,4.30600000000000038280e-01,
4.00000000000000000000e+01,7.00000000000000000000e+00,2.60000000000000000000e+01,2.52000000000000001776e-01,7.58000000000000007105e-01,4.30600000000000038280e-01,
4.00000000000000000000e+01,7.00000000000000000000e+00,2.80000000000000000000e+01,2.41999999999999992895e-01,7.90000000000000035527e-01,4.30600000000000038280e-01,
4.00000000000000000000e+01,7.00000000000000000000e+00,3.00000000000000000000e+01,2.33000000000000012657e-01,8.18999999999999950262e-01,4.30600000000000038280e-01,
4.00000000000000000000e+01,7.00000000000000000000e+00,3.20000000000000000000e+01,2.24000000000000004663e-01,8.50999999999999978684e-01,4.30600000000000038280e-01,
4.00000000000000000000e+01,8.00000000000000000000e+00,2.00000000000000000000e+00,3.12099999999999988542e-01,3.45899999999999985256e-01,5.90999999999999969802e-01,
4.00000000000000000000e+01,8.00000000000000000000e+00,4.00000000000000000000e+00,3.14000000000000001332e-01,3.72699999999999975753e-01,5.90999999999999969802e-01,
4.00000000000000000000e+01,8.00000000000000000000e+00,6.00000000000000000000e+00,3.15000000000000002220e-01,4.01399999999999979039e-01,5.90999999999999969802e-01,
4.00000000000000000000e+01,8.00000000000000000000e+00,8.00000000000000000000e+00,3.14900000000000013234e-01,4.28400000000000003020e-01,5.90999999999999969802e-01,
4.00000000000000000000e+01,8.00000000000000000000e+00,1.00000000000000000000e+01,3.14000000000000001332e-01,4.60100000000000008971e-01,5.90999999999999969802e-01,
4.00000000000000000000e+01,8.00000000000000000000e+00,1.20000000000000000000e+01,3.12400000000000011013e-01,4.92599999999999982325e-01,5.90999999999999969802e-01,
4.00000000000000000000e+01,8.00000000000000000000e+00,1.40000000000000000000e+01,3.09099999999999985878e-01,5.24700000000000055245e-01,5.90999999999999969802e-01,
4.00000000000000000000e+01,8.00000000000000000000e+00,1.60000000000000000000e+01,3.04300000000000014921e-01,5.57799999999999962519e-01,5.90999999999999969802e-01,
4.00000000000000000000e+01,8.00000000000000000000e+00,1.80000000000000000000e+01,2.98700000000000021050e-01,5.91899999999999981704e-01,5.90999999999999969802e-01,
4.00000000000000000000e+01,8.00000000000000000000e+00,2.00000000000000000000e+01,2.91800000000000003819e-01,6.25499999999999944933e-01,5.90999999999999969802e-01,
4.00000000000000000000e+01,8.00000000000000000000e+00,2.20000000000000000000e+01,2.84600000000000019629e-01,6.56399999999999983480e-01,5.90999999999999969802e-01,
4.00000000000000000000e+01,8.00000000000000000000e+00,2.40000000000000000000e+01,2.78100000000000013856e-01,6.84000000000000052403e-01,5.90999999999999969802e-01,
4.00000000000000000000e+01,8.00000000000000000000e+00,2.60000000000000000000e+01,2.71000000000000018652e-01,7.01999999999999957367e-01,5.90999999999999969802e-01,
4.00000000000000000000e+01,8.00000000000000000000e+00,2.80000000000000000000e+01,2.62000000000000010658e-01,7.25999999999999978684e-01,5.90999999999999969802e-01,
4.00000000000000000000e+01,8.00000000000000000000e+00,3.00000000000000000000e+01,2.52000000000000001776e-01,7.52000000000000001776e-01,5.90999999999999969802e-01,
4.00000000000000000000e+01,8.00000000000000000000e+00,3.20000000000000000000e+01,2.39999999999999991118e-01,7.84000000000000030198e-01,5.90999999999999969802e-01,
4.00000000000000000000e+01,9.00000000000000000000e+00,2.00000000000000000000e+00,3.12400000000000011013e-01,3.45399999999999984812e-01,7.86599999999999965894e-01,
4.00000000000000000000e+01,9.00000000000000000000e+00,4.00000000000000000000e+00,3.14400000000000012790e-01,3.71099999999999985434e-01,7.86599999999999965894e-01,
4.00000000000000000000e+01,9.00000000000000000000e+00,6.00000000000000000000e+00,3.15300000000000024691e-01,4.00799999999999989608e-01,7.86599999999999965894e-01,
4.00000000000000000000e+01,9.00000000000000000000e+00,8.00000000000000000000e+00,3.15699999999999980638e-01,4.25900000000000000799e-01,7.86599999999999965894e-01,
4.00000000000000000000e+01,9.00000000000000000000e+00,1.00000000000000000000e+01,3.15500000000000002665e-01,4.55799999999999982947e-01,7.86599999999999965894e-01,
4.00000000000000000000e+01,9.00000000000000000000e+00,1.20000000000000000000e+01,3.13900000000000012346e-01,4.82899999999999995914e-01,7.86599999999999965894e-01,
4.00000000000000000000e+01,9.00000000000000000000e+00,1.40000000000000000000e+01,3.11499999999999999112e-01,5.12900000000000022560e-01,7.86599999999999965894e-01,
4.00000000000000000000e+01,9.00000000000000000000e+00,1.60000000000000000000e+01,3.07900000000000007017e-01,5.44000000000000039080e-01,7.86599999999999965894e-01,
4.00000000000000000000e+01,9.00000000000000000000e+00,1.80000000000000000000e+01,3.03200000000000025047e-01,5.74799999999999977618e-01,7.86599999999999965894e-01,
4.00000000000000000000e+01,9.00000000000000000000e+00,2.00000000000000000000e+01,2.97999999999999987121e-01,6.01999999999999979572e-01,7.86599999999999965894e-01,
4.00000000000000000000e+01,9.00000000000000000000e+00,2.20000000000000000000e+01,2.91999999999999981792e-01,6.27000000000000001776e-01,7.86599999999999965894e-01,
4.00000000000000000000e+01,9.00000000000000000000e+00,2.40000000000000000000e+01,2.83999999999999974687e-01,6.53000000000000024869e-01,7.86599999999999965894e-01,
4.00000000000000000000e+01,9.00000000000000000000e+00,2.60000000000000000000e+01,2.77000000000000023981e-01,6.81000000000000049738e-01,7.86599999999999965894e-01,
4.00000000000000000000e+01,9.00000000000000000000e+00,2.80000000000000000000e+01,2.68000000000000015987e-01,7.06999999999999961808e-01,7.86599999999999965894e-01,
4.00000000000000000000e+01,1.00000000000000000000e+01,2.00000000000000000000e+00,3.11999999999999999556e-01,3.45999999999999974243e-01,1.02569999999999983409e+00,
4.00000000000000000000e+01,1.00000000000000000000e+01,4.00000000000000000000e+00,3.14000000000000001332e-01,3.69999999999999995559e-01,1.02569999999999983409e+00,
4.00000000000000000000e+01,1.00000000000000000000e+01,6.00000000000000000000e+00,3.14000000000000001332e-01,4.00000000000000022204e-01,1.02569999999999983409e+00,
4.00000000000000000000e+01,1.00000000000000000000e+01,8.00000000000000000000e+00,3.14000000000000001332e-01,4.22999999999999987121e-01,1.02569999999999983409e+00,
4.00000000000000000000e+01,1.00000000000000000000e+01,1.00000000000000000000e+01,3.14000000000000001332e-01,4.54000000000000014655e-01,1.02569999999999983409e+00,
4.00000000000000000000e+01,1.00000000000000000000e+01,1.20000000000000000000e+01,3.14000000000000001332e-01,4.73999999999999976907e-01,1.02569999999999983409e+00,
4.00000000000000000000e+01,1.00000000000000000000e+01,1.40000000000000000000e+01,3.13000000000000000444e-01,5.00000000000000000000e-01,1.02569999999999983409e+00,
4.00000000000000000000e+01,1.00000000000000000000e+01,1.60000000000000000000e+01,3.09999999999999997780e-01,5.27000000000000023981e-01,1.02569999999999983409e+00,
4.00000000000000000000e+01,1.00000000000000000000e+01,1.80000000000000000000e+01,3.06999999999999995115e-01,5.56000000000000049738e-01,1.02569999999999983409e+00,
4.00000000000000000000e+01,1.00000000000000000000e+01,2.00000000000000000000e+01,3.02999999999999991562e-01,5.79999999999999960032e-01,1.02569999999999983409e+00,
4.00000000000000000000e+01,1.00000000000000000000e+01,2.20000000000000000000e+01,2.98999999999999988010e-01,5.99999999999999977796e-01,1.02569999999999983409e+00,
4.25000000000000000000e+01,2.00000000000000011102e-01,2.00000000000000000000e+00,1.43999999999999989120e-01,5.83999999999999963585e-01,2.36999999999999988454e-01,
4.25000000000000000000e+01,2.00000000000000011102e-01,4.00000000000000000000e+00,-2.34999999999999986677e-01,8.91000000000000014211e-01,2.36999999999999988454e-01,
4.25000000000000000000e+01,4.00000000000000022204e-01,2.00000000000000000000e+00,2.58000000000000007105e-01,4.22999999999999987121e-01,4.67000000000000026201e-01,
4.25000000000000000000e+01,4.00000000000000022204e-01,4.00000000000000000000e+00,5.00000000000000010408e-03,7.42999999999999993783e-01,4.67000000000000026201e-01,
4.25000000000000000000e+01,5.99999999999999977796e-01,2.00000000000000000000e+00,2.81000000000000027534e-01,3.88000000000000011546e-01,6.98999999999999954703e-01,
4.25000000000000000000e+01,5.99999999999999977796e-01,4.00000000000000000000e+00,1.74999999999999988898e-01,5.61000000000000054179e-01,6.98999999999999954703e-01,
4.25000000000000000000e+01,5.99999999999999977796e-01,6.00000000000000000000e+00,-1.42999999999999988232e-01,8.89000000000000012434e-01,6.98999999999999954703e-01,
4.25000000000000000000e+01,8.00000000000000044409e-01,2.00000000000000000000e+00,2.86999999999999977351e-01,3.70999999999999996447e-01,9.42999999999999949374e-01,
4.25000000000000000000e+01,8.00000000000000044409e-01,4.00000000000000000000e+00,2.25000000000000005551e-01,4.87999999999999989342e-01,9.42999999999999949374e-01,
4.25000000000000000000e+01,8.00000000000000044409e-01,6.00000000000000000000e+00,1.01999999999999993450e-01,6.60000000000000031086e-01,9.42999999999999949374e-01,
4.25000000000000000000e+01,8.00000000000000044409e-01,8.00000000000000000000e+00,-2.12999999999999994893e-01,9.66999999999999970690e-01,9.42999999999999949374e-01,
4.25000000000000000000e+01,1.00000000000000000000e+00,2.00000000000000000000e+00,2.90999999999999980904e-01,3.63400000000000000799e-01,1.20999999999999996447e+00,
4.25000000000000000000e+01,1.00000000000000000000e+00,4.00000000000000000000e+00,2.45400000000000007017e-01,4.48900000000000021227e-01,1.20999999999999996447e+00,
4.25000000000000000000e+01,1.00000000000000000000e+00,6.00000000000000000000e+00,1.71100000000000002087e-01,5.61899999999999955058e-01,1.20999999999999996447e+00,
4.25000000000000000000e+01,1.00000000000000000000e+00,8.00000000000000000000e+00,6.19999999999999995559e-02,6.89599999999999990763e-01,1.20999999999999996447e+00,
4.25000000000000000000e+01,1.00000000000000000000e+00,1.00000000000000000000e+01,-2.19999999999999987232e-02,7.76000000000000023093e-01,1.20999999999999996447e+00,
4.25000000000000000000e+01,2.00000000000000000000e+00,2.00000000000000000000e+00,2.97800000000000009148e-01,3.50700000000000011724e-01,3.12599999999999961231e-02,
4.25000000000000000000e+01,2.00000000000000000000e+00,4.00000000000000000000e+00,2.76299999999999990052e-01,3.99799999999999988720e-01,3.12599999999999961231e-02,
4.25000000000000000000e+01,2.00000000000000000000e+00,6.00000000000000000000e+00,2.49299999999999993827e-01,4.52199999999999990852e-01,3.12599999999999961231e-02,
4.25000000000000000000e+01,2.00000000000000000000e+00,8.00000000000000000000e+00,2.19200000000000005951e-01,5.04199999999999981526e-01,3.12599999999999961231e-02,
4.25000000000000000000e+01,2.00000000000000000000e+00,1.00000000000000000000e+01,1.77300000000000013145e-01,5.69799999999999973177e-01,3.12599999999999961231e-02,
4.25000000000000000000e+01,2.00000000000000000000e+00,1.20000000000000000000e+01,1.30700000000000010614e-01,6.30800000000000027356e-01,3.12599999999999961231e-02,
4.25000000000000000000e+01,2.00000000000000000000e+00,1.40000000000000000000e+01,8.20000000000000034417e-02,6.86000000000000054179e-01,3.12599999999999961231e-02,
4.25000000000000000000e+01,2.00000000000000000000e+00,1.60000000000000000000e+01,3.28999999999999986899e-02,7.35800000000000009592e-01,3.12599999999999961231e-02,
4.25000000000000000000e+01,2.00000000000000000000e+00,1.80000000000000000000e+01,-2.00000000000000004163e-02,7.88000000000000033751e-01,3.12599999999999961231e-02,
4.25000000000000000000e+01,3.00000000000000000000e+00,2.00000000000000000000e+00,2.99899999999999999911e-01,3.49999999999999977796e-01,6.55000000000000026645e-02,
4.25000000000000000000e+01,3.00000000000000000000e+00,4.00000000000000000000e+00,2.83600000000000018741e-01,3.91500000000000014655e-01,6.55000000000000026645e-02,
4.25000000000000000000e+01,3.00000000000000000000e+00,6.00000000000000000000e+00,2.64199999999999990408e-01,4.34199999999999974865e-01,6.55000000000000026645e-02,
4.25000000000000000000e+01,3.00000000000000000000e+00,8.00000000000000000000e+00,2.43499999999999994227e-01,4.75200000000000011280e-01,6.55000000000000026645e-02,
4.25000000000000000000e+01,3.00000000000000000000e+00,1.00000000000000000000e+01,2.16999999999999998446e-01,5.21100000000000007638e-01,6.55000000000000026645e-02,
4.25000000000000000000e+01,3.00000000000000000000e+00,1.20000000000000000000e+01,1.90200000000000007949e-01,5.64200000000000034817e-01,6.55000000000000026645e-02,
4.25000000000000000000e+01,3.00000000000000000000e+00,1.40000000000000000000e+01,1.62599999999999994538e-01,6.05199999999999960210e-01,6.55000000000000026645e-02,
4.25000000000000000000e+01,3.00000000000000000000e+00,1.60000000000000000000e+01,1.34099999999999996980e-01,6.42000000000000015099e-01,6.55000000000000026645e-02,
4.25000000000000000000e+01,3.00000000000000000000e+00,1.80000000000000000000e+01,1.04899999999999993250e-01,6.76599999999999979217e-01,6.55000000000000026645e-02,
4.25000000000000000000e+01,3.00000000000000000000e+00,2.00000000000000000000e+01,7.19999999999999945599e-02,7.12700000000000000178e-01,6.55000000000000026645e-02,
4.25000000000000000000e+01,3.00000000000000000000e+00,2.20000000000000000000e+01,3.89999999999999999445e-02,7.46800000000000019362e-01,6.55000000000000026645e-02,
4.25000000000000000000e+01,3.00000000000000000000e+00,2.40000000000000000000e+01,8.99999999999999931999e-03,7.76000000000000023093e-01,6.55000000000000026645e-02,
4.25000000000000000000e+01,4.00000000000000000000e+00,2.00000000000000000000e+00,3.01200000000000023270e-01,3.46999999999999975131e-01,1.19999999999999995559e-01,
4.25000000000000000000e+01,4.00000000000000000000e+00,4.00000000000000000000e+00,2.89100000000000023626e-01,3.82099999999999995204e-01,1.19999999999999995559e-01,
4.25000000000000000000e+01,4.00000000000000000000e+00,6.00000000000000000000e+00,2.73500000000000020872e-01,4.21499999999999985789e-01,1.19999999999999995559e-01,
4.25000000000000000000e+01,4.00000000000000000000e+00,8.00000000000000000000e+00,2.56099999999999994316e-01,4.59699999999999997513e-01,1.19999999999999995559e-01,
4.25000000000000000000e+01,4.00000000000000000000e+00,1.00000000000000000000e+01,2.35499999999999987121e-01,5.00600000000000044942e-01,1.19999999999999995559e-01,
4.25000000000000000000e+01,4.00000000000000000000e+00,1.20000000000000000000e+01,2.12799999999999989164e-01,5.42499999999999982236e-01,1.19999999999999995559e-01,
4.25000000000000000000e+01,4.00000000000000000000e+00,1.40000000000000000000e+01,1.90899999999999986366e-01,5.77899999999999969269e-01,1.19999999999999995559e-01,
4.25000000000000000000e+01,4.00000000000000000000e+00,1.60000000000000000000e+01,1.68199999999999988409e-01,6.11099999999999976552e-01,1.19999999999999995559e-01,
4.25000000000000000000e+01,4.00000000000000000000e+00,1.80000000000000000000e+01,1.44600000000000006306e-01,6.43100000000000004974e-01,1.19999999999999995559e-01,
4.25000000000000000000e+01,4.00000000000000000000e+00,2.00000000000000000000e+01,1.22999999999999998224e-01,6.70599999999999973888e-01,1.19999999999999995559e-01,
4.25000000000000000000e+01,4.00000000000000000000e+00,2.20000000000000000000e+01,1.00900000000000003575e-01,6.97500000000000008882e-01,1.19999999999999995559e-01,
4.25000000000000000000e+01,4.00000000000000000000e+00,2.40000000000000000000e+01,7.59999999999999981126e-02,7.24999999999999977796e-01,1.19999999999999995559e-01,
4.25000000000000000000e+01,4.00000000000000000000e+00,2.60000000000000000000e+01,5.27999999999999997113e-02,7.50199999999999977973e-01,1.19999999999999995559e-01,
4.25000000000000000000e+01,4.00000000000000000000e+00,2.80000000000000000000e+01,2.80000000000000005829e-02,7.80000000000000026645e-01,1.19999999999999995559e-01,
4.25000000000000000000e+01,4.00000000000000000000e+00,3.00000000000000000000e+01,-5.00000000000000010408e-03,8.15999999999999947597e-01,1.19999999999999995559e-01,
4.25000000000000000000e+01,5.00000000000000000000e+00,2.00000000000000000000e+00,3.02999999999999991562e-01,3.44499999999999972911e-01,1.97699999999999986855e-01,
4.25000000000000000000e+01,5.00000000000000000000e+00,4.00000000000000000000e+00,2.94300000000000006040e-01,3.73499999999999998668e-01,1.97699999999999986855e-01,
4.25000000000000000000e+01,5.00000000000000000000e+00,6.00000000000000000000e+00,2.84100000000000019185e-01,4.04500000000000026201e-01,1.97699999999999986855e-01,
4.25000000000000000000e+01,5.00000000000000000000e+00,8.00000000000000000000e+00,2.71000000000000018652e-01,4.38000000000000000444e-01,1.97699999999999986855e-01,
4.25000000000000000000e+01,5.00000000000000000000e+00,1.00000000000000000000e+01,2.56500000000000005773e-01,4.70499999999999973799e-01,1.97699999999999986855e-01,
4.25000000000000000000e+01,5.00000000000000000000e+00,1.20000000000000000000e+01,2.38499999999999989786e-01,5.07099999999999995204e-01,1.97699999999999986855e-01,
4.25000000000000000000e+01,5.00000000000000000000e+00,1.40000000000000000000e+01,2.21099999999999990985e-01,5.41100000000000025402e-01,1.97699999999999986855e-01,
4.25000000000000000000e+01,5.00000000000000000000e+00,1.60000000000000000000e+01,2.00500000000000011546e-01,5.75899999999999967493e-01,1.97699999999999986855e-01,
4.25000000000000000000e+01,5.00000000000000000000e+00,1.80000000000000000000e+01,1.78199999999999997291e-01,6.09500000000000041744e-01,1.97699999999999986855e-01,
4.25000000000000000000e+01,5.00000000000000000000e+00,2.00000000000000000000e+01,1.57900000000000012568e-01,6.39199999999999990408e-01,1.97699999999999986855e-01,
4.25000000000000000000e+01,5.00000000000000000000e+00,2.20000000000000000000e+01,1.37699999999999989075e-01,6.67399999999999993250e-01,1.97699999999999986855e-01,
4.25000000000000000000e+01,5.00000000000000000000e+00,2.40000000000000000000e+01,1.18800000000000002820e-01,6.91799999999999970512e-01,1.97699999999999986855e-01,
4.25000000000000000000e+01,5.00000000000000000000e+00,2.60000000000000000000e+01,9.91999999999999965139e-02,7.15500000000000024869e-01,1.97699999999999986855e-01,
4.25000000000000000000e+01,5.00000000000000000000e+00,2.80000000000000000000e+01,7.93999999999999983569e-02,7.38500000000000045297e-01,1.97699999999999986855e-01,
4.25000000000000000000e+01,5.00000000000000000000e+00,3.00000000000000000000e+01,5.50000000000000002776e-02,7.66000000000000014211e-01,1.97699999999999986855e-01,
4.25000000000000000000e+01,5.00000000000000000000e+00,3.20000000000000000000e+01,3.40000000000000024425e-02,7.89000000000000034639e-01,1.97699999999999986855e-01,
4.25000000000000000000e+01,6.00000000000000000000e+00,2.00000000000000000000e+00,3.03900000000000003464e-01,3.43700000000000005507e-01,3.00300000000000011369e-01,
4.25000000000000000000e+01,6.00000000000000000000e+00,4.00000000000000000000e+00,2.96700000000000019273e-01,3.69499999999999995115e-01,3.00300000000000011369e-01,
4.25000000000000000000e+01,6.00000000000000000000e+00,6.00000000000000000000e+00,2.89200000000000012612e-01,3.96299999999999985612e-01,3.00300000000000011369e-01,
4.25000000000000000000e+01,6.00000000000000000000e+00,8.00000000000000000000e+00,2.79899999999999982148e-01,4.23899999999999999023e-01,3.00300000000000011369e-01,
4.25000000000000000000e+01,6.00000000000000000000e+00,1.00000000000000000000e+01,2.69000000000000016875e-01,4.53000000000000013767e-01,3.00300000000000011369e-01,
4.25000000000000000000e+01,6.00000000000000000000e+00,1.20000000000000000000e+01,2.57400000000000017675e-01,4.81399999999999994582e-01,3.00300000000000011369e-01,
4.25000000000000000000e+01,6.00000000000000000000e+00,1.40000000000000000000e+01,2.42600000000000010081e-01,5.13299999999999978506e-01,3.00300000000000011369e-01,
4.25000000000000000000e+01,6.00000000000000000000e+00,1.60000000000000000000e+01,2.27800000000000002487e-01,5.43000000000000038192e-01,3.00300000000000011369e-01,
4.25000000000000000000e+01,6.00000000000000000000e+00,1.80000000000000000000e+01,2.10199999999999997957e-01,5.73699999999999987743e-01,3.00300000000000011369e-01,
4.25000000000000000000e+01,6.00000000000000000000e+00,2.00000000000000000000e+01,1.92200000000000009726e-01,6.03500000000000036415e-01,3.00300000000000011369e-01,
4.25000000000000000000e+01,6.00000000000000000000e+00,2.20000000000000000000e+01,1.73899999999999999023e-01,6.31800000000000028244e-01,3.00300000000000011369e-01,
4.25000000000000000000e+01,6.00000000000000000000e+00,2.40000000000000000000e+01,1.53599999999999986544e-01,6.60499999999999976019e-01,3.00300000000000011369e-01,
4.25000000000000000000e+01,6.00000000000000000000e+00,2.60000000000000000000e+01,1.34000000000000007994e-01,6.87100000000000044054e-01,3.00300000000000011369e-01,
4.25000000000000000000e+01,6.00000000000000000000e+00,2.80000000000000000000e+01,1.14500000000000004552e-01,7.12200000000000055245e-01,3.00300000000000011369e-01,
4.25000000000000000000e+01,6.00000000000000000000e+00,3.00000000000000000000e+01,9.19999999999999984457e-02,7.37999999999999989342e-01,3.00300000000000011369e-01,
4.25000000000000000000e+01,6.00000000000000000000e+00,3.20000000000000000000e+01,6.90000000000000057732e-02,7.64000000000000012434e-01,3.00300000000000011369e-01,
4.25000000000000000000e+01,6.00000000000000000000e+00,3.40000000000000000000e+01,4.70000000000000001110e-02,7.89000000000000034639e-01,3.00300000000000011369e-01,
4.25000000000000000000e+01,7.00000000000000000000e+00,2.00000000000000000000e+00,3.04700000000000026379e-01,3.41299999999999992273e-01,4.30600000000000038280e-01,
4.25000000000000000000e+01,7.00000000000000000000e+00,4.00000000000000000000e+00,2.99200000000000021494e-01,3.64400000000000001688e-01,4.30600000000000038280e-01,
4.25000000000000000000e+01,7.00000000000000000000e+00,6.00000000000000000000e+00,2.93300000000000005151e-01,3.87299999999999977618e-01,4.30600000000000038280e-01,
4.25000000000000000000e+01,7.00000000000000000000e+00,8.00000000000000000000e+00,2.86100000000000020961e-01,4.12899999999999989253e-01,4.30600000000000038280e-01,
4.25000000000000000000e+01,7.00000000000000000000e+00,1.00000000000000000000e+01,2.77500000000000024425e-01,4.39500000000000001776e-01,4.30600000000000038280e-01,
4.25000000000000000000e+01,7.00000000000000000000e+00,1.20000000000000000000e+01,2.67199999999999993072e-01,4.66700000000000003730e-01,4.30600000000000038280e-01,
4.25000000000000000000e+01,7.00000000000000000000e+00,1.40000000000000000000e+01,2.56799999999999972733e-01,4.93099999999999982769e-01,4.30600000000000038280e-01,
4.25000000000000000000e+01,7.00000000000000000000e+00,1.60000000000000000000e+01,2.44799999999999989830e-01,5.20299999999999984723e-01,4.30600000000000038280e-01,
4.25000000000000000000e+01,7.00000000000000000000e+00,1.80000000000000000000e+01,2.32800000000000006928e-01,5.46699999999999963762e-01,4.30600000000000038280e-01,
4.25000000000000000000e+01,7.00000000000000000000e+00,2.00000000000000000000e+01,2.18099999999999988320e-01,5.74400000000000021672e-01,4.30600000000000038280e-01,
4.25000000000000000000e+01,7.00000000000000000000e+00,2.20000000000000000000e+01,2.02899999999999997025e-01,6.01700000000000012612e-01,4.30600000000000038280e-01,
4.25000000000000000000e+01,7.00000000000000000000e+00,2.40000000000000000000e+01,1.87500000000000000000e-01,6.26499999999999945821e-01,4.30600000000000038280e-01,
4.25000000000000000000e+01,7.00000000000000000000e+00,2.60000000000000000000e+01,1.68899999999999994582e-01,6.54900000000000037659e-01,4.30600000000000038280e-01,
4.25000000000000000000e+01,7.00000000000000000000e+00,2.80000000000000000000e+01,1.48999999999999993561e-01,6.81000000000000049738e-01,4.30600000000000038280e-01,
4.25000000000000000000e+01,7.00000000000000000000e+00,3.00000000000000000000e+01,1.26000000000000000888e-01,7.08999999999999963585e-01,4.30600000000000038280e-01,
4.25000000000000000000e+01,7.00000000000000000000e+00,3.20000000000000000000e+01,1.05999999999999997002e-01,7.32999999999999984901e-01,4.30600000000000038280e-01,
4.25000000000000000000e+01,7.00000000000000000000e+00,3.40000000000000000000e+01,8.10000000000000025535e-02,7.59000000000000007994e-01,4.30600000000000038280e-01,
4.25000000000000000000e+01,8.00000000000000000000e+00,2.00000000000000000000e+00,3.05300000000000015810e-01,3.40399999999999980371e-01,5.90999999999999969802e-01,
4.25000000000000000000e+01,8.00000000000000000000e+00,4.00000000000000000000e+00,3.00900000000000000799e-01,3.61399999999999999023e-01,5.90999999999999969802e-01,
4.25000000000000000000e+01,8.00000000000000000000e+00,6.00000000000000000000e+00,2.95200000000000017941e-01,3.85099999999999997868e-01,5.90999999999999969802e-01,
4.25000000000000000000e+01,8.00000000000000000000e+00,8.00000000000000000000e+00,2.89600000000000024070e-01,4.06499999999999972466e-01,5.90999999999999969802e-01,
4.25000000000000000000e+01,8.00000000000000000000e+00,1.00000000000000000000e+01,2.82899999999999984812e-01,4.30099999999999982325e-01,5.90999999999999969802e-01,
4.25000000000000000000e+01,8.00000000000000000000e+00,1.20000000000000000000e+01,2.74299999999999988276e-01,4.55400000000000027001e-01,5.90999999999999969802e-01,
4.25000000000000000000e+01,8.00000000000000000000e+00,1.40000000000000000000e+01,2.66100000000000003197e-01,4.77999999999999980460e-01,5.90999999999999969802e-01,
4.25000000000000000000e+01,8.00000000000000000000e+00,1.60000000000000000000e+01,2.56299999999999972289e-01,5.04499999999999948486e-01,5.90999999999999969802e-01,
4.25000000000000000000e+01,8.00000000000000000000e+00,1.80000000000000000000e+01,2.45100000000000012301e-01,5.30900000000000038547e-01,5.90999999999999969802e-01,
4.25000000000000000000e+01,8.00000000000000000000e+00,2.00000000000000000000e+01,2.33899999999999996803e-01,5.56100000000000038725e-01,5.90999999999999969802e-01,
4.25000000000000000000e+01,8.00000000000000000000e+00,2.20000000000000000000e+01,2.22099999999999991873e-01,5.79899999999999971045e-01,5.90999999999999969802e-01,
4.25000000000000000000e+01,8.00000000000000000000e+00,2.40000000000000000000e+01,2.09100000000000008082e-01,6.03299999999999947420e-01,5.90999999999999969802e-01,
4.25000000000000000000e+01,8.00000000000000000000e+00,2.60000000000000000000e+01,1.96000000000000007550e-01,6.21999999999999997335e-01,5.90999999999999969802e-01,
4.25000000000000000000e+01,8.00000000000000000000e+00,2.80000000000000000000e+01,1.79999999999999993339e-01,6.47000000000000019540e-01,5.90999999999999969802e-01,
4.25000000000000000000e+01,8.00000000000000000000e+00,3.00000000000000000000e+01,1.63000000000000005995e-01,6.70000000000000039968e-01,5.90999999999999969802e-01,
4.25000000000000000000e+01,8.00000000000000000000e+00,3.20000000000000000000e+01,1.43999999999999989120e-01,6.91999999999999948486e-01,5.90999999999999969802e-01,
4.25000000000000000000e+01,9.00000000000000000000e+00,2.00000000000000000000e+00,3.05800000000000016254e-01,3.40000000000000024425e-01,7.86599999999999965894e-01,
4.25000000000000000000e+01,9.00000000000000000000e+00,4.00000000000000000000e+00,3.01800000000000012701e-01,3.60599999999999976108e-01,7.86599999999999965894e-01,
4.25000000000000000000e+01,9.00000000000000000000e+00,6.00000000000000000000e+00,2.96599999999999974776e-01,3.84599999999999997424e-01,7.86599999999999965894e-01,
4.25000000000000000000e+01,9.00000000000000000000e+00,8.00000000000000000000e+00,2.91200000000000014388e-01,4.05399999999999982592e-01,7.86599999999999965894e-01,
4.25000000000000000000e+01,9.00000000000000000000e+00,1.00000000000000000000e+01,2.85100000000000020073e-01,4.27499999999999991118e-01,7.86599999999999965894e-01,
4.25000000000000000000e+01,9.00000000000000000000e+00,1.20000000000000000000e+01,2.78600000000000014300e-01,4.49099999999999999201e-01,7.86599999999999965894e-01,
4.25000000000000000000e+01,9.00000000000000000000e+00,1.40000000000000000000e+01,2.71100000000000007638e-01,4.72600000000000020073e-01,7.86599999999999965894e-01,
4.25000000000000000000e+01,9.00000000000000000000e+00,1.60000000000000000000e+01,2.63000000000000011546e-01,4.96599999999999985878e-01,7.86599999999999965894e-01,
4.25000000000000000000e+01,9.00000000000000000000e+00,1.80000000000000000000e+01,2.53000000000000002665e-01,5.25000000000000022204e-01,7.86599999999999965894e-01,
4.25000000000000000000e+01,9.00000000000000000000e+00,2.00000000000000000000e+01,2.41999999999999992895e-01,5.52000000000000046185e-01,7.86599999999999965894e-01,
4.25000000000000000000e+01,9.00000000000000000000e+00,2.20000000000000000000e+01,2.30000000000000009992e-01,5.75999999999999956479e-01,7.86599999999999965894e-01,
4.25000000000000000000e+01,9.00000000000000000000e+00,2.40000000000000000000e+01,2.19000000000000000222e-01,5.98999999999999976907e-01,7.86599999999999965894e-01,
4.25000000000000000000e+01,9.00000000000000000000e+00,2.60000000000000000000e+01,2.05999999999999988676e-01,6.18999999999999994671e-01,7.86599999999999965894e-01,
4.25000000000000000000e+01,9.00000000000000000000e+00,2.80000000000000000000e+01,1.92000000000000003997e-01,6.43000000000000015987e-01,7.86599999999999965894e-01,
4.25000000000000000000e+01,1.00000000000000000000e+01,2.00000000000000000000e+00,3.05999999999999994227e-01,3.42000000000000026201e-01,1.02569999999999983409e+00,
4.25000000000000000000e+01,1.00000000000000000000e+01,4.00000000000000000000e+00,3.02999999999999991562e-01,3.60999999999999987566e-01,1.02569999999999983409e+00,
4.25000000000000000000e+01,1.00000000000000000000e+01,6.00000000000000000000e+00,2.97999999999999987121e-01,3.85000000000000008882e-01,1.02569999999999983409e+00,
4.25000000000000000000e+01,1.00000000000000000000e+01,8.00000000000000000000e+00,2.92999999999999982681e-01,4.04000000000000025757e-01,1.02569999999999983409e+00,
4.25000000000000000000e+01,1.00000000000000000000e+01,1.00000000000000000000e+01,2.85999999999999976463e-01,4.26999999999999990674e-01,1.02569999999999983409e+00,
4.25000000000000000000e+01,1.00000000000000000000e+01,1.20000000000000000000e+01,2.81999999999999972911e-01,4.44000000000000005773e-01,1.02569999999999983409e+00,
4.25000000000000000000e+01,1.00000000000000000000e+01,1.40000000000000000000e+01,2.76000000000000023093e-01,4.67000000000000026201e-01,1.02569999999999983409e+00,
4.25000000000000000000e+01,1.00000000000000000000e+01,1.60000000000000000000e+01,2.70000000000000017764e-01,4.89999999999999991118e-01,1.02569999999999983409e+00,
4.25000000000000000000e+01,1.00000000000000000000e+01,1.80000000000000000000e+01,2.62000000000000010658e-01,5.17000000000000015099e-01,1.02569999999999983409e+00,
4.25000000000000000000e+01,1.00000000000000000000e+01,2.00000000000000000000e+01,2.54000000000000003553e-01,5.43000000000000038192e-01,1.02569999999999983409e+00,
4.25000000000000000000e+01,1.00000000000000000000e+01,2.20000000000000000000e+01,2.47999999999999998224e-01,5.62999999999999944933e-01,1.02569999999999983409e+00,
4.50000000000000000000e+01,2.00000000000000011102e-01,2.00000000000000000000e+00,1.17000000000000006772e-01,5.16000000000000014211e-01,2.36999999999999988454e-01,
4.50000000000000000000e+01,2.00000000000000011102e-01,4.00000000000000000000e+00,-2.08999999999999991340e-01,7.18999999999999972466e-01,2.36999999999999988454e-01,
4.50000000000000000000e+01,4.00000000000000022204e-01,2.00000000000000000000e+00,2.38999999999999990230e-01,3.99000000000000021316e-01,4.67000000000000026201e-01,
4.50000000000000000000e+01,4.00000000000000022204e-01,4.00000000000000000000e+00,-1.09999999999999993616e-02,6.03999999999999981348e-01,4.67000000000000026201e-01,
4.50000000000000000000e+01,5.99999999999999977796e-01,2.00000000000000000000e+00,2.70000000000000017764e-01,3.76000000000000000888e-01,6.98999999999999954703e-01,
4.50000000000000000000e+01,5.99999999999999977796e-01,4.00000000000000000000e+00,1.51999999999999996225e-01,4.92999999999999993783e-01,6.98999999999999954703e-01,
4.50000000000000000000e+01,5.99999999999999977796e-01,6.00000000000000000000e+00,-1.28000000000000002665e-01,6.82000000000000050626e-01,6.98999999999999954703e-01,
4.50000000000000000000e+01,8.00000000000000044409e-01,2.00000000000000000000e+00,2.80000000000000026645e-01,3.62999999999999989342e-01,9.42999999999999949374e-01,
4.50000000000000000000e+01,8.00000000000000044409e-01,4.00000000000000000000e+00,2.04999999999999987788e-01,4.47000000000000008438e-01,9.42999999999999949374e-01,
4.50000000000000000000e+01,8.00000000000000044409e-01,6.00000000000000000000e+00,8.20000000000000034417e-02,5.53000000000000047073e-01,9.42999999999999949374e-01,
4.50000000000000000000e+01,8.00000000000000044409e-01,8.00000000000000000000e+00,-1.84999999999999997780e-01,7.36999999999999988454e-01,9.42999999999999949374e-01,
4.50000000000000000000e+01,1.00000000000000000000e+00,2.00000000000000000000e+00,2.83299999999999996270e-01,3.56399999999999994582e-01,1.20999999999999996447e+00,
4.50000000000000000000e+01,1.00000000000000000000e+00,4.00000000000000000000e+00,2.29000000000000009104e-01,4.21800000000000008260e-01,1.20999999999999996447e+00,
4.50000000000000000000e+01,1.00000000000000000000e+00,6.00000000000000000000e+00,1.46800000000000013811e-01,4.99599999999999988542e-01,1.20999999999999996447e+00,
4.50000000000000000000e+01,1.00000000000000000000e+00,8.00000000000000000000e+00,5.58999999999999983014e-02,5.70999999999999952038e-01,1.20999999999999996447e+00,
4.50000000000000000000e+01,1.00000000000000000000e+00,1.00000000000000000000e+01,-2.00000000000000004163e-02,6.19999999999999995559e-01,1.20999999999999996447e+00,
4.50000000000000000000e+01,2.00000000000000000000e+00,2.00000000000000000000e+00,2.91800000000000003819e-01,3.44999999999999973355e-01,3.12599999999999961231e-02,
4.50000000000000000000e+01,2.00000000000000000000e+00,4.00000000000000000000e+00,2.64000000000000012434e-01,3.84500000000000008438e-01,3.12599999999999961231e-02,
4.50000000000000000000e+01,2.00000000000000000000e+00,6.00000000000000000000e+00,2.31800000000000006040e-01,4.23099999999999976108e-01,3.12599999999999961231e-02,
4.50000000000000000000e+01,2.00000000000000000000e+00,8.00000000000000000000e+00,1.97899999999999992584e-01,4.58299999999999985167e-01,3.12599999999999961231e-02,
4.50000000000000000000e+01,2.00000000000000000000e+00,1.00000000000000000000e+01,1.55999999999999999778e-01,4.98099999999999987210e-01,3.12599999999999961231e-02,
4.50000000000000000000e+01,2.00000000000000000000e+00,1.20000000000000000000e+01,1.12000000000000002331e-01,5.35800000000000054001e-01,3.12599999999999961231e-02,
4.50000000000000000000e+01,2.00000000000000000000e+00,1.40000000000000000000e+01,6.88000000000000000444e-02,5.69100000000000050271e-01,3.12599999999999961231e-02,
4.50000000000000000000e+01,2.00000000000000000000e+00,1.60000000000000000000e+01,2.76999999999999989286e-02,5.98600000000000020961e-01,3.12599999999999961231e-02,
4.50000000000000000000e+01,2.00000000000000000000e+00,1.80000000000000000000e+01,-1.49999999999999994449e-02,6.25000000000000000000e-01,3.12599999999999961231e-02,
4.50000000000000000000e+01,3.00000000000000000000e+00,2.00000000000000000000e+00,2.93499999999999983125e-01,3.43899999999999983480e-01,6.55000000000000026645e-02,
4.50000000000000000000e+01,3.00000000000000000000e+00,4.00000000000000000000e+00,2.71100000000000007638e-01,3.78000000000000002665e-01,6.55000000000000026645e-02,
4.50000000000000000000e+01,3.00000000000000000000e+00,6.00000000000000000000e+00,2.47099999999999986322e-01,4.09999999999999975575e-01,6.55000000000000026645e-02,
4.50000000000000000000e+01,3.00000000000000000000e+00,8.00000000000000000000e+00,2.22799999999999998046e-01,4.38000000000000000444e-01,6.55000000000000026645e-02,
4.50000000000000000000e+01,3.00000000000000000000e+00,1.00000000000000000000e+01,1.93500000000000005329e-01,4.68200000000000005063e-01,6.55000000000000026645e-02,
4.50000000000000000000e+01,3.00000000000000000000e+00,1.20000000000000000000e+01,1.66000000000000008660e-01,4.94800000000000017586e-01,6.55000000000000026645e-02,
4.50000000000000000000e+01,3.00000000000000000000e+00,1.40000000000000000000e+01,1.38199999999999989519e-01,5.19700000000000050804e-01,6.55000000000000026645e-02,
4.50000000000000000000e+01,3.00000000000000000000e+00,1.60000000000000000000e+01,1.12000000000000002331e-01,5.41399999999999992362e-01,6.55000000000000026645e-02,
4.50000000000000000000e+01,3.00000000000000000000e+00,1.80000000000000000000e+01,8.82000000000000006217e-02,5.60499999999999998224e-01,6.55000000000000026645e-02,
4.50000000000000000000e+01,3.00000000000000000000e+00,2.00000000000000000000e+01,6.19999999999999995559e-02,5.80200000000000049027e-01,6.55000000000000026645e-02,
4.50000000000000000000e+01,3.00000000000000000000e+00,2.20000000000000000000e+01,3.40000000000000024425e-02,6.01099999999999967670e-01,6.55000000000000026645e-02,
4.50000000000000000000e+01,3.00000000000000000000e+00,2.40000000000000000000e+01,4.00000000000000008327e-03,6.21999999999999997335e-01,6.55000000000000026645e-02,
4.50000000000000000000e+01,4.00000000000000000000e+00,2.00000000000000000000e+00,2.95899999999999996358e-01,3.41700000000000003730e-01,1.19999999999999995559e-01,
4.50000000000000000000e+01,4.00000000000000000000e+00,4.00000000000000000000e+00,2.78100000000000013856e-01,3.70400000000000007017e-01,1.19999999999999995559e-01,
4.50000000000000000000e+01,4.00000000000000000000e+00,6.00000000000000000000e+00,2.58099999999999996092e-01,3.99199999999999999289e-01,1.19999999999999995559e-01,
4.50000000000000000000e+01,4.00000000000000000000e+00,8.00000000000000000000e+00,2.35899999999999998579e-01,4.26599999999999979217e-01,1.19999999999999995559e-01,
4.50000000000000000000e+01,4.00000000000000000000e+00,1.00000000000000000000e+01,2.11499999999999993561e-01,4.53199999999999991740e-01,1.19999999999999995559e-01,
4.50000000000000000000e+01,4.00000000000000000000e+00,1.20000000000000000000e+01,1.84299999999999991607e-01,4.80700000000000016165e-01,1.19999999999999995559e-01,
4.50000000000000000000e+01,4.00000000000000000000e+00,1.40000000000000000000e+01,1.62700000000000011280e-01,5.01499999999999945821e-01,1.19999999999999995559e-01,
4.50000000000000000000e+01,4.00000000000000000000e+00,1.60000000000000000000e+01,1.40199999999999991296e-01,5.21399999999999974598e-01,1.19999999999999995559e-01,
4.50000000000000000000e+01,4.00000000000000000000e+00,1.80000000000000000000e+01,1.18800000000000002820e-01,5.40000000000000035527e-01,1.19999999999999995559e-01,
4.50000000000000000000e+01,4.00000000000000000000e+00,2.00000000000000000000e+01,1.01800000000000001599e-01,5.54300000000000014921e-01,1.19999999999999995559e-01,
4.50000000000000000000e+01,4.00000000000000000000e+00,2.20000000000000000000e+01,8.40999999999999942046e-02,5.68400000000000016342e-01,1.19999999999999995559e-01,
4.50000000000000000000e+01,4.00000000000000000000e+00,2.40000000000000000000e+01,6.14000000000000031863e-02,5.85699999999999998401e-01,1.19999999999999995559e-01,
4.50000000000000000000e+01,4.00000000000000000000e+00,2.60000000000000000000e+01,4.07000000000000000666e-02,6.00999999999999978684e-01,1.19999999999999995559e-01,
4.50000000000000000000e+01,4.00000000000000000000e+00,2.80000000000000000000e+01,2.00000000000000004163e-02,6.17999999999999993783e-01,1.19999999999999995559e-01,
4.50000000000000000000e+01,4.00000000000000000000e+00,3.00000000000000000000e+01,-3.00000000000000006245e-03,6.32000000000000006217e-01,1.19999999999999995559e-01,
4.50000000000000000000e+01,5.00000000000000000000e+00,2.00000000000000000000e+00,2.97800000000000009148e-01,3.39200000000000001510e-01,1.97699999999999986855e-01,
4.50000000000000000000e+01,5.00000000000000000000e+00,4.00000000000000000000e+00,2.84100000000000019185e-01,3.62800000000000011369e-01,1.97699999999999986855e-01,
4.50000000000000000000e+01,5.00000000000000000000e+00,6.00000000000000000000e+00,2.69000000000000016875e-01,3.86000000000000009770e-01,1.97699999999999986855e-01,
4.50000000000000000000e+01,5.00000000000000000000e+00,8.00000000000000000000e+00,2.51099999999999989875e-01,4.10700000000000009504e-01,1.97699999999999986855e-01,
4.50000000000000000000e+01,5.00000000000000000000e+00,1.00000000000000000000e+01,2.32899999999999995914e-01,4.33099999999999984990e-01,1.97699999999999986855e-01,
4.50000000000000000000e+01,5.00000000000000000000e+00,1.20000000000000000000e+01,2.10400000000000003686e-01,4.57799999999999984723e-01,1.97699999999999986855e-01,
4.50000000000000000000e+01,5.00000000000000000000e+00,1.40000000000000000000e+01,1.91200000000000008837e-01,4.77300000000000002043e-01,1.97699999999999986855e-01,
4.50000000000000000000e+01,5.00000000000000000000e+00,1.60000000000000000000e+01,1.69500000000000011768e-01,4.98099999999999987210e-01,1.97699999999999986855e-01,
4.50000000000000000000e+01,5.00000000000000000000e+00,1.80000000000000000000e+01,1.48900000000000004574e-01,5.17100000000000004086e-01,1.97699999999999986855e-01,
4.50000000000000000000e+01,5.00000000000000000000e+00,2.00000000000000000000e+01,1.31800000000000000488e-01,5.32100000000000017408e-01,1.97699999999999986855e-01,
4.50000000000000000000e+01,5.00000000000000000000e+00,2.20000000000000000000e+01,1.14400000000000001688e-01,5.46300000000000007816e-01,1.97699999999999986855e-01,
4.50000000000000000000e+01,5.00000000000000000000e+00,2.40000000000000000000e+01,9.52999999999999958256e-02,5.62799999999999966960e-01,1.97699999999999986855e-01,
4.50000000000000000000e+01,5.00000000000000000000e+00,2.60000000000000000000e+01,7.83999999999999974687e-02,5.76099999999999945466e-01,1.97699999999999986855e-01,
4.50000000000000000000e+01,5.00000000000000000000e+00,2.80000000000000000000e+01,6.09000000000000027423e-02,5.89799999999999990941e-01,1.97699999999999986855e-01,
4.50000000000000000000e+01,5.00000000000000000000e+00,3.00000000000000000000e+01,4.00000000000000008327e-02,6.04999999999999982236e-01,1.97699999999999986855e-01,
4.50000000000000000000e+01,5.00000000000000000000e+00,3.20000000000000000000e+01,2.00000000000000004163e-02,6.21999999999999997335e-01,1.97699999999999986855e-01,
4.50000000000000000000e+01,6.00000000000000000000e+00,2.00000000000000000000e+00,2.98800000000000010036e-01,3.38200000000000000622e-01,3.00300000000000011369e-01,
4.50000000000000000000e+01,6.00000000000000000000e+00,4.00000000000000000000e+00,2.86799999999999999378e-01,3.59499999999999986233e-01,3.00300000000000011369e-01,
4.50000000000000000000e+01,6.00000000000000000000e+00,6.00000000000000000000e+00,2.74799999999999988720e-01,3.79500000000000003997e-01,3.00300000000000011369e-01,
4.50000000000000000000e+01,6.00000000000000000000e+00,8.00000000000000000000e+00,2.61199999999999987743e-01,3.99000000000000021316e-01,3.00300000000000011369e-01,
4.50000000000000000000e+01,6.00000000000000000000e+00,1.00000000000000000000e+01,2.46600000000000013634e-01,4.18100000000000027178e-01,3.00300000000000011369e-01,
4.50000000000000000000e+01,6.00000000000000000000e+00,1.20000000000000000000e+01,2.29300000000000003819e-01,4.39000000000000001332e-01,3.00300000000000011369e-01,
4.50000000000000000000e+01,6.00000000000000000000e+00,1.40000000000000000000e+01,2.12999999999999994893e-01,4.57100000000000006306e-01,3.00300000000000011369e-01,
4.50000000000000000000e+01,6.00000000000000000000e+00,1.60000000000000000000e+01,1.96000000000000007550e-01,4.75100000000000022293e-01,3.00300000000000011369e-01,
4.50000000000000000000e+01,6.00000000000000000000e+00,1.80000000000000000000e+01,1.78499999999999992006e-01,4.92400000000000004352e-01,3.00300000000000011369e-01,
4.50000000000000000000e+01,6.00000000000000000000e+00,2.00000000000000000000e+01,1.60899999999999987477e-01,5.09099999999999996980e-01,3.00300000000000011369e-01,
4.50000000000000000000e+01,6.00000000000000000000e+00,2.20000000000000000000e+01,1.43199999999999993960e-01,5.25200000000000000178e-01,3.00300000000000011369e-01,
4.50000000000000000000e+01,6.00000000000000000000e+00,2.40000000000000000000e+01,1.25200000000000005729e-01,5.40799999999999947420e-01,3.00300000000000011369e-01,
4.50000000000000000000e+01,6.00000000000000000000e+00,2.60000000000000000000e+01,1.07899999999999995914e-01,5.56000000000000049738e-01,3.00300000000000011369e-01,
4.50000000000000000000e+01,6.00000000000000000000e+00,2.80000000000000000000e+01,9.08000000000000057065e-02,5.69500000000000006217e-01,3.00300000000000011369e-01,
4.50000000000000000000e+01,6.00000000000000000000e+00,3.00000000000000000000e+01,7.09999999999999936717e-02,5.85999999999999965361e-01,3.00300000000000011369e-01,
4.50000000000000000000e+01,6.00000000000000000000e+00,3.20000000000000000000e+01,5.29999999999999985012e-02,5.98999999999999976907e-01,3.00300000000000011369e-01,
4.50000000000000000000e+01,6.00000000000000000000e+00,3.40000000000000000000e+01,3.09999999999999997780e-02,6.13999999999999990230e-01,3.00300000000000011369e-01,
4.50000000000000000000e+01,7.00000000000000000000e+00,2.00000000000000000000e+00,3.00099999999999977884e-01,3.36600000000000010303e-01,4.30600000000000038280e-01,
4.50000000000000000000e+01,7.00000000000000000000e+00,4.00000000000000000000e+00,2.90200000000000013500e-01,3.54800000000000004263e-01,4.30600000000000038280e-01,
4.50000000000000000000e+01,7.00000000000000000000e+00,6.00000000000000000000e+00,2.80100000000000015632e-01,3.72099999999999986322e-01,4.30600000000000038280e-01,
4.50000000000000000000e+01,7.00000000000000000000e+00,8.00000000000000000000e+00,2.68699999999999994404e-01,3.90100000000000002309e-01,4.30600000000000038280e-01,
4.50000000000000000000e+01,7.00000000000000000000e+00,1.00000000000000000000e+01,2.55400000000000015898e-01,4.08700000000000007727e-01,4.30600000000000038280e-01,
4.50000000000000000000e+01,7.00000000000000000000e+00,1.20000000000000000000e+01,2.41600000000000009193e-01,4.26700000000000023714e-01,4.30600000000000038280e-01,
4.50000000000000000000e+01,7.00000000000000000000e+00,1.40000000000000000000e+01,2.26200000000000012168e-01,4.45000000000000006661e-01,4.30600000000000038280e-01,
4.50000000000000000000e+01,7.00000000000000000000e+00,1.60000000000000000000e+01,2.11100000000000009859e-01,4.61600000000000010303e-01,4.30600000000000038280e-01,
4.50000000000000000000e+01,7.00000000000000000000e+00,1.80000000000000000000e+01,1.96700000000000013722e-01,4.77100000000000024070e-01,4.30600000000000038280e-01,
4.50000000000000000000e+01,7.00000000000000000000e+00,2.00000000000000000000e+01,1.80499999999999993783e-01,4.93300000000000016254e-01,4.30600000000000038280e-01,
4.50000000000000000000e+01,7.00000000000000000000e+00,2.20000000000000000000e+01,1.65899999999999991918e-01,5.07399999999999962164e-01,4.30600000000000038280e-01,
4.50000000000000000000e+01,7.00000000000000000000e+00,2.40000000000000000000e+01,1.52100000000000012967e-01,5.20000000000000017764e-01,4.30600000000000038280e-01,
4.50000000000000000000e+01,7.00000000000000000000e+00,2.60000000000000000000e+01,1.39699999999999990852e-01,5.31200000000000005507e-01,4.30600000000000038280e-01,
4.50000000000000000000e+01,7.00000000000000000000e+00,2.80000000000000000000e+01,1.22999999999999998224e-01,5.46000000000000040856e-01,4.30600000000000038280e-01,
4.50000000000000000000e+01,7.00000000000000000000e+00,3.00000000000000000000e+01,1.04999999999999996114e-01,5.60000000000000053291e-01,4.30600000000000038280e-01,
4.50000000000000000000e+01,7.00000000000000000000e+00,3.20000000000000000000e+01,8.79999999999999948930e-02,5.72999999999999953815e-01,4.30600000000000038280e-01,
4.50000000000000000000e+01,7.00000000000000000000e+00,3.40000000000000000000e+01,6.90000000000000057732e-02,5.86999999999999966249e-01,4.30600000000000038280e-01,
4.50000000000000000000e+01,8.00000000000000000000e+00,2.00000000000000000000e+00,3.00900000000000000799e-01,3.35899999999999976374e-01,5.90999999999999969802e-01,
4.50000000000000000000e+01,8.00000000000000000000e+00,4.00000000000000000000e+00,2.92399999999999993250e-01,3.52300000000000002043e-01,5.90999999999999969802e-01,
4.50000000000000000000e+01,8.00000000000000000000e+00,6.00000000000000000000e+00,2.82200000000000006395e-01,3.70199999999999973532e-01,5.90999999999999969802e-01,
4.50000000000000000000e+01,8.00000000000000000000e+00,8.00000000000000000000e+00,2.72299999999999986500e-01,3.86500000000000010214e-01,5.90999999999999969802e-01,
4.50000000000000000000e+01,8.00000000000000000000e+00,1.00000000000000000000e+01,2.61299999999999976730e-01,4.02600000000000013411e-01,5.90999999999999969802e-01,
4.50000000000000000000e+01,8.00000000000000000000e+00,1.20000000000000000000e+01,2.48900000000000010125e-01,4.19099999999999972555e-01,5.90999999999999969802e-01,
4.50000000000000000000e+01,8.00000000000000000000e+00,1.40000000000000000000e+01,2.36800000000000010481e-01,4.34800000000000019806e-01,5.90999999999999969802e-01,
4.50000000000000000000e+01,8.00000000000000000000e+00,1.60000000000000000000e+01,2.24000000000000004663e-01,4.50000000000000011102e-01,5.90999999999999969802e-01,
4.50000000000000000000e+01,8.00000000000000000000e+00,1.80000000000000000000e+01,2.10299999999999986944e-01,4.65200000000000002398e-01,5.90999999999999969802e-01,
4.50000000000000000000e+01,8.00000000000000000000e+00,2.00000000000000000000e+01,1.95599999999999996092e-01,4.80600000000000027178e-01,5.90999999999999969802e-01,
4.50000000000000000000e+01,8.00000000000000000000e+00,2.20000000000000000000e+01,1.82100000000000011857e-01,4.93999999999999994671e-01,5.90999999999999969802e-01,
4.50000000000000000000e+01,8.00000000000000000000e+00,2.40000000000000000000e+01,1.68000000000000010436e-01,5.07000000000000006217e-01,5.90999999999999969802e-01,
4.50000000000000000000e+01,8.00000000000000000000e+00,2.60000000000000000000e+01,1.50999999999999995337e-01,5.21000000000000018652e-01,5.90999999999999969802e-01,
4.50000000000000000000e+01,8.00000000000000000000e+00,2.80000000000000000000e+01,1.34000000000000007994e-01,5.37000000000000032863e-01,5.90999999999999969802e-01,
4.50000000000000000000e+01,8.00000000000000000000e+00,3.00000000000000000000e+01,1.15000000000000004996e-01,5.53000000000000047073e-01,5.90999999999999969802e-01,
4.50000000000000000000e+01,8.00000000000000000000e+00,3.20000000000000000000e+01,9.60000000000000019984e-02,5.63999999999999945821e-01,5.90999999999999969802e-01,
4.50000000000000000000e+01,9.00000000000000000000e+00,2.00000000000000000000e+00,3.01700000000000023714e-01,3.35699999999999998401e-01,7.86599999999999965894e-01,
4.50000000000000000000e+01,9.00000000000000000000e+00,4.00000000000000000000e+00,2.93300000000000005151e-01,3.51899999999999990585e-01,7.86599999999999965894e-01,
4.50000000000000000000e+01,9.00000000000000000000e+00,6.00000000000000000000e+00,2.83200000000000007283e-01,3.69699999999999973088e-01,7.86599999999999965894e-01,
4.50000000000000000000e+01,9.00000000000000000000e+00,8.00000000000000000000e+00,2.73500000000000020872e-01,3.85400000000000020339e-01,7.86599999999999965894e-01,
4.50000000000000000000e+01,9.00000000000000000000e+00,1.00000000000000000000e+01,2.63900000000000023448e-01,4.00100000000000011191e-01,7.86599999999999965894e-01,
4.50000000000000000000e+01,9.00000000000000000000e+00,1.20000000000000000000e+01,2.52800000000000024691e-01,4.15999999999999980904e-01,7.86599999999999965894e-01,
4.50000000000000000000e+01,9.00000000000000000000e+00,1.40000000000000000000e+01,2.41999999999999992895e-01,4.29999999999999993339e-01,7.86599999999999965894e-01,
4.50000000000000000000e+01,9.00000000000000000000e+00,1.60000000000000000000e+01,2.29000000000000009104e-01,4.46000000000000007550e-01,7.86599999999999965894e-01,
4.50000000000000000000e+01,9.00000000000000000000e+00,1.80000000000000000000e+01,2.13999999999999995781e-01,4.61000000000000020872e-01,7.86599999999999965894e-01,
4.50000000000000000000e+01,9.00000000000000000000e+00,2.00000000000000000000e+01,2.00000000000000011102e-01,4.73999999999999976907e-01,7.86599999999999965894e-01,
4.50000000000000000000e+01,9.00000000000000000000e+00,2.20000000000000000000e+01,1.84999999999999997780e-01,4.86999999999999988454e-01,7.86599999999999965894e-01,
4.50000000000000000000e+01,9.00000000000000000000e+00,2.40000000000000000000e+01,1.70000000000000012212e-01,4.98999999999999999112e-01,7.86599999999999965894e-01,
4.50000000000000000000e+01,9.00000000000000000000e+00,2.60000000000000000000e+01,1.57000000000000000666e-01,5.09000000000000007994e-01,7.86599999999999965894e-01,
4.50000000000000000000e+01,9.00000000000000000000e+00,2.80000000000000000000e+01,1.42999999999999988232e-01,5.19000000000000016875e-01,7.86599999999999965894e-01,
4.50000000000000000000e+01,1.00000000000000000000e+01,2.00000000000000000000e+00,3.00999999999999989786e-01,3.37000000000000021760e-01,1.02569999999999983409e+00,
4.50000000000000000000e+01,1.00000000000000000000e+01,4.00000000000000000000e+00,2.92999999999999982681e-01,3.52999999999999980460e-01,1.02569999999999983409e+00,
4.50000000000000000000e+01,1.00000000000000000000e+01,6.00000000000000000000e+00,2.82999999999999973799e-01,3.68999999999999994671e-01,1.02569999999999983409e+00,
4.50000000000000000000e+01,1.00000000000000000000e+01,8.00000000000000000000e+00,2.74000000000000021316e-01,3.84000000000000007994e-01,1.02569999999999983409e+00,
4.50000000000000000000e+01,1.00000000000000000000e+01,1.00000000000000000000e+01,2.65000000000000013323e-01,3.98000000000000020428e-01,1.02569999999999983409e+00,
4.50000000000000000000e+01,1.00000000000000000000e+01,1.20000000000000000000e+01,2.56000000000000005329e-01,4.11999999999999977351e-01,1.02569999999999983409e+00,
4.50000000000000000000e+01,1.00000000000000000000e+01,1.40000000000000000000e+01,2.44999999999999995559e-01,4.25999999999999989786e-01,1.02569999999999983409e+00,
4.50000000000000000000e+01,1.00000000000000000000e+01,1.60000000000000000000e+01,2.34999999999999986677e-01,4.40000000000000002220e-01,1.02569999999999983409e+00,
4.50000000000000000000e+01,1.00000000000000000000e+01,1.80000000000000000000e+01,2.22000000000000002887e-01,4.57000000000000017319e-01,1.02569999999999983409e+00,
4.75000000000000000000e+01,2.00000000000000011102e-01,2.00000000000000000000e+00,9.70000000000000028866e-02,4.58000000000000018208e-01,2.36999999999999988454e-01,
4.75000000000000000000e+01,2.00000000000000011102e-01,4.00000000000000000000e+00,-1.80999999999999994227e-01,5.74999999999999955591e-01,2.36999999999999988454e-01,
4.75000000000000000000e+01,4.00000000000000022204e-01,2.00000000000000000000e+00,2.26000000000000006439e-01,3.80000000000000004441e-01,4.67000000000000026201e-01,
4.75000000000000000000e+01,4.00000000000000022204e-01,4.00000000000000000000e+00,-1.09999999999999993616e-02,5.01000000000000000888e-01,4.67000000000000026201e-01,
4.75000000000000000000e+01,5.99999999999999977796e-01,2.00000000000000000000e+00,2.59000000000000007994e-01,3.62999999999999989342e-01,6.98999999999999954703e-01,
4.75000000000000000000e+01,5.99999999999999977796e-01,4.00000000000000000000e+00,1.37000000000000010658e-01,4.40000000000000002220e-01,6.98999999999999954703e-01,
4.75000000000000000000e+01,5.99999999999999977796e-01,6.00000000000000000000e+00,-1.01999999999999993450e-01,5.41000000000000036415e-01,6.98999999999999954703e-01,
4.75000000000000000000e+01,8.00000000000000044409e-01,2.00000000000000000000e+00,2.72000000000000019540e-01,3.54999999999999982236e-01,9.42999999999999949374e-01,
4.75000000000000000000e+01,8.00000000000000044409e-01,4.00000000000000000000e+00,1.91000000000000003109e-01,4.13999999999999979128e-01,9.42999999999999949374e-01,
4.75000000000000000000e+01,8.00000000000000044409e-01,6.00000000000000000000e+00,7.29999999999999954481e-02,4.75999999999999978684e-01,9.42999999999999949374e-01,
4.75000000000000000000e+01,8.00000000000000044409e-01,8.00000000000000000000e+00,-1.42999999999999988232e-01,5.61000000000000054179e-01,9.42999999999999949374e-01,
4.75000000000000000000e+01,1.00000000000000000000e+00,2.00000000000000000000e+00,2.75799999999999989608e-01,3.48399999999999987477e-01,1.20999999999999996447e+00,
4.75000000000000000000e+01,1.00000000000000000000e+00,4.00000000000000000000e+00,2.15900000000000008571e-01,3.96699999999999997069e-01,1.20999999999999996447e+00,
4.75000000000000000000e+01,1.00000000000000000000e+00,6.00000000000000000000e+00,1.34399999999999991696e-01,4.50500000000000011546e-01,1.20999999999999996447e+00,
4.75000000000000000000e+01,1.00000000000000000000e+00,8.00000000000000000000e+00,5.29999999999999985012e-02,4.94300000000000017142e-01,1.20999999999999996447e+00,
4.75000000000000000000e+01,1.00000000000000000000e+00,1.00000000000000000000e+01,-2.00000000000000004163e-02,5.28000000000000024869e-01,1.20999999999999996447e+00,
4.75000000000000000000e+01,2.00000000000000000000e+00,2.00000000000000000000e+00,2.86899999999999988365e-01,3.40000000000000024425e-01,3.12599999999999961231e-02,
4.75000000000000000000e+01,2.00000000000000000000e+00,4.00000000000000000000e+00,2.54000000000000003553e-01,3.70499999999999996003e-01,3.12599999999999961231e-02,
4.75000000000000000000e+01,2.00000000000000000000e+00,6.00000000000000000000e+00,2.20000000000000001110e-01,3.98299999999999987388e-01,3.12599999999999961231e-02,
4.75000000000000000000e+01,2.00000000000000000000e+00,8.00000000000000000000e+00,1.84200000000000002620e-01,4.24399999999999999467e-01,3.12599999999999961231e-02,
4.75000000000000000000e+01,2.00000000000000000000e+00,1.00000000000000000000e+01,1.44199999999999994849e-01,4.50500000000000011546e-01,3.12599999999999961231e-02,
4.75000000000000000000e+01,2.00000000000000000000e+00,1.20000000000000000000e+01,1.02199999999999999178e-01,4.75899999999999989697e-01,3.12599999999999961231e-02,
4.75000000000000000000e+01,2.00000000000000000000e+00,1.40000000000000000000e+01,6.28999999999999975797e-02,4.97300000000000019806e-01,3.12599999999999961231e-02,
4.75000000000000000000e+01,2.00000000000000000000e+00,1.60000000000000000000e+01,2.75999999999999995337e-02,5.15299999999999980282e-01,3.12599999999999961231e-02,
4.75000000000000000000e+01,2.00000000000000000000e+00,1.80000000000000000000e+01,-1.00000000000000002082e-02,5.32000000000000028422e-01,3.12599999999999961231e-02,
4.75000000000000000000e+01,3.00000000000000000000e+00,2.00000000000000000000e+00,2.88999999999999979128e-01,3.39100000000000012523e-01,6.55000000000000026645e-02,
4.75000000000000000000e+01,3.00000000000000000000e+00,4.00000000000000000000e+00,2.61799999999999977174e-01,3.66700000000000025935e-01,6.55000000000000026645e-02,
4.75000000000000000000e+01,3.00000000000000000000e+00,6.00000000000000000000e+00,2.34600000000000002975e-01,3.90100000000000002309e-01,6.55000000000000026645e-02,
4.75000000000000000000e+01,3.00000000000000000000e+00,8.00000000000000000000e+00,2.08800000000000013367e-01,4.10100000000000020073e-01,6.55000000000000026645e-02,
4.75000000000000000000e+01,3.00000000000000000000e+00,1.00000000000000000000e+01,1.79999999999999993339e-01,4.30999999999999994227e-01,6.55000000000000026645e-02,
4.75000000000000000000e+01,3.00000000000000000000e+00,1.20000000000000000000e+01,1.51600000000000012523e-01,4.50500000000000011546e-01,6.55000000000000026645e-02,
4.75000000000000000000e+01,3.00000000000000000000e+00,1.40000000000000000000e+01,1.26200000000000006617e-01,4.66700000000000003730e-01,6.55000000000000026645e-02,
4.75000000000000000000e+01,3.00000000000000000000e+00,1.60000000000000000000e+01,1.02300000000000002043e-01,4.81800000000000006040e-01,6.55000000000000026645e-02,
4.75000000000000000000e+01,3.00000000000000000000e+00,1.80000000000000000000e+01,7.97999999999999959366e-02,4.95400000000000007017e-01,6.55000000000000026645e-02,
4.75000000000000000000e+01,3.00000000000000000000e+00,2.00000000000000000000e+01,5.68000000000000032641e-02,5.08199999999999985079e-01,6.55000000000000026645e-02,
4.75000000000000000000e+01,3.00000000000000000000e+00,2.20000000000000000000e+01,3.32000000000000003442e-02,5.20599999999999951683e-01,6.55000000000000026645e-02,
4.75000000000000000000e+01,3.00000000000000000000e+00,2.40000000000000000000e+01,6.00000000000000012490e-03,5.34000000000000030198e-01,6.55000000000000026645e-02,
4.75000000000000000000e+01,4.00000000000000000000e+00,2.00000000000000000000e+00,2.91899999999999992806e-01,3.37100000000000010747e-01,1.19999999999999995559e-01,
4.75000000000000000000e+01,4.00000000000000000000e+00,4.00000000000000000000e+00,2.70199999999999995737e-01,3.60200000000000020162e-01,1.19999999999999995559e-01,
4.75000000000000000000e+01,4.00000000000000000000e+00,6.00000000000000000000e+00,2.46700000000000002620e-01,3.82199999999999984190e-01,1.19999999999999995559e-01,
4.75000000000000000000e+01,4.00000000000000000000e+00,8.00000000000000000000e+00,2.23200000000000009504e-01,4.02200000000000001954e-01,1.19999999999999995559e-01,
4.75000000000000000000e+01,4.00000000000000000000e+00,1.00000000000000000000e+01,1.98899999999999993472e-01,4.21899999999999997247e-01,1.19999999999999995559e-01,
4.75000000000000000000e+01,4.00000000000000000000e+00,1.20000000000000000000e+01,1.70600000000000001643e-01,4.41900000000000015010e-01,1.19999999999999995559e-01,
4.75000000000000000000e+01,4.00000000000000000000e+00,1.40000000000000000000e+01,1.49999999999999994449e-01,4.56199999999999994404e-01,1.19999999999999995559e-01,
4.75000000000000000000e+01,4.00000000000000000000e+00,1.60000000000000000000e+01,1.29299999999999998268e-01,4.70299999999999995826e-01,1.19999999999999995559e-01,
4.75000000000000000000e+01,4.00000000000000000000e+00,1.80000000000000000000e+01,1.08600000000000002087e-01,4.84200000000000019273e-01,1.19999999999999995559e-01,
4.75000000000000000000e+01,4.00000000000000000000e+00,2.00000000000000000000e+01,9.27999999999999936051e-02,4.94199999999999972644e-01,1.19999999999999995559e-01,
4.75000000000000000000e+01,4.00000000000000000000e+00,2.20000000000000000000e+01,7.69999999999999990008e-02,5.04000000000000003553e-01,1.19999999999999995559e-01,
4.75000000000000000000e+01,4.00000000000000000000e+00,2.40000000000000000000e+01,5.80999999999999988676e-02,5.15100000000000002309e-01,1.19999999999999995559e-01,
4.75000000000000000000e+01,4.00000000000000000000e+00,2.60000000000000000000e+01,3.91999999999999987343e-02,5.25800000000000045119e-01,1.19999999999999995559e-01,
4.75000000000000000000e+01,4.00000000000000000000e+00,2.80000000000000000000e+01,2.00000000000000004163e-02,5.36000000000000031974e-01,1.19999999999999995559e-01,
4.75000000000000000000e+01,4.00000000000000000000e+00,3.00000000000000000000e+01,2.00000000000000004163e-03,5.46000000000000040856e-01,1.19999999999999995559e-01,
4.75000000000000000000e+01,5.00000000000000000000e+00,2.00000000000000000000e+00,2.94499999999999984013e-01,3.35500000000000020428e-01,1.97699999999999986855e-01,
4.75000000000000000000e+01,5.00000000000000000000e+00,4.00000000000000000000e+00,2.77500000000000024425e-01,3.54499999999999981792e-01,1.97699999999999986855e-01,
4.75000000000000000000e+01,5.00000000000000000000e+00,6.00000000000000000000e+00,2.59799999999999975397e-01,3.72400000000000008793e-01,1.97699999999999986855e-01,
4.75000000000000000000e+01,5.00000000000000000000e+00,8.00000000000000000000e+00,2.39499999999999990674e-01,3.91500000000000014655e-01,1.97699999999999986855e-01,
4.75000000000000000000e+01,5.00000000000000000000e+00,1.00000000000000000000e+01,2.20000000000000001110e-01,4.08200000000000007283e-01,1.97699999999999986855e-01,
4.75000000000000000000e+01,5.00000000000000000000e+00,1.20000000000000000000e+01,1.96399999999999991251e-01,4.27099999999999979661e-01,1.97699999999999986855e-01,
4.75000000000000000000e+01,5.00000000000000000000e+00,1.40000000000000000000e+01,1.77600000000000007860e-01,4.41500000000000003553e-01,1.97699999999999986855e-01,
4.75000000000000000000e+01,5.00000000000000000000e+00,1.60000000000000000000e+01,1.57099999999999989653e-01,4.56100000000000005418e-01,1.97699999999999986855e-01,
4.75000000000000000000e+01,5.00000000000000000000e+00,1.80000000000000000000e+01,1.37199999999999988631e-01,4.70499999999999973799e-01,1.97699999999999986855e-01,
4.75000000000000000000e+01,5.00000000000000000000e+00,2.00000000000000000000e+01,1.21200000000000002176e-01,4.81700000000000017053e-01,1.97699999999999986855e-01,
4.75000000000000000000e+01,5.00000000000000000000e+00,2.20000000000000000000e+01,1.04999999999999996114e-01,4.92700000000000026823e-01,1.97699999999999986855e-01,
4.75000000000000000000e+01,5.00000000000000000000e+00,2.40000000000000000000e+01,8.78000000000000030420e-02,5.03900000000000014566e-01,1.97699999999999986855e-01,
4.75000000000000000000e+01,5.00000000000000000000e+00,2.60000000000000000000e+01,7.29999999999999954481e-02,5.13100000000000000533e-01,1.97699999999999986855e-01,
4.75000000000000000000e+01,5.00000000000000000000e+00,2.80000000000000000000e+01,5.85000000000000033862e-02,5.22399999999999975486e-01,1.97699999999999986855e-01,
4.75000000000000000000e+01,5.00000000000000000000e+00,3.00000000000000000000e+01,4.10000000000000017208e-02,5.32000000000000028422e-01,1.97699999999999986855e-01,
4.75000000000000000000e+01,5.00000000000000000000e+00,3.20000000000000000000e+01,2.10000000000000013045e-02,5.42000000000000037303e-01,1.97699999999999986855e-01,
4.75000000000000000000e+01,6.00000000000000000000e+00,2.00000000000000000000e+00,2.95800000000000007372e-01,3.34399999999999975042e-01,3.00300000000000011369e-01,
4.75000000000000000000e+01,6.00000000000000000000e+00,4.00000000000000000000e+00,2.80700000000000005063e-01,3.52200000000000013056e-01,3.00300000000000011369e-01,
4.75000000000000000000e+01,6.00000000000000000000e+00,6.00000000000000000000e+00,2.66199999999999992184e-01,3.67200000000000026379e-01,3.00300000000000011369e-01,
4.75000000000000000000e+01,6.00000000000000000000e+00,8.00000000000000000000e+00,2.51000000000000000888e-01,3.82900000000000018119e-01,3.00300000000000011369e-01,
4.75000000000000000000e+01,6.00000000000000000000e+00,1.00000000000000000000e+01,2.34999999999999986677e-01,3.97899999999999975930e-01,3.00300000000000011369e-01,
4.75000000000000000000e+01,6.00000000000000000000e+00,1.20000000000000000000e+01,2.17099999999999987432e-01,4.13800000000000001155e-01,3.00300000000000011369e-01,
4.75000000000000000000e+01,6.00000000000000000000e+00,1.40000000000000000000e+01,2.00100000000000000089e-01,4.27800000000000013589e-01,3.00300000000000011369e-01,
4.75000000000000000000e+01,6.00000000000000000000e+00,1.60000000000000000000e+01,1.83200000000000001732e-01,4.41400000000000014566e-01,3.00300000000000011369e-01,
4.75000000000000000000e+01,6.00000000000000000000e+00,1.80000000000000000000e+01,1.65399999999999991473e-01,4.55100000000000004530e-01,3.00300000000000011369e-01,
4.75000000000000000000e+01,6.00000000000000000000e+00,2.00000000000000000000e+01,1.48499999999999993117e-01,4.67700000000000004619e-01,3.00300000000000011369e-01,
4.75000000000000000000e+01,6.00000000000000000000e+00,2.20000000000000000000e+01,1.32500000000000006661e-01,4.79499999999999981792e-01,3.00300000000000011369e-01,
4.75000000000000000000e+01,6.00000000000000000000e+00,2.40000000000000000000e+01,1.15900000000000003020e-01,4.90999999999999992006e-01,3.00300000000000011369e-01,
4.75000000000000000000e+01,6.00000000000000000000e+00,2.60000000000000000000e+01,1.01000000000000006439e-01,5.01800000000000023803e-01,3.00300000000000011369e-01,
4.75000000000000000000e+01,6.00000000000000000000e+00,2.80000000000000000000e+01,8.58000000000000012657e-02,5.12700000000000044587e-01,3.00300000000000011369e-01,
4.75000000000000000000e+01,6.00000000000000000000e+00,3.00000000000000000000e+01,6.80000000000000048850e-02,5.24000000000000021316e-01,3.00300000000000011369e-01,
4.75000000000000000000e+01,6.00000000000000000000e+00,3.20000000000000000000e+01,5.19999999999999976130e-02,5.35000000000000031086e-01,3.00300000000000011369e-01,
4.75000000000000000000e+01,6.00000000000000000000e+00,3.40000000000000000000e+01,3.40000000000000024425e-02,5.46000000000000040856e-01,3.00300000000000011369e-01,
4.75000000000000000000e+01,7.00000000000000000000e+00,2.00000000000000000000e+00,2.97200000000000019718e-01,3.33299999999999985167e-01,4.30600000000000038280e-01,
4.75000000000000000000e+01,7.00000000000000000000e+00,4.00000000000000000000e+00,2.84999999999999975575e-01,3.48200000000000009504e-01,4.30600000000000038280e-01,
4.75000000000000000000e+01,7.00000000000000000000e+00,6.00000000000000000000e+00,2.72799999999999986944e-01,3.62200000000000021938e-01,4.30600000000000038280e-01,
4.75000000000000000000e+01,7.00000000000000000000e+00,8.00000000000000000000e+00,2.59500000000000008438e-01,3.76400000000000012346e-01,4.30600000000000038280e-01,
4.75000000000000000000e+01,7.00000000000000000000e+00,1.00000000000000000000e+01,2.44499999999999995115e-01,3.91400000000000025668e-01,4.30600000000000038280e-01,
4.75000000000000000000e+01,7.00000000000000000000e+00,1.20000000000000000000e+01,2.29500000000000009548e-01,4.05799999999999994049e-01,4.30600000000000038280e-01,
4.75000000000000000000e+01,7.00000000000000000000e+00,1.40000000000000000000e+01,2.13900000000000006795e-01,4.19899999999999995470e-01,4.30600000000000038280e-01,
4.75000000000000000000e+01,7.00000000000000000000e+00,1.60000000000000000000e+01,1.98199999999999987299e-01,4.32999999999999996003e-01,4.30600000000000038280e-01,
4.75000000000000000000e+01,7.00000000000000000000e+00,1.80000000000000000000e+01,1.84100000000000013634e-01,4.44799999999999973177e-01,4.30600000000000038280e-01,
4.75000000000000000000e+01,7.00000000000000000000e+00,2.00000000000000000000e+01,1.68800000000000005596e-01,4.57000000000000017319e-01,4.30600000000000038280e-01,
4.75000000000000000000e+01,7.00000000000000000000e+00,2.20000000000000000000e+01,1.53900000000000009015e-01,4.68299999999999994049e-01,4.30600000000000038280e-01,
4.75000000000000000000e+01,7.00000000000000000000e+00,2.40000000000000000000e+01,1.41499999999999986899e-01,4.77800000000000002487e-01,4.30600000000000038280e-01,
4.75000000000000000000e+01,7.00000000000000000000e+00,2.60000000000000000000e+01,1.30299999999999999156e-01,4.85800000000000009592e-01,4.30600000000000038280e-01,
4.75000000000000000000e+01,7.00000000000000000000e+00,2.80000000000000000000e+01,1.15000000000000004996e-01,4.96999999999999997335e-01,4.30600000000000038280e-01,
4.75000000000000000000e+01,7.00000000000000000000e+00,3.00000000000000000000e+01,9.90000000000000046629e-02,5.07000000000000006217e-01,4.30600000000000038280e-01,
4.75000000000000000000e+01,7.00000000000000000000e+00,3.20000000000000000000e+01,8.40000000000000052180e-02,5.17000000000000015099e-01,4.30600000000000038280e-01,
4.75000000000000000000e+01,7.00000000000000000000e+00,3.40000000000000000000e+01,6.90000000000000057732e-02,5.27000000000000023981e-01,4.30600000000000038280e-01,
4.75000000000000000000e+01,8.00000000000000000000e+00,2.00000000000000000000e+00,2.98099999999999976108e-01,3.32600000000000006750e-01,5.90999999999999969802e-01,
4.75000000000000000000e+01,8.00000000000000000000e+00,4.00000000000000000000e+00,2.87399999999999988809e-01,3.46399999999999985700e-01,5.90999999999999969802e-01,
4.75000000000000000000e+01,8.00000000000000000000e+00,6.00000000000000000000e+00,2.75399999999999978151e-01,3.60800000000000009592e-01,5.90999999999999969802e-01,
4.75000000000000000000e+01,8.00000000000000000000e+00,8.00000000000000000000e+00,2.63900000000000023448e-01,3.73300000000000020695e-01,5.90999999999999969802e-01,
4.75000000000000000000e+01,8.00000000000000000000e+00,1.00000000000000000000e+01,2.51500000000000001332e-01,3.86699999999999988187e-01,5.90999999999999969802e-01,
4.75000000000000000000e+01,8.00000000000000000000e+00,1.20000000000000000000e+01,2.37999999999999989342e-01,4.00200000000000000178e-01,5.90999999999999969802e-01,
4.75000000000000000000e+01,8.00000000000000000000e+00,1.40000000000000000000e+01,2.25399999999999989253e-01,4.12499999999999977796e-01,5.90999999999999969802e-01,
4.75000000000000000000e+01,8.00000000000000000000e+00,1.60000000000000000000e+01,2.11999999999999994005e-01,4.25200000000000022382e-01,5.90999999999999969802e-01,
4.75000000000000000000e+01,8.00000000000000000000e+00,1.80000000000000000000e+01,1.98000000000000009326e-01,4.37199999999999977529e-01,5.90999999999999969802e-01,
4.75000000000000000000e+01,8.00000000000000000000e+00,2.00000000000000000000e+01,1.84499999999999997335e-01,4.49199999999999988187e-01,5.90999999999999969802e-01,
4.75000000000000000000e+01,8.00000000000000000000e+00,2.20000000000000000000e+01,1.70000000000000012212e-01,4.59000000000000019096e-01,5.90999999999999969802e-01,
4.75000000000000000000e+01,8.00000000000000000000e+00,2.40000000000000000000e+01,1.54999999999999998890e-01,4.70999999999999974243e-01,5.90999999999999969802e-01,
4.75000000000000000000e+01,8.00000000000000000000e+00,2.60000000000000000000e+01,1.39000000000000012434e-01,4.82999999999999984901e-01,5.90999999999999969802e-01,
4.75000000000000000000e+01,8.00000000000000000000e+00,2.80000000000000000000e+01,1.22999999999999998224e-01,4.93999999999999994671e-01,5.90999999999999969802e-01,
4.75000000000000000000e+01,8.00000000000000000000e+00,3.00000000000000000000e+01,1.04999999999999996114e-01,5.07000000000000006217e-01,5.90999999999999969802e-01,
4.75000000000000000000e+01,9.00000000000000000000e+00,2.00000000000000000000e+00,2.98700000000000021050e-01,3.32299999999999984279e-01,7.86599999999999965894e-01,
4.75000000000000000000e+01,9.00000000000000000000e+00,4.00000000000000000000e+00,2.88200000000000011724e-01,3.46100000000000018741e-01,7.86599999999999965894e-01,
4.75000000000000000000e+01,9.00000000000000000000e+00,6.00000000000000000000e+00,2.76299999999999990052e-01,3.60700000000000020606e-01,7.86599999999999965894e-01,
4.75000000000000000000e+01,9.00000000000000000000e+00,8.00000000000000000000e+00,2.65199999999999991296e-01,3.73800000000000021139e-01,7.86599999999999965894e-01,
4.75000000000000000000e+01,9.00000000000000000000e+00,1.00000000000000000000e+01,2.54500000000000003997e-01,3.85500000000000009326e-01,7.86599999999999965894e-01,
4.75000000000000000000e+01,9.00000000000000000000e+00,1.20000000000000000000e+01,2.41900000000000003908e-01,3.98500000000000020872e-01,7.86599999999999965894e-01,
4.75000000000000000000e+01,9.00000000000000000000e+00,1.40000000000000000000e+01,2.29000000000000009104e-01,4.09999999999999975575e-01,7.86599999999999965894e-01,
4.75000000000000000000e+01,9.00000000000000000000e+00,1.60000000000000000000e+01,2.15999999999999997558e-01,4.22999999999999987121e-01,7.86599999999999965894e-01,
4.75000000000000000000e+01,9.00000000000000000000e+00,1.80000000000000000000e+01,2.01000000000000011990e-01,4.35999999999999998668e-01,7.86599999999999965894e-01,
4.75000000000000000000e+01,9.00000000000000000000e+00,2.00000000000000000000e+01,1.86999999999999999556e-01,4.46000000000000007550e-01,7.86599999999999965894e-01,
4.75000000000000000000e+01,9.00000000000000000000e+00,2.20000000000000000000e+01,1.73999999999999988010e-01,4.57000000000000017319e-01,7.86599999999999965894e-01,
4.75000000000000000000e+01,9.00000000000000000000e+00,2.40000000000000000000e+01,1.60000000000000003331e-01,4.67000000000000026201e-01,7.86599999999999965894e-01,
4.75000000000000000000e+01,1.00000000000000000000e+01,2.00000000000000000000e+00,2.97999999999999987121e-01,3.33000000000000018208e-01,1.02569999999999983409e+00,
4.75000000000000000000e+01,1.00000000000000000000e+01,4.00000000000000000000e+00,2.87999999999999978240e-01,3.45999999999999974243e-01,1.02569999999999983409e+00,
4.75000000000000000000e+01,1.00000000000000000000e+01,6.00000000000000000000e+00,2.77000000000000023981e-01,3.59999999999999986677e-01,1.02569999999999983409e+00,
4.75000000000000000000e+01,1.00000000000000000000e+01,8.00000000000000000000e+00,2.66000000000000014211e-01,3.73999999999999999112e-01,1.02569999999999983409e+00,
4.75000000000000000000e+01,1.00000000000000000000e+01,1.00000000000000000000e+01,2.56000000000000005329e-01,3.85000000000000008882e-01,1.02569999999999983409e+00,
4.75000000000000000000e+01,1.00000000000000000000e+01,1.20000000000000000000e+01,2.45999999999999996447e-01,3.97000000000000019540e-01,1.02569999999999983409e+00,
4.75000000000000000000e+01,1.00000000000000000000e+01,1.40000000000000000000e+01,2.34999999999999986677e-01,4.08999999999999974687e-01,1.02569999999999983409e+00,
4.75000000000000000000e+01,1.00000000000000000000e+01,1.60000000000000000000e+01,2.24000000000000004663e-01,4.19999999999999984457e-01,1.02569999999999983409e+00,
5.00000000000000000000e+01,2.00000000000000011102e-01,2.00000000000000000000e+00,8.00000000000000016653e-02,3.97000000000000019540e-01,2.36999999999999988454e-01,
5.00000000000000000000e+01,2.00000000000000011102e-01,4.00000000000000000000e+00,-1.37000000000000010658e-01,4.24999999999999988898e-01,2.36999999999999988454e-01,
5.00000000000000000000e+01,4.00000000000000022204e-01,2.00000000000000000000e+00,2.12999999999999994893e-01,3.60999999999999987566e-01,4.67000000000000026201e-01,
5.00000000000000000000e+01,4.00000000000000022204e-01,4.00000000000000000000e+00,-4.00000000000000008327e-03,4.05000000000000026645e-01,4.67000000000000026201e-01,
5.00000000000000000000e+01,5.99999999999999977796e-01,2.00000000000000000000e+00,2.46999999999999997335e-01,3.48999999999999976907e-01,6.98999999999999954703e-01,
5.00000000000000000000e+01,5.99999999999999977796e-01,4.00000000000000000000e+00,1.23999999999999999112e-01,3.89000000000000012434e-01,6.98999999999999954703e-01,
5.00000000000000000000e+01,5.99999999999999977796e-01,6.00000000000000000000e+00,-6.80000000000000048850e-02,4.24999999999999988898e-01,6.98999999999999954703e-01,
5.00000000000000000000e+01,8.00000000000000044409e-01,2.00000000000000000000e+00,2.65000000000000013323e-01,3.45999999999999974243e-01,9.42999999999999949374e-01,
5.00000000000000000000e+01,8.00000000000000044409e-01,4.00000000000000000000e+00,1.77999999999999991562e-01,3.82000000000000006217e-01,9.42999999999999949374e-01,
5.00000000000000000000e+01,8.00000000000000044409e-01,6.00000000000000000000e+00,7.00000000000000066613e-02,4.07999999999999973799e-01,9.42999999999999949374e-01,
5.00000000000000000000e+01,8.00000000000000044409e-01,8.00000000000000000000e+00,-1.00000000000000005551e-01,4.27999999999999991562e-01,9.42999999999999949374e-01,
5.00000000000000000000e+01,1.00000000000000000000e+00,2.00000000000000000000e+00,2.68899999999999972378e-01,3.40700000000000002842e-01,1.20999999999999996447e+00,
5.00000000000000000000e+01,1.00000000000000000000e+00,4.00000000000000000000e+00,2.03999999999999986899e-01,3.72400000000000008793e-01,1.20999999999999996447e+00,
5.00000000000000000000e+01,1.00000000000000000000e+00,6.00000000000000000000e+00,1.24899999999999997136e-01,4.01899999999999979483e-01,1.20999999999999996447e+00,
5.00000000000000000000e+01,1.00000000000000000000e+00,8.00000000000000000000e+00,5.10999999999999995892e-02,4.15800000000000002931e-01,1.20999999999999996447e+00,
5.00000000000000000000e+01,1.00000000000000000000e+00,1.00000000000000000000e+01,-1.79999999999999986400e-02,4.23999999999999988010e-01,1.20999999999999996447e+00,
5.00000000000000000000e+01,2.00000000000000000000e+00,2.00000000000000000000e+00,2.81999999999999972911e-01,3.34100000000000008082e-01,3.12599999999999961231e-02,
5.00000000000000000000e+01,2.00000000000000000000e+00,4.00000000000000000000e+00,2.44200000000000000400e-01,3.55899999999999994138e-01,3.12599999999999961231e-02,
5.00000000000000000000e+01,2.00000000000000000000e+00,6.00000000000000000000e+00,2.09199999999999997069e-01,3.73900000000000010125e-01,3.12599999999999961231e-02,
5.00000000000000000000e+01,2.00000000000000000000e+00,8.00000000000000000000e+00,1.70500000000000012657e-01,3.91100000000000003197e-01,3.12599999999999961231e-02,
5.00000000000000000000e+01,2.00000000000000000000e+00,1.00000000000000000000e+01,1.32099999999999995204e-01,4.05899999999999983036e-01,3.12599999999999961231e-02,
5.00000000000000000000e+01,2.00000000000000000000e+00,1.20000000000000000000e+01,9.33999999999999969136e-02,4.18300000000000005151e-01,3.12599999999999961231e-02,
5.00000000000000000000e+01,2.00000000000000000000e+00,1.40000000000000000000e+01,5.99000000000000018541e-02,4.26999999999999990674e-01,3.12599999999999961231e-02,
5.00000000000000000000e+01,2.00000000000000000000e+00,1.60000000000000000000e+01,2.85000000000000010270e-02,4.32699999999999973532e-01,3.12599999999999961231e-02,
5.00000000000000000000e+01,2.00000000000000000000e+00,1.80000000000000000000e+01,-7.00000000000000014572e-03,4.41000000000000003109e-01,3.12599999999999961231e-02,
5.00000000000000000000e+01,3.00000000000000000000e+00,2.00000000000000000000e+00,2.84399999999999986144e-01,3.33699999999999996625e-01,6.55000000000000026645e-02,
5.00000000000000000000e+01,3.00000000000000000000e+00,4.00000000000000000000e+00,2.52500000000000002220e-01,3.53700000000000014388e-01,6.55000000000000026645e-02,
5.00000000000000000000e+01,3.00000000000000000000e+00,6.00000000000000000000e+00,2.24000000000000004663e-01,3.69900000000000006573e-01,6.55000000000000026645e-02,
5.00000000000000000000e+01,3.00000000000000000000e+00,8.00000000000000000000e+00,1.97000000000000008438e-01,3.84099999999999996980e-01,6.55000000000000026645e-02,
5.00000000000000000000e+01,3.00000000000000000000e+00,1.00000000000000000000e+01,1.68800000000000005596e-01,3.97399999999999975486e-01,6.55000000000000026645e-02,
5.00000000000000000000e+01,3.00000000000000000000e+00,1.20000000000000000000e+01,1.41100000000000003197e-01,4.09499999999999975131e-01,6.55000000000000026645e-02,
5.00000000000000000000e+01,3.00000000000000000000e+00,1.40000000000000000000e+01,1.16099999999999994871e-01,4.19200000000000017053e-01,6.55000000000000026645e-02,
5.00000000000000000000e+01,3.00000000000000000000e+00,1.60000000000000000000e+01,9.24999999999999988898e-02,4.27499999999999991118e-01,6.55000000000000026645e-02,
5.00000000000000000000e+01,3.00000000000000000000e+00,1.80000000000000000000e+01,7.18000000000000027089e-02,4.33999999999999996891e-01,6.55000000000000026645e-02,
5.00000000000000000000e+01,3.00000000000000000000e+00,2.00000000000000000000e+01,5.27999999999999997113e-02,4.39300000000000023803e-01,6.55000000000000026645e-02,
5.00000000000000000000e+01,3.00000000000000000000e+00,2.20000000000000000000e+01,3.33000000000000032085e-02,4.44400000000000017231e-01,6.55000000000000026645e-02,
5.00000000000000000000e+01,3.00000000000000000000e+00,2.40000000000000000000e+01,8.99999999999999931999e-03,4.50000000000000011102e-01,6.55000000000000026645e-02,
5.00000000000000000000e+01,4.00000000000000000000e+00,2.00000000000000000000e+00,2.87999999999999978240e-01,3.32699999999999995737e-01,1.19999999999999995559e-01,
5.00000000000000000000e+01,4.00000000000000000000e+00,4.00000000000000000000e+00,2.62799999999999978062e-01,3.49799999999999999822e-01,1.19999999999999995559e-01,
5.00000000000000000000e+01,4.00000000000000000000e+00,6.00000000000000000000e+00,2.37399999999999999911e-01,3.65499999999999991562e-01,1.19999999999999995559e-01,
5.00000000000000000000e+01,4.00000000000000000000e+00,8.00000000000000000000e+00,2.12400000000000005462e-01,3.79900000000000015454e-01,1.19999999999999995559e-01,
5.00000000000000000000e+01,4.00000000000000000000e+00,1.00000000000000000000e+01,1.87599999999999988987e-01,3.93299999999999982947e-01,1.19999999999999995559e-01,
5.00000000000000000000e+01,4.00000000000000000000e+00,1.20000000000000000000e+01,1.60200000000000009059e-01,4.06999999999999972911e-01,1.19999999999999995559e-01,
5.00000000000000000000e+01,4.00000000000000000000e+00,1.40000000000000000000e+01,1.39800000000000007594e-01,4.16800000000000003819e-01,1.19999999999999995559e-01,
5.00000000000000000000e+01,4.00000000000000000000e+00,1.60000000000000000000e+01,1.21200000000000002176e-01,4.24499999999999988454e-01,1.19999999999999995559e-01,
5.00000000000000000000e+01,4.00000000000000000000e+00,1.80000000000000000000e+01,1.00599999999999994982e-01,4.32999999999999996003e-01,1.19999999999999995559e-01,
5.00000000000000000000e+01,4.00000000000000000000e+00,2.00000000000000000000e+01,8.50000000000000061062e-02,4.38800000000000023359e-01,1.19999999999999995559e-01,
5.00000000000000000000e+01,4.00000000000000000000e+00,2.20000000000000000000e+01,7.01999999999999985123e-02,4.44000000000000005773e-01,1.19999999999999995559e-01,
5.00000000000000000000e+01,4.00000000000000000000e+00,2.40000000000000000000e+01,5.53000000000000019318e-02,4.49199999999999988187e-01,1.19999999999999995559e-01,
5.00000000000000000000e+01,4.00000000000000000000e+00,2.60000000000000000000e+01,4.00000000000000008327e-02,4.54500000000000015099e-01,1.19999999999999995559e-01,
5.00000000000000000000e+01,4.00000000000000000000e+00,2.80000000000000000000e+01,2.29999999999999996114e-02,4.60000000000000019984e-01,1.19999999999999995559e-01,
5.00000000000000000000e+01,4.00000000000000000000e+00,3.00000000000000000000e+01,8.00000000000000016653e-03,4.65000000000000024425e-01,1.19999999999999995559e-01,
5.00000000000000000000e+01,5.00000000000000000000e+00,2.00000000000000000000e+00,2.90999999999999980904e-01,3.31000000000000016431e-01,1.97699999999999986855e-01,
5.00000000000000000000e+01,5.00000000000000000000e+00,4.00000000000000000000e+00,2.71100000000000007638e-01,3.45499999999999973799e-01,1.97699999999999986855e-01,
5.00000000000000000000e+01,5.00000000000000000000e+00,6.00000000000000000000e+00,2.51900000000000012790e-01,3.58700000000000018829e-01,1.97699999999999986855e-01,
5.00000000000000000000e+01,5.00000000000000000000e+00,8.00000000000000000000e+00,2.29699999999999987521e-01,3.72999999999999998224e-01,1.97699999999999986855e-01,
5.00000000000000000000e+01,5.00000000000000000000e+00,1.00000000000000000000e+01,2.09499999999999991784e-01,3.85299999999999975842e-01,1.97699999999999986855e-01,
5.00000000000000000000e+01,5.00000000000000000000e+00,1.20000000000000000000e+01,1.85200000000000003508e-01,3.99199999999999999289e-01,1.97699999999999986855e-01,
5.00000000000000000000e+01,5.00000000000000000000e+00,1.40000000000000000000e+01,1.67099999999999998535e-01,4.08899999999999985700e-01,1.97699999999999986855e-01,
5.00000000000000000000e+01,5.00000000000000000000e+00,1.60000000000000000000e+01,1.46900000000000002798e-01,4.19200000000000017053e-01,1.97699999999999986855e-01,
5.00000000000000000000e+01,5.00000000000000000000e+00,1.80000000000000000000e+01,1.27500000000000002220e-01,4.28800000000000014477e-01,1.97699999999999986855e-01,
5.00000000000000000000e+01,5.00000000000000000000e+00,2.00000000000000000000e+01,1.12000000000000002331e-01,4.35999999999999998668e-01,1.97699999999999986855e-01,
5.00000000000000000000e+01,5.00000000000000000000e+00,2.20000000000000000000e+01,9.57999999999999962697e-02,4.42800000000000026912e-01,1.97699999999999986855e-01,
5.00000000000000000000e+01,5.00000000000000000000e+00,2.40000000000000000000e+01,8.11000000000000054179e-02,4.49099999999999999201e-01,1.97699999999999986855e-01,
5.00000000000000000000e+01,5.00000000000000000000e+00,2.60000000000000000000e+01,6.90000000000000057732e-02,4.54199999999999992628e-01,1.97699999999999986855e-01,
5.00000000000000000000e+01,5.00000000000000000000e+00,2.80000000000000000000e+01,5.72000000000000008438e-02,4.59000000000000019096e-01,1.97699999999999986855e-01,
5.00000000000000000000e+01,5.00000000000000000000e+00,3.00000000000000000000e+01,4.10000000000000017208e-02,4.66000000000000025313e-01,1.97699999999999986855e-01,
5.00000000000000000000e+01,5.00000000000000000000e+00,3.20000000000000000000e+01,2.29999999999999996114e-02,4.73999999999999976907e-01,1.97699999999999986855e-01,
5.00000000000000000000e+01,6.00000000000000000000e+00,2.00000000000000000000e+00,2.92899999999999993694e-01,3.30299999999999982503e-01,3.00300000000000011369e-01,
5.00000000000000000000e+01,6.00000000000000000000e+00,4.00000000000000000000e+00,2.74899999999999977707e-01,3.44299999999999994937e-01,3.00300000000000011369e-01,
5.00000000000000000000e+01,6.00000000000000000000e+00,6.00000000000000000000e+00,2.59099999999999996980e-01,3.55800000000000005151e-01,3.00300000000000011369e-01,
5.00000000000000000000e+01,6.00000000000000000000e+00,8.00000000000000000000e+00,2.41999999999999992895e-01,3.67900000000000004796e-01,3.00300000000000011369e-01,
5.00000000000000000000e+01,6.00000000000000000000e+00,1.00000000000000000000e+01,2.24700000000000010836e-01,3.79599999999999992983e-01,3.00300000000000011369e-01,
5.00000000000000000000e+01,6.00000000000000000000e+00,1.20000000000000000000e+01,2.05999999999999988676e-01,3.91400000000000025668e-01,3.00300000000000011369e-01,
5.00000000000000000000e+01,6.00000000000000000000e+00,1.40000000000000000000e+01,1.89500000000000001776e-01,4.01500000000000023537e-01,3.00300000000000011369e-01,
5.00000000000000000000e+01,6.00000000000000000000e+00,1.60000000000000000000e+01,1.72199999999999991962e-01,4.11299999999999998934e-01,3.00300000000000011369e-01,
5.00000000000000000000e+01,6.00000000000000000000e+00,1.80000000000000000000e+01,1.55099999999999987876e-01,4.20800000000000007372e-01,3.00300000000000011369e-01,
5.00000000000000000000e+01,6.00000000000000000000e+00,2.00000000000000000000e+01,1.38199999999999989519e-01,4.29900000000000004352e-01,3.00300000000000011369e-01,
5.00000000000000000000e+01,6.00000000000000000000e+00,2.20000000000000000000e+01,1.22999999999999998224e-01,4.37800000000000022471e-01,3.00300000000000011369e-01,
5.00000000000000000000e+01,6.00000000000000000000e+00,2.40000000000000000000e+01,1.06999999999999997891e-01,4.45799999999999974065e-01,3.00300000000000011369e-01,
5.00000000000000000000e+01,6.00000000000000000000e+00,2.60000000000000000000e+01,9.41000000000000030864e-02,4.52000000000000012879e-01,3.00300000000000011369e-01,
5.00000000000000000000e+01,6.00000000000000000000e+00,2.80000000000000000000e+01,8.10000000000000025535e-02,4.58000000000000018208e-01,3.00300000000000011369e-01,
5.00000000000000000000e+01,6.00000000000000000000e+00,3.00000000000000000000e+01,6.60000000000000031086e-02,4.65000000000000024425e-01,3.00300000000000011369e-01,
5.00000000000000000000e+01,6.00000000000000000000e+00,3.20000000000000000000e+01,5.19999999999999976130e-02,4.70999999999999974243e-01,3.00300000000000011369e-01,
5.00000000000000000000e+01,6.00000000000000000000e+00,3.40000000000000000000e+01,3.50000000000000033307e-02,4.79999999999999982236e-01,3.00300000000000011369e-01,
5.00000000000000000000e+01,7.00000000000000000000e+00,2.00000000000000000000e+00,2.94499999999999984013e-01,3.29699999999999993072e-01,4.30600000000000038280e-01,
5.00000000000000000000e+01,7.00000000000000000000e+00,4.00000000000000000000e+00,2.80299999999999993605e-01,3.41500000000000025757e-01,4.30600000000000038280e-01,
5.00000000000000000000e+01,7.00000000000000000000e+00,6.00000000000000000000e+00,2.66199999999999992184e-01,3.52600000000000024514e-01,4.30600000000000038280e-01,
5.00000000000000000000e+01,7.00000000000000000000e+00,8.00000000000000000000e+00,2.51300000000000023359e-01,3.63499999999999989786e-01,4.30600000000000038280e-01,
5.00000000000000000000e+01,7.00000000000000000000e+00,1.00000000000000000000e+01,2.35199999999999992406e-01,3.74800000000000022027e-01,4.30600000000000038280e-01,
5.00000000000000000000e+01,7.00000000000000000000e+00,1.20000000000000000000e+01,2.19500000000000000666e-01,3.85400000000000020339e-01,4.30600000000000038280e-01,
5.00000000000000000000e+01,7.00000000000000000000e+00,1.40000000000000000000e+01,2.03300000000000008482e-01,3.95600000000000007194e-01,4.30600000000000038280e-01,
5.00000000000000000000e+01,7.00000000000000000000e+00,1.60000000000000000000e+01,1.88099999999999989431e-01,4.04899999999999982148e-01,4.30600000000000038280e-01,
5.00000000000000000000e+01,7.00000000000000000000e+00,1.80000000000000000000e+01,1.73399999999999998579e-01,4.13499999999999978684e-01,4.30600000000000038280e-01,
5.00000000000000000000e+01,7.00000000000000000000e+00,2.00000000000000000000e+01,1.58900000000000013456e-01,4.21999999999999986233e-01,4.30600000000000038280e-01,
5.00000000000000000000e+01,7.00000000000000000000e+00,2.20000000000000000000e+01,1.43399999999999999689e-01,4.30599999999999982769e-01,4.30600000000000038280e-01,
5.00000000000000000000e+01,7.00000000000000000000e+00,2.40000000000000000000e+01,1.31000000000000005329e-01,4.37699999999999977973e-01,4.30600000000000038280e-01,
5.00000000000000000000e+01,7.00000000000000000000e+00,2.60000000000000000000e+01,1.20999999999999996447e-01,4.43000000000000004885e-01,4.30600000000000038280e-01,
5.00000000000000000000e+01,7.00000000000000000000e+00,2.80000000000000000000e+01,1.07999999999999998779e-01,4.49000000000000010214e-01,4.30600000000000038280e-01,
5.00000000000000000000e+01,7.00000000000000000000e+00,3.00000000000000000000e+01,9.40000000000000002220e-02,4.57000000000000017319e-01,4.30600000000000038280e-01,
5.00000000000000000000e+01,7.00000000000000000000e+00,3.20000000000000000000e+01,8.30000000000000043299e-02,4.63000000000000022649e-01,4.30600000000000038280e-01,
5.00000000000000000000e+01,8.00000000000000000000e+00,2.00000000000000000000e+00,2.95700000000000018385e-01,3.29299999999999981615e-01,5.90999999999999969802e-01,
5.00000000000000000000e+01,8.00000000000000000000e+00,4.00000000000000000000e+00,2.82799999999999995826e-01,3.40299999999999991385e-01,5.90999999999999969802e-01,
5.00000000000000000000e+01,8.00000000000000000000e+00,6.00000000000000000000e+00,2.69299999999999983835e-01,3.51200000000000012168e-01,5.90999999999999969802e-01,
5.00000000000000000000e+01,8.00000000000000000000e+00,8.00000000000000000000e+00,2.56400000000000016787e-01,3.61099999999999976552e-01,5.90999999999999969802e-01,
5.00000000000000000000e+01,8.00000000000000000000e+00,1.00000000000000000000e+01,2.42999999999999993783e-01,3.70999999999999996447e-01,5.90999999999999969802e-01,
5.00000000000000000000e+01,8.00000000000000000000e+00,1.20000000000000000000e+01,2.28199999999999986189e-01,3.81099999999999994316e-01,5.90999999999999969802e-01,
5.00000000000000000000e+01,8.00000000000000000000e+00,1.40000000000000000000e+01,2.14799999999999990941e-01,3.90299999999999980282e-01,5.90999999999999969802e-01,
5.00000000000000000000e+01,8.00000000000000000000e+00,1.60000000000000000000e+01,2.01199999999999989964e-01,3.99199999999999999289e-01,5.90999999999999969802e-01,
5.00000000000000000000e+01,8.00000000000000000000e+00,1.80000000000000000000e+01,1.86599999999999988098e-01,4.08600000000000018741e-01,5.90999999999999969802e-01,
5.00000000000000000000e+01,8.00000000000000000000e+00,2.00000000000000000000e+01,1.73399999999999998579e-01,4.16399999999999992362e-01,5.90999999999999969802e-01,
5.00000000000000000000e+01,8.00000000000000000000e+00,2.20000000000000000000e+01,1.59000000000000002442e-01,4.23999999999999988010e-01,5.90999999999999969802e-01,
5.00000000000000000000e+01,8.00000000000000000000e+00,2.40000000000000000000e+01,1.41999999999999987343e-01,4.32999999999999996003e-01,5.90999999999999969802e-01,
5.00000000000000000000e+01,8.00000000000000000000e+00,2.60000000000000000000e+01,1.27000000000000001776e-01,4.41000000000000003109e-01,5.90999999999999969802e-01,
5.00000000000000000000e+01,8.00000000000000000000e+00,2.80000000000000000000e+01,1.12000000000000002331e-01,4.48000000000000009326e-01,5.90999999999999969802e-01,
5.00000000000000000000e+01,9.00000000000000000000e+00,2.00000000000000000000e+00,2.96499999999999985789e-01,3.29299999999999981615e-01,7.86599999999999965894e-01,
5.00000000000000000000e+01,9.00000000000000000000e+00,4.00000000000000000000e+00,2.83999999999999974687e-01,3.40200000000000002398e-01,7.86599999999999965894e-01,
5.00000000000000000000e+01,9.00000000000000000000e+00,6.00000000000000000000e+00,2.70299999999999984723e-01,3.51300000000000001155e-01,7.86599999999999965894e-01,
5.00000000000000000000e+01,9.00000000000000000000e+00,8.00000000000000000000e+00,2.57400000000000017675e-01,3.61800000000000010481e-01,7.86599999999999965894e-01,
5.00000000000000000000e+01,9.00000000000000000000e+00,1.00000000000000000000e+01,2.45700000000000001732e-01,3.70199999999999973532e-01,7.86599999999999965894e-01,
5.00000000000000000000e+01,9.00000000000000000000e+00,1.20000000000000000000e+01,2.32500000000000012212e-01,3.79599999999999992983e-01,7.86599999999999965894e-01,
5.00000000000000000000e+01,9.00000000000000000000e+00,1.40000000000000000000e+01,2.16999999999999998446e-01,3.88000000000000011546e-01,7.86599999999999965894e-01,
5.00000000000000000000e+01,9.00000000000000000000e+00,1.60000000000000000000e+01,2.03000000000000013767e-01,3.96000000000000018652e-01,7.86599999999999965894e-01,
5.00000000000000000000e+01,9.00000000000000000000e+00,1.80000000000000000000e+01,1.88000000000000000444e-01,4.05000000000000026645e-01,7.86599999999999965894e-01,
5.00000000000000000000e+01,9.00000000000000000000e+00,2.00000000000000000000e+01,1.74999999999999988898e-01,4.10999999999999976463e-01,7.86599999999999965894e-01,
5.00000000000000000000e+01,9.00000000000000000000e+00,2.20000000000000000000e+01,1.61000000000000004219e-01,4.18999999999999983569e-01,7.86599999999999965894e-01,
5.00000000000000000000e+01,9.00000000000000000000e+00,2.40000000000000000000e+01,1.46999999999999991784e-01,4.24999999999999988898e-01,7.86599999999999965894e-01,
5.00000000000000000000e+01,1.00000000000000000000e+01,2.00000000000000000000e+00,2.95999999999999985345e-01,3.31000000000000016431e-01,1.02569999999999983409e+00,
5.00000000000000000000e+01,1.00000000000000000000e+01,4.00000000000000000000e+00,2.83999999999999974687e-01,3.41000000000000025313e-01,1.02569999999999983409e+00,
5.00000000000000000000e+01,1.00000000000000000000e+01,6.00000000000000000000e+00,2.71000000000000018652e-01,3.50999999999999978684e-01,1.02569999999999983409e+00,
5.00000000000000000000e+01,1.00000000000000000000e+01,8.00000000000000000000e+00,2.58000000000000007105e-01,3.60999999999999987566e-01,1.02569999999999983409e+00,
5.00000000000000000000e+01,1.00000000000000000000e+01,1.00000000000000000000e+01,2.47999999999999998224e-01,3.68999999999999994671e-01,1.02569999999999983409e+00,
5.00000000000000000000e+01,1.00000000000000000000e+01,1.20000000000000000000e+01,2.34999999999999986677e-01,3.78000000000000002665e-01,1.02569999999999983409e+00,
5.00000000000000000000e+01,1.00000000000000000000e+01,1.40000000000000000000e+01,2.23000000000000003775e-01,3.87000000000000010658e-01,1.02569999999999983409e+00,
5.25000000000000000000e+01,2.00000000000000011102e-01,2.00000000000000000000e+00,6.80000000000000048850e-02,3.32000000000000017319e-01,2.36999999999999988454e-01,
5.25000000000000000000e+01,2.00000000000000011102e-01,4.00000000000000000000e+00,-1.00000000000000005551e-01,3.25000000000000011102e-01,2.36999999999999988454e-01,
5.25000000000000000000e+01,4.00000000000000022204e-01,2.00000000000000000000e+00,1.96000000000000007550e-01,3.32000000000000017319e-01,4.67000000000000026201e-01,
5.25000000000000000000e+01,4.00000000000000022204e-01,4.00000000000000000000e+00,8.00000000000000016653e-03,3.34000000000000019096e-01,4.67000000000000026201e-01,
5.25000000000000000000e+01,5.99999999999999977796e-01,2.00000000000000000000e+00,2.35999999999999987566e-01,3.34000000000000019096e-01,6.98999999999999954703e-01,
5.25000000000000000000e+01,5.99999999999999977796e-01,4.00000000000000000000e+00,1.17000000000000006772e-01,3.41000000000000025313e-01,6.98999999999999954703e-01,
5.25000000000000000000e+01,5.99999999999999977796e-01,6.00000000000000000000e+00,-3.59999999999999972800e-02,3.34000000000000019096e-01,6.98999999999999954703e-01,
5.25000000000000000000e+01,8.00000000000000044409e-01,2.00000000000000000000e+00,2.53000000000000002665e-01,3.32000000000000017319e-01,9.42999999999999949374e-01,
5.25000000000000000000e+01,8.00000000000000044409e-01,4.00000000000000000000e+00,1.63000000000000005995e-01,3.42000000000000026201e-01,9.42999999999999949374e-01,
5.25000000000000000000e+01,8.00000000000000044409e-01,6.00000000000000000000e+00,7.00000000000000066613e-02,3.41000000000000025313e-01,9.42999999999999949374e-01,
5.25000000000000000000e+01,8.00000000000000044409e-01,8.00000000000000000000e+00,-6.19999999999999995559e-02,3.30000000000000015543e-01,9.42999999999999949374e-01,
5.25000000000000000000e+01,1.00000000000000000000e+00,2.00000000000000000000e+00,2.60000000000000008882e-01,3.28900000000000025668e-01,1.20999999999999996447e+00,
5.25000000000000000000e+01,1.00000000000000000000e+00,4.00000000000000000000e+00,1.88299999999999995159e-01,3.40600000000000013856e-01,1.20999999999999996447e+00,
5.25000000000000000000e+01,1.00000000000000000000e+00,6.00000000000000000000e+00,1.16900000000000003908e-01,3.45200000000000006839e-01,1.20999999999999996447e+00,
5.25000000000000000000e+01,1.00000000000000000000e+00,8.00000000000000000000e+00,4.76000000000000034195e-02,3.45799999999999996270e-01,1.20999999999999996447e+00,
5.25000000000000000000e+01,1.00000000000000000000e+00,1.00000000000000000000e+01,-1.70000000000000012212e-02,3.43999999999999972466e-01,1.20999999999999996447e+00,
5.25000000000000000000e+01,2.00000000000000000000e+00,2.00000000000000000000e+00,2.76500000000000023537e-01,3.27100000000000001865e-01,3.12599999999999961231e-02,
5.25000000000000000000e+01,2.00000000000000000000e+00,4.00000000000000000000e+00,2.34300000000000008260e-01,3.37799999999999989164e-01,3.12599999999999961231e-02,
5.25000000000000000000e+01,2.00000000000000000000e+00,6.00000000000000000000e+00,1.97099999999999997424e-01,3.45200000000000006839e-01,3.12599999999999961231e-02,
5.25000000000000000000e+01,2.00000000000000000000e+00,8.00000000000000000000e+00,1.55700000000000005063e-01,3.51700000000000012612e-01,3.12599999999999961231e-02,
5.25000000000000000000e+01,2.00000000000000000000e+00,1.00000000000000000000e+01,1.18999999999999994671e-01,3.55100000000000026734e-01,3.12599999999999961231e-02,
5.25000000000000000000e+01,2.00000000000000000000e+00,1.20000000000000000000e+01,8.50999999999999950928e-02,3.57599999999999973443e-01,3.12599999999999961231e-02,
5.25000000000000000000e+01,2.00000000000000000000e+00,1.40000000000000000000e+01,5.55000000000000007216e-02,3.58800000000000007816e-01,3.12599999999999961231e-02,
5.25000000000000000000e+01,2.00000000000000000000e+00,1.60000000000000000000e+01,2.90000000000000014710e-02,3.58999999999999985789e-01,3.12599999999999961231e-02,
5.25000000000000000000e+01,2.00000000000000000000e+00,1.80000000000000000000e+01,-2.00000000000000004163e-03,3.59999999999999986677e-01,3.12599999999999961231e-02,
5.25000000000000000000e+01,3.00000000000000000000e+00,2.00000000000000000000e+00,2.79899999999999982148e-01,3.27100000000000001865e-01,6.55000000000000026645e-02,
5.25000000000000000000e+01,3.00000000000000000000e+00,4.00000000000000000000e+00,2.43699999999999999956e-01,3.38600000000000012079e-01,6.55000000000000026645e-02,
5.25000000000000000000e+01,3.00000000000000000000e+00,6.00000000000000000000e+00,2.13200000000000000622e-01,3.46799999999999997158e-01,6.55000000000000026645e-02,
5.25000000000000000000e+01,3.00000000000000000000e+00,8.00000000000000000000e+00,1.84499999999999997335e-01,3.53100000000000024958e-01,6.55000000000000026645e-02,
5.25000000000000000000e+01,3.00000000000000000000e+00,1.00000000000000000000e+01,1.55200000000000004619e-01,3.57999999999999984901e-01,6.55000000000000026645e-02,
5.25000000000000000000e+01,3.00000000000000000000e+00,1.20000000000000000000e+01,1.28799999999999997824e-01,3.61999999999999988454e-01,6.55000000000000026645e-02,
5.25000000000000000000e+01,3.00000000000000000000e+00,1.40000000000000000000e+01,1.05099999999999998979e-01,3.64800000000000013145e-01,6.55000000000000026645e-02,
5.25000000000000000000e+01,3.00000000000000000000e+00,1.60000000000000000000e+01,8.42999999999999999334e-02,3.66700000000000025935e-01,6.55000000000000026645e-02,
5.25000000000000000000e+01,3.00000000000000000000e+00,1.80000000000000000000e+01,6.47999999999999964917e-02,3.68200000000000027267e-01,6.55000000000000026645e-02,
5.25000000000000000000e+01,3.00000000000000000000e+00,2.00000000000000000000e+01,4.81999999999999997891e-02,3.69499999999999995115e-01,6.55000000000000026645e-02,
5.25000000000000000000e+01,3.00000000000000000000e+00,2.20000000000000000000e+01,3.20000000000000006661e-02,3.69999999999999995559e-01,6.55000000000000026645e-02,
5.25000000000000000000e+01,3.00000000000000000000e+00,2.40000000000000000000e+01,1.20000000000000002498e-02,3.70999999999999996447e-01,6.55000000000000026645e-02,
5.25000000000000000000e+01,4.00000000000000000000e+00,2.00000000000000000000e+00,2.83999999999999974687e-01,3.27000000000000012879e-01,1.19999999999999995559e-01,
5.25000000000000000000e+01,4.00000000000000000000e+00,4.00000000000000000000e+00,2.55199999999999982414e-01,3.37500000000000022204e-01,1.19999999999999995559e-01,
5.25000000000000000000e+01,4.00000000000000000000e+00,6.00000000000000000000e+00,2.27800000000000002487e-01,3.46299999999999996714e-01,1.19999999999999995559e-01,
5.25000000000000000000e+01,4.00000000000000000000e+00,8.00000000000000000000e+00,2.00600000000000000533e-01,3.53999999999999981348e-01,1.19999999999999995559e-01,
5.25000000000000000000e+01,4.00000000000000000000e+00,1.00000000000000000000e+01,1.73800000000000010036e-01,3.59999999999999986677e-01,1.19999999999999995559e-01,
5.25000000000000000000e+01,4.00000000000000000000e+00,1.20000000000000000000e+01,1.49199999999999999289e-01,3.64900000000000002132e-01,1.19999999999999995559e-01,
5.25000000000000000000e+01,4.00000000000000000000e+00,1.40000000000000000000e+01,1.28299999999999997380e-01,3.68800000000000016698e-01,1.19999999999999995559e-01,
5.25000000000000000000e+01,4.00000000000000000000e+00,1.60000000000000000000e+01,1.10200000000000006284e-01,3.71999999999999997335e-01,1.19999999999999995559e-01,
5.25000000000000000000e+01,4.00000000000000000000e+00,1.80000000000000000000e+01,9.14999999999999980016e-02,3.75400000000000011458e-01,1.19999999999999995559e-01,
5.25000000000000000000e+01,4.00000000000000000000e+00,2.00000000000000000000e+01,7.67999999999999932720e-02,3.77300000000000024247e-01,1.19999999999999995559e-01,
5.25000000000000000000e+01,4.00000000000000000000e+00,2.20000000000000000000e+01,6.36000000000000037526e-02,3.78800000000000025580e-01,1.19999999999999995559e-01,
5.25000000000000000000e+01,4.00000000000000000000e+00,2.40000000000000000000e+01,5.09999999999999967248e-02,3.80000000000000004441e-01,1.19999999999999995559e-01,
5.25000000000000000000e+01,4.00000000000000000000e+00,2.60000000000000000000e+01,3.79999999999999990563e-02,3.82000000000000006217e-01,1.19999999999999995559e-01,
5.25000000000000000000e+01,4.00000000000000000000e+00,2.80000000000000000000e+01,2.50000000000000013878e-02,3.83000000000000007105e-01,1.19999999999999995559e-01,
5.25000000000000000000e+01,5.00000000000000000000e+00,2.00000000000000000000e+00,2.87999999999999978240e-01,3.27000000000000012879e-01,1.97699999999999986855e-01,
5.25000000000000000000e+01,5.00000000000000000000e+00,4.00000000000000000000e+00,2.65900000000000025224e-01,3.36899999999999977263e-01,1.97699999999999986855e-01,
5.25000000000000000000e+01,5.00000000000000000000e+00,6.00000000000000000000e+00,2.44799999999999989830e-01,3.45200000000000006839e-01,1.97699999999999986855e-01,
5.25000000000000000000e+01,5.00000000000000000000e+00,8.00000000000000000000e+00,2.20500000000000001554e-01,3.53700000000000014388e-01,1.97699999999999986855e-01,
5.25000000000000000000e+01,5.00000000000000000000e+00,1.00000000000000000000e+01,1.98000000000000009326e-01,3.60599999999999976108e-01,1.97699999999999986855e-01,
5.25000000000000000000e+01,5.00000000000000000000e+00,1.20000000000000000000e+01,1.73499999999999987566e-01,3.66800000000000014921e-01,1.97699999999999986855e-01,
5.25000000000000000000e+01,5.00000000000000000000e+00,1.40000000000000000000e+01,1.55900000000000010791e-01,3.70800000000000018474e-01,1.97699999999999986855e-01,
5.25000000000000000000e+01,5.00000000000000000000e+00,1.60000000000000000000e+01,1.34800000000000003153e-01,3.75000000000000000000e-01,1.97699999999999986855e-01,
5.25000000000000000000e+01,5.00000000000000000000e+00,1.80000000000000000000e+01,1.16500000000000006328e-01,3.78500000000000003109e-01,1.97699999999999986855e-01,
5.25000000000000000000e+01,5.00000000000000000000e+00,2.00000000000000000000e+01,1.00500000000000005995e-01,3.81400000000000016787e-01,1.97699999999999986855e-01,
5.25000000000000000000e+01,5.00000000000000000000e+00,2.20000000000000000000e+01,8.60999999999999959810e-02,3.83199999999999985079e-01,1.97699999999999986855e-01,
5.25000000000000000000e+01,5.00000000000000000000e+00,2.40000000000000000000e+01,7.38000000000000044853e-02,3.85099999999999997868e-01,1.97699999999999986855e-01,
5.25000000000000000000e+01,5.00000000000000000000e+00,2.60000000000000000000e+01,6.40000000000000013323e-02,3.86000000000000009770e-01,1.97699999999999986855e-01,
5.25000000000000000000e+01,5.00000000000000000000e+00,2.80000000000000000000e+01,5.29999999999999985012e-02,3.88000000000000011546e-01,1.97699999999999986855e-01,
5.25000000000000000000e+01,5.00000000000000000000e+00,3.00000000000000000000e+01,4.20000000000000026090e-02,3.89000000000000012434e-01,1.97699999999999986855e-01,
5.25000000000000000000e+01,5.00000000000000000000e+00,3.20000000000000000000e+01,2.69999999999999996947e-02,3.91000000000000014211e-01,1.97699999999999986855e-01,
5.25000000000000000000e+01,6.00000000000000000000e+00,2.00000000000000000000e+00,2.90200000000000013500e-01,3.26799999999999979394e-01,3.00300000000000011369e-01,
5.25000000000000000000e+01,6.00000000000000000000e+00,4.00000000000000000000e+00,2.70199999999999995737e-01,3.36899999999999977263e-01,3.00300000000000011369e-01,
5.25000000000000000000e+01,6.00000000000000000000e+00,6.00000000000000000000e+00,2.52599999999999991207e-01,3.44799999999999995381e-01,3.00300000000000011369e-01,
5.25000000000000000000e+01,6.00000000000000000000e+00,8.00000000000000000000e+00,2.33199999999999990630e-01,3.52200000000000013056e-01,3.00300000000000011369e-01,
5.25000000000000000000e+01,6.00000000000000000000e+00,1.00000000000000000000e+01,2.14799999999999990941e-01,3.58399999999999996358e-01,3.00300000000000011369e-01,
5.25000000000000000000e+01,6.00000000000000000000e+00,1.20000000000000000000e+01,1.95399999999999990363e-01,3.64499999999999990674e-01,3.00300000000000011369e-01,
5.25000000000000000000e+01,6.00000000000000000000e+00,1.40000000000000000000e+01,1.77900000000000002576e-01,3.69900000000000006573e-01,3.00300000000000011369e-01,
5.25000000000000000000e+01,6.00000000000000000000e+00,1.60000000000000000000e+01,1.60000000000000003331e-01,3.74800000000000022027e-01,3.00300000000000011369e-01,
5.25000000000000000000e+01,6.00000000000000000000e+00,1.80000000000000000000e+01,1.42800000000000010258e-01,3.79000000000000003553e-01,3.00300000000000011369e-01,
5.25000000000000000000e+01,6.00000000000000000000e+00,2.00000000000000000000e+01,1.26900000000000012790e-01,3.82900000000000018119e-01,3.00300000000000011369e-01,
5.25000000000000000000e+01,6.00000000000000000000e+00,2.20000000000000000000e+01,1.12000000000000002331e-01,3.86000000000000009770e-01,3.00300000000000011369e-01,
5.25000000000000000000e+01,6.00000000000000000000e+00,2.40000000000000000000e+01,9.60000000000000019984e-02,3.89000000000000012434e-01,3.00300000000000011369e-01,
5.25000000000000000000e+01,6.00000000000000000000e+00,2.60000000000000000000e+01,8.30000000000000043299e-02,3.92000000000000015099e-01,3.00300000000000011369e-01,
5.25000000000000000000e+01,6.00000000000000000000e+00,2.80000000000000000000e+01,7.39999999999999963363e-02,3.94000000000000016875e-01,3.00300000000000011369e-01,
5.25000000000000000000e+01,6.00000000000000000000e+00,3.00000000000000000000e+01,6.19999999999999995559e-02,3.97000000000000019540e-01,3.00300000000000011369e-01,
5.25000000000000000000e+01,6.00000000000000000000e+00,3.20000000000000000000e+01,5.00000000000000027756e-02,3.98000000000000020428e-01,3.00300000000000011369e-01,
5.25000000000000000000e+01,7.00000000000000000000e+00,2.00000000000000000000e+00,2.92700000000000015721e-01,3.26900000000000023892e-01,4.30600000000000038280e-01,
5.25000000000000000000e+01,7.00000000000000000000e+00,4.00000000000000000000e+00,2.76399999999999979039e-01,3.35399999999999975930e-01,4.30600000000000038280e-01,
5.25000000000000000000e+01,7.00000000000000000000e+00,6.00000000000000000000e+00,2.60799999999999976286e-01,3.43000000000000027089e-01,4.30600000000000038280e-01,
5.25000000000000000000e+01,7.00000000000000000000e+00,8.00000000000000000000e+00,2.43900000000000005684e-01,3.50800000000000000711e-01,4.30600000000000038280e-01,
5.25000000000000000000e+01,7.00000000000000000000e+00,1.00000000000000000000e+01,2.26399999999999990141e-01,3.57599999999999973443e-01,4.30600000000000038280e-01,
5.25000000000000000000e+01,7.00000000000000000000e+00,1.20000000000000000000e+01,2.10199999999999997957e-01,3.63599999999999978773e-01,4.30600000000000038280e-01,
5.25000000000000000000e+01,7.00000000000000000000e+00,1.40000000000000000000e+01,1.93200000000000010614e-01,3.69400000000000006128e-01,4.30600000000000038280e-01,
5.25000000000000000000e+01,7.00000000000000000000e+00,1.60000000000000000000e+01,1.78799999999999986722e-01,3.73900000000000010125e-01,4.30600000000000038280e-01,
5.25000000000000000000e+01,7.00000000000000000000e+00,1.80000000000000000000e+01,1.62599999999999994538e-01,3.78800000000000025580e-01,4.30600000000000038280e-01,
5.25000000000000000000e+01,7.00000000000000000000e+00,2.00000000000000000000e+01,1.48999999999999993561e-01,3.82699999999999984635e-01,4.30600000000000038280e-01,
5.25000000000000000000e+01,7.00000000000000000000e+00,2.20000000000000000000e+01,1.33399999999999990807e-01,3.87000000000000010658e-01,4.30600000000000038280e-01,
5.25000000000000000000e+01,7.00000000000000000000e+00,2.40000000000000000000e+01,1.21999999999999997335e-01,3.90000000000000013323e-01,4.30600000000000038280e-01,
5.25000000000000000000e+01,7.00000000000000000000e+00,2.60000000000000000000e+01,1.11000000000000001443e-01,3.92000000000000015099e-01,4.30600000000000038280e-01,
5.25000000000000000000e+01,7.00000000000000000000e+00,2.80000000000000000000e+01,9.90000000000000046629e-02,3.94000000000000016875e-01,4.30600000000000038280e-01,
5.25000000000000000000e+01,7.00000000000000000000e+00,3.00000000000000000000e+01,8.79999999999999948930e-02,3.97000000000000019540e-01,4.30600000000000038280e-01,
5.25000000000000000000e+01,7.00000000000000000000e+00,3.20000000000000000000e+01,7.90000000000000007772e-02,3.98000000000000020428e-01,4.30600000000000038280e-01,
5.25000000000000000000e+01,8.00000000000000000000e+00,2.00000000000000000000e+00,2.93999999999999983569e-01,3.26799999999999979394e-01,5.90999999999999969802e-01,
5.25000000000000000000e+01,8.00000000000000000000e+00,4.00000000000000000000e+00,2.79100000000000014744e-01,3.35100000000000008971e-01,5.90999999999999969802e-01,
5.25000000000000000000e+01,8.00000000000000000000e+00,6.00000000000000000000e+00,2.64699999999999990852e-01,3.42899999999999982592e-01,5.90999999999999969802e-01,
5.25000000000000000000e+01,8.00000000000000000000e+00,8.00000000000000000000e+00,2.50000000000000000000e-01,3.49999999999999977796e-01,5.90999999999999969802e-01,
5.25000000000000000000e+01,8.00000000000000000000e+00,1.00000000000000000000e+01,2.35199999999999992406e-01,3.56599999999999972555e-01,5.90999999999999969802e-01,
5.25000000000000000000e+01,8.00000000000000000000e+00,1.20000000000000000000e+01,2.19599999999999989653e-01,3.62999999999999989342e-01,5.90999999999999969802e-01,
5.25000000000000000000e+01,8.00000000000000000000e+00,1.40000000000000000000e+01,2.05699999999999993960e-01,3.68099999999999982769e-01,5.90999999999999969802e-01,
5.25000000000000000000e+01,8.00000000000000000000e+00,1.60000000000000000000e+01,1.91500000000000003553e-01,3.73199999999999976197e-01,5.90999999999999969802e-01,
5.25000000000000000000e+01,8.00000000000000000000e+00,1.80000000000000000000e+01,1.75900000000000000799e-01,3.78199999999999980638e-01,5.90999999999999969802e-01,
5.25000000000000000000e+01,8.00000000000000000000e+00,2.00000000000000000000e+01,1.62000000000000005107e-01,3.83000000000000007105e-01,5.90999999999999969802e-01,
5.25000000000000000000e+01,8.00000000000000000000e+00,2.20000000000000000000e+01,1.47999999999999992673e-01,3.87000000000000010658e-01,5.90999999999999969802e-01,
5.25000000000000000000e+01,8.00000000000000000000e+00,2.40000000000000000000e+01,1.32000000000000006217e-01,3.92000000000000015099e-01,5.90999999999999969802e-01,
5.25000000000000000000e+01,8.00000000000000000000e+00,2.60000000000000000000e+01,1.16000000000000005884e-01,3.96000000000000018652e-01,5.90999999999999969802e-01,
5.25000000000000000000e+01,9.00000000000000000000e+00,2.00000000000000000000e+00,2.94700000000000017497e-01,3.26699999999999990408e-01,7.86599999999999965894e-01,
5.25000000000000000000e+01,9.00000000000000000000e+00,4.00000000000000000000e+00,2.80500000000000027089e-01,3.34899999999999975486e-01,7.86599999999999965894e-01,
5.25000000000000000000e+01,9.00000000000000000000e+00,6.00000000000000000000e+00,2.65199999999999991296e-01,3.43299999999999994049e-01,7.86599999999999965894e-01,
5.25000000000000000000e+01,9.00000000000000000000e+00,8.00000000000000000000e+00,2.50900000000000011902e-01,3.50700000000000011724e-01,7.86599999999999965894e-01,
5.25000000000000000000e+01,9.00000000000000000000e+00,1.00000000000000000000e+01,2.38199999999999995071e-01,3.56800000000000006040e-01,7.86599999999999965894e-01,
5.25000000000000000000e+01,9.00000000000000000000e+00,1.20000000000000000000e+01,2.22000000000000002887e-01,3.63999999999999990230e-01,7.86599999999999965894e-01,
5.25000000000000000000e+01,9.00000000000000000000e+00,1.40000000000000000000e+01,2.07999999999999990452e-01,3.69999999999999995559e-01,7.86599999999999965894e-01,
5.25000000000000000000e+01,9.00000000000000000000e+00,1.60000000000000000000e+01,1.94000000000000005773e-01,3.76000000000000000888e-01,7.86599999999999965894e-01,
5.25000000000000000000e+01,9.00000000000000000000e+00,1.80000000000000000000e+01,1.77999999999999991562e-01,3.82000000000000006217e-01,7.86599999999999965894e-01,
5.25000000000000000000e+01,9.00000000000000000000e+00,2.00000000000000000000e+01,1.66000000000000008660e-01,3.86000000000000009770e-01,7.86599999999999965894e-01,
5.25000000000000000000e+01,9.00000000000000000000e+00,2.20000000000000000000e+01,1.51999999999999996225e-01,3.91000000000000014211e-01,7.86599999999999965894e-01,
5.25000000000000000000e+01,1.00000000000000000000e+01,2.00000000000000000000e+00,2.93999999999999983569e-01,3.27000000000000012879e-01,1.02569999999999983409e+00,
5.25000000000000000000e+01,1.00000000000000000000e+01,4.00000000000000000000e+00,2.80000000000000026645e-01,3.35000000000000019984e-01,1.02569999999999983409e+00,
5.25000000000000000000e+01,1.00000000000000000000e+01,6.00000000000000000000e+00,2.65000000000000013323e-01,3.43000000000000027089e-01,1.02569999999999983409e+00,
5.25000000000000000000e+01,1.00000000000000000000e+01,8.00000000000000000000e+00,2.51000000000000000888e-01,3.49999999999999977796e-01,1.02569999999999983409e+00,
5.25000000000000000000e+01,1.00000000000000000000e+01,1.00000000000000000000e+01,2.40999999999999992006e-01,3.56999999999999984013e-01,1.02569999999999983409e+00,
5.25000000000000000000e+01,1.00000000000000000000e+01,1.20000000000000000000e+01,2.27000000000000007327e-01,3.61999999999999988454e-01,1.02569999999999983409e+00,
5.25000000000000000000e+01,1.00000000000000000000e+01,1.40000000000000000000e+01,2.12999999999999994893e-01,3.67999999999999993783e-01,1.02569999999999983409e+00,
5.50000000000000000000e+01,2.00000000000000011102e-01,2.00000000000000000000e+00,6.60000000000000031086e-02,2.61000000000000009770e-01,2.36999999999999988454e-01,
5.50000000000000000000e+01,2.00000000000000011102e-01,4.00000000000000000000e+00,-4.80000000000000009992e-02,2.23000000000000003775e-01,2.36999999999999988454e-01,
5.50000000000000000000e+01,4.00000000000000022204e-01,2.00000000000000000000e+00,1.79999999999999993339e-01,2.97999999999999987121e-01,4.67000000000000026201e-01,
5.50000000000000000000e+01,4.00000000000000022204e-01,4.00000000000000000000e+00,3.09999999999999997780e-02,2.59000000000000007994e-01,4.67000000000000026201e-01,
5.50000000000000000000e+01,5.99999999999999977796e-01,2.00000000000000000000e+00,2.21000000000000001998e-01,3.10999999999999998668e-01,6.98999999999999954703e-01,
5.50000000000000000000e+01,5.99999999999999977796e-01,4.00000000000000000000e+00,1.12000000000000002331e-01,2.83999999999999974687e-01,6.98999999999999954703e-01,
5.50000000000000000000e+01,5.99999999999999977796e-01,6.00000000000000000000e+00,8.99999999999999931999e-03,2.42999999999999993783e-01,6.98999999999999954703e-01,
5.50000000000000000000e+01,8.00000000000000044409e-01,2.00000000000000000000e+00,2.40999999999999992006e-01,3.15000000000000002220e-01,9.42999999999999949374e-01,
5.50000000000000000000e+01,8.00000000000000044409e-01,4.00000000000000000000e+00,1.49999999999999994449e-01,2.98999999999999988010e-01,9.42999999999999949374e-01,
5.50000000000000000000e+01,8.00000000000000044409e-01,6.00000000000000000000e+00,7.19999999999999945599e-02,2.75000000000000022204e-01,9.42999999999999949374e-01,
5.50000000000000000000e+01,8.00000000000000044409e-01,8.00000000000000000000e+00,-1.79999999999999986400e-02,2.38999999999999990230e-01,9.42999999999999949374e-01,
5.50000000000000000000e+01,1.00000000000000000000e+00,2.00000000000000000000e+00,2.50000000000000000000e-01,3.14099999999999990319e-01,1.20999999999999996447e+00,
5.50000000000000000000e+01,1.00000000000000000000e+00,4.00000000000000000000e+00,1.75300000000000011369e-01,3.02099999999999979661e-01,1.20999999999999996447e+00,
5.50000000000000000000e+01,1.00000000000000000000e+00,6.00000000000000000000e+00,1.09299999999999994382e-01,2.85999999999999976463e-01,1.20999999999999996447e+00,
5.50000000000000000000e+01,1.00000000000000000000e+00,8.00000000000000000000e+00,4.59999999999999992228e-02,2.64000000000000012434e-01,1.20999999999999996447e+00,
5.50000000000000000000e+01,1.00000000000000000000e+00,1.00000000000000000000e+01,-1.40000000000000002914e-02,2.36999999999999988454e-01,1.20999999999999996447e+00,
5.50000000000000000000e+01,2.00000000000000000000e+00,2.00000000000000000000e+00,2.69699999999999995293e-01,3.17500000000000004441e-01,3.12599999999999961231e-02,
5.50000000000000000000e+01,2.00000000000000000000e+00,4.00000000000000000000e+00,2.23399999999999987477e-01,3.15000000000000002220e-01,3.12599999999999961231e-02,
5.50000000000000000000e+01,2.00000000000000000000e+00,6.00000000000000000000e+00,1.84299999999999991607e-01,3.10999999999999998668e-01,3.12599999999999961231e-02,
5.50000000000000000000e+01,2.00000000000000000000e+00,8.00000000000000000000e+00,1.40500000000000013767e-01,3.03700000000000025491e-01,3.12599999999999961231e-02,
5.50000000000000000000e+01,2.00000000000000000000e+00,1.00000000000000000000e+01,1.04999999999999996114e-01,2.95599999999999973888e-01,3.12599999999999961231e-02,
5.50000000000000000000e+01,2.00000000000000000000e+00,1.20000000000000000000e+01,7.68999999999999961364e-02,2.87999999999999978240e-01,3.12599999999999961231e-02,
5.50000000000000000000e+01,2.00000000000000000000e+00,1.40000000000000000000e+01,5.09999999999999967248e-02,2.80000000000000026645e-01,3.12599999999999961231e-02,
5.50000000000000000000e+01,2.00000000000000000000e+00,1.60000000000000000000e+01,2.80000000000000005829e-02,2.74000000000000021316e-01,3.12599999999999961231e-02,
5.50000000000000000000e+01,3.00000000000000000000e+00,2.00000000000000000000e+00,2.74199999999999999289e-01,3.19199999999999983746e-01,6.55000000000000026645e-02,
5.50000000000000000000e+01,3.00000000000000000000e+00,4.00000000000000000000e+00,2.34300000000000008260e-01,3.20000000000000006661e-01,6.55000000000000026645e-02,
5.50000000000000000000e+01,3.00000000000000000000e+00,6.00000000000000000000e+00,2.02000000000000012879e-01,3.18799999999999972289e-01,6.55000000000000026645e-02,
5.50000000000000000000e+01,3.00000000000000000000e+00,8.00000000000000000000e+00,1.70300000000000006928e-01,3.15900000000000014122e-01,6.55000000000000026645e-02,
5.50000000000000000000e+01,3.00000000000000000000e+00,1.00000000000000000000e+01,1.40999999999999986455e-01,3.11800000000000021583e-01,6.55000000000000026645e-02,
5.50000000000000000000e+01,3.00000000000000000000e+00,1.20000000000000000000e+01,1.15800000000000000155e-01,3.07099999999999984102e-01,6.55000000000000026645e-02,
5.50000000000000000000e+01,3.00000000000000000000e+00,1.40000000000000000000e+01,9.40000000000000002220e-02,3.02700000000000024603e-01,6.55000000000000026645e-02,
5.50000000000000000000e+01,3.00000000000000000000e+00,1.60000000000000000000e+01,7.34999999999999958922e-02,2.97899999999999998135e-01,6.55000000000000026645e-02,
5.50000000000000000000e+01,3.00000000000000000000e+00,1.80000000000000000000e+01,5.80000000000000029421e-02,2.93999999999999983569e-01,6.55000000000000026645e-02,
5.50000000000000000000e+01,3.00000000000000000000e+00,2.00000000000000000000e+01,4.29999999999999965583e-02,2.90999999999999980904e-01,6.55000000000000026645e-02,
5.50000000000000000000e+01,3.00000000000000000000e+00,2.20000000000000000000e+01,2.80000000000000005829e-02,2.85999999999999976463e-01,6.55000000000000026645e-02,
5.50000000000000000000e+01,4.00000000000000000000e+00,2.00000000000000000000e+00,2.79899999999999982148e-01,3.20799999999999974065e-01,1.19999999999999995559e-01,
5.50000000000000000000e+01,4.00000000000000000000e+00,4.00000000000000000000e+00,2.47999999999999998224e-01,3.23199999999999987299e-01,1.19999999999999995559e-01,
5.50000000000000000000e+01,4.00000000000000000000e+00,6.00000000000000000000e+00,2.18200000000000005063e-01,3.24000000000000010214e-01,1.19999999999999995559e-01,
5.50000000000000000000e+01,4.00000000000000000000e+00,8.00000000000000000000e+00,1.89000000000000001332e-01,3.23400000000000020783e-01,1.19999999999999995559e-01,
5.50000000000000000000e+01,4.00000000000000000000e+00,1.00000000000000000000e+01,1.61799999999999999378e-01,3.21900000000000019451e-01,1.19999999999999995559e-01,
5.50000000000000000000e+01,4.00000000000000000000e+00,1.20000000000000000000e+01,1.37899999999999994804e-01,3.19799999999999973177e-01,1.19999999999999995559e-01,
5.50000000000000000000e+01,4.00000000000000000000e+00,1.40000000000000000000e+01,1.17000000000000006772e-01,3.17000000000000003997e-01,1.19999999999999995559e-01,
5.50000000000000000000e+01,4.00000000000000000000e+00,1.60000000000000000000e+01,9.91999999999999965139e-02,3.14099999999999990319e-01,1.19999999999999995559e-01,
5.50000000000000000000e+01,4.00000000000000000000e+00,1.80000000000000000000e+01,8.27999999999999986011e-02,3.10800000000000020695e-01,1.19999999999999995559e-01,
5.50000000000000000000e+01,4.00000000000000000000e+00,2.00000000000000000000e+01,6.75000000000000044409e-02,3.07499999999999995559e-01,1.19999999999999995559e-01,
5.50000000000000000000e+01,4.00000000000000000000e+00,2.20000000000000000000e+01,5.60000000000000011657e-02,3.04999999999999993339e-01,1.19999999999999995559e-01,
5.50000000000000000000e+01,4.00000000000000000000e+00,2.40000000000000000000e+01,4.70000000000000001110e-02,3.03999999999999992450e-01,1.19999999999999995559e-01,
5.50000000000000000000e+01,4.00000000000000000000e+00,2.60000000000000000000e+01,3.59999999999999972800e-02,3.02999999999999991562e-01,1.19999999999999995559e-01,
5.50000000000000000000e+01,5.00000000000000000000e+00,2.00000000000000000000e+00,2.84100000000000019185e-01,3.21000000000000007550e-01,1.97699999999999986855e-01,
5.50000000000000000000e+01,5.00000000000000000000e+00,4.00000000000000000000e+00,2.59099999999999996980e-01,3.24599999999999999645e-01,1.97699999999999986855e-01,
5.50000000000000000000e+01,5.00000000000000000000e+00,6.00000000000000000000e+00,2.35999999999999987566e-01,3.27000000000000012879e-01,1.97699999999999986855e-01,
5.50000000000000000000e+01,5.00000000000000000000e+00,8.00000000000000000000e+00,2.09999999999999992228e-01,3.28000000000000013767e-01,1.97699999999999986855e-01,
5.50000000000000000000e+01,5.00000000000000000000e+00,1.00000000000000000000e+01,1.84999999999999997780e-01,3.28000000000000013767e-01,1.97699999999999986855e-01,
5.50000000000000000000e+01,5.00000000000000000000e+00,1.20000000000000000000e+01,1.61399999999999987921e-01,3.28000000000000013767e-01,1.97699999999999986855e-01,
5.50000000000000000000e+01,5.00000000000000000000e+00,1.40000000000000000000e+01,1.44800000000000012035e-01,3.27500000000000013323e-01,1.97699999999999986855e-01,
5.50000000000000000000e+01,5.00000000000000000000e+00,1.60000000000000000000e+01,1.24299999999999993827e-01,3.26100000000000000977e-01,1.97699999999999986855e-01,
5.50000000000000000000e+01,5.00000000000000000000e+00,1.80000000000000000000e+01,1.04599999999999998535e-01,3.24400000000000021672e-01,1.97699999999999986855e-01,
5.50000000000000000000e+01,5.00000000000000000000e+00,2.00000000000000000000e+01,9.03999999999999942490e-02,3.23099999999999998312e-01,1.97699999999999986855e-01,
5.50000000000000000000e+01,5.00000000000000000000e+00,2.20000000000000000000e+01,7.81000000000000027534e-02,3.21099999999999996536e-01,1.97699999999999986855e-01,
5.50000000000000000000e+01,5.00000000000000000000e+00,2.40000000000000000000e+01,6.70000000000000039968e-02,3.20000000000000006661e-01,1.97699999999999986855e-01,
5.50000000000000000000e+01,5.00000000000000000000e+00,2.60000000000000000000e+01,5.80000000000000029421e-02,3.18000000000000004885e-01,1.97699999999999986855e-01,
5.50000000000000000000e+01,5.00000000000000000000e+00,2.80000000000000000000e+01,5.00000000000000027756e-02,3.17000000000000003997e-01,1.97699999999999986855e-01,
5.50000000000000000000e+01,5.00000000000000000000e+00,3.00000000000000000000e+01,4.20000000000000026090e-02,3.16000000000000003109e-01,1.97699999999999986855e-01,
5.50000000000000000000e+01,6.00000000000000000000e+00,2.00000000000000000000e+00,2.87200000000000010836e-01,3.21900000000000019451e-01,3.00300000000000011369e-01,
5.50000000000000000000e+01,6.00000000000000000000e+00,4.00000000000000000000e+00,2.64799999999999979838e-01,3.26199999999999989964e-01,3.00300000000000011369e-01,
5.50000000000000000000e+01,6.00000000000000000000e+00,6.00000000000000000000e+00,2.44100000000000011413e-01,3.29000000000000014655e-01,3.00300000000000011369e-01,
5.50000000000000000000e+01,6.00000000000000000000e+00,8.00000000000000000000e+00,2.23599999999999993205e-01,3.31100000000000005418e-01,3.00300000000000011369e-01,
5.50000000000000000000e+01,6.00000000000000000000e+00,1.00000000000000000000e+01,2.03699999999999992184e-01,3.32899999999999973710e-01,3.00300000000000011369e-01,
5.50000000000000000000e+01,6.00000000000000000000e+00,1.20000000000000000000e+01,1.84400000000000008349e-01,3.33699999999999996625e-01,3.00300000000000011369e-01,
5.50000000000000000000e+01,6.00000000000000000000e+00,1.40000000000000000000e+01,1.66199999999999986633e-01,3.34299999999999986056e-01,3.00300000000000011369e-01,
5.50000000000000000000e+01,6.00000000000000000000e+00,1.60000000000000000000e+01,1.49100000000000010303e-01,3.34500000000000019540e-01,3.00300000000000011369e-01,
5.50000000000000000000e+01,6.00000000000000000000e+00,1.80000000000000000000e+01,1.32500000000000006661e-01,3.34500000000000019540e-01,3.00300000000000011369e-01,
5.50000000000000000000e+01,6.00000000000000000000e+00,2.00000000000000000000e+01,1.16800000000000001044e-01,3.34399999999999975042e-01,3.00300000000000011369e-01,
5.50000000000000000000e+01,6.00000000000000000000e+00,2.20000000000000000000e+01,1.01000000000000006439e-01,3.32000000000000017319e-01,3.00300000000000011369e-01,
5.50000000000000000000e+01,6.00000000000000000000e+00,2.40000000000000000000e+01,8.59999999999999931166e-02,3.32000000000000017319e-01,3.00300000000000011369e-01,
5.50000000000000000000e+01,6.00000000000000000000e+00,2.60000000000000000000e+01,7.49999999999999972244e-02,3.31000000000000016431e-01,3.00300000000000011369e-01,
5.50000000000000000000e+01,6.00000000000000000000e+00,2.80000000000000000000e+01,6.80000000000000048850e-02,3.30000000000000015543e-01,3.00300000000000011369e-01,
5.50000000000000000000e+01,6.00000000000000000000e+00,3.00000000000000000000e+01,5.99999999999999977796e-02,3.30000000000000015543e-01,3.00300000000000011369e-01,
5.50000000000000000000e+01,7.00000000000000000000e+00,2.00000000000000000000e+00,2.89800000000000002043e-01,3.22500000000000008882e-01,4.30600000000000038280e-01,
5.50000000000000000000e+01,7.00000000000000000000e+00,4.00000000000000000000e+00,2.71199999999999996625e-01,3.26900000000000023892e-01,4.30600000000000038280e-01,
5.50000000000000000000e+01,7.00000000000000000000e+00,6.00000000000000000000e+00,2.54300000000000026024e-01,3.30199999999999993516e-01,4.30600000000000038280e-01,
5.50000000000000000000e+01,7.00000000000000000000e+00,8.00000000000000000000e+00,2.35399999999999998135e-01,3.33500000000000018652e-01,4.30600000000000038280e-01,
5.50000000000000000000e+01,7.00000000000000000000e+00,1.00000000000000000000e+01,2.16299999999999992273e-01,3.36100000000000009859e-01,4.30600000000000038280e-01,
5.50000000000000000000e+01,7.00000000000000000000e+00,1.20000000000000000000e+01,1.99699999999999988631e-01,3.37899999999999978151e-01,4.30600000000000038280e-01,
5.50000000000000000000e+01,7.00000000000000000000e+00,1.40000000000000000000e+01,1.83799999999999991163e-01,3.39000000000000023537e-01,4.30600000000000038280e-01,
5.50000000000000000000e+01,7.00000000000000000000e+00,1.60000000000000000000e+01,1.67500000000000009992e-01,3.40100000000000013411e-01,4.30600000000000038280e-01,
5.50000000000000000000e+01,7.00000000000000000000e+00,1.80000000000000000000e+01,1.51499999999999995781e-01,3.41000000000000025313e-01,4.30600000000000038280e-01,
5.50000000000000000000e+01,7.00000000000000000000e+00,2.00000000000000000000e+01,1.38000000000000011546e-01,3.41200000000000003286e-01,4.30600000000000038280e-01,
5.50000000000000000000e+01,7.00000000000000000000e+00,2.20000000000000000000e+01,1.21999999999999997335e-01,3.40000000000000024425e-01,4.30600000000000038280e-01,
5.50000000000000000000e+01,7.00000000000000000000e+00,2.40000000000000000000e+01,1.10000000000000000555e-01,3.40000000000000024425e-01,4.30600000000000038280e-01,
5.50000000000000000000e+01,7.00000000000000000000e+00,2.60000000000000000000e+01,1.01000000000000006439e-01,3.40000000000000024425e-01,4.30600000000000038280e-01,
5.50000000000000000000e+01,7.00000000000000000000e+00,2.80000000000000000000e+01,9.19999999999999984457e-02,3.40000000000000024425e-01,4.30600000000000038280e-01,
5.50000000000000000000e+01,7.00000000000000000000e+00,3.00000000000000000000e+01,8.30000000000000043299e-02,3.39000000000000023537e-01,4.30600000000000038280e-01,
5.50000000000000000000e+01,8.00000000000000000000e+00,2.00000000000000000000e+00,2.91899999999999992806e-01,3.22799999999999975842e-01,5.90999999999999969802e-01,
5.50000000000000000000e+01,8.00000000000000000000e+00,4.00000000000000000000e+00,2.75200000000000000178e-01,3.27799999999999980282e-01,5.90999999999999969802e-01,
5.50000000000000000000e+01,8.00000000000000000000e+00,6.00000000000000000000e+00,2.58799999999999974509e-01,3.31799999999999983835e-01,5.90999999999999969802e-01,
5.50000000000000000000e+01,8.00000000000000000000e+00,8.00000000000000000000e+00,2.41900000000000003908e-01,3.35199999999999997957e-01,5.90999999999999969802e-01,
5.50000000000000000000e+01,8.00000000000000000000e+00,1.00000000000000000000e+01,2.26399999999999990141e-01,3.38299999999999989608e-01,5.90999999999999969802e-01,
5.50000000000000000000e+01,8.00000000000000000000e+00,1.20000000000000000000e+01,2.10100000000000008971e-01,3.41200000000000003286e-01,5.90999999999999969802e-01,
5.50000000000000000000e+01,8.00000000000000000000e+00,1.40000000000000000000e+01,1.95800000000000001821e-01,3.43200000000000005063e-01,5.90999999999999969802e-01,
5.50000000000000000000e+01,8.00000000000000000000e+00,1.60000000000000000000e+01,1.81400000000000005684e-01,3.44999999999999973355e-01,5.90999999999999969802e-01,
5.50000000000000000000e+01,8.00000000000000000000e+00,1.80000000000000000000e+01,1.65000000000000007772e-01,3.45999999999999974243e-01,5.90999999999999969802e-01,
5.50000000000000000000e+01,8.00000000000000000000e+00,2.00000000000000000000e+01,1.50999999999999995337e-01,3.47999999999999976019e-01,5.90999999999999969802e-01,
5.50000000000000000000e+01,8.00000000000000000000e+00,2.20000000000000000000e+01,1.38000000000000011546e-01,3.48999999999999976907e-01,5.90999999999999969802e-01,
5.50000000000000000000e+01,8.00000000000000000000e+00,2.40000000000000000000e+01,1.21999999999999997335e-01,3.50999999999999978684e-01,5.90999999999999969802e-01,
5.50000000000000000000e+01,8.00000000000000000000e+00,2.60000000000000000000e+01,1.04999999999999996114e-01,3.51999999999999979572e-01,5.90999999999999969802e-01,
5.50000000000000000000e+01,9.00000000000000000000e+00,2.00000000000000000000e+00,2.92999999999999982681e-01,3.23199999999999987299e-01,7.86599999999999965894e-01,
5.50000000000000000000e+01,9.00000000000000000000e+00,4.00000000000000000000e+00,2.76799999999999990496e-01,3.28699999999999992184e-01,7.86599999999999965894e-01,
5.50000000000000000000e+01,9.00000000000000000000e+00,6.00000000000000000000e+00,2.59900000000000019895e-01,3.33799999999999985612e-01,7.86599999999999965894e-01,
5.50000000000000000000e+01,9.00000000000000000000e+00,8.00000000000000000000e+00,2.43699999999999999956e-01,3.37799999999999989164e-01,7.86599999999999965894e-01,
5.50000000000000000000e+01,9.00000000000000000000e+00,1.00000000000000000000e+01,2.30099999999999998979e-01,3.40500000000000024869e-01,7.86599999999999965894e-01,
5.50000000000000000000e+01,9.00000000000000000000e+00,1.20000000000000000000e+01,2.11999999999999994005e-01,3.43999999999999972466e-01,7.86599999999999965894e-01,
5.50000000000000000000e+01,9.00000000000000000000e+00,1.40000000000000000000e+01,1.96000000000000007550e-01,3.45999999999999974243e-01,7.86599999999999965894e-01,
5.50000000000000000000e+01,9.00000000000000000000e+00,1.60000000000000000000e+01,1.79999999999999993339e-01,3.47999999999999976019e-01,7.86599999999999965894e-01,
5.50000000000000000000e+01,9.00000000000000000000e+00,1.80000000000000000000e+01,1.64000000000000006883e-01,3.48999999999999976907e-01,7.86599999999999965894e-01,
5.50000000000000000000e+01,9.00000000000000000000e+00,2.00000000000000000000e+01,1.49999999999999994449e-01,3.49999999999999977796e-01,7.86599999999999965894e-01,
5.50000000000000000000e+01,1.00000000000000000000e+01,2.00000000000000000000e+00,2.92999999999999982681e-01,3.23000000000000009326e-01,1.02569999999999983409e+00,
5.50000000000000000000e+01,1.00000000000000000000e+01,4.00000000000000000000e+00,2.77000000000000023981e-01,3.30000000000000015543e-01,1.02569999999999983409e+00,
5.50000000000000000000e+01,1.00000000000000000000e+01,6.00000000000000000000e+00,2.62000000000000010658e-01,3.35000000000000019984e-01,1.02569999999999983409e+00,
5.50000000000000000000e+01,1.00000000000000000000e+01,8.00000000000000000000e+00,2.45999999999999996447e-01,3.40000000000000024425e-01,1.02569999999999983409e+00,
5.50000000000000000000e+01,1.00000000000000000000e+01,1.00000000000000000000e+01,2.33000000000000012657e-01,3.42000000000000026201e-01,1.02569999999999983409e+00,
5.50000000000000000000e+01,1.00000000000000000000e+01,1.20000000000000000000e+01,2.20000000000000001110e-01,3.44999999999999973355e-01,1.02569999999999983409e+00,
5.50000000000000000000e+01,1.00000000000000000000e+01,1.40000000000000000000e+01,2.03000000000000013767e-01,3.47999999999999976019e-01,1.02569999999999983409e+00,
5.75000000000000000000e+01,2.00000000000000011102e-01,2.00000000000000000000e+00,7.19999999999999945599e-02,2.26000000000000006439e-01,2.36999999999999988454e-01,
5.75000000000000000000e+01,2.00000000000000011102e-01,4.00000000000000000000e+00,-1.60000000000000003331e-02,1.80999999999999994227e-01,2.36999999999999988454e-01,
5.75000000000000000000e+01,4.00000000000000022204e-01,2.00000000000000000000e+00,1.72999999999999987121e-01,2.75000000000000022204e-01,4.67000000000000026201e-01,
5.75000000000000000000e+01,4.00000000000000022204e-01,4.00000000000000000000e+00,5.09999999999999967248e-02,2.20000000000000001110e-01,4.67000000000000026201e-01,
5.75000000000000000000e+01,4.00000000000000022204e-01,6.00000000000000000000e+00,-5.00000000000000010408e-03,1.93000000000000004885e-01,4.67000000000000026201e-01,
5.75000000000000000000e+01,5.99999999999999977796e-01,2.00000000000000000000e+00,2.12999999999999994893e-01,2.94999999999999984457e-01,6.98999999999999954703e-01,
5.75000000000000000000e+01,5.99999999999999977796e-01,4.00000000000000000000e+00,1.13000000000000003220e-01,2.54000000000000003553e-01,6.98999999999999954703e-01,
5.75000000000000000000e+01,5.99999999999999977796e-01,6.00000000000000000000e+00,2.99999999999999988898e-02,2.10999999999999993117e-01,6.98999999999999954703e-01,
5.75000000000000000000e+01,8.00000000000000044409e-01,2.00000000000000000000e+00,2.30000000000000009992e-01,2.95999999999999985345e-01,9.42999999999999949374e-01,
5.75000000000000000000e+01,8.00000000000000044409e-01,4.00000000000000000000e+00,1.44999999999999990008e-01,2.64000000000000012434e-01,9.42999999999999949374e-01,
5.75000000000000000000e+01,8.00000000000000044409e-01,6.00000000000000000000e+00,7.69999999999999990008e-02,2.33000000000000012657e-01,9.42999999999999949374e-01,
5.75000000000000000000e+01,8.00000000000000044409e-01,8.00000000000000000000e+00,8.00000000000000016653e-03,1.98000000000000009326e-01,9.42999999999999949374e-01,
5.75000000000000000000e+01,1.00000000000000000000e+00,2.00000000000000000000e+00,2.42999999999999993783e-01,3.02300000000000013145e-01,1.20999999999999996447e+00,
5.75000000000000000000e+01,1.00000000000000000000e+00,4.00000000000000000000e+00,1.70199999999999990186e-01,2.76799999999999990496e-01,1.20999999999999996447e+00,
5.75000000000000000000e+01,1.00000000000000000000e+00,6.00000000000000000000e+00,1.05899999999999994138e-01,2.48499999999999998668e-01,1.20999999999999996447e+00,
5.75000000000000000000e+01,1.00000000000000000000e+00,8.00000000000000000000e+00,5.00000000000000027756e-02,2.17999999999999999334e-01,1.20999999999999996447e+00,
5.75000000000000000000e+01,2.00000000000000000000e+00,2.00000000000000000000e+00,2.65100000000000002309e-01,3.09800000000000019806e-01,3.12599999999999961231e-02,
5.75000000000000000000e+01,2.00000000000000000000e+00,4.00000000000000000000e+00,2.16200000000000003286e-01,2.98099999999999976108e-01,3.12599999999999961231e-02,
5.75000000000000000000e+01,2.00000000000000000000e+00,6.00000000000000000000e+00,1.74699999999999994182e-01,2.85299999999999998046e-01,3.12599999999999961231e-02,
5.75000000000000000000e+01,2.00000000000000000000e+00,8.00000000000000000000e+00,1.32500000000000006661e-01,2.71000000000000018652e-01,3.12599999999999961231e-02,
5.75000000000000000000e+01,2.00000000000000000000e+00,1.00000000000000000000e+01,9.90999999999999936495e-02,2.58199999999999985079e-01,3.12599999999999961231e-02,
5.75000000000000000000e+01,2.00000000000000000000e+00,1.20000000000000000000e+01,7.24000000000000060174e-02,2.47799999999999992495e-01,3.12599999999999961231e-02,
5.75000000000000000000e+01,2.00000000000000000000e+00,1.40000000000000000000e+01,5.00000000000000027756e-02,2.36999999999999988454e-01,3.12599999999999961231e-02,
5.75000000000000000000e+01,2.00000000000000000000e+00,1.60000000000000000000e+01,2.80000000000000005829e-02,2.28000000000000008216e-01,3.12599999999999961231e-02,
5.75000000000000000000e+01,3.00000000000000000000e+00,2.00000000000000000000e+00,2.69899999999999973266e-01,3.11999999999999999556e-01,6.55000000000000026645e-02,
5.75000000000000000000e+01,3.00000000000000000000e+00,4.00000000000000000000e+00,2.27200000000000013056e-01,3.04099999999999981437e-01,6.55000000000000026645e-02,
5.75000000000000000000e+01,3.00000000000000000000e+00,6.00000000000000000000e+00,1.92799999999999999156e-01,2.95800000000000007372e-01,6.55000000000000026645e-02,
5.75000000000000000000e+01,3.00000000000000000000e+00,8.00000000000000000000e+00,1.62000000000000005107e-01,2.87200000000000010836e-01,6.55000000000000026645e-02,
5.75000000000000000000e+01,3.00000000000000000000e+00,1.00000000000000000000e+01,1.32599999999999995648e-01,2.78399999999999980815e-01,6.55000000000000026645e-02,
5.75000000000000000000e+01,3.00000000000000000000e+00,1.20000000000000000000e+01,1.08600000000000002087e-01,2.70600000000000007194e-01,6.55000000000000026645e-02,
5.75000000000000000000e+01,3.00000000000000000000e+00,1.40000000000000000000e+01,8.74000000000000054623e-02,2.62699999999999989075e-01,6.55000000000000026645e-02,
5.75000000000000000000e+01,3.00000000000000000000e+00,1.60000000000000000000e+01,6.90999999999999947597e-02,2.55900000000000016342e-01,6.55000000000000026645e-02,
5.75000000000000000000e+01,3.00000000000000000000e+00,1.80000000000000000000e+01,5.29999999999999985012e-02,2.48999999999999999112e-01,6.55000000000000026645e-02,
5.75000000000000000000e+01,3.00000000000000000000e+00,2.00000000000000000000e+01,3.89999999999999999445e-02,2.41999999999999992895e-01,6.55000000000000026645e-02,
5.75000000000000000000e+01,4.00000000000000000000e+00,2.00000000000000000000e+00,2.76399999999999979039e-01,3.14800000000000024247e-01,1.19999999999999995559e-01,
5.75000000000000000000e+01,4.00000000000000000000e+00,4.00000000000000000000e+00,2.42900000000000004796e-01,3.10800000000000020695e-01,1.19999999999999995559e-01,
5.75000000000000000000e+01,4.00000000000000000000e+00,6.00000000000000000000e+00,2.11299999999999987832e-01,3.05200000000000026823e-01,1.19999999999999995559e-01,
5.75000000000000000000e+01,4.00000000000000000000e+00,8.00000000000000000000e+00,1.81499999999999994671e-01,2.98499999999999987566e-01,1.19999999999999995559e-01,
5.75000000000000000000e+01,4.00000000000000000000e+00,1.00000000000000000000e+01,1.53999999999999998002e-01,2.90999999999999980904e-01,1.19999999999999995559e-01,
5.75000000000000000000e+01,4.00000000000000000000e+00,1.20000000000000000000e+01,1.29799999999999998712e-01,2.83999999999999974687e-01,1.19999999999999995559e-01,
5.75000000000000000000e+01,4.00000000000000000000e+00,1.40000000000000000000e+01,1.09200000000000005396e-01,2.77399999999999979927e-01,1.19999999999999995559e-01,
5.75000000000000000000e+01,4.00000000000000000000e+00,1.60000000000000000000e+01,9.22000000000000041744e-02,2.71799999999999986056e-01,1.19999999999999995559e-01,
5.75000000000000000000e+01,4.00000000000000000000e+00,1.80000000000000000000e+01,7.67999999999999932720e-02,2.66699999999999992628e-01,1.19999999999999995559e-01,
5.75000000000000000000e+01,4.00000000000000000000e+00,2.00000000000000000000e+01,6.50000000000000022204e-02,2.62000000000000010658e-01,1.19999999999999995559e-01,
5.75000000000000000000e+01,4.00000000000000000000e+00,2.20000000000000000000e+01,5.39999999999999993894e-02,2.58000000000000007105e-01,1.19999999999999995559e-01,
5.75000000000000000000e+01,4.00000000000000000000e+00,2.40000000000000000000e+01,4.49999999999999983347e-02,2.55000000000000004441e-01,1.19999999999999995559e-01,
5.75000000000000000000e+01,5.00000000000000000000e+00,2.00000000000000000000e+00,2.81200000000000005507e-01,3.16099999999999992095e-01,1.97699999999999986855e-01,
5.75000000000000000000e+01,5.00000000000000000000e+00,4.00000000000000000000e+00,2.55000000000000004441e-01,3.15000000000000002220e-01,1.97699999999999986855e-01,
5.75000000000000000000e+01,5.00000000000000000000e+00,6.00000000000000000000e+00,2.29199999999999987077e-01,3.12500000000000000000e-01,1.97699999999999986855e-01,
5.75000000000000000000e+01,5.00000000000000000000e+00,8.00000000000000000000e+00,2.03000000000000013767e-01,3.08199999999999973976e-01,1.97699999999999986855e-01,
5.75000000000000000000e+01,5.00000000000000000000e+00,1.00000000000000000000e+01,1.77600000000000007860e-01,3.03200000000000025047e-01,1.97699999999999986855e-01,
5.75000000000000000000e+01,5.00000000000000000000e+00,1.20000000000000000000e+01,1.53700000000000003286e-01,2.97599999999999975664e-01,1.97699999999999986855e-01,
5.75000000000000000000e+01,5.00000000000000000000e+00,1.40000000000000000000e+01,1.36399999999999993472e-01,2.93200000000000016165e-01,1.97699999999999986855e-01,
5.75000000000000000000e+01,5.00000000000000000000e+00,1.60000000000000000000e+01,1.16699999999999998179e-01,2.87999999999999978240e-01,1.97699999999999986855e-01,
5.75000000000000000000e+01,5.00000000000000000000e+00,1.80000000000000000000e+01,9.81999999999999956257e-02,2.82799999999999995826e-01,1.97699999999999986855e-01,
5.75000000000000000000e+01,5.00000000000000000000e+00,2.00000000000000000000e+01,8.30000000000000043299e-02,2.78000000000000024869e-01,1.97699999999999986855e-01,
5.75000000000000000000e+01,5.00000000000000000000e+00,2.20000000000000000000e+01,7.09999999999999936717e-02,2.74000000000000021316e-01,1.97699999999999986855e-01,
5.75000000000000000000e+01,5.00000000000000000000e+00,2.40000000000000000000e+01,6.19999999999999995559e-02,2.70000000000000017764e-01,1.97699999999999986855e-01,
5.75000000000000000000e+01,5.00000000000000000000e+00,2.60000000000000000000e+01,5.50000000000000002776e-02,2.68000000000000015987e-01,1.97699999999999986855e-01,
5.75000000000000000000e+01,6.00000000000000000000e+00,2.00000000000000000000e+00,2.84899999999999986589e-01,3.17199999999999981970e-01,3.00300000000000011369e-01,
5.75000000000000000000e+01,6.00000000000000000000e+00,4.00000000000000000000e+00,2.60400000000000020339e-01,3.16900000000000015010e-01,3.00300000000000011369e-01,
5.75000000000000000000e+01,6.00000000000000000000e+00,6.00000000000000000000e+00,2.38400000000000000799e-01,3.15500000000000002665e-01,3.00300000000000011369e-01,
5.75000000000000000000e+01,6.00000000000000000000e+00,8.00000000000000000000e+00,2.17099999999999987432e-01,3.13800000000000023359e-01,3.00300000000000011369e-01,
5.75000000000000000000e+01,6.00000000000000000000e+00,1.00000000000000000000e+01,1.96099999999999996536e-01,3.10999999999999998668e-01,3.00300000000000011369e-01,
5.75000000000000000000e+01,6.00000000000000000000e+00,1.20000000000000000000e+01,1.76199999999999995515e-01,3.08099999999999984990e-01,3.00300000000000011369e-01,
5.75000000000000000000e+01,6.00000000000000000000e+00,1.40000000000000000000e+01,1.58500000000000001998e-01,3.05200000000000026823e-01,3.00300000000000011369e-01,
5.75000000000000000000e+01,6.00000000000000000000e+00,1.60000000000000000000e+01,1.40800000000000008482e-01,3.01700000000000023714e-01,3.00300000000000011369e-01,
5.75000000000000000000e+01,6.00000000000000000000e+00,1.80000000000000000000e+01,1.24799999999999994271e-01,2.98099999999999976108e-01,3.00300000000000011369e-01,
5.75000000000000000000e+01,6.00000000000000000000e+00,2.00000000000000000000e+01,1.07999999999999998779e-01,2.93999999999999983569e-01,3.00300000000000011369e-01,
5.75000000000000000000e+01,6.00000000000000000000e+00,2.20000000000000000000e+01,9.19999999999999984457e-02,2.89999999999999980016e-01,3.00300000000000011369e-01,
5.75000000000000000000e+01,6.00000000000000000000e+00,2.40000000000000000000e+01,7.79999999999999998890e-02,2.86999999999999977351e-01,3.00300000000000011369e-01,
5.75000000000000000000e+01,6.00000000000000000000e+00,2.60000000000000000000e+01,6.80000000000000048850e-02,2.82999999999999973799e-01,3.00300000000000011369e-01,
5.75000000000000000000e+01,7.00000000000000000000e+00,2.00000000000000000000e+00,2.87800000000000000266e-01,3.18199999999999982858e-01,4.30600000000000038280e-01,
5.75000000000000000000e+01,7.00000000000000000000e+00,4.00000000000000000000e+00,2.67100000000000004086e-01,3.18900000000000016787e-01,4.30600000000000038280e-01,
5.75000000000000000000e+01,7.00000000000000000000e+00,6.00000000000000000000e+00,2.48999999999999999112e-01,3.18599999999999994316e-01,4.30600000000000038280e-01,
5.75000000000000000000e+01,7.00000000000000000000e+00,8.00000000000000000000e+00,2.29199999999999987077e-01,3.17800000000000026912e-01,4.30600000000000038280e-01,
5.75000000000000000000e+01,7.00000000000000000000e+00,1.00000000000000000000e+01,2.09400000000000002798e-01,3.16500000000000003553e-01,4.30600000000000038280e-01,
5.75000000000000000000e+01,7.00000000000000000000e+00,1.20000000000000000000e+01,1.91399999999999986811e-01,3.14800000000000024247e-01,4.30600000000000038280e-01,
5.75000000000000000000e+01,7.00000000000000000000e+00,1.40000000000000000000e+01,1.75100000000000005640e-01,3.12900000000000011458e-01,4.30600000000000038280e-01,
5.75000000000000000000e+01,7.00000000000000000000e+00,1.60000000000000000000e+01,1.58400000000000013012e-01,3.10099999999999986766e-01,4.30600000000000038280e-01,
5.75000000000000000000e+01,7.00000000000000000000e+00,1.80000000000000000000e+01,1.42699999999999993516e-01,3.07599999999999984546e-01,4.30600000000000038280e-01,
5.75000000000000000000e+01,7.00000000000000000000e+00,2.00000000000000000000e+01,1.30000000000000004441e-01,3.04999999999999993339e-01,4.30600000000000038280e-01,
5.75000000000000000000e+01,7.00000000000000000000e+00,2.20000000000000000000e+01,1.14000000000000004108e-01,3.01999999999999990674e-01,4.30600000000000038280e-01,
5.75000000000000000000e+01,7.00000000000000000000e+00,2.40000000000000000000e+01,1.01999999999999993450e-01,2.99999999999999988898e-01,4.30600000000000038280e-01,
5.75000000000000000000e+01,7.00000000000000000000e+00,2.60000000000000000000e+01,9.40000000000000002220e-02,2.97999999999999987121e-01,4.30600000000000038280e-01,
5.75000000000000000000e+01,8.00000000000000000000e+00,2.00000000000000000000e+00,2.89999999999999980016e-01,3.18300000000000027356e-01,5.90999999999999969802e-01,
5.75000000000000000000e+01,8.00000000000000000000e+00,4.00000000000000000000e+00,2.71799999999999986056e-01,3.20000000000000006661e-01,5.90999999999999969802e-01,
5.75000000000000000000e+01,8.00000000000000000000e+00,6.00000000000000000000e+00,2.52500000000000002220e-01,3.19799999999999973177e-01,5.90999999999999969802e-01,
5.75000000000000000000e+01,8.00000000000000000000e+00,8.00000000000000000000e+00,2.35199999999999992406e-01,3.19799999999999973177e-01,5.90999999999999969802e-01,
5.75000000000000000000e+01,8.00000000000000000000e+00,1.00000000000000000000e+01,2.18400000000000010791e-01,3.19599999999999995204e-01,5.90999999999999969802e-01,
5.75000000000000000000e+01,8.00000000000000000000e+00,1.20000000000000000000e+01,2.01000000000000011990e-01,3.18799999999999972289e-01,5.90999999999999969802e-01,
5.75000000000000000000e+01,8.00000000000000000000e+00,1.40000000000000000000e+01,1.86799999999999993827e-01,3.17900000000000015898e-01,5.90999999999999969802e-01,
5.75000000000000000000e+01,8.00000000000000000000e+00,1.60000000000000000000e+01,1.72100000000000002975e-01,3.16800000000000026024e-01,5.90999999999999969802e-01,
5.75000000000000000000e+01,8.00000000000000000000e+00,1.80000000000000000000e+01,1.54999999999999998890e-01,3.14000000000000001332e-01,5.90999999999999969802e-01,
5.75000000000000000000e+01,8.00000000000000000000e+00,2.00000000000000000000e+01,1.41999999999999987343e-01,3.10999999999999998668e-01,5.90999999999999969802e-01,
5.75000000000000000000e+01,8.00000000000000000000e+00,2.20000000000000000000e+01,1.27000000000000001776e-01,3.08999999999999996891e-01,5.90999999999999969802e-01,
5.75000000000000000000e+01,8.00000000000000000000e+00,2.40000000000000000000e+01,1.11000000000000001443e-01,3.06999999999999995115e-01,5.90999999999999969802e-01,
5.75000000000000000000e+01,9.00000000000000000000e+00,2.00000000000000000000e+00,2.91100000000000025402e-01,3.18799999999999972289e-01,7.86599999999999965894e-01,
5.75000000000000000000e+01,9.00000000000000000000e+00,4.00000000000000000000e+00,2.72799999999999986944e-01,3.20799999999999974065e-01,7.86599999999999965894e-01,
5.75000000000000000000e+01,9.00000000000000000000e+00,6.00000000000000000000e+00,2.54300000000000026024e-01,3.22000000000000008438e-01,7.86599999999999965894e-01,
5.75000000000000000000e+01,9.00000000000000000000e+00,8.00000000000000000000e+00,2.36100000000000004308e-01,3.22500000000000008882e-01,7.86599999999999965894e-01,
5.75000000000000000000e+01,9.00000000000000000000e+00,1.00000000000000000000e+01,2.21500000000000002442e-01,3.22599999999999997868e-01,7.86599999999999965894e-01,
5.75000000000000000000e+01,9.00000000000000000000e+00,1.20000000000000000000e+01,2.03000000000000013767e-01,3.23000000000000009326e-01,7.86599999999999965894e-01,
5.75000000000000000000e+01,9.00000000000000000000e+00,1.40000000000000000000e+01,1.86999999999999999556e-01,3.23000000000000009326e-01,7.86599999999999965894e-01,
5.75000000000000000000e+01,9.00000000000000000000e+00,1.60000000000000000000e+01,1.70000000000000012212e-01,3.23000000000000009326e-01,7.86599999999999965894e-01,
5.75000000000000000000e+01,9.00000000000000000000e+00,1.80000000000000000000e+01,1.55999999999999999778e-01,3.22000000000000008438e-01,7.86599999999999965894e-01,
5.75000000000000000000e+01,1.00000000000000000000e+01,2.00000000000000000000e+00,2.92999999999999982681e-01,3.18000000000000004885e-01,1.02569999999999983409e+00,
5.75000000000000000000e+01,1.00000000000000000000e+01,4.00000000000000000000e+00,2.73000000000000020428e-01,3.20000000000000006661e-01,1.02569999999999983409e+00,
5.75000000000000000000e+01,1.00000000000000000000e+01,6.00000000000000000000e+00,2.56000000000000005329e-01,3.21000000000000007550e-01,1.02569999999999983409e+00,
5.75000000000000000000e+01,1.00000000000000000000e+01,8.00000000000000000000e+00,2.37999999999999989342e-01,3.22000000000000008438e-01,1.02569999999999983409e+00,
5.75000000000000000000e+01,1.00000000000000000000e+01,1.00000000000000000000e+01,2.24000000000000004663e-01,3.22000000000000008438e-01,1.02569999999999983409e+00,
5.75000000000000000000e+01,1.00000000000000000000e+01,1.20000000000000000000e+01,2.08999999999999991340e-01,3.22000000000000008438e-01,1.02569999999999983409e+00,
6.00000000000000000000e+01,2.00000000000000011102e-01,2.00000000000000000000e+00,8.50000000000000061062e-02,1.95000000000000006661e-01,2.36999999999999988454e-01,
6.00000000000000000000e+01,2.00000000000000011102e-01,4.00000000000000000000e+00,1.49999999999999994449e-02,1.47999999999999992673e-01,2.36999999999999988454e-01,
6.00000000000000000000e+01,4.00000000000000022204e-01,2.00000000000000000000e+00,1.69000000000000011324e-01,2.48999999999999999112e-01,4.67000000000000026201e-01,
6.00000000000000000000e+01,4.00000000000000022204e-01,4.00000000000000000000e+00,7.39999999999999963363e-02,1.86999999999999999556e-01,4.67000000000000026201e-01,
6.00000000000000000000e+01,4.00000000000000022204e-01,6.00000000000000000000e+00,3.20000000000000006661e-02,1.48999999999999993561e-01,4.67000000000000026201e-01,
6.00000000000000000000e+01,5.99999999999999977796e-01,2.00000000000000000000e+00,2.05999999999999988676e-01,2.76000000000000023093e-01,6.98999999999999954703e-01,
6.00000000000000000000e+01,5.99999999999999977796e-01,4.00000000000000000000e+00,1.16000000000000005884e-01,2.21000000000000001998e-01,6.98999999999999954703e-01,
6.00000000000000000000e+01,5.99999999999999977796e-01,6.00000000000000000000e+00,5.19999999999999976130e-02,1.75999999999999989786e-01,6.98999999999999954703e-01,
6.00000000000000000000e+01,8.00000000000000044409e-01,2.00000000000000000000e+00,2.23000000000000003775e-01,2.80000000000000026645e-01,9.42999999999999949374e-01,
6.00000000000000000000e+01,8.00000000000000044409e-01,4.00000000000000000000e+00,1.45999999999999990896e-01,2.36999999999999988454e-01,9.42999999999999949374e-01,
6.00000000000000000000e+01,8.00000000000000044409e-01,6.00000000000000000000e+00,8.59999999999999931166e-02,1.99000000000000010214e-01,9.42999999999999949374e-01,
6.00000000000000000000e+01,8.00000000000000044409e-01,8.00000000000000000000e+00,3.30000000000000015543e-02,1.64000000000000006883e-01,9.42999999999999949374e-01,
6.00000000000000000000e+01,1.00000000000000000000e+00,2.00000000000000000000e+00,2.36199999999999993294e-01,2.88200000000000011724e-01,1.20999999999999996447e+00,
6.00000000000000000000e+01,1.00000000000000000000e+00,4.00000000000000000000e+00,1.65800000000000002931e-01,2.49599999999999988542e-01,1.20999999999999996447e+00,
6.00000000000000000000e+01,1.00000000000000000000e+00,6.00000000000000000000e+00,1.07399999999999995470e-01,2.12900000000000005906e-01,1.20999999999999996447e+00,
6.00000000000000000000e+01,1.00000000000000000000e+00,8.00000000000000000000e+00,5.99999999999999977796e-02,1.79999999999999993339e-01,1.20999999999999996447e+00,
6.00000000000000000000e+01,2.00000000000000000000e+00,2.00000000000000000000e+00,2.60599999999999998312e-01,3.00999999999999989786e-01,3.12599999999999961231e-02,
6.00000000000000000000e+01,2.00000000000000000000e+00,4.00000000000000000000e+00,2.09600000000000008527e-01,2.79000000000000025757e-01,3.12599999999999961231e-02,
6.00000000000000000000e+01,2.00000000000000000000e+00,6.00000000000000000000e+00,1.66899999999999992806e-01,2.57000000000000006217e-01,3.12599999999999961231e-02,
6.00000000000000000000e+01,2.00000000000000000000e+00,8.00000000000000000000e+00,1.25799999999999995159e-01,2.33100000000000001643e-01,3.12599999999999961231e-02,
6.00000000000000000000e+01,2.00000000000000000000e+00,1.00000000000000000000e+01,9.28999999999999964695e-02,2.13299999999999989608e-01,3.12599999999999961231e-02,
6.00000000000000000000e+01,2.00000000000000000000e+00,1.20000000000000000000e+01,6.80000000000000048850e-02,1.94000000000000005773e-01,3.12599999999999961231e-02,
6.00000000000000000000e+01,2.00000000000000000000e+00,1.40000000000000000000e+01,5.00000000000000027756e-02,1.80999999999999994227e-01,3.12599999999999961231e-02,
6.00000000000000000000e+01,3.00000000000000000000e+00,2.00000000000000000000e+00,2.66000000000000014211e-01,3.04999999999999993339e-01,6.55000000000000026645e-02,
6.00000000000000000000e+01,3.00000000000000000000e+00,4.00000000000000000000e+00,2.22099999999999991873e-01,2.88600000000000023181e-01,6.55000000000000026645e-02,
6.00000000000000000000e+01,3.00000000000000000000e+00,6.00000000000000000000e+00,1.86099999999999987654e-01,2.72199999999999997513e-01,6.55000000000000026645e-02,
6.00000000000000000000e+01,3.00000000000000000000e+00,8.00000000000000000000e+00,1.55099999999999987876e-01,2.57099999999999995204e-01,6.55000000000000026645e-02,
6.00000000000000000000e+01,3.00000000000000000000e+00,1.00000000000000000000e+01,1.25000000000000000000e-01,2.41100000000000008749e-01,6.55000000000000026645e-02,
6.00000000000000000000e+01,3.00000000000000000000e+00,1.20000000000000000000e+01,1.01800000000000001599e-01,2.28099999999999997202e-01,6.55000000000000026645e-02,
6.00000000000000000000e+01,3.00000000000000000000e+00,1.40000000000000000000e+01,7.97999999999999959366e-02,2.15100000000000013411e-01,6.55000000000000026645e-02,
6.00000000000000000000e+01,3.00000000000000000000e+00,1.60000000000000000000e+01,6.50000000000000022204e-02,2.05999999999999988676e-01,6.55000000000000026645e-02,
6.00000000000000000000e+01,3.00000000000000000000e+00,1.80000000000000000000e+01,5.29999999999999985012e-02,1.99000000000000010214e-01,6.55000000000000026645e-02,
6.00000000000000000000e+01,4.00000000000000000000e+00,2.00000000000000000000e+00,2.74000000000000021316e-01,3.09099999999999985878e-01,1.19999999999999995559e-01,
6.00000000000000000000e+01,4.00000000000000000000e+00,4.00000000000000000000e+00,2.38400000000000000799e-01,2.98399999999999998579e-01,1.19999999999999995559e-01,
6.00000000000000000000e+01,4.00000000000000000000e+00,6.00000000000000000000e+00,2.06499999999999989120e-01,2.86299999999999998934e-01,1.19999999999999995559e-01,
6.00000000000000000000e+01,4.00000000000000000000e+00,8.00000000000000000000e+00,1.75999999999999989786e-01,2.73000000000000020428e-01,1.19999999999999995559e-01,
6.00000000000000000000e+01,4.00000000000000000000e+00,1.00000000000000000000e+01,1.47999999999999992673e-01,2.60000000000000008882e-01,1.19999999999999995559e-01,
6.00000000000000000000e+01,4.00000000000000000000e+00,1.20000000000000000000e+01,1.24799999999999994271e-01,2.48400000000000009681e-01,1.19999999999999995559e-01,
6.00000000000000000000e+01,4.00000000000000000000e+00,1.40000000000000000000e+01,1.03300000000000002931e-01,2.37600000000000005640e-01,1.19999999999999995559e-01,
6.00000000000000000000e+01,4.00000000000000000000e+00,1.60000000000000000000e+01,8.88000000000000039302e-02,2.29800000000000004263e-01,1.19999999999999995559e-01,
6.00000000000000000000e+01,4.00000000000000000000e+00,1.80000000000000000000e+01,7.29999999999999954481e-02,2.21000000000000001998e-01,1.19999999999999995559e-01,
6.00000000000000000000e+01,4.00000000000000000000e+00,2.00000000000000000000e+01,6.19999999999999995559e-02,2.13999999999999995781e-01,1.19999999999999995559e-01,
6.00000000000000000000e+01,4.00000000000000000000e+00,2.20000000000000000000e+01,5.09999999999999967248e-02,2.06999999999999989564e-01,1.19999999999999995559e-01,
6.00000000000000000000e+01,5.00000000000000000000e+00,2.00000000000000000000e+00,2.79600000000000015188e-01,3.11099999999999987654e-01,1.97699999999999986855e-01,
6.00000000000000000000e+01,5.00000000000000000000e+00,4.00000000000000000000e+00,2.51199999999999978861e-01,3.03999999999999992450e-01,1.97699999999999986855e-01,
6.00000000000000000000e+01,5.00000000000000000000e+00,6.00000000000000000000e+00,2.23399999999999987477e-01,2.95200000000000017941e-01,1.97699999999999986855e-01,
6.00000000000000000000e+01,5.00000000000000000000e+00,8.00000000000000000000e+00,1.97000000000000008438e-01,2.85999999999999976463e-01,1.97699999999999986855e-01,
6.00000000000000000000e+01,5.00000000000000000000e+00,1.00000000000000000000e+01,1.71600000000000002531e-01,2.76000000000000023093e-01,1.97699999999999986855e-01,
6.00000000000000000000e+01,5.00000000000000000000e+00,1.20000000000000000000e+01,1.48499999999999993117e-01,2.66199999999999992184e-01,1.97699999999999986855e-01,
6.00000000000000000000e+01,5.00000000000000000000e+00,1.40000000000000000000e+01,1.30799999999999999600e-01,2.58199999999999985079e-01,1.97699999999999986855e-01,
6.00000000000000000000e+01,5.00000000000000000000e+00,1.60000000000000000000e+01,1.10799999999999995715e-01,2.48900000000000010125e-01,1.97699999999999986855e-01,
6.00000000000000000000e+01,5.00000000000000000000e+00,1.80000000000000000000e+01,9.29999999999999993339e-02,2.39999999999999991118e-01,1.97699999999999986855e-01,
6.00000000000000000000e+01,5.00000000000000000000e+00,2.00000000000000000000e+01,7.90000000000000007772e-02,2.32000000000000011768e-01,1.97699999999999986855e-01,
6.00000000000000000000e+01,5.00000000000000000000e+00,2.20000000000000000000e+01,6.60000000000000031086e-02,2.26000000000000006439e-01,1.97699999999999986855e-01,
6.00000000000000000000e+01,5.00000000000000000000e+00,2.40000000000000000000e+01,5.80000000000000029421e-02,2.21000000000000001998e-01,1.97699999999999986855e-01,
6.00000000000000000000e+01,6.00000000000000000000e+00,2.00000000000000000000e+00,2.83700000000000007727e-01,3.13199999999999978417e-01,3.00300000000000011369e-01,
6.00000000000000000000e+01,6.00000000000000000000e+00,4.00000000000000000000e+00,2.57799999999999973621e-01,3.07800000000000018030e-01,3.00300000000000011369e-01,
6.00000000000000000000e+01,6.00000000000000000000e+00,6.00000000000000000000e+00,2.33500000000000013101e-01,3.01499999999999990230e-01,3.00300000000000011369e-01,
6.00000000000000000000e+01,6.00000000000000000000e+00,8.00000000000000000000e+00,2.11600000000000010303e-01,2.94999999999999984457e-01,3.00300000000000011369e-01,
6.00000000000000000000e+01,6.00000000000000000000e+00,1.00000000000000000000e+01,1.90899999999999986366e-01,2.88100000000000022737e-01,3.00300000000000011369e-01,
6.00000000000000000000e+01,6.00000000000000000000e+00,1.20000000000000000000e+01,1.69800000000000006484e-01,2.80200000000000004619e-01,3.00300000000000011369e-01,
6.00000000000000000000e+01,6.00000000000000000000e+00,1.40000000000000000000e+01,1.51799999999999990496e-01,2.72899999999999975930e-01,3.00300000000000011369e-01,
6.00000000000000000000e+01,6.00000000000000000000e+00,1.60000000000000000000e+01,1.33700000000000013278e-01,2.65100000000000002309e-01,3.00300000000000011369e-01,
6.00000000000000000000e+01,6.00000000000000000000e+00,1.80000000000000000000e+01,1.18099999999999996647e-01,2.58099999999999996092e-01,3.00300000000000011369e-01,
6.00000000000000000000e+01,6.00000000000000000000e+00,2.00000000000000000000e+01,1.01000000000000006439e-01,2.51000000000000000888e-01,3.00300000000000011369e-01,
6.00000000000000000000e+01,6.00000000000000000000e+00,2.20000000000000000000e+01,8.59999999999999931166e-02,2.43999999999999994671e-01,3.00300000000000011369e-01,
6.00000000000000000000e+01,6.00000000000000000000e+00,2.40000000000000000000e+01,7.19999999999999945599e-02,2.36999999999999988454e-01,3.00300000000000011369e-01,
6.00000000000000000000e+01,7.00000000000000000000e+00,2.00000000000000000000e+00,2.86899999999999988365e-01,3.14300000000000023803e-01,4.30600000000000038280e-01,
6.00000000000000000000e+01,7.00000000000000000000e+00,4.00000000000000000000e+00,2.64199999999999990408e-01,3.10900000000000009681e-01,4.30600000000000038280e-01,
6.00000000000000000000e+01,7.00000000000000000000e+00,6.00000000000000000000e+00,2.44799999999999989830e-01,3.06900000000000006128e-01,4.30600000000000038280e-01,
6.00000000000000000000e+01,7.00000000000000000000e+00,8.00000000000000000000e+00,2.23500000000000004219e-01,3.01400000000000001243e-01,4.30600000000000038280e-01,
6.00000000000000000000e+01,7.00000000000000000000e+00,1.00000000000000000000e+01,2.03499999999999986455e-01,2.95599999999999973888e-01,4.30600000000000038280e-01,
6.00000000000000000000e+01,7.00000000000000000000e+00,1.20000000000000000000e+01,1.84100000000000013634e-01,2.89200000000000012612e-01,4.30600000000000038280e-01,
6.00000000000000000000e+01,7.00000000000000000000e+00,1.40000000000000000000e+01,1.67099999999999998535e-01,2.83200000000000007283e-01,4.30600000000000038280e-01,
6.00000000000000000000e+01,7.00000000000000000000e+00,1.60000000000000000000e+01,1.48900000000000004574e-01,2.76799999999999990496e-01,4.30600000000000038280e-01,
6.00000000000000000000e+01,7.00000000000000000000e+00,1.80000000000000000000e+01,1.34000000000000007994e-01,2.71000000000000018652e-01,4.30600000000000038280e-01,
6.00000000000000000000e+01,7.00000000000000000000e+00,2.00000000000000000000e+01,1.21999999999999997335e-01,2.66000000000000014211e-01,4.30600000000000038280e-01,
6.00000000000000000000e+01,7.00000000000000000000e+00,2.20000000000000000000e+01,1.07999999999999998779e-01,2.60000000000000008882e-01,4.30600000000000038280e-01,
6.00000000000000000000e+01,7.00000000000000000000e+00,2.40000000000000000000e+01,9.40000000000000002220e-02,2.53000000000000002665e-01,4.30600000000000038280e-01,
6.00000000000000000000e+01,8.00000000000000000000e+00,2.00000000000000000000e+00,2.89399999999999990585e-01,3.15199999999999980194e-01,5.90999999999999969802e-01,
6.00000000000000000000e+01,8.00000000000000000000e+00,4.00000000000000000000e+00,2.68600000000000005418e-01,3.13000000000000000444e-01,5.90999999999999969802e-01,
6.00000000000000000000e+01,8.00000000000000000000e+00,6.00000000000000000000e+00,2.48900000000000010125e-01,3.09900000000000008793e-01,5.90999999999999969802e-01,
6.00000000000000000000e+01,8.00000000000000000000e+00,8.00000000000000000000e+00,2.30199999999999987965e-01,3.06300000000000016698e-01,5.90999999999999969802e-01,
6.00000000000000000000e+01,8.00000000000000000000e+00,1.00000000000000000000e+01,2.11999999999999994005e-01,3.02499999999999991118e-01,5.90999999999999969802e-01,
6.00000000000000000000e+01,8.00000000000000000000e+00,1.20000000000000000000e+01,1.93700000000000011058e-01,2.97800000000000009148e-01,5.90999999999999969802e-01,
6.00000000000000000000e+01,8.00000000000000000000e+00,1.40000000000000000000e+01,1.78799999999999986722e-01,2.93600000000000027622e-01,5.90999999999999969802e-01,
6.00000000000000000000e+01,8.00000000000000000000e+00,1.60000000000000000000e+01,1.61000000000000004219e-01,2.87999999999999978240e-01,5.90999999999999969802e-01,
6.00000000000000000000e+01,8.00000000000000000000e+00,1.80000000000000000000e+01,1.44999999999999990008e-01,2.81999999999999972911e-01,5.90999999999999969802e-01,
6.00000000000000000000e+01,8.00000000000000000000e+00,2.00000000000000000000e+01,1.33000000000000007105e-01,2.78000000000000024869e-01,5.90999999999999969802e-01,
6.00000000000000000000e+01,8.00000000000000000000e+00,2.20000000000000000000e+01,1.17999999999999993783e-01,2.73000000000000020428e-01,5.90999999999999969802e-01,
6.00000000000000000000e+01,9.00000000000000000000e+00,2.00000000000000000000e+00,2.90700000000000013944e-01,3.15900000000000014122e-01,7.86599999999999965894e-01,
6.00000000000000000000e+01,9.00000000000000000000e+00,4.00000000000000000000e+00,2.70000000000000017764e-01,3.14000000000000001332e-01,7.86599999999999965894e-01,
6.00000000000000000000e+01,9.00000000000000000000e+00,6.00000000000000000000e+00,2.50099999999999988987e-01,3.11800000000000021583e-01,7.86599999999999965894e-01,
6.00000000000000000000e+01,9.00000000000000000000e+00,8.00000000000000000000e+00,2.32000000000000011768e-01,3.09999999999999997780e-01,7.86599999999999965894e-01,
6.00000000000000000000e+01,9.00000000000000000000e+00,1.00000000000000000000e+01,2.13999999999999995781e-01,3.05999999999999994227e-01,7.86599999999999965894e-01,
6.00000000000000000000e+01,9.00000000000000000000e+00,1.20000000000000000000e+01,1.96000000000000007550e-01,3.03999999999999992450e-01,7.86599999999999965894e-01,
6.00000000000000000000e+01,9.00000000000000000000e+00,1.40000000000000000000e+01,1.79999999999999993339e-01,3.00999999999999989786e-01,7.86599999999999965894e-01,
6.00000000000000000000e+01,9.00000000000000000000e+00,1.60000000000000000000e+01,1.62000000000000005107e-01,2.97999999999999987121e-01,7.86599999999999965894e-01,
6.00000000000000000000e+01,9.00000000000000000000e+00,1.80000000000000000000e+01,1.46999999999999991784e-01,2.93999999999999983569e-01,7.86599999999999965894e-01,
6.00000000000000000000e+01,1.00000000000000000000e+01,2.00000000000000000000e+00,2.92999999999999982681e-01,3.15000000000000002220e-01,1.02569999999999983409e+00,
6.00000000000000000000e+01,1.00000000000000000000e+01,4.00000000000000000000e+00,2.70000000000000017764e-01,3.13000000000000000444e-01,1.02569999999999983409e+00,
6.00000000000000000000e+01,1.00000000000000000000e+01,6.00000000000000000000e+00,2.51000000000000000888e-01,3.10999999999999998668e-01,1.02569999999999983409e+00,
6.00000000000000000000e+01,1.00000000000000000000e+01,8.00000000000000000000e+00,2.34000000000000013545e-01,3.09999999999999997780e-01,1.02569999999999983409e+00,
6.00000000000000000000e+01,1.00000000000000000000e+01,1.00000000000000000000e+01,2.19000000000000000222e-01,3.07999999999999996003e-01,1.02569999999999983409e+00,
6.00000000000000000000e+01,1.00000000000000000000e+01,1.20000000000000000000e+01,2.03000000000000013767e-01,3.04999999999999993339e-01,1.02569999999999983409e+00,
6.25000000000000000000e+01,2.00000000000000011102e-01,2.00000000000000000000e+00,9.70000000000000028866e-02,1.76999999999999990674e-01,2.36999999999999988454e-01,
6.25000000000000000000e+01,2.00000000000000011102e-01,4.00000000000000000000e+00,3.89999999999999999445e-02,1.28000000000000002665e-01,2.36999999999999988454e-01,
6.25000000000000000000e+01,4.00000000000000022204e-01,2.00000000000000000000e+00,1.69000000000000011324e-01,2.35999999999999987566e-01,4.67000000000000026201e-01,
6.25000000000000000000e+01,4.00000000000000022204e-01,4.00000000000000000000e+00,8.69999999999999940048e-02,1.71999999999999986233e-01,4.67000000000000026201e-01,
6.25000000000000000000e+01,4.00000000000000022204e-01,6.00000000000000000000e+00,4.80000000000000009992e-02,1.34000000000000007994e-01,4.67000000000000026201e-01,
6.25000000000000000000e+01,5.99999999999999977796e-01,2.00000000000000000000e+00,2.02000000000000012879e-01,2.60000000000000008882e-01,6.98999999999999954703e-01,
6.25000000000000000000e+01,5.99999999999999977796e-01,4.00000000000000000000e+00,1.22999999999999998224e-01,2.02000000000000012879e-01,6.98999999999999954703e-01,
6.25000000000000000000e+01,5.99999999999999977796e-01,6.00000000000000000000e+00,7.09999999999999936717e-02,1.57000000000000000666e-01,6.98999999999999954703e-01,
6.25000000000000000000e+01,5.99999999999999977796e-01,8.00000000000000000000e+00,1.70000000000000012212e-02,1.11000000000000001443e-01,6.98999999999999954703e-01,
6.25000000000000000000e+01,8.00000000000000044409e-01,2.00000000000000000000e+00,2.20000000000000001110e-01,2.71000000000000018652e-01,9.42999999999999949374e-01,
6.25000000000000000000e+01,8.00000000000000044409e-01,4.00000000000000000000e+00,1.48999999999999993561e-01,2.22000000000000002887e-01,9.42999999999999949374e-01,
6.25000000000000000000e+01,8.00000000000000044409e-01,6.00000000000000000000e+00,9.40000000000000002220e-02,1.80999999999999994227e-01,9.42999999999999949374e-01,
6.25000000000000000000e+01,8.00000000000000044409e-01,8.00000000000000000000e+00,4.80000000000000009992e-02,1.46999999999999991784e-01,9.42999999999999949374e-01,
6.25000000000000000000e+01,1.00000000000000000000e+00,2.00000000000000000000e+00,2.32199999999999989742e-01,2.78100000000000013856e-01,1.20999999999999996447e+00,
6.25000000000000000000e+01,1.00000000000000000000e+00,4.00000000000000000000e+00,1.64899999999999991029e-01,2.32399999999999995470e-01,1.20999999999999996447e+00,
6.25000000000000000000e+01,1.00000000000000000000e+00,6.00000000000000000000e+00,1.11799999999999996603e-01,1.90799999999999997380e-01,1.20999999999999996447e+00,
6.25000000000000000000e+01,1.00000000000000000000e+00,8.00000000000000000000e+00,7.09999999999999936717e-02,1.54999999999999998890e-01,1.20999999999999996447e+00,
6.25000000000000000000e+01,2.00000000000000000000e+00,2.00000000000000000000e+00,2.57799999999999973621e-01,2.93999999999999983569e-01,3.12599999999999961231e-02,
6.25000000000000000000e+01,2.00000000000000000000e+00,4.00000000000000000000e+00,2.05999999999999988676e-01,2.64900000000000024336e-01,3.12599999999999961231e-02,
6.25000000000000000000e+01,2.00000000000000000000e+00,6.00000000000000000000e+00,1.62099999999999994094e-01,2.35800000000000009592e-01,3.12599999999999961231e-02,
6.25000000000000000000e+01,2.00000000000000000000e+00,8.00000000000000000000e+00,1.22999999999999998224e-01,2.07600000000000006750e-01,3.12599999999999961231e-02,
6.25000000000000000000e+01,2.00000000000000000000e+00,1.00000000000000000000e+01,9.11000000000000004219e-02,1.82799999999999990274e-01,3.12599999999999961231e-02,
6.25000000000000000000e+01,2.00000000000000000000e+00,1.20000000000000000000e+01,6.70000000000000039968e-02,1.65000000000000007772e-01,3.12599999999999961231e-02,
6.25000000000000000000e+01,3.00000000000000000000e+00,2.00000000000000000000e+00,2.63600000000000000977e-01,2.98300000000000009592e-01,6.55000000000000026645e-02,
6.25000000000000000000e+01,3.00000000000000000000e+00,4.00000000000000000000e+00,2.18299999999999994049e-01,2.74799999999999988720e-01,6.55000000000000026645e-02,
6.25000000000000000000e+01,3.00000000000000000000e+00,6.00000000000000000000e+00,1.82600000000000012301e-01,2.53599999999999992095e-01,6.55000000000000026645e-02,
6.25000000000000000000e+01,3.00000000000000000000e+00,8.00000000000000000000e+00,1.51100000000000012079e-01,2.33100000000000001643e-01,6.55000000000000026645e-02,
6.25000000000000000000e+01,3.00000000000000000000e+00,1.00000000000000000000e+01,1.21999999999999997335e-01,2.13200000000000000622e-01,6.55000000000000026645e-02,
6.25000000000000000000e+01,3.00000000000000000000e+00,1.20000000000000000000e+01,9.89000000000000017986e-02,1.96300000000000002265e-01,6.55000000000000026645e-02,
6.25000000000000000000e+01,3.00000000000000000000e+00,1.40000000000000000000e+01,8.00000000000000016653e-02,1.79999999999999993339e-01,6.55000000000000026645e-02,
6.25000000000000000000e+01,3.00000000000000000000e+00,1.60000000000000000000e+01,6.50000000000000022204e-02,1.70000000000000012212e-01,6.55000000000000026645e-02,
6.25000000000000000000e+01,4.00000000000000000000e+00,2.00000000000000000000e+00,2.72699999999999997957e-01,3.03800000000000014477e-01,1.19999999999999995559e-01,
6.25000000000000000000e+01,4.00000000000000000000e+00,4.00000000000000000000e+00,2.35999999999999987566e-01,2.87200000000000010836e-01,1.19999999999999995559e-01,
6.25000000000000000000e+01,4.00000000000000000000e+00,6.00000000000000000000e+00,2.04800000000000009814e-01,2.70799999999999985167e-01,1.19999999999999995559e-01,
6.25000000000000000000e+01,4.00000000000000000000e+00,8.00000000000000000000e+00,1.73699999999999993294e-01,2.52400000000000013234e-01,1.19999999999999995559e-01,
6.25000000000000000000e+01,4.00000000000000000000e+00,1.00000000000000000000e+01,1.46300000000000013367e-01,2.35399999999999998135e-01,1.19999999999999995559e-01,
6.25000000000000000000e+01,4.00000000000000000000e+00,1.20000000000000000000e+01,1.24700000000000005285e-01,2.20900000000000013012e-01,1.19999999999999995559e-01,
6.25000000000000000000e+01,4.00000000000000000000e+00,1.40000000000000000000e+01,1.02699999999999999623e-01,2.05699999999999993960e-01,1.19999999999999995559e-01,
6.25000000000000000000e+01,4.00000000000000000000e+00,1.60000000000000000000e+01,8.99999999999999966693e-02,1.97300000000000003153e-01,1.19999999999999995559e-01,
6.25000000000000000000e+01,4.00000000000000000000e+00,1.80000000000000000000e+01,7.29999999999999954481e-02,1.83999999999999996891e-01,1.19999999999999995559e-01,
6.25000000000000000000e+01,4.00000000000000000000e+00,2.00000000000000000000e+01,6.19999999999999995559e-02,1.76999999999999990674e-01,1.19999999999999995559e-01,
6.25000000000000000000e+01,5.00000000000000000000e+00,2.00000000000000000000e+00,2.79100000000000014744e-01,3.07099999999999984102e-01,1.97699999999999986855e-01,
6.25000000000000000000e+01,5.00000000000000000000e+00,4.00000000000000000000e+00,2.49200000000000004841e-01,2.95399999999999995914e-01,1.97699999999999986855e-01,
6.25000000000000000000e+01,5.00000000000000000000e+00,6.00000000000000000000e+00,2.21000000000000001998e-01,2.82299999999999995381e-01,1.97699999999999986855e-01,
6.25000000000000000000e+01,5.00000000000000000000e+00,8.00000000000000000000e+00,1.94700000000000011946e-01,2.68699999999999994404e-01,1.97699999999999986855e-01,
6.25000000000000000000e+01,5.00000000000000000000e+00,1.00000000000000000000e+01,1.69699999999999989742e-01,2.54900000000000015454e-01,1.97699999999999986855e-01,
6.25000000000000000000e+01,5.00000000000000000000e+00,1.20000000000000000000e+01,1.46100000000000007638e-01,2.40600000000000008304e-01,1.97699999999999986855e-01,
6.25000000000000000000e+01,5.00000000000000000000e+00,1.40000000000000000000e+01,1.28299999999999997380e-01,2.29199999999999987077e-01,1.97699999999999986855e-01,
6.25000000000000000000e+01,5.00000000000000000000e+00,1.60000000000000000000e+01,1.08999999999999999667e-01,2.16599999999999986988e-01,1.97699999999999986855e-01,
6.25000000000000000000e+01,5.00000000000000000000e+00,1.80000000000000000000e+01,9.40000000000000002220e-02,2.05999999999999988676e-01,1.97699999999999986855e-01,
6.25000000000000000000e+01,5.00000000000000000000e+00,2.00000000000000000000e+01,7.69999999999999990008e-02,1.94000000000000005773e-01,1.97699999999999986855e-01,
6.25000000000000000000e+01,6.00000000000000000000e+00,2.00000000000000000000e+00,2.83499999999999974243e-01,3.09699999999999975309e-01,3.00300000000000011369e-01,
6.25000000000000000000e+01,6.00000000000000000000e+00,4.00000000000000000000e+00,2.57099999999999995204e-01,3.00800000000000011813e-01,3.00300000000000011369e-01,
6.25000000000000000000e+01,6.00000000000000000000e+00,6.00000000000000000000e+00,2.31199999999999988853e-01,2.89899999999999991029e-01,3.00300000000000011369e-01,
6.25000000000000000000e+01,6.00000000000000000000e+00,8.00000000000000000000e+00,2.07999999999999990452e-01,2.78899999999999981259e-01,3.00300000000000011369e-01,
6.25000000000000000000e+01,6.00000000000000000000e+00,1.00000000000000000000e+01,1.87900000000000011458e-01,2.68199999999999993960e-01,3.00300000000000011369e-01,
6.25000000000000000000e+01,6.00000000000000000000e+00,1.20000000000000000000e+01,1.66000000000000008660e-01,2.56099999999999994316e-01,3.00300000000000011369e-01,
6.25000000000000000000e+01,6.00000000000000000000e+00,1.40000000000000000000e+01,1.47999999999999992673e-01,2.45900000000000007461e-01,3.00300000000000011369e-01,
6.25000000000000000000e+01,6.00000000000000000000e+00,1.60000000000000000000e+01,1.29399999999999987255e-01,2.34800000000000008704e-01,3.00300000000000011369e-01,
6.25000000000000000000e+01,6.00000000000000000000e+00,1.80000000000000000000e+01,1.14000000000000004108e-01,2.26000000000000006439e-01,3.00300000000000011369e-01,
6.25000000000000000000e+01,6.00000000000000000000e+00,2.00000000000000000000e+01,9.90000000000000046629e-02,2.15999999999999997558e-01,3.00300000000000011369e-01,
6.25000000000000000000e+01,6.00000000000000000000e+00,2.20000000000000000000e+01,8.50000000000000061062e-02,2.04999999999999987788e-01,3.00300000000000011369e-01,
6.25000000000000000000e+01,7.00000000000000000000e+00,2.00000000000000000000e+00,2.86700000000000010392e-01,3.10999999999999998668e-01,4.30600000000000038280e-01,
6.25000000000000000000e+01,7.00000000000000000000e+00,4.00000000000000000000e+00,2.62900000000000022560e-01,3.03800000000000014477e-01,4.30600000000000038280e-01,
6.25000000000000000000e+01,7.00000000000000000000e+00,6.00000000000000000000e+00,2.41799999999999987166e-01,2.95999999999999985345e-01,4.30600000000000038280e-01,
6.25000000000000000000e+01,7.00000000000000000000e+00,8.00000000000000000000e+00,2.20799999999999996270e-01,2.87100000000000021849e-01,4.30600000000000038280e-01,
6.25000000000000000000e+01,7.00000000000000000000e+00,1.00000000000000000000e+01,1.99399999999999993916e-01,2.77500000000000024425e-01,4.30600000000000038280e-01,
6.25000000000000000000e+01,7.00000000000000000000e+00,1.20000000000000000000e+01,1.79699999999999998623e-01,2.67199999999999993072e-01,4.30600000000000038280e-01,
6.25000000000000000000e+01,7.00000000000000000000e+00,1.40000000000000000000e+01,1.62399999999999988809e-01,2.58099999999999996092e-01,4.30600000000000038280e-01,
6.25000000000000000000e+01,7.00000000000000000000e+00,1.60000000000000000000e+01,1.43499999999999988676e-01,2.47200000000000003064e-01,4.30600000000000038280e-01,
6.25000000000000000000e+01,7.00000000000000000000e+00,1.80000000000000000000e+01,1.30000000000000004441e-01,2.38999999999999990230e-01,4.30600000000000038280e-01,
6.25000000000000000000e+01,7.00000000000000000000e+00,2.00000000000000000000e+01,1.17000000000000006772e-01,2.31000000000000010880e-01,4.30600000000000038280e-01,
6.25000000000000000000e+01,7.00000000000000000000e+00,2.20000000000000000000e+01,1.03999999999999995226e-01,2.22000000000000002887e-01,4.30600000000000038280e-01,
6.25000000000000000000e+01,8.00000000000000000000e+00,2.00000000000000000000e+00,2.89700000000000013056e-01,3.12400000000000011013e-01,5.90999999999999969802e-01,
6.25000000000000000000e+01,8.00000000000000000000e+00,4.00000000000000000000e+00,2.66799999999999981615e-01,3.06699999999999972644e-01,5.90999999999999969802e-01,
6.25000000000000000000e+01,8.00000000000000000000e+00,6.00000000000000000000e+00,2.46200000000000002176e-01,2.99999999999999988898e-01,5.90999999999999969802e-01,
6.25000000000000000000e+01,8.00000000000000000000e+00,8.00000000000000000000e+00,2.26399999999999990141e-01,2.92300000000000004263e-01,5.90999999999999969802e-01,
6.25000000000000000000e+01,8.00000000000000000000e+00,1.00000000000000000000e+01,2.06600000000000005862e-01,2.83899999999999985700e-01,5.90999999999999969802e-01,
6.25000000000000000000e+01,8.00000000000000000000e+00,1.20000000000000000000e+01,1.87700000000000005729e-01,2.75200000000000000178e-01,5.90999999999999969802e-01,
6.25000000000000000000e+01,8.00000000000000000000e+00,1.40000000000000000000e+01,1.71999999999999986233e-01,2.66000000000000014211e-01,5.90999999999999969802e-01,
6.25000000000000000000e+01,8.00000000000000000000e+00,1.60000000000000000000e+01,1.51999999999999996225e-01,2.56000000000000005329e-01,5.90999999999999969802e-01,
6.25000000000000000000e+01,8.00000000000000000000e+00,1.80000000000000000000e+01,1.37000000000000010658e-01,2.44999999999999995559e-01,5.90999999999999969802e-01,
6.25000000000000000000e+01,8.00000000000000000000e+00,2.00000000000000000000e+01,1.22999999999999998224e-01,2.34999999999999986677e-01,5.90999999999999969802e-01,
6.25000000000000000000e+01,9.00000000000000000000e+00,2.00000000000000000000e+00,2.90899999999999991918e-01,3.12500000000000000000e-01,7.86599999999999965894e-01,
6.25000000000000000000e+01,9.00000000000000000000e+00,4.00000000000000000000e+00,2.68000000000000015987e-01,3.07300000000000017586e-01,7.86599999999999965894e-01,
6.25000000000000000000e+01,9.00000000000000000000e+00,6.00000000000000000000e+00,2.46999999999999997335e-01,3.01999999999999990674e-01,7.86599999999999965894e-01,
6.25000000000000000000e+01,9.00000000000000000000e+00,8.00000000000000000000e+00,2.28000000000000008216e-01,2.95999999999999985345e-01,7.86599999999999965894e-01,
6.25000000000000000000e+01,9.00000000000000000000e+00,1.00000000000000000000e+01,2.10999999999999993117e-01,2.89999999999999980016e-01,7.86599999999999965894e-01,
6.25000000000000000000e+01,9.00000000000000000000e+00,1.20000000000000000000e+01,1.93000000000000004885e-01,2.83999999999999974687e-01,7.86599999999999965894e-01,
6.25000000000000000000e+01,9.00000000000000000000e+00,1.40000000000000000000e+01,1.75999999999999989786e-01,2.78000000000000024869e-01,7.86599999999999965894e-01,
6.25000000000000000000e+01,9.00000000000000000000e+00,1.60000000000000000000e+01,1.58000000000000001554e-01,2.71000000000000018652e-01,7.86599999999999965894e-01,
6.25000000000000000000e+01,1.00000000000000000000e+01,2.00000000000000000000e+00,2.92999999999999982681e-01,3.13000000000000000444e-01,1.02569999999999983409e+00,
6.25000000000000000000e+01,1.00000000000000000000e+01,4.00000000000000000000e+00,2.70000000000000017764e-01,3.07999999999999996003e-01,1.02569999999999983409e+00,
6.25000000000000000000e+01,1.00000000000000000000e+01,6.00000000000000000000e+00,2.48999999999999999112e-01,3.03999999999999992450e-01,1.02569999999999983409e+00,
6.25000000000000000000e+01,1.00000000000000000000e+01,8.00000000000000000000e+00,2.32000000000000011768e-01,2.98999999999999988010e-01,1.02569999999999983409e+00,
6.25000000000000000000e+01,1.00000000000000000000e+01,1.00000000000000000000e+01,2.14999999999999996669e-01,2.92999999999999982681e-01,1.02569999999999983409e+00,
6.50000000000000000000e+01,2.00000000000000011102e-01,2.00000000000000000000e+00,1.11000000000000001443e-01,1.64000000000000006883e-01,2.36999999999999988454e-01,
6.50000000000000000000e+01,2.00000000000000011102e-01,4.00000000000000000000e+00,6.30000000000000004441e-02,1.14000000000000004108e-01,2.36999999999999988454e-01,
6.50000000000000000000e+01,4.00000000000000022204e-01,2.00000000000000000000e+00,1.71999999999999986233e-01,2.23000000000000003775e-01,4.67000000000000026201e-01,
6.50000000000000000000e+01,4.00000000000000022204e-01,4.00000000000000000000e+00,1.01999999999999993450e-01,1.59000000000000002442e-01,4.67000000000000026201e-01,
6.50000000000000000000e+01,4.00000000000000022204e-01,6.00000000000000000000e+00,6.70000000000000039968e-02,1.18999999999999994671e-01,4.67000000000000026201e-01,
6.50000000000000000000e+01,5.99999999999999977796e-01,2.00000000000000000000e+00,2.02000000000000012879e-01,2.44999999999999995559e-01,6.98999999999999954703e-01,
6.50000000000000000000e+01,5.99999999999999977796e-01,4.00000000000000000000e+00,1.34000000000000007994e-01,1.86999999999999999556e-01,6.98999999999999954703e-01,
6.50000000000000000000e+01,5.99999999999999977796e-01,6.00000000000000000000e+00,8.79999999999999948930e-02,1.44999999999999990008e-01,6.98999999999999954703e-01,
6.50000000000000000000e+01,5.99999999999999977796e-01,8.00000000000000000000e+00,4.39999999999999974465e-02,1.00000000000000005551e-01,6.98999999999999954703e-01,
6.50000000000000000000e+01,8.00000000000000044409e-01,2.00000000000000000000e+00,2.17999999999999999334e-01,2.58000000000000007105e-01,9.42999999999999949374e-01,
6.50000000000000000000e+01,8.00000000000000044409e-01,4.00000000000000000000e+00,1.53999999999999998002e-01,2.06999999999999989564e-01,9.42999999999999949374e-01,
6.50000000000000000000e+01,8.00000000000000044409e-01,6.00000000000000000000e+00,1.05999999999999997002e-01,1.63000000000000005995e-01,9.42999999999999949374e-01,
6.50000000000000000000e+01,8.00000000000000044409e-01,8.00000000000000000000e+00,6.90000000000000057732e-02,1.27000000000000001776e-01,9.42999999999999949374e-01,
6.50000000000000000000e+01,1.00000000000000000000e+00,2.00000000000000000000e+00,2.29099999999999998090e-01,2.67699999999999993516e-01,1.20999999999999996447e+00,
6.50000000000000000000e+01,1.00000000000000000000e+00,4.00000000000000000000e+00,1.66699999999999987077e-01,2.16799999999999992717e-01,1.20999999999999996447e+00,
6.50000000000000000000e+01,1.00000000000000000000e+00,6.00000000000000000000e+00,1.21200000000000002176e-01,1.74499999999999988454e-01,1.20999999999999996447e+00,
6.50000000000000000000e+01,1.00000000000000000000e+00,8.00000000000000000000e+00,8.40000000000000052180e-02,1.39000000000000012434e-01,1.20999999999999996447e+00,
6.50000000000000000000e+01,1.00000000000000000000e+00,1.00000000000000000000e+01,5.50000000000000002776e-02,1.02999999999999994338e-01,1.20999999999999996447e+00,
6.50000000000000000000e+01,2.00000000000000000000e+00,2.00000000000000000000e+00,2.55900000000000016342e-01,2.87399999999999988809e-01,3.12599999999999961231e-02,
6.50000000000000000000e+01,2.00000000000000000000e+00,4.00000000000000000000e+00,2.04800000000000009814e-01,2.51800000000000023803e-01,3.12599999999999961231e-02,
6.50000000000000000000e+01,2.00000000000000000000e+00,6.00000000000000000000e+00,1.61700000000000010392e-01,2.16200000000000003286e-01,3.12599999999999961231e-02,
6.50000000000000000000e+01,2.00000000000000000000e+00,8.00000000000000000000e+00,1.24499999999999999556e-01,1.82700000000000001288e-01,3.12599999999999961231e-02,
6.50000000000000000000e+01,2.00000000000000000000e+00,1.00000000000000000000e+01,9.65000000000000024425e-02,1.55799999999999994049e-01,3.12599999999999961231e-02,
6.50000000000000000000e+01,2.00000000000000000000e+00,1.20000000000000000000e+01,7.69999999999999990008e-02,1.36000000000000009770e-01,3.12599999999999961231e-02,
6.50000000000000000000e+01,3.00000000000000000000e+00,2.00000000000000000000e+00,2.61699999999999988187e-01,2.92100000000000026290e-01,6.55000000000000026645e-02,
6.50000000000000000000e+01,3.00000000000000000000e+00,4.00000000000000000000e+00,2.17599999999999987876e-01,2.63199999999999989519e-01,6.55000000000000026645e-02,
6.50000000000000000000e+01,3.00000000000000000000e+00,6.00000000000000000000e+00,1.83499999999999996447e-01,2.37499999999999988898e-01,6.55000000000000026645e-02,
6.50000000000000000000e+01,3.00000000000000000000e+00,8.00000000000000000000e+00,1.52700000000000002398e-01,2.11900000000000005018e-01,6.55000000000000026645e-02,
6.50000000000000000000e+01,3.00000000000000000000e+00,1.00000000000000000000e+01,1.25900000000000011902e-01,1.87900000000000011458e-01,6.55000000000000026645e-02,
6.50000000000000000000e+01,3.00000000000000000000e+00,1.20000000000000000000e+01,1.04200000000000000955e-01,1.68099999999999999423e-01,6.55000000000000026645e-02,
6.50000000000000000000e+01,3.00000000000000000000e+00,1.40000000000000000000e+01,8.59999999999999931166e-02,1.49999999999999994449e-01,6.55000000000000026645e-02,
6.50000000000000000000e+01,3.00000000000000000000e+00,1.60000000000000000000e+01,7.09999999999999936717e-02,1.37000000000000010658e-01,6.55000000000000026645e-02,
6.50000000000000000000e+01,4.00000000000000000000e+00,2.00000000000000000000e+00,2.72299999999999986500e-01,2.99200000000000021494e-01,1.19999999999999995559e-01,
6.50000000000000000000e+01,4.00000000000000000000e+00,4.00000000000000000000e+00,2.36300000000000010036e-01,2.78200000000000002842e-01,1.19999999999999995559e-01,
6.50000000000000000000e+01,4.00000000000000000000e+00,6.00000000000000000000e+00,2.05999999999999988676e-01,2.57199999999999984190e-01,1.19999999999999995559e-01,
6.50000000000000000000e+01,4.00000000000000000000e+00,8.00000000000000000000e+00,1.75900000000000000799e-01,2.34499999999999986233e-01,1.19999999999999995559e-01,
6.50000000000000000000e+01,4.00000000000000000000e+00,1.00000000000000000000e+01,1.51200000000000001066e-01,2.14799999999999990941e-01,1.19999999999999995559e-01,
6.50000000000000000000e+01,4.00000000000000000000e+00,1.20000000000000000000e+01,1.29899999999999987699e-01,1.96300000000000002265e-01,1.19999999999999995559e-01,
6.50000000000000000000e+01,4.00000000000000000000e+00,1.40000000000000000000e+01,1.09799999999999994826e-01,1.78499999999999992006e-01,1.19999999999999995559e-01,
6.50000000000000000000e+01,4.00000000000000000000e+00,1.60000000000000000000e+01,9.40000000000000002220e-02,1.63000000000000005995e-01,1.19999999999999995559e-01,
6.50000000000000000000e+01,4.00000000000000000000e+00,1.80000000000000000000e+01,7.90000000000000007772e-02,1.49999999999999994449e-01,1.19999999999999995559e-01,
6.50000000000000000000e+01,5.00000000000000000000e+00,2.00000000000000000000e+00,2.79399999999999981704e-01,3.03200000000000025047e-01,1.97699999999999986855e-01,
6.50000000000000000000e+01,5.00000000000000000000e+00,4.00000000000000000000e+00,2.49299999999999993827e-01,2.87899999999999989253e-01,1.97699999999999986855e-01,
6.50000000000000000000e+01,5.00000000000000000000e+00,6.00000000000000000000e+00,2.21500000000000002442e-01,2.70100000000000006750e-01,1.97699999999999986855e-01,
6.50000000000000000000e+01,5.00000000000000000000e+00,8.00000000000000000000e+00,1.95800000000000001821e-01,2.51900000000000012790e-01,1.97699999999999986855e-01,
6.50000000000000000000e+01,5.00000000000000000000e+00,1.00000000000000000000e+01,1.72899999999999998135e-01,2.34699999999999991962e-01,1.97699999999999986855e-01,
6.50000000000000000000e+01,5.00000000000000000000e+00,1.20000000000000000000e+01,1.50499999999999994893e-01,2.17200000000000004174e-01,1.97699999999999986855e-01,
6.50000000000000000000e+01,5.00000000000000000000e+00,1.40000000000000000000e+01,1.32000000000000006217e-01,2.02100000000000001865e-01,1.97699999999999986855e-01,
6.50000000000000000000e+01,5.00000000000000000000e+00,1.60000000000000000000e+01,1.13199999999999995071e-01,1.86299999999999993383e-01,1.97699999999999986855e-01,
6.50000000000000000000e+01,5.00000000000000000000e+00,1.80000000000000000000e+01,9.80000000000000037748e-02,1.71999999999999986233e-01,1.97699999999999986855e-01,
6.50000000000000000000e+01,5.00000000000000000000e+00,2.00000000000000000000e+01,8.59999999999999931166e-02,1.60000000000000003331e-01,1.97699999999999986855e-01,
6.50000000000000000000e+01,6.00000000000000000000e+00,2.00000000000000000000e+00,2.84200000000000008171e-01,3.06300000000000016698e-01,3.00300000000000011369e-01,
6.50000000000000000000e+01,6.00000000000000000000e+00,4.00000000000000000000e+00,2.57900000000000018119e-01,2.93800000000000005596e-01,3.00300000000000011369e-01,
6.50000000000000000000e+01,6.00000000000000000000e+00,6.00000000000000000000e+00,2.32000000000000011768e-01,2.78899999999999981259e-01,3.00300000000000011369e-01,
6.50000000000000000000e+01,6.00000000000000000000e+00,8.00000000000000000000e+00,2.08800000000000013367e-01,2.63500000000000011990e-01,3.00300000000000011369e-01,
6.50000000000000000000e+01,6.00000000000000000000e+00,1.00000000000000000000e+01,1.88299999999999995159e-01,2.48700000000000004396e-01,3.00300000000000011369e-01,
6.50000000000000000000e+01,6.00000000000000000000e+00,1.20000000000000000000e+01,1.68500000000000010880e-01,2.33899999999999996803e-01,3.00300000000000011369e-01,
6.50000000000000000000e+01,6.00000000000000000000e+00,1.40000000000000000000e+01,1.49600000000000010747e-01,2.19299999999999994937e-01,3.00300000000000011369e-01,
6.50000000000000000000e+01,6.00000000000000000000e+00,1.60000000000000000000e+01,1.31000000000000005329e-01,2.04800000000000009814e-01,3.00300000000000011369e-01,
6.50000000000000000000e+01,6.00000000000000000000e+00,1.80000000000000000000e+01,1.17000000000000006772e-01,1.92000000000000003997e-01,3.00300000000000011369e-01,
6.50000000000000000000e+01,6.00000000000000000000e+00,2.00000000000000000000e+01,1.01999999999999993450e-01,1.80999999999999994227e-01,3.00300000000000011369e-01,
6.50000000000000000000e+01,7.00000000000000000000e+00,2.00000000000000000000e+00,2.87499999999999977796e-01,3.07800000000000018030e-01,4.30600000000000038280e-01,
6.50000000000000000000e+01,7.00000000000000000000e+00,4.00000000000000000000e+00,2.63299999999999978506e-01,2.97200000000000019718e-01,4.30600000000000038280e-01,
6.50000000000000000000e+01,7.00000000000000000000e+00,6.00000000000000000000e+00,2.40999999999999992006e-01,2.85399999999999987033e-01,4.30600000000000038280e-01,
6.50000000000000000000e+01,7.00000000000000000000e+00,8.00000000000000000000e+00,2.20400000000000012568e-01,2.72899999999999975930e-01,4.30600000000000038280e-01,
6.50000000000000000000e+01,7.00000000000000000000e+00,1.00000000000000000000e+01,1.98599999999999998757e-01,2.57900000000000018119e-01,4.30600000000000038280e-01,
6.50000000000000000000e+01,7.00000000000000000000e+00,1.20000000000000000000e+01,1.77800000000000013589e-01,2.42999999999999993783e-01,4.30600000000000038280e-01,
6.50000000000000000000e+01,7.00000000000000000000e+00,1.40000000000000000000e+01,1.61500000000000004663e-01,2.30699999999999988409e-01,4.30600000000000038280e-01,
6.50000000000000000000e+01,7.00000000000000000000e+00,1.60000000000000000000e+01,1.44999999999999990008e-01,2.19000000000000000222e-01,4.30600000000000038280e-01,
6.50000000000000000000e+01,7.00000000000000000000e+00,1.80000000000000000000e+01,1.28000000000000002665e-01,2.05999999999999988676e-01,4.30600000000000038280e-01,
6.50000000000000000000e+01,7.00000000000000000000e+00,2.00000000000000000000e+01,1.14000000000000004108e-01,1.95000000000000006661e-01,4.30600000000000038280e-01,
6.50000000000000000000e+01,8.00000000000000000000e+00,2.00000000000000000000e+00,2.90800000000000002931e-01,3.09599999999999986322e-01,5.90999999999999969802e-01,
6.50000000000000000000e+01,8.00000000000000000000e+00,4.00000000000000000000e+00,2.67100000000000004086e-01,2.99800000000000010925e-01,5.90999999999999969802e-01,
6.50000000000000000000e+01,8.00000000000000000000e+00,6.00000000000000000000e+00,2.45700000000000001732e-01,2.88800000000000001155e-01,5.90999999999999969802e-01,
6.50000000000000000000e+01,8.00000000000000000000e+00,8.00000000000000000000e+00,2.23700000000000009948e-01,2.76100000000000012079e-01,5.90999999999999969802e-01,
6.50000000000000000000e+01,8.00000000000000000000e+00,1.00000000000000000000e+01,2.03999999999999986899e-01,2.63000000000000011546e-01,5.90999999999999969802e-01,
6.50000000000000000000e+01,8.00000000000000000000e+00,1.20000000000000000000e+01,1.81999999999999995115e-01,2.46999999999999997335e-01,5.90999999999999969802e-01,
6.50000000000000000000e+01,8.00000000000000000000e+00,1.40000000000000000000e+01,1.66000000000000008660e-01,2.35999999999999987566e-01,5.90999999999999969802e-01,
6.50000000000000000000e+01,8.00000000000000000000e+00,1.60000000000000000000e+01,1.47999999999999992673e-01,2.21000000000000001998e-01,5.90999999999999969802e-01,
6.50000000000000000000e+01,8.00000000000000000000e+00,1.80000000000000000000e+01,1.32000000000000006217e-01,2.06999999999999989564e-01,5.90999999999999969802e-01,
6.50000000000000000000e+01,9.00000000000000000000e+00,2.00000000000000000000e+00,2.91899999999999992806e-01,3.10199999999999975753e-01,7.86599999999999965894e-01,
6.50000000000000000000e+01,9.00000000000000000000e+00,4.00000000000000000000e+00,2.67500000000000015543e-01,3.00499999999999989342e-01,7.86599999999999965894e-01,
6.50000000000000000000e+01,9.00000000000000000000e+00,6.00000000000000000000e+00,2.45999999999999996447e-01,2.89999999999999980016e-01,7.86599999999999965894e-01,
6.50000000000000000000e+01,9.00000000000000000000e+00,8.00000000000000000000e+00,2.28000000000000008216e-01,2.81000000000000027534e-01,7.86599999999999965894e-01,
6.50000000000000000000e+01,9.00000000000000000000e+00,1.00000000000000000000e+01,2.09999999999999992228e-01,2.72000000000000019540e-01,7.86599999999999965894e-01,
6.50000000000000000000e+01,9.00000000000000000000e+00,1.20000000000000000000e+01,1.91000000000000003109e-01,2.60000000000000008882e-01,7.86599999999999965894e-01,
6.50000000000000000000e+01,9.00000000000000000000e+00,1.40000000000000000000e+01,1.74999999999999988898e-01,2.51000000000000000888e-01,7.86599999999999965894e-01,
6.50000000000000000000e+01,9.00000000000000000000e+00,1.60000000000000000000e+01,1.57000000000000000666e-01,2.40999999999999992006e-01,7.86599999999999965894e-01,
6.50000000000000000000e+01,1.00000000000000000000e+01,2.00000000000000000000e+00,2.93999999999999983569e-01,3.11999999999999999556e-01,1.02569999999999983409e+00,
6.50000000000000000000e+01,1.00000000000000000000e+01,4.00000000000000000000e+00,2.68000000000000015987e-01,3.01999999999999990674e-01,1.02569999999999983409e+00,
6.50000000000000000000e+01,1.00000000000000000000e+01,6.00000000000000000000e+00,2.47999999999999998224e-01,2.95999999999999985345e-01,1.02569999999999983409e+00,
6.50000000000000000000e+01,1.00000000000000000000e+01,8.00000000000000000000e+00,2.30000000000000009992e-01,2.87999999999999978240e-01,1.02569999999999983409e+00,
6.75000000000000000000e+01,2.00000000000000011102e-01,2.00000000000000000000e+00,1.20999999999999996447e-01,1.57000000000000000666e-01,2.36999999999999988454e-01,
6.75000000000000000000e+01,2.00000000000000011102e-01,4.00000000000000000000e+00,7.39999999999999963363e-02,1.08999999999999999667e-01,2.36999999999999988454e-01,
6.75000000000000000000e+01,4.00000000000000022204e-01,2.00000000000000000000e+00,1.75999999999999989786e-01,2.12999999999999994893e-01,4.67000000000000026201e-01,
6.75000000000000000000e+01,4.00000000000000022204e-01,4.00000000000000000000e+00,1.13000000000000003220e-01,1.50999999999999995337e-01,4.67000000000000026201e-01,
6.75000000000000000000e+01,4.00000000000000022204e-01,6.00000000000000000000e+00,8.10000000000000025535e-02,1.11000000000000001443e-01,4.67000000000000026201e-01,
6.75000000000000000000e+01,5.99999999999999977796e-01,2.00000000000000000000e+00,2.03999999999999986899e-01,2.34999999999999986677e-01,6.98999999999999954703e-01,
6.75000000000000000000e+01,5.99999999999999977796e-01,4.00000000000000000000e+00,1.42999999999999988232e-01,1.77999999999999991562e-01,6.98999999999999954703e-01,
6.75000000000000000000e+01,5.99999999999999977796e-01,6.00000000000000000000e+00,9.90000000000000046629e-02,1.36000000000000009770e-01,6.98999999999999954703e-01,
6.75000000000000000000e+01,5.99999999999999977796e-01,8.00000000000000000000e+00,5.99999999999999977796e-02,9.60000000000000019984e-02,6.98999999999999954703e-01,
6.75000000000000000000e+01,8.00000000000000044409e-01,2.00000000000000000000e+00,2.20000000000000001110e-01,2.48999999999999999112e-01,9.42999999999999949374e-01,
6.75000000000000000000e+01,8.00000000000000044409e-01,4.00000000000000000000e+00,1.60000000000000003331e-01,1.96000000000000007550e-01,9.42999999999999949374e-01,
6.75000000000000000000e+01,8.00000000000000044409e-01,6.00000000000000000000e+00,1.15000000000000004996e-01,1.52999999999999997113e-01,9.42999999999999949374e-01,
6.75000000000000000000e+01,8.00000000000000044409e-01,8.00000000000000000000e+00,8.20000000000000034417e-02,1.19999999999999995559e-01,9.42999999999999949374e-01,
6.75000000000000000000e+01,8.00000000000000044409e-01,1.00000000000000000000e+01,4.90000000000000018874e-02,8.89999999999999957812e-02,9.42999999999999949374e-01,
6.75000000000000000000e+01,1.00000000000000000000e+00,2.00000000000000000000e+00,2.29099999999999998090e-01,2.57900000000000018119e-01,1.20999999999999996447e+00,
6.75000000000000000000e+01,1.00000000000000000000e+00,4.00000000000000000000e+00,1.71600000000000002531e-01,2.04800000000000009814e-01,1.20999999999999996447e+00,
6.75000000000000000000e+01,1.00000000000000000000e+00,6.00000000000000000000e+00,1.30299999999999999156e-01,1.63899999999999990141e-01,1.20999999999999996447e+00,
6.75000000000000000000e+01,1.00000000000000000000e+00,8.00000000000000000000e+00,9.67999999999999971578e-02,1.28000000000000002665e-01,1.20999999999999996447e+00,
6.75000000000000000000e+01,1.00000000000000000000e+00,1.00000000000000000000e+01,7.09999999999999936717e-02,9.70000000000000028866e-02,1.20999999999999996447e+00,
6.75000000000000000000e+01,2.00000000000000000000e+00,2.00000000000000000000e+00,2.54500000000000003997e-01,2.79899999999999982148e-01,3.12599999999999961231e-02,
6.75000000000000000000e+01,2.00000000000000000000e+00,4.00000000000000000000e+00,2.06300000000000011147e-01,2.39999999999999991118e-01,3.12599999999999961231e-02,
6.75000000000000000000e+01,2.00000000000000000000e+00,6.00000000000000000000e+00,1.65800000000000002931e-01,2.02600000000000002309e-01,3.12599999999999961231e-02,
6.75000000000000000000e+01,2.00000000000000000000e+00,8.00000000000000000000e+00,1.31300000000000000044e-01,1.69199999999999989297e-01,3.12599999999999961231e-02,
6.75000000000000000000e+01,2.00000000000000000000e+00,1.00000000000000000000e+01,1.05099999999999998979e-01,1.42199999999999993072e-01,3.12599999999999961231e-02,
6.75000000000000000000e+01,2.00000000000000000000e+00,1.20000000000000000000e+01,8.79999999999999948930e-02,1.23999999999999999112e-01,3.12599999999999961231e-02,
6.75000000000000000000e+01,2.00000000000000000000e+00,1.40000000000000000000e+01,7.00000000000000066613e-02,1.05999999999999997002e-01,3.12599999999999961231e-02,
6.75000000000000000000e+01,3.00000000000000000000e+00,2.00000000000000000000e+00,2.61599999999999999201e-01,2.85700000000000009504e-01,6.55000000000000026645e-02,
6.75000000000000000000e+01,3.00000000000000000000e+00,4.00000000000000000000e+00,2.20000000000000001110e-01,2.53599999999999992095e-01,6.55000000000000026645e-02,
6.75000000000000000000e+01,3.00000000000000000000e+00,6.00000000000000000000e+00,1.87500000000000000000e-01,2.25800000000000000711e-01,6.55000000000000026645e-02,
6.75000000000000000000e+01,3.00000000000000000000e+00,8.00000000000000000000e+00,1.58299999999999996270e-01,1.98699999999999987743e-01,6.55000000000000026645e-02,
6.75000000000000000000e+01,3.00000000000000000000e+00,1.00000000000000000000e+01,1.34300000000000002709e-01,1.75600000000000006084e-01,6.55000000000000026645e-02,
6.75000000000000000000e+01,3.00000000000000000000e+00,1.20000000000000000000e+01,1.13100000000000006084e-01,1.54200000000000003730e-01,6.55000000000000026645e-02,
6.75000000000000000000e+01,3.00000000000000000000e+00,1.40000000000000000000e+01,9.50000000000000011102e-02,1.36000000000000009770e-01,6.55000000000000026645e-02,
6.75000000000000000000e+01,3.00000000000000000000e+00,1.60000000000000000000e+01,8.30000000000000043299e-02,1.22999999999999998224e-01,6.55000000000000026645e-02,
6.75000000000000000000e+01,4.00000000000000000000e+00,2.00000000000000000000e+00,2.73299999999999987388e-01,2.94700000000000017497e-01,1.19999999999999995559e-01,
6.75000000000000000000e+01,4.00000000000000000000e+00,4.00000000000000000000e+00,2.38800000000000012257e-01,2.70399999999999973710e-01,1.19999999999999995559e-01,
6.75000000000000000000e+01,4.00000000000000000000e+00,6.00000000000000000000e+00,2.10199999999999997957e-01,2.46999999999999997335e-01,1.19999999999999995559e-01,
6.75000000000000000000e+01,4.00000000000000000000e+00,8.00000000000000000000e+00,1.82100000000000011857e-01,2.23200000000000009504e-01,1.19999999999999995559e-01,
6.75000000000000000000e+01,4.00000000000000000000e+00,1.00000000000000000000e+01,1.60099999999999992317e-01,2.02800000000000008038e-01,1.19999999999999995559e-01,
6.75000000000000000000e+01,4.00000000000000000000e+00,1.20000000000000000000e+01,1.39300000000000007150e-01,1.83700000000000002176e-01,1.19999999999999995559e-01,
6.75000000000000000000e+01,4.00000000000000000000e+00,1.40000000000000000000e+01,1.20399999999999993139e-01,1.65500000000000008216e-01,1.19999999999999995559e-01,
6.75000000000000000000e+01,4.00000000000000000000e+00,1.60000000000000000000e+01,1.01999999999999993450e-01,1.48999999999999993561e-01,1.19999999999999995559e-01,
6.75000000000000000000e+01,4.00000000000000000000e+00,1.80000000000000000000e+01,9.09999999999999975575e-02,1.38000000000000011546e-01,1.19999999999999995559e-01,
6.75000000000000000000e+01,5.00000000000000000000e+00,2.00000000000000000000e+00,2.80299999999999993605e-01,2.99999999999999988898e-01,1.97699999999999986855e-01,
6.75000000000000000000e+01,5.00000000000000000000e+00,4.00000000000000000000e+00,2.51099999999999989875e-01,2.80799999999999994049e-01,1.97699999999999986855e-01,
6.75000000000000000000e+01,5.00000000000000000000e+00,6.00000000000000000000e+00,2.24799999999999999822e-01,2.61199999999999987743e-01,1.97699999999999986855e-01,
6.75000000000000000000e+01,5.00000000000000000000e+00,8.00000000000000000000e+00,2.00699999999999989519e-01,2.41699999999999998179e-01,1.97699999999999986855e-01,
6.75000000000000000000e+01,5.00000000000000000000e+00,1.00000000000000000000e+01,1.79199999999999998179e-01,2.23000000000000003775e-01,1.97699999999999986855e-01,
6.75000000000000000000e+01,5.00000000000000000000e+00,1.20000000000000000000e+01,1.58400000000000013012e-01,2.04199999999999992628e-01,1.97699999999999986855e-01,
6.75000000000000000000e+01,5.00000000000000000000e+00,1.40000000000000000000e+01,1.40399999999999997025e-01,1.87799999999999994715e-01,1.97699999999999986855e-01,
6.75000000000000000000e+01,5.00000000000000000000e+00,1.60000000000000000000e+01,1.22999999999999998224e-01,1.71100000000000002087e-01,1.97699999999999986855e-01,
6.75000000000000000000e+01,5.00000000000000000000e+00,1.80000000000000000000e+01,1.08999999999999999667e-01,1.57000000000000000666e-01,1.97699999999999986855e-01,
6.75000000000000000000e+01,5.00000000000000000000e+00,2.00000000000000000000e+01,9.80000000000000037748e-02,1.45999999999999990896e-01,1.97699999999999986855e-01,
6.75000000000000000000e+01,6.00000000000000000000e+00,2.00000000000000000000e+00,2.85399999999999987033e-01,3.03700000000000025491e-01,3.00300000000000011369e-01,
6.75000000000000000000e+01,6.00000000000000000000e+00,4.00000000000000000000e+00,2.60199999999999986855e-01,2.88100000000000022737e-01,3.00300000000000011369e-01,
6.75000000000000000000e+01,6.00000000000000000000e+00,6.00000000000000000000e+00,2.35199999999999992406e-01,2.70799999999999985167e-01,3.00300000000000011369e-01,
6.75000000000000000000e+01,6.00000000000000000000e+00,8.00000000000000000000e+00,2.13200000000000000622e-01,2.53699999999999981082e-01,3.00300000000000011369e-01,
6.75000000000000000000e+01,6.00000000000000000000e+00,1.00000000000000000000e+01,1.93399999999999988587e-01,2.37399999999999999911e-01,3.00300000000000011369e-01,
6.75000000000000000000e+01,6.00000000000000000000e+00,1.20000000000000000000e+01,1.73399999999999998579e-01,2.20299999999999995826e-01,3.00300000000000011369e-01,
6.75000000000000000000e+01,6.00000000000000000000e+00,1.40000000000000000000e+01,1.55599999999999988320e-01,2.04300000000000009370e-01,3.00300000000000011369e-01,
6.75000000000000000000e+01,6.00000000000000000000e+00,1.60000000000000000000e+01,1.37600000000000000089e-01,1.87900000000000011458e-01,3.00300000000000011369e-01,
6.75000000000000000000e+01,6.00000000000000000000e+00,1.80000000000000000000e+01,1.22999999999999998224e-01,1.73999999999999988010e-01,3.00300000000000011369e-01,
6.75000000000000000000e+01,6.00000000000000000000e+00,2.00000000000000000000e+01,1.11000000000000001443e-01,1.62000000000000005107e-01,3.00300000000000011369e-01,
6.75000000000000000000e+01,6.00000000000000000000e+00,2.20000000000000000000e+01,1.00000000000000005551e-01,1.50999999999999995337e-01,3.00300000000000011369e-01,
6.75000000000000000000e+01,7.00000000000000000000e+00,2.00000000000000000000e+00,2.88800000000000001155e-01,3.05800000000000016254e-01,4.30600000000000038280e-01,
6.75000000000000000000e+01,7.00000000000000000000e+00,4.00000000000000000000e+00,2.65100000000000002309e-01,2.92700000000000015721e-01,4.30600000000000038280e-01,
6.75000000000000000000e+01,7.00000000000000000000e+00,6.00000000000000000000e+00,2.43600000000000010969e-01,2.78700000000000003286e-01,4.30600000000000038280e-01,
6.75000000000000000000e+01,7.00000000000000000000e+00,8.00000000000000000000e+00,2.22500000000000003331e-01,2.63100000000000000533e-01,4.30600000000000038280e-01,
6.75000000000000000000e+01,7.00000000000000000000e+00,1.00000000000000000000e+01,2.01600000000000001421e-01,2.46600000000000013634e-01,4.30600000000000038280e-01,
6.75000000000000000000e+01,7.00000000000000000000e+00,1.20000000000000000000e+01,1.81799999999999989386e-01,2.30300000000000004707e-01,4.30600000000000038280e-01,
6.75000000000000000000e+01,7.00000000000000000000e+00,1.40000000000000000000e+01,1.65000000000000007772e-01,2.15999999999999997558e-01,4.30600000000000038280e-01,
6.75000000000000000000e+01,7.00000000000000000000e+00,1.60000000000000000000e+01,1.48999999999999993561e-01,2.02000000000000012879e-01,4.30600000000000038280e-01,
6.75000000000000000000e+01,7.00000000000000000000e+00,1.80000000000000000000e+01,1.32000000000000006217e-01,1.86999999999999999556e-01,4.30600000000000038280e-01,
6.75000000000000000000e+01,7.00000000000000000000e+00,2.00000000000000000000e+01,1.20999999999999996447e-01,1.74999999999999988898e-01,4.30600000000000038280e-01,
6.75000000000000000000e+01,8.00000000000000000000e+00,2.00000000000000000000e+00,2.92200000000000015277e-01,3.07699999999999973532e-01,5.90999999999999969802e-01,
6.75000000000000000000e+01,8.00000000000000000000e+00,4.00000000000000000000e+00,2.68799999999999983391e-01,2.95599999999999973888e-01,5.90999999999999969802e-01,
6.75000000000000000000e+01,8.00000000000000000000e+00,6.00000000000000000000e+00,2.47200000000000003064e-01,2.82100000000000017408e-01,5.90999999999999969802e-01,
6.75000000000000000000e+01,8.00000000000000000000e+00,8.00000000000000000000e+00,2.25200000000000011280e-01,2.66799999999999981615e-01,5.90999999999999969802e-01,
6.75000000000000000000e+01,8.00000000000000000000e+00,1.00000000000000000000e+01,2.04999999999999987788e-01,2.50000000000000000000e-01,5.90999999999999969802e-01,
6.75000000000000000000e+01,8.00000000000000000000e+00,1.20000000000000000000e+01,1.83999999999999996891e-01,2.33000000000000012657e-01,5.90999999999999969802e-01,
6.75000000000000000000e+01,8.00000000000000000000e+00,1.40000000000000000000e+01,1.68000000000000010436e-01,2.19000000000000000222e-01,5.90999999999999969802e-01,
6.75000000000000000000e+01,8.00000000000000000000e+00,1.60000000000000000000e+01,1.50999999999999995337e-01,2.03999999999999986899e-01,5.90999999999999969802e-01,
6.75000000000000000000e+01,9.00000000000000000000e+00,2.00000000000000000000e+00,2.93700000000000016609e-01,3.08699999999999974420e-01,7.86599999999999965894e-01,
6.75000000000000000000e+01,9.00000000000000000000e+00,4.00000000000000000000e+00,2.68799999999999983391e-01,2.96099999999999974332e-01,7.86599999999999965894e-01,
6.75000000000000000000e+01,9.00000000000000000000e+00,6.00000000000000000000e+00,2.46999999999999997335e-01,2.84999999999999975575e-01,7.86599999999999965894e-01,
6.75000000000000000000e+01,9.00000000000000000000e+00,8.00000000000000000000e+00,2.28000000000000008216e-01,2.73000000000000020428e-01,7.86599999999999965894e-01,
6.75000000000000000000e+01,9.00000000000000000000e+00,1.00000000000000000000e+01,2.10999999999999993117e-01,2.62000000000000010658e-01,7.86599999999999965894e-01,
6.75000000000000000000e+01,9.00000000000000000000e+00,1.20000000000000000000e+01,1.94000000000000005773e-01,2.52000000000000001776e-01,7.86599999999999965894e-01,
6.75000000000000000000e+01,1.00000000000000000000e+01,2.00000000000000000000e+00,2.94999999999999984457e-01,3.09999999999999997780e-01,1.02569999999999983409e+00,
6.75000000000000000000e+01,1.00000000000000000000e+01,4.00000000000000000000e+00,2.69000000000000016875e-01,2.97999999999999987121e-01,1.02569999999999983409e+00,
6.75000000000000000000e+01,1.00000000000000000000e+01,6.00000000000000000000e+00,2.48999999999999999112e-01,2.86999999999999977351e-01,1.02569999999999983409e+00,
7.00000000000000000000e+01,2.00000000000000011102e-01,2.00000000000000000000e+00,1.33000000000000007105e-01,1.48999999999999993561e-01,2.36999999999999988454e-01,
7.00000000000000000000e+01,2.00000000000000011102e-01,4.00000000000000000000e+00,8.79999999999999948930e-02,1.01999999999999993450e-01,2.36999999999999988454e-01,
7.00000000000000000000e+01,2.00000000000000011102e-01,6.00000000000000000000e+00,6.30000000000000004441e-02,7.39999999999999963363e-02,2.36999999999999988454e-01,
7.00000000000000000000e+01,4.00000000000000022204e-01,2.00000000000000000000e+00,1.82999999999999996003e-01,2.03000000000000013767e-01,4.67000000000000026201e-01,
7.00000000000000000000e+01,4.00000000000000022204e-01,4.00000000000000000000e+00,1.26000000000000000888e-01,1.44999999999999990008e-01,4.67000000000000026201e-01,
7.00000000000000000000e+01,4.00000000000000022204e-01,6.00000000000000000000e+00,9.29999999999999993339e-02,1.04999999999999996114e-01,4.67000000000000026201e-01,
7.00000000000000000000e+01,4.00000000000000022204e-01,8.00000000000000000000e+00,6.70000000000000039968e-02,6.70000000000000039968e-02,4.67000000000000026201e-01,
7.00000000000000000000e+01,5.99999999999999977796e-01,2.00000000000000000000e+00,2.08999999999999991340e-01,2.27000000000000007327e-01,6.98999999999999954703e-01,
7.00000000000000000000e+01,5.99999999999999977796e-01,4.00000000000000000000e+00,1.52999999999999997113e-01,1.71999999999999986233e-01,6.98999999999999954703e-01,
7.00000000000000000000e+01,5.99999999999999977796e-01,6.00000000000000000000e+00,1.15000000000000004996e-01,1.28000000000000002665e-01,6.98999999999999954703e-01,
7.00000000000000000000e+01,5.99999999999999977796e-01,8.00000000000000000000e+00,8.40000000000000052180e-02,9.09999999999999975575e-02,6.98999999999999954703e-01,
7.00000000000000000000e+01,8.00000000000000044409e-01,2.00000000000000000000e+00,2.22000000000000002887e-01,2.40999999999999992006e-01,9.42999999999999949374e-01,
7.00000000000000000000e+01,8.00000000000000044409e-01,4.00000000000000000000e+00,1.68000000000000010436e-01,1.86999999999999999556e-01,9.42999999999999949374e-01,
7.00000000000000000000e+01,8.00000000000000044409e-01,6.00000000000000000000e+00,1.28000000000000002665e-01,1.44999999999999990008e-01,9.42999999999999949374e-01,
7.00000000000000000000e+01,8.00000000000000044409e-01,8.00000000000000000000e+00,9.70000000000000028866e-02,1.12000000000000002331e-01,9.42999999999999949374e-01,
7.00000000000000000000e+01,8.00000000000000044409e-01,1.00000000000000000000e+01,7.09999999999999936717e-02,8.30000000000000043299e-02,9.42999999999999949374e-01,
7.00000000000000000000e+01,1.00000000000000000000e+00,2.00000000000000000000e+00,2.30899999999999994138e-01,2.49099999999999988098e-01,1.20999999999999996447e+00,
7.00000000000000000000e+01,1.00000000000000000000e+00,4.00000000000000000000e+00,1.78299999999999986278e-01,1.97399999999999992140e-01,1.20999999999999996447e+00,
7.00000000000000000000e+01,1.00000000000000000000e+00,6.00000000000000000000e+00,1.39199999999999990408e-01,1.56299999999999994493e-01,1.20999999999999996447e+00,
7.00000000000000000000e+01,1.00000000000000000000e+00,8.00000000000000000000e+00,1.07700000000000004063e-01,1.21800000000000005485e-01,1.20999999999999996447e+00,
7.00000000000000000000e+01,1.00000000000000000000e+00,1.00000000000000000000e+01,8.40000000000000052180e-02,9.40000000000000002220e-02,1.20999999999999996447e+00,
7.00000000000000000000e+01,2.00000000000000000000e+00,2.00000000000000000000e+00,2.55800000000000027356e-01,2.72500000000000019984e-01,3.12599999999999961231e-02,
7.00000000000000000000e+01,2.00000000000000000000e+00,4.00000000000000000000e+00,2.10199999999999997957e-01,2.31300000000000005596e-01,3.12599999999999961231e-02,
7.00000000000000000000e+01,2.00000000000000000000e+00,6.00000000000000000000e+00,1.71600000000000002531e-01,1.93700000000000011058e-01,3.12599999999999961231e-02,
7.00000000000000000000e+01,2.00000000000000000000e+00,8.00000000000000000000e+00,1.39600000000000001865e-01,1.60299999999999998046e-01,3.12599999999999961231e-02,
7.00000000000000000000e+01,2.00000000000000000000e+00,1.00000000000000000000e+01,1.15699999999999997291e-01,1.34599999999999997424e-01,3.12599999999999961231e-02,
7.00000000000000000000e+01,2.00000000000000000000e+00,1.20000000000000000000e+01,9.90000000000000046629e-02,1.15000000000000004996e-01,3.12599999999999961231e-02,
7.00000000000000000000e+01,2.00000000000000000000e+00,1.40000000000000000000e+01,8.30000000000000043299e-02,9.70000000000000028866e-02,3.12599999999999961231e-02,
7.00000000000000000000e+01,3.00000000000000000000e+00,2.00000000000000000000e+00,2.63100000000000000533e-01,2.80100000000000015632e-01,6.55000000000000026645e-02,
7.00000000000000000000e+01,3.00000000000000000000e+00,4.00000000000000000000e+00,2.24599999999999994094e-01,2.46700000000000002620e-01,6.55000000000000026645e-02,
7.00000000000000000000e+01,3.00000000000000000000e+00,6.00000000000000000000e+00,1.93299999999999999600e-01,2.17299999999999993161e-01,6.55000000000000026645e-02,
7.00000000000000000000e+01,3.00000000000000000000e+00,8.00000000000000000000e+00,1.65800000000000002931e-01,1.90500000000000002665e-01,6.55000000000000026645e-02,
7.00000000000000000000e+01,3.00000000000000000000e+00,1.00000000000000000000e+01,1.43199999999999993960e-01,1.67500000000000009992e-01,6.55000000000000026645e-02,
7.00000000000000000000e+01,3.00000000000000000000e+00,1.20000000000000000000e+01,1.22800000000000006373e-01,1.45999999999999990896e-01,6.55000000000000026645e-02,
7.00000000000000000000e+01,3.00000000000000000000e+00,1.40000000000000000000e+01,1.06499999999999997446e-01,1.28500000000000003109e-01,6.55000000000000026645e-02,
7.00000000000000000000e+01,3.00000000000000000000e+00,1.60000000000000000000e+01,9.50000000000000011102e-02,1.15000000000000004996e-01,6.55000000000000026645e-02,
7.00000000000000000000e+01,3.00000000000000000000e+00,1.80000000000000000000e+01,8.40000000000000052180e-02,1.00000000000000005551e-01,6.55000000000000026645e-02,
7.00000000000000000000e+01,4.00000000000000000000e+00,2.00000000000000000000e+00,2.75299999999999989164e-01,2.90999999999999980904e-01,1.19999999999999995559e-01,
7.00000000000000000000e+01,4.00000000000000000000e+00,4.00000000000000000000e+00,2.42900000000000004796e-01,2.64799999999999979838e-01,1.19999999999999995559e-01,
7.00000000000000000000e+01,4.00000000000000000000e+00,6.00000000000000000000e+00,2.15700000000000002842e-01,2.40699999999999997291e-01,1.19999999999999995559e-01,
7.00000000000000000000e+01,4.00000000000000000000e+00,8.00000000000000000000e+00,1.89299999999999996048e-01,2.15999999999999997558e-01,1.19999999999999995559e-01,
7.00000000000000000000e+01,4.00000000000000000000e+00,1.00000000000000000000e+01,1.68099999999999999423e-01,1.95399999999999990363e-01,1.19999999999999995559e-01,
7.00000000000000000000e+01,4.00000000000000000000e+00,1.20000000000000000000e+01,1.48699999999999998845e-01,1.75999999999999989786e-01,1.19999999999999995559e-01,
7.00000000000000000000e+01,4.00000000000000000000e+00,1.40000000000000000000e+01,1.31000000000000005329e-01,1.58000000000000001554e-01,1.19999999999999995559e-01,
7.00000000000000000000e+01,4.00000000000000000000e+00,1.60000000000000000000e+01,1.15500000000000005440e-01,1.41600000000000003642e-01,1.19999999999999995559e-01,
7.00000000000000000000e+01,4.00000000000000000000e+00,1.80000000000000000000e+01,1.02999999999999994338e-01,1.28000000000000002665e-01,1.19999999999999995559e-01,
7.00000000000000000000e+01,4.00000000000000000000e+00,2.00000000000000000000e+01,9.19999999999999984457e-02,1.17000000000000006772e-01,1.19999999999999995559e-01,
7.00000000000000000000e+01,5.00000000000000000000e+00,2.00000000000000000000e+00,2.82100000000000017408e-01,2.96599999999999974776e-01,1.97699999999999986855e-01,
7.00000000000000000000e+01,5.00000000000000000000e+00,4.00000000000000000000e+00,2.54699999999999981970e-01,2.75700000000000000622e-01,1.97699999999999986855e-01,
7.00000000000000000000e+01,5.00000000000000000000e+00,6.00000000000000000000e+00,2.29899999999999993250e-01,2.54800000000000026468e-01,1.97699999999999986855e-01,
7.00000000000000000000e+01,5.00000000000000000000e+00,8.00000000000000000000e+00,2.06699999999999994849e-01,2.34399999999999997247e-01,1.97699999999999986855e-01,
7.00000000000000000000e+01,5.00000000000000000000e+00,1.00000000000000000000e+01,1.85999999999999998668e-01,2.14900000000000007683e-01,1.97699999999999986855e-01,
7.00000000000000000000e+01,5.00000000000000000000e+00,1.20000000000000000000e+01,1.66599999999999998090e-01,1.96399999999999991251e-01,1.97699999999999986855e-01,
7.00000000000000000000e+01,5.00000000000000000000e+00,1.40000000000000000000e+01,1.49199999999999999289e-01,1.79699999999999998623e-01,1.97699999999999986855e-01,
7.00000000000000000000e+01,5.00000000000000000000e+00,1.60000000000000000000e+01,1.32599999999999995648e-01,1.63200000000000011724e-01,1.97699999999999986855e-01,
7.00000000000000000000e+01,5.00000000000000000000e+00,1.80000000000000000000e+01,1.20300000000000004152e-01,1.50499999999999994893e-01,1.97699999999999986855e-01,
7.00000000000000000000e+01,5.00000000000000000000e+00,2.00000000000000000000e+01,1.07999999999999998779e-01,1.37000000000000010658e-01,1.97699999999999986855e-01,
7.00000000000000000000e+01,5.00000000000000000000e+00,2.20000000000000000000e+01,9.60000000000000019984e-02,1.26000000000000000888e-01,1.97699999999999986855e-01,
7.00000000000000000000e+01,6.00000000000000000000e+00,2.00000000000000000000e+00,2.87100000000000021849e-01,3.01200000000000023270e-01,3.00300000000000011369e-01,
7.00000000000000000000e+01,6.00000000000000000000e+00,4.00000000000000000000e+00,2.63699999999999989964e-01,2.83999999999999974687e-01,3.00300000000000011369e-01,
7.00000000000000000000e+01,6.00000000000000000000e+00,6.00000000000000000000e+00,2.39900000000000002132e-01,2.65000000000000013323e-01,3.00300000000000011369e-01,
7.00000000000000000000e+01,6.00000000000000000000e+00,8.00000000000000000000e+00,2.18900000000000011235e-01,2.46799999999999991607e-01,3.00300000000000011369e-01,
7.00000000000000000000e+01,6.00000000000000000000e+00,1.00000000000000000000e+01,2.00000000000000011102e-01,2.29800000000000004263e-01,3.00300000000000011369e-01,
7.00000000000000000000e+01,6.00000000000000000000e+00,1.20000000000000000000e+01,1.80299999999999988054e-01,2.11400000000000004574e-01,3.00300000000000011369e-01,
7.00000000000000000000e+01,6.00000000000000000000e+00,1.40000000000000000000e+01,1.62899999999999989253e-01,1.94700000000000011946e-01,3.00300000000000011369e-01,
7.00000000000000000000e+01,6.00000000000000000000e+00,1.60000000000000000000e+01,1.45400000000000001465e-01,1.77800000000000013589e-01,3.00300000000000011369e-01,
7.00000000000000000000e+01,6.00000000000000000000e+00,1.80000000000000000000e+01,1.31000000000000005329e-01,1.64000000000000006883e-01,3.00300000000000011369e-01,
7.00000000000000000000e+01,6.00000000000000000000e+00,2.00000000000000000000e+01,1.19999999999999995559e-01,1.52999999999999997113e-01,3.00300000000000011369e-01,
7.00000000000000000000e+01,6.00000000000000000000e+00,2.20000000000000000000e+01,1.11000000000000001443e-01,1.43999999999999989120e-01,3.00300000000000011369e-01,
7.00000000000000000000e+01,6.00000000000000000000e+00,2.40000000000000000000e+01,9.90000000000000046629e-02,1.33000000000000007105e-01,3.00300000000000011369e-01,
7.00000000000000000000e+01,7.00000000000000000000e+00,2.00000000000000000000e+00,2.90800000000000002931e-01,3.03900000000000003464e-01,4.30600000000000038280e-01,
7.00000000000000000000e+01,7.00000000000000000000e+00,4.00000000000000000000e+00,2.68500000000000016431e-01,2.88600000000000023181e-01,4.30600000000000038280e-01,
7.00000000000000000000e+01,7.00000000000000000000e+00,6.00000000000000000000e+00,2.47799999999999992495e-01,2.72799999999999986944e-01,4.30600000000000038280e-01,
7.00000000000000000000e+01,7.00000000000000000000e+00,8.00000000000000000000e+00,2.27700000000000013500e-01,2.55900000000000016342e-01,4.30600000000000038280e-01,
7.00000000000000000000e+01,7.00000000000000000000e+00,1.00000000000000000000e+01,2.07800000000000012479e-01,2.38199999999999995071e-01,4.30600000000000038280e-01,
7.00000000000000000000e+01,7.00000000000000000000e+00,1.20000000000000000000e+01,1.88299999999999995159e-01,2.20299999999999995826e-01,4.30600000000000038280e-01,
7.00000000000000000000e+01,7.00000000000000000000e+00,1.40000000000000000000e+01,1.71999999999999986233e-01,2.05999999999999988676e-01,4.30600000000000038280e-01,
7.00000000000000000000e+01,7.00000000000000000000e+00,1.60000000000000000000e+01,1.55999999999999999778e-01,1.90000000000000002220e-01,4.30600000000000038280e-01,
7.00000000000000000000e+01,7.00000000000000000000e+00,1.80000000000000000000e+01,1.40999999999999986455e-01,1.75999999999999989786e-01,4.30600000000000038280e-01,
7.00000000000000000000e+01,7.00000000000000000000e+00,2.00000000000000000000e+01,1.28000000000000002665e-01,1.62000000000000005107e-01,4.30600000000000038280e-01,
7.00000000000000000000e+01,8.00000000000000000000e+00,2.00000000000000000000e+00,2.93499999999999983125e-01,3.06200000000000027711e-01,5.90999999999999969802e-01,
7.00000000000000000000e+01,8.00000000000000000000e+00,4.00000000000000000000e+00,2.71799999999999986056e-01,2.91100000000000025402e-01,5.90999999999999969802e-01,
7.00000000000000000000e+01,8.00000000000000000000e+00,6.00000000000000000000e+00,2.51199999999999978861e-01,2.76000000000000023093e-01,5.90999999999999969802e-01,
7.00000000000000000000e+01,8.00000000000000000000e+00,8.00000000000000000000e+00,2.29399999999999992806e-01,2.58699999999999985523e-01,5.90999999999999969802e-01,
7.00000000000000000000e+01,8.00000000000000000000e+00,1.00000000000000000000e+01,2.09999999999999992228e-01,2.41999999999999992895e-01,5.90999999999999969802e-01,
7.00000000000000000000e+01,8.00000000000000000000e+00,1.20000000000000000000e+01,1.90000000000000002220e-01,2.24000000000000004663e-01,5.90999999999999969802e-01,
7.00000000000000000000e+01,8.00000000000000000000e+00,1.40000000000000000000e+01,1.73999999999999988010e-01,2.05999999999999988676e-01,5.90999999999999969802e-01,
7.00000000000000000000e+01,9.00000000000000000000e+00,2.00000000000000000000e+00,2.94899999999999995470e-01,3.07599999999999984546e-01,7.86599999999999965894e-01,
7.00000000000000000000e+01,9.00000000000000000000e+00,4.00000000000000000000e+00,2.71199999999999996625e-01,2.92399999999999993250e-01,7.86599999999999965894e-01,
7.00000000000000000000e+01,9.00000000000000000000e+00,6.00000000000000000000e+00,2.50000000000000000000e-01,2.78000000000000024869e-01,7.86599999999999965894e-01,
7.00000000000000000000e+01,9.00000000000000000000e+00,8.00000000000000000000e+00,2.33000000000000012657e-01,2.65000000000000013323e-01,7.86599999999999965894e-01,
7.00000000000000000000e+01,9.00000000000000000000e+00,1.00000000000000000000e+01,2.15999999999999997558e-01,2.50000000000000000000e-01,7.86599999999999965894e-01,
7.00000000000000000000e+01,1.00000000000000000000e+01,2.00000000000000000000e+00,2.95999999999999985345e-01,3.08999999999999996891e-01,1.02569999999999983409e+00,
7.00000000000000000000e+01,1.00000000000000000000e+01,4.00000000000000000000e+00,2.72000000000000019540e-01,2.93999999999999983569e-01,1.02569999999999983409e+00,
7.00000000000000000000e+01,1.00000000000000000000e+01,6.00000000000000000000e+00,2.51000000000000000888e-01,2.80000000000000026645e-01,1.02569999999999983409e+00,
7.25000000000000000000e+01,2.00000000000000011102e-01,2.00000000000000000000e+00,1.46999999999999991784e-01,1.42999999999999988232e-01,2.36999999999999988454e-01,
7.25000000000000000000e+01,2.00000000000000011102e-01,4.00000000000000000000e+00,1.08999999999999999667e-01,9.40000000000000002220e-02,2.36999999999999988454e-01,
7.25000000000000000000e+01,2.00000000000000011102e-01,6.00000000000000000000e+00,8.69999999999999940048e-02,6.70000000000000039968e-02,2.36999999999999988454e-01,
7.25000000000000000000e+01,4.00000000000000022204e-01,2.00000000000000000000e+00,1.90000000000000002220e-01,1.96000000000000007550e-01,4.67000000000000026201e-01,
7.25000000000000000000e+01,4.00000000000000022204e-01,4.00000000000000000000e+00,1.40999999999999986455e-01,1.39000000000000012434e-01,4.67000000000000026201e-01,
7.25000000000000000000e+01,4.00000000000000022204e-01,6.00000000000000000000e+00,1.13000000000000003220e-01,9.80000000000000037748e-02,4.67000000000000026201e-01,
7.25000000000000000000e+01,4.00000000000000022204e-01,8.00000000000000000000e+00,9.29999999999999993339e-02,6.50000000000000022204e-02,4.67000000000000026201e-01,
7.25000000000000000000e+01,5.99999999999999977796e-01,2.00000000000000000000e+00,2.14999999999999996669e-01,2.21000000000000001998e-01,6.98999999999999954703e-01,
7.25000000000000000000e+01,5.99999999999999977796e-01,4.00000000000000000000e+00,1.66000000000000008660e-01,1.65000000000000007772e-01,6.98999999999999954703e-01,
7.25000000000000000000e+01,5.99999999999999977796e-01,6.00000000000000000000e+00,1.31000000000000005329e-01,1.21999999999999997335e-01,6.98999999999999954703e-01,
7.25000000000000000000e+01,5.99999999999999977796e-01,8.00000000000000000000e+00,1.05999999999999997002e-01,8.99999999999999966693e-02,6.98999999999999954703e-01,
7.25000000000000000000e+01,5.99999999999999977796e-01,1.00000000000000000000e+01,8.89999999999999957812e-02,6.80000000000000048850e-02,6.98999999999999954703e-01,
7.25000000000000000000e+01,5.99999999999999977796e-01,1.20000000000000000000e+01,7.90000000000000007772e-02,5.50000000000000002776e-02,6.98999999999999954703e-01,
7.25000000000000000000e+01,8.00000000000000044409e-01,2.00000000000000000000e+00,2.25000000000000005551e-01,2.34000000000000013545e-01,9.42999999999999949374e-01,
7.25000000000000000000e+01,8.00000000000000044409e-01,4.00000000000000000000e+00,1.77999999999999991562e-01,1.80999999999999994227e-01,9.42999999999999949374e-01,
7.25000000000000000000e+01,8.00000000000000044409e-01,6.00000000000000000000e+00,1.41999999999999987343e-01,1.38000000000000011546e-01,9.42999999999999949374e-01,
7.25000000000000000000e+01,8.00000000000000044409e-01,8.00000000000000000000e+00,1.17000000000000006772e-01,1.04999999999999996114e-01,9.42999999999999949374e-01,
7.25000000000000000000e+01,8.00000000000000044409e-01,1.00000000000000000000e+01,9.80000000000000037748e-02,8.10000000000000025535e-02,9.42999999999999949374e-01,
7.25000000000000000000e+01,8.00000000000000044409e-01,1.20000000000000000000e+01,8.20000000000000034417e-02,5.80000000000000029421e-02,9.42999999999999949374e-01,
7.25000000000000000000e+01,1.00000000000000000000e+00,2.00000000000000000000e+00,2.35999999999999987566e-01,2.41999999999999992895e-01,1.20999999999999996447e+00,
7.25000000000000000000e+01,1.00000000000000000000e+00,4.00000000000000000000e+00,1.89500000000000001776e-01,1.91099999999999992095e-01,1.20999999999999996447e+00,
7.25000000000000000000e+01,1.00000000000000000000e+00,6.00000000000000000000e+00,1.53900000000000009015e-01,1.49100000000000010303e-01,1.20999999999999996447e+00,
7.25000000000000000000e+01,1.00000000000000000000e+00,8.00000000000000000000e+00,1.27299999999999996492e-01,1.15699999999999997291e-01,1.20999999999999996447e+00,
7.25000000000000000000e+01,1.00000000000000000000e+00,1.00000000000000000000e+01,1.05999999999999997002e-01,8.99999999999999966693e-02,1.20999999999999996447e+00,
7.25000000000000000000e+01,1.00000000000000000000e+00,1.20000000000000000000e+01,9.09999999999999975575e-02,6.80000000000000048850e-02,1.20999999999999996447e+00,
7.25000000000000000000e+01,1.00000000000000000000e+00,1.40000000000000000000e+01,7.79999999999999998890e-02,5.60000000000000011657e-02,1.20999999999999996447e+00,
7.25000000000000000000e+01,2.00000000000000000000e+00,2.00000000000000000000e+00,2.59199999999999985967e-01,2.67500000000000015543e-01,3.12599999999999961231e-02,
7.25000000000000000000e+01,2.00000000000000000000e+00,4.00000000000000000000e+00,2.17499999999999998890e-01,2.24500000000000005107e-01,3.12599999999999961231e-02,
7.25000000000000000000e+01,2.00000000000000000000e+00,6.00000000000000000000e+00,1.82499999999999995559e-01,1.85700000000000003952e-01,3.12599999999999961231e-02,
7.25000000000000000000e+01,2.00000000000000000000e+00,8.00000000000000000000e+00,1.53999999999999998002e-01,1.52999999999999997113e-01,3.12599999999999961231e-02,
7.25000000000000000000e+01,2.00000000000000000000e+00,1.00000000000000000000e+01,1.33200000000000012834e-01,1.27799999999999996936e-01,3.12599999999999961231e-02,
7.25000000000000000000e+01,2.00000000000000000000e+00,1.20000000000000000000e+01,1.16599999999999995315e-01,1.07600000000000001199e-01,3.12599999999999961231e-02,
7.25000000000000000000e+01,2.00000000000000000000e+00,1.40000000000000000000e+01,1.01999999999999993450e-01,8.89999999999999957812e-02,3.12599999999999961231e-02,
7.25000000000000000000e+01,2.00000000000000000000e+00,1.60000000000000000000e+01,9.19999999999999984457e-02,7.59999999999999981126e-02,3.12599999999999961231e-02,
7.25000000000000000000e+01,2.00000000000000000000e+00,1.80000000000000000000e+01,8.40000000000000052180e-02,6.40000000000000013323e-02,3.12599999999999961231e-02,
7.25000000000000000000e+01,3.00000000000000000000e+00,2.00000000000000000000e+00,2.66299999999999981171e-01,2.75600000000000011635e-01,6.55000000000000026645e-02,
7.25000000000000000000e+01,3.00000000000000000000e+00,4.00000000000000000000e+00,2.31199999999999988853e-01,2.40499999999999991562e-01,6.55000000000000026645e-02,
7.25000000000000000000e+01,3.00000000000000000000e+00,6.00000000000000000000e+00,2.02199999999999990852e-01,2.10100000000000008971e-01,6.55000000000000026645e-02,
7.25000000000000000000e+01,3.00000000000000000000e+00,8.00000000000000000000e+00,1.77999999999999991562e-01,1.83299999999999990719e-01,6.55000000000000026645e-02,
7.25000000000000000000e+01,3.00000000000000000000e+00,1.00000000000000000000e+01,1.57599999999999990097e-01,1.60000000000000003331e-01,6.55000000000000026645e-02,
7.25000000000000000000e+01,3.00000000000000000000e+00,1.20000000000000000000e+01,1.39800000000000007594e-01,1.39500000000000012879e-01,6.55000000000000026645e-02,
7.25000000000000000000e+01,3.00000000000000000000e+00,1.40000000000000000000e+01,1.25099999999999988987e-01,1.21800000000000005485e-01,6.55000000000000026645e-02,
7.25000000000000000000e+01,3.00000000000000000000e+00,1.60000000000000000000e+01,1.13000000000000003220e-01,1.06999999999999997891e-01,6.55000000000000026645e-02,
7.25000000000000000000e+01,3.00000000000000000000e+00,1.80000000000000000000e+01,1.01999999999999993450e-01,9.29999999999999993339e-02,6.55000000000000026645e-02,
7.25000000000000000000e+01,3.00000000000000000000e+00,2.00000000000000000000e+01,9.50000000000000011102e-02,8.30000000000000043299e-02,6.55000000000000026645e-02,
7.25000000000000000000e+01,3.00000000000000000000e+00,2.20000000000000000000e+01,8.79999999999999948930e-02,7.29999999999999954481e-02,6.55000000000000026645e-02,
7.25000000000000000000e+01,4.00000000000000000000e+00,2.00000000000000000000e+00,2.78200000000000002842e-01,2.87600000000000022293e-01,1.19999999999999995559e-01,
7.25000000000000000000e+01,4.00000000000000000000e+00,4.00000000000000000000e+00,2.48700000000000004396e-01,2.59699999999999986411e-01,1.19999999999999995559e-01,
7.25000000000000000000e+01,4.00000000000000000000e+00,6.00000000000000000000e+00,2.23500000000000004219e-01,2.34300000000000008260e-01,1.19999999999999995559e-01,
7.25000000000000000000e+01,4.00000000000000000000e+00,8.00000000000000000000e+00,1.99500000000000010658e-01,2.09400000000000002798e-01,1.19999999999999995559e-01,
7.25000000000000000000e+01,4.00000000000000000000e+00,1.00000000000000000000e+01,1.80499999999999993783e-01,1.88799999999999995604e-01,1.19999999999999995559e-01,
7.25000000000000000000e+01,4.00000000000000000000e+00,1.20000000000000000000e+01,1.63399999999999989697e-01,1.69800000000000006484e-01,1.19999999999999995559e-01,
7.25000000000000000000e+01,4.00000000000000000000e+00,1.40000000000000000000e+01,1.47299999999999986500e-01,1.51299999999999990052e-01,1.19999999999999995559e-01,
7.25000000000000000000e+01,4.00000000000000000000e+00,1.60000000000000000000e+01,1.33599999999999996536e-01,1.34899999999999992140e-01,1.19999999999999995559e-01,
7.25000000000000000000e+01,4.00000000000000000000e+00,1.80000000000000000000e+01,1.21800000000000005485e-01,1.20800000000000004596e-01,1.19999999999999995559e-01,
7.25000000000000000000e+01,4.00000000000000000000e+00,2.00000000000000000000e+01,1.12000000000000002331e-01,1.07999999999999998779e-01,1.19999999999999995559e-01,
7.25000000000000000000e+01,4.00000000000000000000e+00,2.20000000000000000000e+01,1.03999999999999995226e-01,9.60000000000000019984e-02,1.19999999999999995559e-01,
7.25000000000000000000e+01,4.00000000000000000000e+00,2.40000000000000000000e+01,9.80000000000000037748e-02,8.89999999999999957812e-02,1.19999999999999995559e-01,
7.25000000000000000000e+01,5.00000000000000000000e+00,2.00000000000000000000e+00,2.84700000000000008615e-01,2.94200000000000017053e-01,1.97699999999999986855e-01,
7.25000000000000000000e+01,5.00000000000000000000e+00,4.00000000000000000000e+00,2.60000000000000008882e-01,2.72000000000000019540e-01,1.97699999999999986855e-01,
7.25000000000000000000e+01,5.00000000000000000000e+00,6.00000000000000000000e+00,2.36499999999999988010e-01,2.48799999999999993383e-01,1.97699999999999986855e-01,
7.25000000000000000000e+01,5.00000000000000000000e+00,8.00000000000000000000e+00,2.15700000000000002842e-01,2.27800000000000002487e-01,1.97699999999999986855e-01,
7.25000000000000000000e+01,5.00000000000000000000e+00,1.00000000000000000000e+01,1.96800000000000002709e-01,2.07800000000000012479e-01,1.97699999999999986855e-01,
7.25000000000000000000e+01,5.00000000000000000000e+00,1.20000000000000000000e+01,1.79299999999999987166e-01,1.89400000000000012790e-01,1.97699999999999986855e-01,
7.25000000000000000000e+01,5.00000000000000000000e+00,1.40000000000000000000e+01,1.64200000000000012612e-01,1.72800000000000009148e-01,1.97699999999999986855e-01,
7.25000000000000000000e+01,5.00000000000000000000e+00,1.60000000000000000000e+01,1.49499999999999994005e-01,1.55900000000000010791e-01,1.97699999999999986855e-01,
7.25000000000000000000e+01,5.00000000000000000000e+00,1.80000000000000000000e+01,1.36300000000000004485e-01,1.40999999999999986455e-01,1.97699999999999986855e-01,
7.25000000000000000000e+01,5.00000000000000000000e+00,2.00000000000000000000e+01,1.23999999999999999112e-01,1.28000000000000002665e-01,1.97699999999999986855e-01,
7.25000000000000000000e+01,5.00000000000000000000e+00,2.20000000000000000000e+01,1.14000000000000004108e-01,1.16000000000000005884e-01,1.97699999999999986855e-01,
7.25000000000000000000e+01,5.00000000000000000000e+00,2.40000000000000000000e+01,1.02999999999999994338e-01,1.03999999999999995226e-01,1.97699999999999986855e-01,
7.25000000000000000000e+01,6.00000000000000000000e+00,2.00000000000000000000e+00,2.89700000000000013056e-01,2.99099999999999976996e-01,3.00300000000000011369e-01,
7.25000000000000000000e+01,6.00000000000000000000e+00,4.00000000000000000000e+00,2.68400000000000027445e-01,2.80399999999999982592e-01,3.00300000000000011369e-01,
7.25000000000000000000e+01,6.00000000000000000000e+00,6.00000000000000000000e+00,2.46499999999999996891e-01,2.59900000000000019895e-01,3.00300000000000011369e-01,
7.25000000000000000000e+01,6.00000000000000000000e+00,8.00000000000000000000e+00,2.27399999999999991029e-01,2.40600000000000008304e-01,3.00300000000000011369e-01,
7.25000000000000000000e+01,6.00000000000000000000e+00,1.00000000000000000000e+01,2.09499999999999991784e-01,2.22500000000000003331e-01,3.00300000000000011369e-01,
7.25000000000000000000e+01,6.00000000000000000000e+00,1.20000000000000000000e+01,1.91299999999999997824e-01,2.03800000000000008926e-01,3.00300000000000011369e-01,
7.25000000000000000000e+01,6.00000000000000000000e+00,1.40000000000000000000e+01,1.75400000000000000355e-01,1.86799999999999993827e-01,3.00300000000000011369e-01,
7.25000000000000000000e+01,6.00000000000000000000e+00,1.60000000000000000000e+01,1.59000000000000002442e-01,1.69000000000000011324e-01,3.00300000000000011369e-01,
7.25000000000000000000e+01,6.00000000000000000000e+00,1.80000000000000000000e+01,1.47999999999999992673e-01,1.55999999999999999778e-01,3.00300000000000011369e-01,
7.25000000000000000000e+01,6.00000000000000000000e+00,2.00000000000000000000e+01,1.37000000000000010658e-01,1.43999999999999989120e-01,3.00300000000000011369e-01,
7.25000000000000000000e+01,6.00000000000000000000e+00,2.20000000000000000000e+01,1.27000000000000001776e-01,1.34000000000000007994e-01,3.00300000000000011369e-01,
7.25000000000000000000e+01,6.00000000000000000000e+00,2.40000000000000000000e+01,1.17000000000000006772e-01,1.22999999999999998224e-01,3.00300000000000011369e-01,
7.25000000000000000000e+01,7.00000000000000000000e+00,2.00000000000000000000e+00,2.93200000000000016165e-01,3.02499999999999991118e-01,4.30600000000000038280e-01,
7.25000000000000000000e+01,7.00000000000000000000e+00,4.00000000000000000000e+00,2.72899999999999975930e-01,2.84799999999999997602e-01,4.30600000000000038280e-01,
7.25000000000000000000e+01,7.00000000000000000000e+00,6.00000000000000000000e+00,2.53800000000000025580e-01,2.67699999999999993516e-01,4.30600000000000038280e-01,
7.25000000000000000000e+01,7.00000000000000000000e+00,8.00000000000000000000e+00,2.35199999999999992406e-01,2.49799999999999994271e-01,4.30600000000000038280e-01,
7.25000000000000000000e+01,7.00000000000000000000e+00,1.00000000000000000000e+01,2.16200000000000003286e-01,2.30899999999999994138e-01,4.30600000000000038280e-01,
7.25000000000000000000e+01,7.00000000000000000000e+00,1.20000000000000000000e+01,1.99000000000000010214e-01,2.12999999999999994893e-01,4.30600000000000038280e-01,
7.25000000000000000000e+01,7.00000000000000000000e+00,1.40000000000000000000e+01,1.82999999999999996003e-01,1.95000000000000006661e-01,4.30600000000000038280e-01,
7.25000000000000000000e+01,7.00000000000000000000e+00,1.60000000000000000000e+01,1.68000000000000010436e-01,1.78999999999999992450e-01,4.30600000000000038280e-01,
7.25000000000000000000e+01,7.00000000000000000000e+00,1.80000000000000000000e+01,1.55999999999999999778e-01,1.65000000000000007772e-01,4.30600000000000038280e-01,
7.25000000000000000000e+01,8.00000000000000000000e+00,2.00000000000000000000e+00,2.95700000000000018385e-01,3.04700000000000026379e-01,5.90999999999999969802e-01,
7.25000000000000000000e+01,8.00000000000000000000e+00,4.00000000000000000000e+00,2.75799999999999989608e-01,2.87899999999999989253e-01,5.90999999999999969802e-01,
7.25000000000000000000e+01,8.00000000000000000000e+00,6.00000000000000000000e+00,2.56199999999999983302e-01,2.70899999999999974154e-01,5.90999999999999969802e-01,
7.25000000000000000000e+01,8.00000000000000000000e+00,8.00000000000000000000e+00,2.36999999999999988454e-01,2.53000000000000002665e-01,5.90999999999999969802e-01,
7.25000000000000000000e+01,8.00000000000000000000e+00,1.00000000000000000000e+01,2.17999999999999999334e-01,2.34999999999999986677e-01,5.90999999999999969802e-01,
7.25000000000000000000e+01,8.00000000000000000000e+00,1.20000000000000000000e+01,2.02000000000000012879e-01,2.16999999999999998446e-01,5.90999999999999969802e-01,
7.25000000000000000000e+01,8.00000000000000000000e+00,1.40000000000000000000e+01,1.84999999999999997780e-01,1.99000000000000010214e-01,5.90999999999999969802e-01,
7.25000000000000000000e+01,9.00000000000000000000e+00,2.00000000000000000000e+00,2.97499999999999986677e-01,3.06300000000000016698e-01,7.86599999999999965894e-01,
7.25000000000000000000e+01,9.00000000000000000000e+00,4.00000000000000000000e+00,2.76000000000000023093e-01,2.88999999999999979128e-01,7.86599999999999965894e-01,
7.25000000000000000000e+01,9.00000000000000000000e+00,6.00000000000000000000e+00,2.56000000000000005329e-01,2.72000000000000019540e-01,7.86599999999999965894e-01,
7.25000000000000000000e+01,9.00000000000000000000e+00,8.00000000000000000000e+00,2.38999999999999990230e-01,2.57000000000000006217e-01,7.86599999999999965894e-01,
7.25000000000000000000e+01,9.00000000000000000000e+00,1.00000000000000000000e+01,2.24000000000000004663e-01,2.42999999999999993783e-01,7.86599999999999965894e-01,
7.25000000000000000000e+01,1.00000000000000000000e+01,2.00000000000000000000e+00,2.97999999999999987121e-01,3.06999999999999995115e-01,1.02569999999999983409e+00,
7.25000000000000000000e+01,1.00000000000000000000e+01,4.00000000000000000000e+00,2.78000000000000024869e-01,2.89999999999999980016e-01,1.02569999999999983409e+00,
7.25000000000000000000e+01,1.00000000000000000000e+01,6.00000000000000000000e+00,2.60000000000000008882e-01,2.74000000000000021316e-01,1.02569999999999983409e+00,
7.50000000000000000000e+01,2.00000000000000011102e-01,2.00000000000000000000e+00,1.65000000000000007772e-01,1.36000000000000009770e-01,2.36999999999999988454e-01,
7.50000000000000000000e+01,2.00000000000000011102e-01,4.00000000000000000000e+00,1.33000000000000007105e-01,8.99999999999999966693e-02,2.36999999999999988454e-01,
7.50000000000000000000e+01,2.00000000000000011102e-01,6.00000000000000000000e+00,1.15000000000000004996e-01,6.19999999999999995559e-02,2.36999999999999988454e-01,
7.50000000000000000000e+01,2.00000000000000011102e-01,8.00000000000000000000e+00,1.03999999999999995226e-01,4.49999999999999983347e-02,2.36999999999999988454e-01,
7.50000000000000000000e+01,2.00000000000000011102e-01,1.00000000000000000000e+01,9.60000000000000019984e-02,3.20000000000000006661e-02,2.36999999999999988454e-01,
7.50000000000000000000e+01,2.00000000000000011102e-01,1.20000000000000000000e+01,8.59999999999999931166e-02,1.79999999999999986400e-02,2.36999999999999988454e-01,
7.50000000000000000000e+01,4.00000000000000022204e-01,2.00000000000000000000e+00,2.02000000000000012879e-01,1.88000000000000000444e-01,4.67000000000000026201e-01,
7.50000000000000000000e+01,4.00000000000000022204e-01,4.00000000000000000000e+00,1.61000000000000004219e-01,1.34000000000000007994e-01,4.67000000000000026201e-01,
7.50000000000000000000e+01,4.00000000000000022204e-01,6.00000000000000000000e+00,1.35000000000000008882e-01,9.50000000000000011102e-02,4.67000000000000026201e-01,
7.50000000000000000000e+01,4.00000000000000022204e-01,8.00000000000000000000e+00,1.16000000000000005884e-01,6.60000000000000031086e-02,4.67000000000000026201e-01,
7.50000000000000000000e+01,4.00000000000000022204e-01,1.00000000000000000000e+01,1.06999999999999997891e-01,5.29999999999999985012e-02,4.67000000000000026201e-01,
7.50000000000000000000e+01,4.00000000000000022204e-01,1.20000000000000000000e+01,9.90000000000000046629e-02,4.20000000000000026090e-02,4.67000000000000026201e-01,
7.50000000000000000000e+01,4.00000000000000022204e-01,1.40000000000000000000e+01,9.60000000000000019984e-02,3.59999999999999972800e-02,4.67000000000000026201e-01,
7.50000000000000000000e+01,4.00000000000000022204e-01,1.60000000000000000000e+01,9.40000000000000002220e-02,2.99999999999999988898e-02,4.67000000000000026201e-01,
7.50000000000000000000e+01,4.00000000000000022204e-01,1.80000000000000000000e+01,9.09999999999999975575e-02,2.50000000000000013878e-02,4.67000000000000026201e-01,
7.50000000000000000000e+01,4.00000000000000022204e-01,2.00000000000000000000e+01,8.59999999999999931166e-02,1.79999999999999986400e-02,4.67000000000000026201e-01,
7.50000000000000000000e+01,5.99999999999999977796e-01,2.00000000000000000000e+00,2.23000000000000003775e-01,2.14999999999999996669e-01,6.98999999999999954703e-01,
7.50000000000000000000e+01,5.99999999999999977796e-01,4.00000000000000000000e+00,1.81999999999999995115e-01,1.60000000000000003331e-01,6.98999999999999954703e-01,
7.50000000000000000000e+01,5.99999999999999977796e-01,6.00000000000000000000e+00,1.51999999999999996225e-01,1.17999999999999993783e-01,6.98999999999999954703e-01,
7.50000000000000000000e+01,5.99999999999999977796e-01,8.00000000000000000000e+00,1.31000000000000005329e-01,8.79999999999999948930e-02,6.98999999999999954703e-01,
7.50000000000000000000e+01,5.99999999999999977796e-01,1.00000000000000000000e+01,1.17999999999999993783e-01,6.90000000000000057732e-02,6.98999999999999954703e-01,
7.50000000000000000000e+01,5.99999999999999977796e-01,1.20000000000000000000e+01,1.10000000000000000555e-01,5.70000000000000020539e-02,6.98999999999999954703e-01,
7.50000000000000000000e+01,5.99999999999999977796e-01,1.40000000000000000000e+01,1.03999999999999995226e-01,4.80000000000000009992e-02,6.98999999999999954703e-01,
7.50000000000000000000e+01,5.99999999999999977796e-01,1.60000000000000000000e+01,9.90000000000000046629e-02,4.00000000000000008327e-02,6.98999999999999954703e-01,
7.50000000000000000000e+01,5.99999999999999977796e-01,1.80000000000000000000e+01,9.29999999999999993339e-02,3.20000000000000006661e-02,6.98999999999999954703e-01,
7.50000000000000000000e+01,5.99999999999999977796e-01,2.00000000000000000000e+01,8.79999999999999948930e-02,2.40000000000000004996e-02,6.98999999999999954703e-01,
7.50000000000000000000e+01,5.99999999999999977796e-01,2.20000000000000000000e+01,8.40000000000000052180e-02,1.79999999999999986400e-02,6.98999999999999954703e-01,
7.50000000000000000000e+01,8.00000000000000044409e-01,2.00000000000000000000e+00,2.34000000000000013545e-01,2.26000000000000006439e-01,9.42999999999999949374e-01,
7.50000000000000000000e+01,8.00000000000000044409e-01,4.00000000000000000000e+00,1.92000000000000003997e-01,1.73999999999999988010e-01,9.42999999999999949374e-01,
7.50000000000000000000e+01,8.00000000000000044409e-01,6.00000000000000000000e+00,1.60000000000000003331e-01,1.32000000000000006217e-01,9.42999999999999949374e-01,
7.50000000000000000000e+01,8.00000000000000044409e-01,8.00000000000000000000e+00,1.39000000000000012434e-01,1.01999999999999993450e-01,9.42999999999999949374e-01,
7.50000000000000000000e+01,8.00000000000000044409e-01,1.00000000000000000000e+01,1.22999999999999998224e-01,8.30000000000000043299e-02,9.42999999999999949374e-01,
7.50000000000000000000e+01,8.00000000000000044409e-01,1.20000000000000000000e+01,1.08999999999999999667e-01,5.99999999999999977796e-02,9.42999999999999949374e-01,
7.50000000000000000000e+01,8.00000000000000044409e-01,1.40000000000000000000e+01,9.90000000000000046629e-02,4.49999999999999983347e-02,9.42999999999999949374e-01,
7.50000000000000000000e+01,8.00000000000000044409e-01,1.60000000000000000000e+01,9.19999999999999984457e-02,3.40000000000000024425e-02,9.42999999999999949374e-01,
7.50000000000000000000e+01,8.00000000000000044409e-01,1.80000000000000000000e+01,8.69999999999999940048e-02,2.59999999999999988065e-02,9.42999999999999949374e-01,
7.50000000000000000000e+01,8.00000000000000044409e-01,2.00000000000000000000e+01,8.10000000000000025535e-02,1.79999999999999986400e-02,9.42999999999999949374e-01,
7.50000000000000000000e+01,1.00000000000000000000e+00,2.00000000000000000000e+00,2.42699999999999999067e-01,2.36800000000000010481e-01,1.20999999999999996447e+00,
7.50000000000000000000e+01,1.00000000000000000000e+00,4.00000000000000000000e+00,2.01199999999999989964e-01,1.86700000000000004841e-01,1.20999999999999996447e+00,
7.50000000000000000000e+01,1.00000000000000000000e+00,6.00000000000000000000e+00,1.67800000000000004707e-01,1.44699999999999995293e-01,1.20999999999999996447e+00,
7.50000000000000000000e+01,1.00000000000000000000e+00,8.00000000000000000000e+00,1.44699999999999995293e-01,1.12399999999999999911e-01,1.20999999999999996447e+00,
7.50000000000000000000e+01,1.00000000000000000000e+00,1.00000000000000000000e+01,1.28500000000000003109e-01,8.69999999999999940048e-02,1.20999999999999996447e+00,
7.50000000000000000000e+01,1.00000000000000000000e+00,1.20000000000000000000e+01,1.17000000000000006772e-01,7.00000000000000066613e-02,1.20999999999999996447e+00,
7.50000000000000000000e+01,1.00000000000000000000e+00,1.40000000000000000000e+01,1.12000000000000002331e-01,5.99999999999999977796e-02,1.20999999999999996447e+00,
7.50000000000000000000e+01,1.00000000000000000000e+00,1.60000000000000000000e+01,1.05999999999999997002e-01,5.00000000000000027756e-02,1.20999999999999996447e+00,
7.50000000000000000000e+01,1.00000000000000000000e+00,1.80000000000000000000e+01,1.03999999999999995226e-01,4.39999999999999974465e-02,1.20999999999999996447e+00,
7.50000000000000000000e+01,1.00000000000000000000e+00,2.00000000000000000000e+01,1.00000000000000005551e-01,3.79999999999999990563e-02,1.20999999999999996447e+00,
7.50000000000000000000e+01,1.00000000000000000000e+00,2.20000000000000000000e+01,9.80000000000000037748e-02,3.40000000000000024425e-02,1.20999999999999996447e+00,
7.50000000000000000000e+01,1.00000000000000000000e+00,2.40000000000000000000e+01,9.60000000000000019984e-02,2.99999999999999988898e-02,1.20999999999999996447e+00,
7.50000000000000000000e+01,1.00000000000000000000e+00,2.60000000000000000000e+01,9.50000000000000011102e-02,2.69999999999999996947e-02,1.20999999999999996447e+00,
7.50000000000000000000e+01,1.00000000000000000000e+00,2.80000000000000000000e+01,9.40000000000000002220e-02,2.40000000000000004996e-02,1.20999999999999996447e+00,
7.50000000000000000000e+01,1.00000000000000000000e+00,3.00000000000000000000e+01,9.29999999999999993339e-02,2.19999999999999987232e-02,1.20999999999999996447e+00,
7.50000000000000000000e+01,1.00000000000000000000e+00,3.20000000000000000000e+01,9.19999999999999984457e-02,2.00000000000000004163e-02,1.20999999999999996447e+00,
7.50000000000000000000e+01,1.00000000000000000000e+00,3.40000000000000000000e+01,9.09999999999999975575e-02,1.79999999999999986400e-02,1.20999999999999996447e+00,
7.50000000000000000000e+01,1.00000000000000000000e+00,3.60000000000000000000e+01,8.99999999999999966693e-02,1.60000000000000003331e-02,1.20999999999999996447e+00,
7.50000000000000000000e+01,1.00000000000000000000e+00,3.80000000000000000000e+01,8.89999999999999957812e-02,1.40000000000000002914e-02,1.20999999999999996447e+00,
7.50000000000000000000e+01,1.00000000000000000000e+00,4.00000000000000000000e+01,8.79999999999999948930e-02,1.20000000000000002498e-02,1.20999999999999996447e+00,
7.50000000000000000000e+01,1.00000000000000000000e+00,4.20000000000000000000e+01,8.79999999999999948930e-02,1.00000000000000002082e-02,1.20999999999999996447e+00,
7.50000000000000000000e+01,1.00000000000000000000e+00,4.40000000000000000000e+01,8.69999999999999940048e-02,8.00000000000000016653e-03,1.20999999999999996447e+00,
7.50000000000000000000e+01,2.00000000000000000000e+00,2.00000000000000000000e+00,2.63799999999999978950e-01,2.62400000000000022116e-01,3.12599999999999961231e-02,
7.50000000000000000000e+01,2.00000000000000000000e+00,4.00000000000000000000e+00,2.26300000000000001155e-01,2.19200000000000005951e-01,3.12599999999999961231e-02,
7.50000000000000000000e+01,2.00000000000000000000e+00,6.00000000000000000000e+00,1.94200000000000011502e-01,1.81100000000000010969e-01,3.12599999999999961231e-02,
7.50000000000000000000e+01,2.00000000000000000000e+00,8.00000000000000000000e+00,1.68500000000000010880e-01,1.49100000000000010303e-01,3.12599999999999961231e-02,
7.50000000000000000000e+01,2.00000000000000000000e+00,1.00000000000000000000e+01,1.49999999999999994449e-01,1.23999999999999999112e-01,3.12599999999999961231e-02,
7.50000000000000000000e+01,2.00000000000000000000e+00,1.20000000000000000000e+01,1.36300000000000004485e-01,1.04800000000000004263e-01,3.12599999999999961231e-02,
7.50000000000000000000e+01,2.00000000000000000000e+00,1.40000000000000000000e+01,1.25299999999999994715e-01,8.73000000000000025979e-02,3.12599999999999961231e-02,
7.50000000000000000000e+01,2.00000000000000000000e+00,1.60000000000000000000e+01,1.17000000000000006772e-01,7.39999999999999963363e-02,3.12599999999999961231e-02,
7.50000000000000000000e+01,2.00000000000000000000e+00,1.80000000000000000000e+01,1.11000000000000001443e-01,6.40000000000000013323e-02,3.12599999999999961231e-02,
7.50000000000000000000e+01,2.00000000000000000000e+00,2.00000000000000000000e+01,1.07999999999999998779e-01,5.80000000000000029421e-02,3.12599999999999961231e-02,
7.50000000000000000000e+01,2.00000000000000000000e+00,2.20000000000000000000e+01,1.03999999999999995226e-01,5.19999999999999976130e-02,3.12599999999999961231e-02,
7.50000000000000000000e+01,2.00000000000000000000e+00,2.40000000000000000000e+01,1.00000000000000005551e-01,4.59999999999999992228e-02,3.12599999999999961231e-02,
7.50000000000000000000e+01,2.00000000000000000000e+00,2.60000000000000000000e+01,9.80000000000000037748e-02,4.20000000000000026090e-02,3.12599999999999961231e-02,
7.50000000000000000000e+01,2.00000000000000000000e+00,2.80000000000000000000e+01,9.70000000000000028866e-02,4.00000000000000008327e-02,3.12599999999999961231e-02,
7.50000000000000000000e+01,2.00000000000000000000e+00,3.00000000000000000000e+01,9.60000000000000019984e-02,3.79999999999999990563e-02,3.12599999999999961231e-02,
7.50000000000000000000e+01,2.00000000000000000000e+00,3.20000000000000000000e+01,9.50000000000000011102e-02,3.59999999999999972800e-02,3.12599999999999961231e-02,
7.50000000000000000000e+01,2.00000000000000000000e+00,3.40000000000000000000e+01,9.29999999999999993339e-02,3.30000000000000015543e-02,3.12599999999999961231e-02,
7.50000000000000000000e+01,2.00000000000000000000e+00,3.60000000000000000000e+01,9.19999999999999984457e-02,3.09999999999999997780e-02,3.12599999999999961231e-02,
7.50000000000000000000e+01,2.00000000000000000000e+00,3.80000000000000000000e+01,8.99999999999999966693e-02,2.80000000000000005829e-02,3.12599999999999961231e-02,
7.50000000000000000000e+01,2.00000000000000000000e+00,4.00000000000000000000e+01,8.89999999999999957812e-02,2.50000000000000013878e-02,3.12599999999999961231e-02,
7.50000000000000000000e+01,2.00000000000000000000e+00,4.20000000000000000000e+01,8.69999999999999940048e-02,2.19999999999999987232e-02,3.12599999999999961231e-02,
7.50000000000000000000e+01,2.00000000000000000000e+00,4.40000000000000000000e+01,8.59999999999999931166e-02,1.89999999999999995282e-02,3.12599999999999961231e-02,
7.50000000000000000000e+01,2.00000000000000000000e+00,4.60000000000000000000e+01,8.40000000000000052180e-02,1.60000000000000003331e-02,3.12599999999999961231e-02,
7.50000000000000000000e+01,3.00000000000000000000e+00,2.00000000000000000000e+00,2.70799999999999985167e-01,2.71899999999999975042e-01,6.55000000000000026645e-02,
7.50000000000000000000e+01,3.00000000000000000000e+00,4.00000000000000000000e+00,2.39300000000000012701e-01,2.36100000000000004308e-01,6.55000000000000026645e-02,
7.50000000000000000000e+01,3.00000000000000000000e+00,6.00000000000000000000e+00,2.12199999999999999734e-01,2.05199999999999993516e-01,6.55000000000000026645e-02,
7.50000000000000000000e+01,3.00000000000000000000e+00,8.00000000000000000000e+00,1.90799999999999997380e-01,1.79900000000000004352e-01,6.55000000000000026645e-02,
7.50000000000000000000e+01,3.00000000000000000000e+00,1.00000000000000000000e+01,1.71800000000000008260e-01,1.56200000000000005507e-01,6.55000000000000026645e-02,
7.50000000000000000000e+01,3.00000000000000000000e+00,1.20000000000000000000e+01,1.55700000000000005063e-01,1.35599999999999998312e-01,6.55000000000000026645e-02,
7.50000000000000000000e+01,3.00000000000000000000e+00,1.40000000000000000000e+01,1.43100000000000004974e-01,1.18400000000000005240e-01,6.55000000000000026645e-02,
7.50000000000000000000e+01,3.00000000000000000000e+00,1.60000000000000000000e+01,1.31800000000000000488e-01,1.02400000000000004907e-01,6.55000000000000026645e-02,
7.50000000000000000000e+01,3.00000000000000000000e+00,1.80000000000000000000e+01,1.22800000000000006373e-01,8.94999999999999962252e-02,6.55000000000000026645e-02,
7.50000000000000000000e+01,3.00000000000000000000e+00,2.00000000000000000000e+01,1.17000000000000006772e-01,8.00000000000000016653e-02,6.55000000000000026645e-02,
7.50000000000000000000e+01,3.00000000000000000000e+00,2.20000000000000000000e+01,1.12000000000000002331e-01,7.19999999999999945599e-02,6.55000000000000026645e-02,
7.50000000000000000000e+01,3.00000000000000000000e+00,2.40000000000000000000e+01,1.06999999999999997891e-01,6.40000000000000013323e-02,6.55000000000000026645e-02,
7.50000000000000000000e+01,3.00000000000000000000e+00,2.60000000000000000000e+01,1.03999999999999995226e-01,5.89999999999999968914e-02,6.55000000000000026645e-02,
7.50000000000000000000e+01,3.00000000000000000000e+00,2.80000000000000000000e+01,1.01999999999999993450e-01,5.39999999999999993894e-02,6.55000000000000026645e-02,
7.50000000000000000000e+01,3.00000000000000000000e+00,3.00000000000000000000e+01,9.90000000000000046629e-02,5.00000000000000027756e-02,6.55000000000000026645e-02,
7.50000000000000000000e+01,3.00000000000000000000e+00,3.20000000000000000000e+01,9.70000000000000028866e-02,4.49999999999999983347e-02,6.55000000000000026645e-02,
7.50000000000000000000e+01,3.00000000000000000000e+00,3.40000000000000000000e+01,9.50000000000000011102e-02,4.20000000000000026090e-02,6.55000000000000026645e-02,
7.50000000000000000000e+01,3.00000000000000000000e+00,3.60000000000000000000e+01,9.40000000000000002220e-02,4.00000000000000008327e-02,6.55000000000000026645e-02,
7.50000000000000000000e+01,3.00000000000000000000e+00,3.80000000000000000000e+01,9.19999999999999984457e-02,3.69999999999999981681e-02,6.55000000000000026645e-02,
7.50000000000000000000e+01,3.00000000000000000000e+00,4.00000000000000000000e+01,9.09999999999999975575e-02,3.40000000000000024425e-02,6.55000000000000026645e-02,
7.50000000000000000000e+01,3.00000000000000000000e+00,4.20000000000000000000e+01,8.99999999999999966693e-02,3.20000000000000006661e-02,6.55000000000000026645e-02,
7.50000000000000000000e+01,3.00000000000000000000e+00,4.40000000000000000000e+01,8.89999999999999957812e-02,2.99999999999999988898e-02,6.55000000000000026645e-02,
7.50000000000000000000e+01,3.00000000000000000000e+00,4.60000000000000000000e+01,8.79999999999999948930e-02,2.80000000000000005829e-02,6.55000000000000026645e-02,
7.50000000000000000000e+01,3.00000000000000000000e+00,4.80000000000000000000e+01,8.69999999999999940048e-02,2.50000000000000013878e-02,6.55000000000000026645e-02,
7.50000000000000000000e+01,3.00000000000000000000e+00,5.00000000000000000000e+01,8.59999999999999931166e-02,2.19999999999999987232e-02,6.55000000000000026645e-02,
7.50000000000000000000e+01,4.00000000000000000000e+00,2.00000000000000000000e+00,2.81600000000000016964e-01,2.84200000000000008171e-01,1.19999999999999995559e-01,
7.50000000000000000000e+01,4.00000000000000000000e+00,4.00000000000000000000e+00,2.56199999999999983302e-01,2.56000000000000005329e-01,1.19999999999999995559e-01,
7.50000000000000000000e+01,4.00000000000000000000e+00,6.00000000000000000000e+00,2.32500000000000012212e-01,2.30000000000000009992e-01,1.19999999999999995559e-01,
7.50000000000000000000e+01,4.00000000000000000000e+00,8.00000000000000000000e+00,2.10299999999999986944e-01,2.04999999999999987788e-01,1.19999999999999995559e-01,
7.50000000000000000000e+01,4.00000000000000000000e+00,1.00000000000000000000e+01,1.92500000000000004441e-01,1.84299999999999991607e-01,1.19999999999999995559e-01,
7.50000000000000000000e+01,4.00000000000000000000e+00,1.20000000000000000000e+01,1.77300000000000013145e-01,1.65899999999999991918e-01,1.19999999999999995559e-01,
7.50000000000000000000e+01,4.00000000000000000000e+00,1.40000000000000000000e+01,1.62700000000000011280e-01,1.47900000000000003686e-01,1.19999999999999995559e-01,
7.50000000000000000000e+01,4.00000000000000000000e+00,1.60000000000000000000e+01,1.50400000000000005906e-01,1.31700000000000011502e-01,1.19999999999999995559e-01,
7.50000000000000000000e+01,4.00000000000000000000e+00,1.80000000000000000000e+01,1.39199999999999990408e-01,1.16699999999999998179e-01,1.19999999999999995559e-01,
7.50000000000000000000e+01,4.00000000000000000000e+00,2.00000000000000000000e+01,1.28799999999999997824e-01,1.02699999999999999623e-01,1.19999999999999995559e-01,
7.50000000000000000000e+01,4.00000000000000000000e+00,2.20000000000000000000e+01,1.21999999999999997335e-01,9.19999999999999984457e-02,1.19999999999999995559e-01,
7.50000000000000000000e+01,4.00000000000000000000e+00,2.40000000000000000000e+01,1.17999999999999993783e-01,8.40000000000000052180e-02,1.19999999999999995559e-01,
7.50000000000000000000e+01,4.00000000000000000000e+00,2.60000000000000000000e+01,1.15000000000000004996e-01,7.79999999999999998890e-02,1.19999999999999995559e-01,
7.50000000000000000000e+01,4.00000000000000000000e+00,2.80000000000000000000e+01,1.11000000000000001443e-01,7.29999999999999954481e-02,1.19999999999999995559e-01,
7.50000000000000000000e+01,4.00000000000000000000e+00,3.00000000000000000000e+01,1.07999999999999998779e-01,6.80000000000000048850e-02,1.19999999999999995559e-01,
7.50000000000000000000e+01,4.00000000000000000000e+00,3.20000000000000000000e+01,1.05999999999999997002e-01,6.40000000000000013323e-02,1.19999999999999995559e-01,
7.50000000000000000000e+01,4.00000000000000000000e+00,3.40000000000000000000e+01,1.03999999999999995226e-01,5.99999999999999977796e-02,1.19999999999999995559e-01,
7.50000000000000000000e+01,4.00000000000000000000e+00,3.60000000000000000000e+01,1.01999999999999993450e-01,5.50000000000000002776e-02,1.19999999999999995559e-01,
7.50000000000000000000e+01,4.00000000000000000000e+00,3.80000000000000000000e+01,9.80000000000000037748e-02,4.80000000000000009992e-02,1.19999999999999995559e-01,
7.50000000000000000000e+01,4.00000000000000000000e+00,4.00000000000000000000e+01,9.60000000000000019984e-02,4.39999999999999974465e-02,1.19999999999999995559e-01,
7.50000000000000000000e+01,5.00000000000000000000e+00,2.00000000000000000000e+00,2.88200000000000011724e-01,2.92300000000000004263e-01,1.97699999999999986855e-01,
7.50000000000000000000e+01,5.00000000000000000000e+00,4.00000000000000000000e+00,2.66199999999999992184e-01,2.68699999999999994404e-01,1.97699999999999986855e-01,
7.50000000000000000000e+01,5.00000000000000000000e+00,6.00000000000000000000e+00,2.44700000000000000844e-01,2.44900000000000006573e-01,1.97699999999999986855e-01,
7.50000000000000000000e+01,5.00000000000000000000e+00,8.00000000000000000000e+00,2.25500000000000005995e-01,2.23899999999999987921e-01,1.97699999999999986855e-01,
7.50000000000000000000e+01,5.00000000000000000000e+00,1.00000000000000000000e+01,2.07999999999999990452e-01,2.04100000000000003642e-01,1.97699999999999986855e-01,
7.50000000000000000000e+01,5.00000000000000000000e+00,1.20000000000000000000e+01,1.91799999999999998268e-01,1.85799999999999992939e-01,1.97699999999999986855e-01,
7.50000000000000000000e+01,5.00000000000000000000e+00,1.40000000000000000000e+01,1.77300000000000013145e-01,1.68899999999999994582e-01,1.97699999999999986855e-01,
7.50000000000000000000e+01,5.00000000000000000000e+00,1.60000000000000000000e+01,1.63800000000000001155e-01,1.52100000000000012967e-01,1.97699999999999986855e-01,
7.50000000000000000000e+01,5.00000000000000000000e+00,1.80000000000000000000e+01,1.51799999999999990496e-01,1.36500000000000010214e-01,1.97699999999999986855e-01,
7.50000000000000000000e+01,5.00000000000000000000e+00,2.00000000000000000000e+01,1.41999999999999987343e-01,1.22999999999999998224e-01,1.97699999999999986855e-01,
7.50000000000000000000e+01,5.00000000000000000000e+00,2.20000000000000000000e+01,1.34000000000000007994e-01,1.13000000000000003220e-01,1.97699999999999986855e-01,
7.50000000000000000000e+01,5.00000000000000000000e+00,2.40000000000000000000e+01,1.23999999999999999112e-01,1.00000000000000005551e-01,1.97699999999999986855e-01,
7.50000000000000000000e+01,5.00000000000000000000e+00,2.60000000000000000000e+01,1.16000000000000005884e-01,8.89999999999999957812e-02,1.97699999999999986855e-01,
7.50000000000000000000e+01,5.00000000000000000000e+00,2.80000000000000000000e+01,1.08999999999999999667e-01,7.90000000000000007772e-02,1.97699999999999986855e-01,
7.50000000000000000000e+01,5.00000000000000000000e+00,3.00000000000000000000e+01,1.03999999999999995226e-01,7.00000000000000066613e-02,1.97699999999999986855e-01,
7.50000000000000000000e+01,5.00000000000000000000e+00,3.20000000000000000000e+01,9.70000000000000028866e-02,6.19999999999999995559e-02,1.97699999999999986855e-01,
7.50000000000000000000e+01,6.00000000000000000000e+00,2.00000000000000000000e+00,2.92300000000000004263e-01,2.97800000000000009148e-01,3.00300000000000011369e-01,
7.50000000000000000000e+01,6.00000000000000000000e+00,4.00000000000000000000e+00,2.73399999999999976374e-01,2.77799999999999991385e-01,3.00300000000000011369e-01,
7.50000000000000000000e+01,6.00000000000000000000e+00,6.00000000000000000000e+00,2.53300000000000025135e-01,2.55800000000000027356e-01,3.00300000000000011369e-01,
7.50000000000000000000e+01,6.00000000000000000000e+00,8.00000000000000000000e+00,2.35999999999999987566e-01,2.36499999999999988010e-01,3.00300000000000011369e-01,
7.50000000000000000000e+01,6.00000000000000000000e+00,1.00000000000000000000e+01,2.19700000000000006395e-01,2.18799999999999994493e-01,3.00300000000000011369e-01,
7.50000000000000000000e+01,6.00000000000000000000e+00,1.20000000000000000000e+01,2.02600000000000002309e-01,1.99899999999999994360e-01,3.00300000000000011369e-01,
7.50000000000000000000e+01,6.00000000000000000000e+00,1.40000000000000000000e+01,1.87299999999999994271e-01,1.82200000000000000844e-01,3.00300000000000011369e-01,
7.50000000000000000000e+01,6.00000000000000000000e+00,1.60000000000000000000e+01,1.71000000000000013101e-01,1.64000000000000006883e-01,3.00300000000000011369e-01,
7.50000000000000000000e+01,6.00000000000000000000e+00,1.80000000000000000000e+01,1.62000000000000005107e-01,1.52999999999999997113e-01,3.00300000000000011369e-01,
7.50000000000000000000e+01,6.00000000000000000000e+00,2.00000000000000000000e+01,1.50999999999999995337e-01,1.40000000000000013323e-01,3.00300000000000011369e-01,
7.50000000000000000000e+01,6.00000000000000000000e+00,2.20000000000000000000e+01,1.42999999999999988232e-01,1.29000000000000003553e-01,3.00300000000000011369e-01,
7.50000000000000000000e+01,6.00000000000000000000e+00,2.40000000000000000000e+01,1.35000000000000008882e-01,1.17999999999999993783e-01,3.00300000000000011369e-01,
7.50000000000000000000e+01,6.00000000000000000000e+00,2.60000000000000000000e+01,1.26000000000000000888e-01,1.06999999999999997891e-01,3.00300000000000011369e-01,
7.50000000000000000000e+01,7.00000000000000000000e+00,2.00000000000000000000e+00,2.95200000000000017941e-01,3.01099999999999978773e-01,4.30600000000000038280e-01,
7.50000000000000000000e+01,7.00000000000000000000e+00,4.00000000000000000000e+00,2.77299999999999990941e-01,2.82799999999999995826e-01,4.30600000000000038280e-01,
7.50000000000000000000e+01,7.00000000000000000000e+00,6.00000000000000000000e+00,2.59599999999999997424e-01,2.64299999999999979394e-01,4.30600000000000038280e-01,
7.50000000000000000000e+01,7.00000000000000000000e+00,8.00000000000000000000e+00,2.42699999999999999067e-01,2.45799999999999990719e-01,4.30600000000000038280e-01,
7.50000000000000000000e+01,7.00000000000000000000e+00,1.00000000000000000000e+01,2.25399999999999989253e-01,2.26700000000000012612e-01,4.30600000000000038280e-01,
7.50000000000000000000e+01,7.00000000000000000000e+00,1.20000000000000000000e+01,2.07999999999999990452e-01,2.07999999999999990452e-01,4.30600000000000038280e-01,
7.50000000000000000000e+01,7.00000000000000000000e+00,1.40000000000000000000e+01,1.94000000000000005773e-01,1.91000000000000003109e-01,4.30600000000000038280e-01,
7.50000000000000000000e+01,7.00000000000000000000e+00,1.60000000000000000000e+01,1.80999999999999994227e-01,1.74999999999999988898e-01,4.30600000000000038280e-01,
7.50000000000000000000e+01,7.00000000000000000000e+00,1.80000000000000000000e+01,1.70000000000000012212e-01,1.61000000000000004219e-01,4.30600000000000038280e-01,
7.50000000000000000000e+01,8.00000000000000000000e+00,2.00000000000000000000e+00,2.97399999999999997691e-01,3.03900000000000003464e-01,5.90999999999999969802e-01,
7.50000000000000000000e+01,8.00000000000000000000e+00,4.00000000000000000000e+00,2.79799999999999993161e-01,2.86100000000000020961e-01,5.90999999999999969802e-01,
7.50000000000000000000e+01,8.00000000000000000000e+00,6.00000000000000000000e+00,2.61400000000000021227e-01,2.67000000000000015099e-01,5.90999999999999969802e-01,
7.50000000000000000000e+01,8.00000000000000000000e+00,8.00000000000000000000e+00,2.43999999999999994671e-01,2.48999999999999999112e-01,5.90999999999999969802e-01,
7.50000000000000000000e+01,8.00000000000000000000e+00,1.00000000000000000000e+01,2.27000000000000007327e-01,2.29000000000000009104e-01,5.90999999999999969802e-01,
7.50000000000000000000e+01,8.00000000000000000000e+00,1.20000000000000000000e+01,2.13999999999999995781e-01,2.13999999999999995781e-01,5.90999999999999969802e-01,
7.50000000000000000000e+01,8.00000000000000000000e+00,1.40000000000000000000e+01,2.00000000000000011102e-01,1.94000000000000005773e-01,5.90999999999999969802e-01,
7.50000000000000000000e+01,9.00000000000000000000e+00,2.00000000000000000000e+00,2.99099999999999976996e-01,3.05700000000000027267e-01,7.86599999999999965894e-01,
7.50000000000000000000e+01,9.00000000000000000000e+00,4.00000000000000000000e+00,2.81000000000000027534e-01,2.86999999999999977351e-01,7.86599999999999965894e-01,
7.50000000000000000000e+01,9.00000000000000000000e+00,6.00000000000000000000e+00,2.62000000000000010658e-01,2.68000000000000015987e-01,7.86599999999999965894e-01,
7.50000000000000000000e+01,9.00000000000000000000e+00,8.00000000000000000000e+00,2.46999999999999997335e-01,2.52000000000000001776e-01,7.86599999999999965894e-01,
7.50000000000000000000e+01,9.00000000000000000000e+00,1.00000000000000000000e+01,2.32000000000000011768e-01,2.34999999999999986677e-01,7.86599999999999965894e-01,
7.50000000000000000000e+01,1.00000000000000000000e+01,2.00000000000000000000e+00,2.98999999999999988010e-01,3.06999999999999995115e-01,1.02569999999999983409e+00,
7.50000000000000000000e+01,1.00000000000000000000e+01,4.00000000000000000000e+00,2.81999999999999972911e-01,2.87999999999999978240e-01,1.02569999999999983409e+00,
7.50000000000000000000e+01,1.00000000000000000000e+01,6.00000000000000000000e+00,2.65000000000000013323e-01,2.70000000000000017764e-01,1.02569999999999983409e+00,
7.75000000000000000000e+01,2.00000000000000011102e-01,2.00000000000000000000e+00,1.92000000000000003997e-01,1.30000000000000004441e-01,2.36999999999999988454e-01,
7.75000000000000000000e+01,2.00000000000000011102e-01,4.00000000000000000000e+00,1.71000000000000013101e-01,8.69999999999999940048e-02,2.36999999999999988454e-01,
7.75000000000000000000e+01,2.00000000000000011102e-01,6.00000000000000000000e+00,1.59000000000000002442e-01,6.09999999999999986677e-02,2.36999999999999988454e-01,
7.75000000000000000000e+01,2.00000000000000011102e-01,8.00000000000000000000e+00,1.51999999999999996225e-01,4.49999999999999983347e-02,2.36999999999999988454e-01,
7.75000000000000000000e+01,2.00000000000000011102e-01,1.00000000000000000000e+01,1.47999999999999992673e-01,3.40000000000000024425e-02,2.36999999999999988454e-01,
7.75000000000000000000e+01,2.00000000000000011102e-01,1.20000000000000000000e+01,1.44999999999999990008e-01,2.50000000000000013878e-02,2.36999999999999988454e-01,
7.75000000000000000000e+01,2.00000000000000011102e-01,1.40000000000000000000e+01,1.41999999999999987343e-01,1.79999999999999986400e-02,2.36999999999999988454e-01,
7.75000000000000000000e+01,2.00000000000000011102e-01,1.60000000000000000000e+01,1.39000000000000012434e-01,1.20000000000000002498e-02,2.36999999999999988454e-01,
7.75000000000000000000e+01,2.00000000000000011102e-01,1.80000000000000000000e+01,1.37000000000000010658e-01,6.00000000000000012490e-03,2.36999999999999988454e-01,
7.75000000000000000000e+01,2.00000000000000011102e-01,2.00000000000000000000e+01,1.36000000000000009770e-01,0.00000000000000000000e+00,2.36999999999999988454e-01,
7.75000000000000000000e+01,4.00000000000000022204e-01,2.00000000000000000000e+00,2.20000000000000001110e-01,1.79999999999999993339e-01,4.67000000000000026201e-01,
7.75000000000000000000e+01,4.00000000000000022204e-01,4.00000000000000000000e+00,1.92000000000000003997e-01,1.30000000000000004441e-01,4.67000000000000026201e-01,
7.75000000000000000000e+01,4.00000000000000022204e-01,6.00000000000000000000e+00,1.74999999999999988898e-01,9.50000000000000011102e-02,4.67000000000000026201e-01,
7.75000000000000000000e+01,4.00000000000000022204e-01,8.00000000000000000000e+00,1.65000000000000007772e-01,7.19999999999999945599e-02,4.67000000000000026201e-01,
7.75000000000000000000e+01,4.00000000000000022204e-01,1.00000000000000000000e+01,1.60000000000000003331e-01,5.80000000000000029421e-02,4.67000000000000026201e-01,
7.75000000000000000000e+01,4.00000000000000022204e-01,1.20000000000000000000e+01,1.54999999999999998890e-01,4.59999999999999992228e-02,4.67000000000000026201e-01,
7.75000000000000000000e+01,4.00000000000000022204e-01,1.40000000000000000000e+01,1.51999999999999996225e-01,4.00000000000000008327e-02,4.67000000000000026201e-01,
7.75000000000000000000e+01,4.00000000000000022204e-01,1.60000000000000000000e+01,1.49999999999999994449e-01,3.20000000000000006661e-02,4.67000000000000026201e-01,
7.75000000000000000000e+01,4.00000000000000022204e-01,1.80000000000000000000e+01,1.46999999999999991784e-01,2.59999999999999988065e-02,4.67000000000000026201e-01,
7.75000000000000000000e+01,4.00000000000000022204e-01,2.00000000000000000000e+01,1.44999999999999990008e-01,2.00000000000000004163e-02,4.67000000000000026201e-01,
7.75000000000000000000e+01,4.00000000000000022204e-01,2.20000000000000000000e+01,1.42999999999999988232e-01,1.60000000000000003331e-02,4.67000000000000026201e-01,
7.75000000000000000000e+01,4.00000000000000022204e-01,2.40000000000000000000e+01,1.40999999999999986455e-01,1.00000000000000002082e-02,4.67000000000000026201e-01,
7.75000000000000000000e+01,4.00000000000000022204e-01,2.60000000000000000000e+01,1.39000000000000012434e-01,5.00000000000000010408e-03,4.67000000000000026201e-01,
7.75000000000000000000e+01,4.00000000000000022204e-01,2.80000000000000000000e+01,1.37000000000000010658e-01,1.00000000000000002082e-03,4.67000000000000026201e-01,
7.75000000000000000000e+01,5.99999999999999977796e-01,2.00000000000000000000e+00,2.38999999999999990230e-01,2.07999999999999990452e-01,6.98999999999999954703e-01,
7.75000000000000000000e+01,5.99999999999999977796e-01,4.00000000000000000000e+00,2.07999999999999990452e-01,1.54999999999999998890e-01,6.98999999999999954703e-01,
7.75000000000000000000e+01,5.99999999999999977796e-01,6.00000000000000000000e+00,1.88000000000000000444e-01,1.17000000000000006772e-01,6.98999999999999954703e-01,
7.75000000000000000000e+01,5.99999999999999977796e-01,8.00000000000000000000e+00,1.75999999999999989786e-01,9.19999999999999984457e-02,6.98999999999999954703e-01,
7.75000000000000000000e+01,5.99999999999999977796e-01,1.00000000000000000000e+01,1.68000000000000010436e-01,7.39999999999999963363e-02,6.98999999999999954703e-01,
7.75000000000000000000e+01,5.99999999999999977796e-01,1.20000000000000000000e+01,1.63000000000000005995e-01,6.19999999999999995559e-02,6.98999999999999954703e-01,
7.75000000000000000000e+01,5.99999999999999977796e-01,1.40000000000000000000e+01,1.59000000000000002442e-01,5.29999999999999985012e-02,6.98999999999999954703e-01,
7.75000000000000000000e+01,5.99999999999999977796e-01,1.60000000000000000000e+01,1.55999999999999999778e-01,4.49999999999999983347e-02,6.98999999999999954703e-01,
7.75000000000000000000e+01,5.99999999999999977796e-01,1.80000000000000000000e+01,1.52999999999999997113e-01,3.69999999999999981681e-02,6.98999999999999954703e-01,
7.75000000000000000000e+01,5.99999999999999977796e-01,2.00000000000000000000e+01,1.49999999999999994449e-01,2.99999999999999988898e-02,6.98999999999999954703e-01,
7.75000000000000000000e+01,5.99999999999999977796e-01,2.20000000000000000000e+01,1.47999999999999992673e-01,2.50000000000000013878e-02,6.98999999999999954703e-01,
7.75000000000000000000e+01,5.99999999999999977796e-01,2.40000000000000000000e+01,1.45999999999999990896e-01,2.00000000000000004163e-02,6.98999999999999954703e-01,
7.75000000000000000000e+01,5.99999999999999977796e-01,2.60000000000000000000e+01,1.43999999999999989120e-01,1.40000000000000002914e-02,6.98999999999999954703e-01,
7.75000000000000000000e+01,5.99999999999999977796e-01,2.80000000000000000000e+01,1.41999999999999987343e-01,8.00000000000000016653e-03,6.98999999999999954703e-01,
7.75000000000000000000e+01,5.99999999999999977796e-01,3.00000000000000000000e+01,1.40000000000000013323e-01,4.00000000000000008327e-03,6.98999999999999954703e-01,
7.75000000000000000000e+01,8.00000000000000044409e-01,2.00000000000000000000e+00,2.46999999999999997335e-01,2.21000000000000001998e-01,9.42999999999999949374e-01,
7.75000000000000000000e+01,8.00000000000000044409e-01,4.00000000000000000000e+00,2.15999999999999997558e-01,1.70000000000000012212e-01,9.42999999999999949374e-01,
7.75000000000000000000e+01,8.00000000000000044409e-01,6.00000000000000000000e+00,1.94000000000000005773e-01,1.31000000000000005329e-01,9.42999999999999949374e-01,
7.75000000000000000000e+01,8.00000000000000044409e-01,8.00000000000000000000e+00,1.78999999999999992450e-01,1.03999999999999995226e-01,9.42999999999999949374e-01,
7.75000000000000000000e+01,8.00000000000000044409e-01,1.00000000000000000000e+01,1.70000000000000012212e-01,8.89999999999999957812e-02,9.42999999999999949374e-01,
7.75000000000000000000e+01,8.00000000000000044409e-01,1.20000000000000000000e+01,1.62000000000000005107e-01,7.19999999999999945599e-02,9.42999999999999949374e-01,
7.75000000000000000000e+01,8.00000000000000044409e-01,1.40000000000000000000e+01,1.54999999999999998890e-01,5.60000000000000011657e-02,9.42999999999999949374e-01,
7.75000000000000000000e+01,8.00000000000000044409e-01,1.60000000000000000000e+01,1.49999999999999994449e-01,4.59999999999999992228e-02,9.42999999999999949374e-01,
7.75000000000000000000e+01,8.00000000000000044409e-01,1.80000000000000000000e+01,1.46999999999999991784e-01,3.89999999999999999445e-02,9.42999999999999949374e-01,
7.75000000000000000000e+01,8.00000000000000044409e-01,2.00000000000000000000e+01,1.43999999999999989120e-01,3.20000000000000006661e-02,9.42999999999999949374e-01,
7.75000000000000000000e+01,8.00000000000000044409e-01,2.20000000000000000000e+01,1.40000000000000013323e-01,2.50000000000000013878e-02,9.42999999999999949374e-01,
7.75000000000000000000e+01,8.00000000000000044409e-01,2.40000000000000000000e+01,1.37000000000000010658e-01,1.79999999999999986400e-02,9.42999999999999949374e-01,
7.75000000000000000000e+01,8.00000000000000044409e-01,2.60000000000000000000e+01,1.35000000000000008882e-01,1.29999999999999994033e-02,9.42999999999999949374e-01,
7.75000000000000000000e+01,8.00000000000000044409e-01,2.80000000000000000000e+01,1.33000000000000007105e-01,8.99999999999999931999e-03,9.42999999999999949374e-01,
7.75000000000000000000e+01,8.00000000000000044409e-01,3.00000000000000000000e+01,1.31000000000000005329e-01,5.00000000000000010408e-03,9.42999999999999949374e-01,
7.75000000000000000000e+01,8.00000000000000044409e-01,3.20000000000000000000e+01,1.30000000000000004441e-01,2.00000000000000004163e-03,9.42999999999999949374e-01,
7.75000000000000000000e+01,8.00000000000000044409e-01,3.40000000000000000000e+01,1.29000000000000003553e-01,-1.00000000000000002082e-03,9.42999999999999949374e-01,
7.75000000000000000000e+01,8.00000000000000044409e-01,3.60000000000000000000e+01,1.28000000000000002665e-01,-4.00000000000000008327e-03,9.42999999999999949374e-01,
7.75000000000000000000e+01,1.00000000000000000000e+00,2.00000000000000000000e+00,2.54699999999999981970e-01,2.31000000000000010880e-01,1.20999999999999996447e+00,
7.75000000000000000000e+01,1.00000000000000000000e+00,4.00000000000000000000e+00,2.23200000000000009504e-01,1.82100000000000011857e-01,1.20999999999999996447e+00,
7.75000000000000000000e+01,1.00000000000000000000e+00,6.00000000000000000000e+00,2.00000000000000011102e-01,1.42199999999999993072e-01,1.20999999999999996447e+00,
7.75000000000000000000e+01,1.00000000000000000000e+00,8.00000000000000000000e+00,1.87200000000000005285e-01,1.14099999999999993094e-01,1.20999999999999996447e+00,
7.75000000000000000000e+01,1.00000000000000000000e+00,1.00000000000000000000e+01,1.80400000000000004796e-01,9.50000000000000011102e-02,1.20999999999999996447e+00,
7.75000000000000000000e+01,1.00000000000000000000e+00,1.20000000000000000000e+01,1.76300000000000012257e-01,8.03999999999999992450e-02,1.20999999999999996447e+00,
7.75000000000000000000e+01,1.00000000000000000000e+00,1.40000000000000000000e+01,1.73800000000000010036e-01,6.88000000000000000444e-02,1.20999999999999996447e+00,
7.75000000000000000000e+01,1.00000000000000000000e+00,1.60000000000000000000e+01,1.71999999999999986233e-01,5.82999999999999976574e-02,1.20999999999999996447e+00,
7.75000000000000000000e+01,1.00000000000000000000e+00,1.80000000000000000000e+01,1.70899999999999996358e-01,5.17999999999999988232e-02,1.20999999999999996447e+00,
7.75000000000000000000e+01,1.00000000000000000000e+00,2.00000000000000000000e+01,1.70100000000000001199e-01,4.54000000000000028533e-02,1.20999999999999996447e+00,
7.75000000000000000000e+01,1.00000000000000000000e+00,2.20000000000000000000e+01,1.69600000000000000755e-01,4.01999999999999996225e-02,1.20999999999999996447e+00,
7.75000000000000000000e+01,1.00000000000000000000e+00,2.40000000000000000000e+01,1.69100000000000000311e-01,3.52000000000000021205e-02,1.20999999999999996447e+00,
7.75000000000000000000e+01,1.00000000000000000000e+00,2.60000000000000000000e+01,1.68899999999999994582e-01,3.09000000000000003830e-02,1.20999999999999996447e+00,
7.75000000000000000000e+01,1.00000000000000000000e+00,2.80000000000000000000e+01,1.68599999999999999867e-01,2.69999999999999996947e-02,1.20999999999999996447e+00,
7.75000000000000000000e+01,1.00000000000000000000e+00,3.00000000000000000000e+01,1.68399999999999994138e-01,2.34000000000000006606e-02,1.20999999999999996447e+00,
7.75000000000000000000e+01,1.00000000000000000000e+00,3.20000000000000000000e+01,1.68199999999999988409e-01,2.01999999999999992062e-02,1.20999999999999996447e+00,
7.75000000000000000000e+01,1.00000000000000000000e+00,3.40000000000000000000e+01,1.68199999999999988409e-01,1.79999999999999986400e-02,1.20999999999999996447e+00,
7.75000000000000000000e+01,1.00000000000000000000e+00,3.60000000000000000000e+01,1.68099999999999999423e-01,1.60000000000000003331e-02,1.20999999999999996447e+00,
7.75000000000000000000e+01,1.00000000000000000000e+00,3.80000000000000000000e+01,1.68000000000000010436e-01,1.40000000000000002914e-02,1.20999999999999996447e+00,
7.75000000000000000000e+01,1.00000000000000000000e+00,4.00000000000000000000e+01,1.68000000000000010436e-01,1.20000000000000002498e-02,1.20999999999999996447e+00,
7.75000000000000000000e+01,1.00000000000000000000e+00,4.20000000000000000000e+01,1.68000000000000010436e-01,1.00000000000000002082e-02,1.20999999999999996447e+00,
7.75000000000000000000e+01,1.00000000000000000000e+00,4.40000000000000000000e+01,1.68000000000000010436e-01,8.00000000000000016653e-03,1.20999999999999996447e+00,
7.75000000000000000000e+01,1.00000000000000000000e+00,4.60000000000000000000e+01,1.68000000000000010436e-01,6.00000000000000012490e-03,1.20999999999999996447e+00,
7.75000000000000000000e+01,1.00000000000000000000e+00,4.80000000000000000000e+01,1.68000000000000010436e-01,4.00000000000000008327e-03,1.20999999999999996447e+00,
7.75000000000000000000e+01,2.00000000000000000000e+00,2.00000000000000000000e+00,2.71199999999999996625e-01,2.58199999999999985079e-01,3.12599999999999961231e-02,
7.75000000000000000000e+01,2.00000000000000000000e+00,4.00000000000000000000e+00,2.41999999999999992895e-01,2.14799999999999990941e-01,3.12599999999999961231e-02,
7.75000000000000000000e+01,2.00000000000000000000e+00,6.00000000000000000000e+00,2.18900000000000011235e-01,1.78999999999999992450e-01,3.12599999999999961231e-02,
7.75000000000000000000e+01,2.00000000000000000000e+00,8.00000000000000000000e+00,2.00500000000000011546e-01,1.49499999999999994005e-01,3.12599999999999961231e-02,
7.75000000000000000000e+01,2.00000000000000000000e+00,1.00000000000000000000e+01,1.88200000000000006173e-01,1.25799999999999995159e-01,3.12599999999999961231e-02,
7.75000000000000000000e+01,2.00000000000000000000e+00,1.20000000000000000000e+01,1.81299999999999988942e-01,1.09399999999999997247e-01,3.12599999999999961231e-02,
7.75000000000000000000e+01,2.00000000000000000000e+00,1.40000000000000000000e+01,1.76199999999999995515e-01,9.55000000000000015543e-02,3.12599999999999961231e-02,
7.75000000000000000000e+01,2.00000000000000000000e+00,1.60000000000000000000e+01,1.72800000000000009148e-01,8.39000000000000023537e-02,3.12599999999999961231e-02,
7.75000000000000000000e+01,2.00000000000000000000e+00,1.80000000000000000000e+01,1.70100000000000001199e-01,7.42000000000000020650e-02,3.12599999999999961231e-02,
7.75000000000000000000e+01,2.00000000000000000000e+00,2.00000000000000000000e+01,1.68500000000000010880e-01,6.66000000000000064171e-02,3.12599999999999961231e-02,
7.75000000000000000000e+01,2.00000000000000000000e+00,2.20000000000000000000e+01,1.67000000000000009548e-01,5.94000000000000014100e-02,3.12599999999999961231e-02,
7.75000000000000000000e+01,2.00000000000000000000e+00,2.40000000000000000000e+01,1.66000000000000008660e-01,5.38000000000000005995e-02,3.12599999999999961231e-02,
7.75000000000000000000e+01,2.00000000000000000000e+00,2.60000000000000000000e+01,1.65300000000000002487e-01,4.92000000000000006772e-02,3.12599999999999961231e-02,
7.75000000000000000000e+01,2.00000000000000000000e+00,2.80000000000000000000e+01,1.64700000000000013056e-01,4.51000000000000011990e-02,3.12599999999999961231e-02,
7.75000000000000000000e+01,2.00000000000000000000e+00,3.00000000000000000000e+01,1.64000000000000006883e-01,4.08999999999999988565e-02,3.12599999999999961231e-02,
7.75000000000000000000e+01,2.00000000000000000000e+00,3.20000000000000000000e+01,1.63500000000000006439e-01,3.72999999999999998224e-02,3.12599999999999961231e-02,
7.75000000000000000000e+01,2.00000000000000000000e+00,3.40000000000000000000e+01,1.63000000000000005995e-01,3.40000000000000024425e-02,3.12599999999999961231e-02,
7.75000000000000000000e+01,2.00000000000000000000e+00,3.60000000000000000000e+01,1.62800000000000000266e-01,3.09999999999999997780e-02,3.12599999999999961231e-02,
7.75000000000000000000e+01,2.00000000000000000000e+00,3.80000000000000000000e+01,1.62299999999999999822e-01,2.80000000000000005829e-02,3.12599999999999961231e-02,
7.75000000000000000000e+01,2.00000000000000000000e+00,4.00000000000000000000e+01,1.62000000000000005107e-01,2.50000000000000013878e-02,3.12599999999999961231e-02,
7.75000000000000000000e+01,2.00000000000000000000e+00,4.20000000000000000000e+01,1.62000000000000005107e-01,2.19999999999999987232e-02,3.12599999999999961231e-02,
7.75000000000000000000e+01,2.00000000000000000000e+00,4.40000000000000000000e+01,1.62000000000000005107e-01,1.89999999999999995282e-02,3.12599999999999961231e-02,
7.75000000000000000000e+01,2.00000000000000000000e+00,4.60000000000000000000e+01,1.61000000000000004219e-01,1.60000000000000003331e-02,3.12599999999999961231e-02,
7.75000000000000000000e+01,2.00000000000000000000e+00,4.80000000000000000000e+01,1.61000000000000004219e-01,1.29999999999999994033e-02,3.12599999999999961231e-02,
7.75000000000000000000e+01,2.00000000000000000000e+00,5.00000000000000000000e+01,1.60000000000000003331e-01,1.00000000000000002082e-02,3.12599999999999961231e-02,
7.75000000000000000000e+01,3.00000000000000000000e+00,2.00000000000000000000e+00,2.77700000000000002398e-01,2.68699999999999994404e-01,6.55000000000000026645e-02,
7.75000000000000000000e+01,3.00000000000000000000e+00,4.00000000000000000000e+00,2.52000000000000001776e-01,2.31899999999999995026e-01,6.55000000000000026645e-02,
7.75000000000000000000e+01,3.00000000000000000000e+00,6.00000000000000000000e+00,2.31099999999999999867e-01,2.01000000000000011990e-01,6.55000000000000026645e-02,
7.75000000000000000000e+01,3.00000000000000000000e+00,8.00000000000000000000e+00,2.14900000000000007683e-01,1.76100000000000006528e-01,6.55000000000000026645e-02,
7.75000000000000000000e+01,3.00000000000000000000e+00,1.00000000000000000000e+01,2.00500000000000011546e-01,1.53599999999999986544e-01,6.55000000000000026645e-02,
7.75000000000000000000e+01,3.00000000000000000000e+00,1.20000000000000000000e+01,1.90299999999999996936e-01,1.35300000000000003597e-01,6.55000000000000026645e-02,
7.75000000000000000000e+01,3.00000000000000000000e+00,1.40000000000000000000e+01,1.82400000000000006573e-01,1.18800000000000002820e-01,6.55000000000000026645e-02,
7.75000000000000000000e+01,3.00000000000000000000e+00,1.60000000000000000000e+01,1.76499999999999990230e-01,1.04800000000000004263e-01,6.55000000000000026645e-02,
7.75000000000000000000e+01,3.00000000000000000000e+00,1.80000000000000000000e+01,1.72999999999999987121e-01,9.47999999999999953815e-02,6.55000000000000026645e-02,
7.75000000000000000000e+01,3.00000000000000000000e+00,2.00000000000000000000e+01,1.70199999999999990186e-01,8.66999999999999992895e-02,6.55000000000000026645e-02,
7.75000000000000000000e+01,3.00000000000000000000e+00,2.20000000000000000000e+01,1.67699999999999987965e-01,7.82000000000000056177e-02,6.55000000000000026645e-02,
7.75000000000000000000e+01,3.00000000000000000000e+00,2.40000000000000000000e+01,1.65800000000000002931e-01,7.10999999999999965361e-02,6.55000000000000026645e-02,
7.75000000000000000000e+01,3.00000000000000000000e+00,2.60000000000000000000e+01,1.64200000000000012612e-01,6.55000000000000026645e-02,6.55000000000000026645e-02,
7.75000000000000000000e+01,3.00000000000000000000e+00,2.80000000000000000000e+01,1.63200000000000011724e-01,6.09000000000000027423e-02,6.55000000000000026645e-02,
7.75000000000000000000e+01,3.00000000000000000000e+00,3.00000000000000000000e+01,1.62099999999999994094e-01,5.55999999999999966471e-02,6.55000000000000026645e-02,
7.75000000000000000000e+01,3.00000000000000000000e+00,3.20000000000000000000e+01,1.61200000000000009948e-01,5.10999999999999995892e-02,6.55000000000000026645e-02,
7.75000000000000000000e+01,3.00000000000000000000e+00,3.40000000000000000000e+01,1.60799999999999998490e-01,4.80000000000000009992e-02,6.55000000000000026645e-02,
7.75000000000000000000e+01,3.00000000000000000000e+00,3.60000000000000000000e+01,1.59000000000000002442e-01,4.39999999999999974465e-02,6.55000000000000026645e-02,
7.75000000000000000000e+01,3.00000000000000000000e+00,3.80000000000000000000e+01,1.58000000000000001554e-01,4.00000000000000008327e-02,6.55000000000000026645e-02,
7.75000000000000000000e+01,3.00000000000000000000e+00,4.00000000000000000000e+01,1.58000000000000001554e-01,3.69999999999999981681e-02,6.55000000000000026645e-02,
7.75000000000000000000e+01,3.00000000000000000000e+00,4.20000000000000000000e+01,1.57000000000000000666e-01,3.40000000000000024425e-02,6.55000000000000026645e-02,
7.75000000000000000000e+01,3.00000000000000000000e+00,4.40000000000000000000e+01,1.57000000000000000666e-01,3.09999999999999997780e-02,6.55000000000000026645e-02,
7.75000000000000000000e+01,3.00000000000000000000e+00,4.60000000000000000000e+01,1.57000000000000000666e-01,2.80000000000000005829e-02,6.55000000000000026645e-02,
7.75000000000000000000e+01,3.00000000000000000000e+00,4.80000000000000000000e+01,1.55999999999999999778e-01,2.50000000000000013878e-02,6.55000000000000026645e-02,
7.75000000000000000000e+01,3.00000000000000000000e+00,5.00000000000000000000e+01,1.55999999999999999778e-01,2.19999999999999987232e-02,6.55000000000000026645e-02,
7.75000000000000000000e+01,4.00000000000000000000e+00,2.00000000000000000000e+00,2.86100000000000020961e-01,2.81899999999999983924e-01,1.19999999999999995559e-01,
7.75000000000000000000e+01,4.00000000000000000000e+00,4.00000000000000000000e+00,2.65699999999999991740e-01,2.52800000000000024691e-01,1.19999999999999995559e-01,
7.75000000000000000000e+01,4.00000000000000000000e+00,6.00000000000000000000e+00,2.47099999999999986322e-01,2.26599999999999995870e-01,1.19999999999999995559e-01,
7.75000000000000000000e+01,4.00000000000000000000e+00,8.00000000000000000000e+00,2.30399999999999993694e-01,2.02300000000000007594e-01,1.19999999999999995559e-01,
7.75000000000000000000e+01,4.00000000000000000000e+00,1.00000000000000000000e+01,2.15799999999999991829e-01,1.81100000000000010969e-01,1.19999999999999995559e-01,
7.75000000000000000000e+01,4.00000000000000000000e+00,1.20000000000000000000e+01,2.03699999999999992184e-01,1.62899999999999989253e-01,1.19999999999999995559e-01,
7.75000000000000000000e+01,4.00000000000000000000e+00,1.40000000000000000000e+01,1.94099999999999994760e-01,1.46800000000000013811e-01,1.19999999999999995559e-01,
7.75000000000000000000e+01,4.00000000000000000000e+00,1.60000000000000000000e+01,1.86099999999999987654e-01,1.31599999999999994760e-01,1.19999999999999995559e-01,
7.75000000000000000000e+01,4.00000000000000000000e+00,1.80000000000000000000e+01,1.79799999999999987610e-01,1.18499999999999994227e-01,1.19999999999999995559e-01,
7.75000000000000000000e+01,4.00000000000000000000e+00,2.00000000000000000000e+01,1.74199999999999993738e-01,1.05800000000000005151e-01,1.19999999999999995559e-01,
7.75000000000000000000e+01,4.00000000000000000000e+00,2.20000000000000000000e+01,1.71300000000000007816e-01,9.80000000000000037748e-02,1.19999999999999995559e-01,
7.75000000000000000000e+01,4.00000000000000000000e+00,2.40000000000000000000e+01,1.68399999999999994138e-01,8.98999999999999938050e-02,1.19999999999999995559e-01,
7.75000000000000000000e+01,4.00000000000000000000e+00,2.60000000000000000000e+01,1.65899999999999991918e-01,8.25000000000000038858e-02,1.19999999999999995559e-01,
7.75000000000000000000e+01,4.00000000000000000000e+00,2.80000000000000000000e+01,1.64000000000000006883e-01,7.69999999999999990008e-02,1.19999999999999995559e-01,
7.75000000000000000000e+01,4.00000000000000000000e+00,3.00000000000000000000e+01,1.62000000000000005107e-01,7.19999999999999945599e-02,1.19999999999999995559e-01,
7.75000000000000000000e+01,4.00000000000000000000e+00,3.20000000000000000000e+01,1.60000000000000003331e-01,6.60000000000000031086e-02,1.19999999999999995559e-01,
7.75000000000000000000e+01,4.00000000000000000000e+00,3.40000000000000000000e+01,1.58000000000000001554e-01,5.99999999999999977796e-02,1.19999999999999995559e-01,
7.75000000000000000000e+01,4.00000000000000000000e+00,3.60000000000000000000e+01,1.57000000000000000666e-01,5.39999999999999993894e-02,1.19999999999999995559e-01,
7.75000000000000000000e+01,4.00000000000000000000e+00,3.80000000000000000000e+01,1.54999999999999998890e-01,4.90000000000000018874e-02,1.19999999999999995559e-01,
7.75000000000000000000e+01,4.00000000000000000000e+00,4.00000000000000000000e+01,1.52999999999999997113e-01,4.39999999999999974465e-02,1.19999999999999995559e-01,
7.75000000000000000000e+01,5.00000000000000000000e+00,2.00000000000000000000e+00,2.91800000000000003819e-01,2.90800000000000002931e-01,1.97699999999999986855e-01,
7.75000000000000000000e+01,5.00000000000000000000e+00,4.00000000000000000000e+00,2.73899999999999976819e-01,2.66600000000000003642e-01,1.97699999999999986855e-01,
7.75000000000000000000e+01,5.00000000000000000000e+00,6.00000000000000000000e+00,2.56299999999999972289e-01,2.41699999999999998179e-01,1.97699999999999986855e-01,
7.75000000000000000000e+01,5.00000000000000000000e+00,8.00000000000000000000e+00,2.41699999999999998179e-01,2.20400000000000012568e-01,1.97699999999999986855e-01,
7.75000000000000000000e+01,5.00000000000000000000e+00,1.00000000000000000000e+01,2.28500000000000008660e-01,2.02000000000000012879e-01,1.97699999999999986855e-01,
7.75000000000000000000e+01,5.00000000000000000000e+00,1.20000000000000000000e+01,2.15700000000000002842e-01,1.82999999999999996003e-01,1.97699999999999986855e-01,
7.75000000000000000000e+01,5.00000000000000000000e+00,1.40000000000000000000e+01,2.04199999999999992628e-01,1.66099999999999997646e-01,1.97699999999999986855e-01,
7.75000000000000000000e+01,5.00000000000000000000e+00,1.60000000000000000000e+01,1.94500000000000006217e-01,1.51100000000000012079e-01,1.97699999999999986855e-01,
7.75000000000000000000e+01,5.00000000000000000000e+00,1.80000000000000000000e+01,1.86200000000000004396e-01,1.36500000000000010214e-01,1.97699999999999986855e-01,
7.75000000000000000000e+01,5.00000000000000000000e+00,2.00000000000000000000e+01,1.79400000000000003908e-01,1.23899999999999996247e-01,1.97699999999999986855e-01,
7.75000000000000000000e+01,5.00000000000000000000e+00,2.20000000000000000000e+01,1.74999999999999988898e-01,1.14000000000000004108e-01,1.97699999999999986855e-01,
7.75000000000000000000e+01,5.00000000000000000000e+00,2.40000000000000000000e+01,1.70000000000000012212e-01,1.02999999999999994338e-01,1.97699999999999986855e-01,
7.75000000000000000000e+01,5.00000000000000000000e+00,2.60000000000000000000e+01,1.65000000000000007772e-01,9.40000000000000002220e-02,1.97699999999999986855e-01,
7.75000000000000000000e+01,5.00000000000000000000e+00,2.80000000000000000000e+01,1.62000000000000005107e-01,8.59999999999999931166e-02,1.97699999999999986855e-01,
7.75000000000000000000e+01,5.00000000000000000000e+00,3.00000000000000000000e+01,1.58000000000000001554e-01,7.79999999999999998890e-02,1.97699999999999986855e-01,
7.75000000000000000000e+01,5.00000000000000000000e+00,3.20000000000000000000e+01,1.53999999999999998002e-01,7.00000000000000066613e-02,1.97699999999999986855e-01,
7.75000000000000000000e+01,5.00000000000000000000e+00,3.40000000000000000000e+01,1.49999999999999994449e-01,6.19999999999999995559e-02,1.97699999999999986855e-01,
7.75000000000000000000e+01,6.00000000000000000000e+00,2.00000000000000000000e+00,2.95499999999999984901e-01,2.96300000000000007816e-01,3.00300000000000011369e-01,
7.75000000000000000000e+01,6.00000000000000000000e+00,4.00000000000000000000e+00,2.79799999999999993161e-01,2.75200000000000000178e-01,3.00300000000000011369e-01,
7.75000000000000000000e+01,6.00000000000000000000e+00,6.00000000000000000000e+00,2.63799999999999978950e-01,2.53099999999999991651e-01,3.00300000000000011369e-01,
7.75000000000000000000e+01,6.00000000000000000000e+00,8.00000000000000000000e+00,2.50500000000000000444e-01,2.34699999999999991962e-01,3.00300000000000011369e-01,
7.75000000000000000000e+01,6.00000000000000000000e+00,1.00000000000000000000e+01,2.37800000000000011369e-01,2.16799999999999992717e-01,3.00300000000000011369e-01,
7.75000000000000000000e+01,6.00000000000000000000e+00,1.20000000000000000000e+01,2.24099999999999993650e-01,1.97500000000000008882e-01,3.00300000000000011369e-01,
7.75000000000000000000e+01,6.00000000000000000000e+00,1.40000000000000000000e+01,2.11900000000000005018e-01,1.79900000000000004352e-01,3.00300000000000011369e-01,
7.75000000000000000000e+01,6.00000000000000000000e+00,1.60000000000000000000e+01,1.99000000000000010214e-01,1.63000000000000005995e-01,3.00300000000000011369e-01,
7.75000000000000000000e+01,6.00000000000000000000e+00,1.80000000000000000000e+01,1.92000000000000003997e-01,1.50999999999999995337e-01,3.00300000000000011369e-01,
7.75000000000000000000e+01,6.00000000000000000000e+00,2.00000000000000000000e+01,1.84999999999999997780e-01,1.39000000000000012434e-01,3.00300000000000011369e-01,
7.75000000000000000000e+01,6.00000000000000000000e+00,2.20000000000000000000e+01,1.78999999999999992450e-01,1.28000000000000002665e-01,3.00300000000000011369e-01,
7.75000000000000000000e+01,6.00000000000000000000e+00,2.40000000000000000000e+01,1.72999999999999987121e-01,1.17999999999999993783e-01,3.00300000000000011369e-01,
7.75000000000000000000e+01,6.00000000000000000000e+00,2.60000000000000000000e+01,1.66000000000000008660e-01,1.04999999999999996114e-01,3.00300000000000011369e-01,
7.75000000000000000000e+01,7.00000000000000000000e+00,2.00000000000000000000e+00,2.98200000000000020606e-01,3.00300000000000011369e-01,4.30600000000000038280e-01,
7.75000000000000000000e+01,7.00000000000000000000e+00,4.00000000000000000000e+00,2.83299999999999996270e-01,2.80899999999999983036e-01,4.30600000000000038280e-01,
7.75000000000000000000e+01,7.00000000000000000000e+00,6.00000000000000000000e+00,2.68699999999999994404e-01,2.61199999999999987743e-01,4.30600000000000038280e-01,
7.75000000000000000000e+01,7.00000000000000000000e+00,8.00000000000000000000e+00,2.54599999999999992983e-01,2.41799999999999987166e-01,4.30600000000000038280e-01,
7.75000000000000000000e+01,7.00000000000000000000e+00,1.00000000000000000000e+01,2.40999999999999992006e-01,2.22399999999999986589e-01,4.30600000000000038280e-01,
7.75000000000000000000e+01,7.00000000000000000000e+00,1.20000000000000000000e+01,2.28000000000000008216e-01,2.03999999999999986899e-01,4.30600000000000038280e-01,
7.75000000000000000000e+01,7.00000000000000000000e+00,1.40000000000000000000e+01,2.16999999999999998446e-01,1.89000000000000001332e-01,4.30600000000000038280e-01,
7.75000000000000000000e+01,7.00000000000000000000e+00,1.60000000000000000000e+01,2.06999999999999989564e-01,1.72999999999999987121e-01,4.30600000000000038280e-01,
7.75000000000000000000e+01,7.00000000000000000000e+00,1.80000000000000000000e+01,1.98000000000000009326e-01,1.60000000000000003331e-01,4.30600000000000038280e-01,
7.75000000000000000000e+01,7.00000000000000000000e+00,2.00000000000000000000e+01,1.88000000000000000444e-01,1.45999999999999990896e-01,4.30600000000000038280e-01,
7.75000000000000000000e+01,8.00000000000000000000e+00,2.00000000000000000000e+00,3.00300000000000011369e-01,3.03400000000000003020e-01,5.90999999999999969802e-01,
7.75000000000000000000e+01,8.00000000000000000000e+00,4.00000000000000000000e+00,2.85600000000000020517e-01,2.84600000000000019629e-01,5.90999999999999969802e-01,
7.75000000000000000000e+01,8.00000000000000000000e+00,6.00000000000000000000e+00,2.70199999999999995737e-01,2.64799999999999979838e-01,5.90999999999999969802e-01,
7.75000000000000000000e+01,8.00000000000000000000e+00,8.00000000000000000000e+00,2.55000000000000004441e-01,2.43999999999999994671e-01,5.90999999999999969802e-01,
7.75000000000000000000e+01,8.00000000000000000000e+00,1.00000000000000000000e+01,2.40999999999999992006e-01,2.24000000000000004663e-01,5.90999999999999969802e-01,
7.75000000000000000000e+01,8.00000000000000000000e+00,1.20000000000000000000e+01,2.32000000000000011768e-01,2.09999999999999992228e-01,5.90999999999999969802e-01,
7.75000000000000000000e+01,8.00000000000000000000e+00,1.40000000000000000000e+01,2.21000000000000001998e-01,1.93000000000000004885e-01,5.90999999999999969802e-01,
7.75000000000000000000e+01,9.00000000000000000000e+00,2.00000000000000000000e+00,3.01499999999999990230e-01,3.05200000000000026823e-01,7.86599999999999965894e-01,
7.75000000000000000000e+01,9.00000000000000000000e+00,4.00000000000000000000e+00,2.85999999999999976463e-01,2.84999999999999975575e-01,7.86599999999999965894e-01,
7.75000000000000000000e+01,9.00000000000000000000e+00,6.00000000000000000000e+00,2.71000000000000018652e-01,2.66000000000000014211e-01,7.86599999999999965894e-01,
7.75000000000000000000e+01,9.00000000000000000000e+00,8.00000000000000000000e+00,2.57000000000000006217e-01,2.44999999999999995559e-01,7.86599999999999965894e-01,
7.75000000000000000000e+01,9.00000000000000000000e+00,1.00000000000000000000e+01,2.46999999999999997335e-01,2.27000000000000007327e-01,7.86599999999999965894e-01,
7.75000000000000000000e+01,1.00000000000000000000e+01,2.00000000000000000000e+00,3.01999999999999990674e-01,3.06999999999999995115e-01,1.02569999999999983409e+00,
7.75000000000000000000e+01,1.00000000000000000000e+01,4.00000000000000000000e+00,2.85999999999999976463e-01,2.85999999999999976463e-01,1.02569999999999983409e+00,
7.75000000000000000000e+01,1.00000000000000000000e+01,6.00000000000000000000e+00,2.73000000000000020428e-01,2.68000000000000015987e-01,1.02569999999999983409e+00,
8.00000000000000000000e+01,2.00000000000000011102e-01,2.00000000000000000000e+00,2.27000000000000007327e-01,1.26000000000000000888e-01,2.36999999999999988454e-01,
8.00000000000000000000e+01,2.00000000000000011102e-01,4.00000000000000000000e+00,2.12999999999999994893e-01,8.79999999999999948930e-02,2.36999999999999988454e-01,
8.00000000000000000000e+01,2.00000000000000011102e-01,6.00000000000000000000e+00,2.05999999999999988676e-01,6.40000000000000013323e-02,2.36999999999999988454e-01,
8.00000000000000000000e+01,2.00000000000000011102e-01,8.00000000000000000000e+00,2.02000000000000012879e-01,4.90000000000000018874e-02,2.36999999999999988454e-01,
8.00000000000000000000e+01,2.00000000000000011102e-01,1.00000000000000000000e+01,2.00000000000000011102e-01,4.00000000000000008327e-02,2.36999999999999988454e-01,
8.00000000000000000000e+01,2.00000000000000011102e-01,1.20000000000000000000e+01,1.98000000000000009326e-01,3.09999999999999997780e-02,2.36999999999999988454e-01,
8.00000000000000000000e+01,2.00000000000000011102e-01,1.40000000000000000000e+01,1.96000000000000007550e-01,2.40000000000000004996e-02,2.36999999999999988454e-01,
8.00000000000000000000e+01,2.00000000000000011102e-01,1.60000000000000000000e+01,1.95000000000000006661e-01,1.79999999999999986400e-02,2.36999999999999988454e-01,
8.00000000000000000000e+01,2.00000000000000011102e-01,1.80000000000000000000e+01,1.93000000000000004885e-01,1.20000000000000002498e-02,2.36999999999999988454e-01,
8.00000000000000000000e+01,2.00000000000000011102e-01,2.00000000000000000000e+01,1.92000000000000003997e-01,6.00000000000000012490e-03,2.36999999999999988454e-01,
8.00000000000000000000e+01,4.00000000000000022204e-01,2.00000000000000000000e+00,2.40999999999999992006e-01,1.75999999999999989786e-01,4.67000000000000026201e-01,
8.00000000000000000000e+01,4.00000000000000022204e-01,4.00000000000000000000e+00,2.23000000000000003775e-01,1.31000000000000005329e-01,4.67000000000000026201e-01,
8.00000000000000000000e+01,4.00000000000000022204e-01,6.00000000000000000000e+00,2.11999999999999994005e-01,1.00000000000000005551e-01,4.67000000000000026201e-01,
8.00000000000000000000e+01,4.00000000000000022204e-01,8.00000000000000000000e+00,2.05999999999999988676e-01,7.79999999999999998890e-02,4.67000000000000026201e-01,
8.00000000000000000000e+01,4.00000000000000022204e-01,1.00000000000000000000e+01,2.02000000000000012879e-01,6.19999999999999995559e-02,4.67000000000000026201e-01,
8.00000000000000000000e+01,4.00000000000000022204e-01,1.20000000000000000000e+01,1.99000000000000010214e-01,5.00000000000000027756e-02,4.67000000000000026201e-01,
8.00000000000000000000e+01,4.00000000000000022204e-01,1.40000000000000000000e+01,1.97000000000000008438e-01,4.29999999999999965583e-02,4.67000000000000026201e-01,
8.00000000000000000000e+01,4.00000000000000022204e-01,1.60000000000000000000e+01,1.95000000000000006661e-01,3.59999999999999972800e-02,4.67000000000000026201e-01,
8.00000000000000000000e+01,4.00000000000000022204e-01,1.80000000000000000000e+01,1.93000000000000004885e-01,2.90000000000000014710e-02,4.67000000000000026201e-01,
8.00000000000000000000e+01,4.00000000000000022204e-01,2.00000000000000000000e+01,1.92000000000000003997e-01,2.40000000000000004996e-02,4.67000000000000026201e-01,
8.00000000000000000000e+01,4.00000000000000022204e-01,2.20000000000000000000e+01,1.91000000000000003109e-01,1.79999999999999986400e-02,4.67000000000000026201e-01,
8.00000000000000000000e+01,4.00000000000000022204e-01,2.40000000000000000000e+01,1.90000000000000002220e-01,1.29999999999999994033e-02,4.67000000000000026201e-01,
8.00000000000000000000e+01,4.00000000000000022204e-01,2.60000000000000000000e+01,1.88000000000000000444e-01,8.00000000000000016653e-03,4.67000000000000026201e-01,
8.00000000000000000000e+01,4.00000000000000022204e-01,2.80000000000000000000e+01,1.86999999999999999556e-01,4.00000000000000008327e-03,4.67000000000000026201e-01,
8.00000000000000000000e+01,5.99999999999999977796e-01,2.00000000000000000000e+00,2.57000000000000006217e-01,2.03999999999999986899e-01,6.98999999999999954703e-01,
8.00000000000000000000e+01,5.99999999999999977796e-01,4.00000000000000000000e+00,2.36999999999999988454e-01,1.57000000000000000666e-01,6.98999999999999954703e-01,
8.00000000000000000000e+01,5.99999999999999977796e-01,6.00000000000000000000e+00,2.25000000000000005551e-01,1.23999999999999999112e-01,6.98999999999999954703e-01,
8.00000000000000000000e+01,5.99999999999999977796e-01,8.00000000000000000000e+00,2.15999999999999997558e-01,9.80000000000000037748e-02,6.98999999999999954703e-01,
8.00000000000000000000e+01,5.99999999999999977796e-01,1.00000000000000000000e+01,2.10999999999999993117e-01,8.20000000000000034417e-02,6.98999999999999954703e-01,
8.00000000000000000000e+01,5.99999999999999977796e-01,1.20000000000000000000e+01,2.07999999999999990452e-01,7.00000000000000066613e-02,6.98999999999999954703e-01,
8.00000000000000000000e+01,5.99999999999999977796e-01,1.40000000000000000000e+01,2.03999999999999986899e-01,5.80000000000000029421e-02,6.98999999999999954703e-01,
8.00000000000000000000e+01,5.99999999999999977796e-01,1.60000000000000000000e+01,2.02000000000000012879e-01,5.00000000000000027756e-02,6.98999999999999954703e-01,
8.00000000000000000000e+01,5.99999999999999977796e-01,1.80000000000000000000e+01,2.00000000000000011102e-01,4.20000000000000026090e-02,6.98999999999999954703e-01,
8.00000000000000000000e+01,5.99999999999999977796e-01,2.00000000000000000000e+01,1.98000000000000009326e-01,3.50000000000000033307e-02,6.98999999999999954703e-01,
8.00000000000000000000e+01,5.99999999999999977796e-01,2.20000000000000000000e+01,1.96000000000000007550e-01,2.90000000000000014710e-02,6.98999999999999954703e-01,
8.00000000000000000000e+01,5.99999999999999977796e-01,2.40000000000000000000e+01,1.95000000000000006661e-01,2.40000000000000004996e-02,6.98999999999999954703e-01,
8.00000000000000000000e+01,5.99999999999999977796e-01,2.60000000000000000000e+01,1.94000000000000005773e-01,1.79999999999999986400e-02,6.98999999999999954703e-01,
8.00000000000000000000e+01,5.99999999999999977796e-01,2.80000000000000000000e+01,1.92000000000000003997e-01,1.20000000000000002498e-02,6.98999999999999954703e-01,
8.00000000000000000000e+01,5.99999999999999977796e-01,3.00000000000000000000e+01,1.90000000000000002220e-01,6.00000000000000012490e-03,6.98999999999999954703e-01,
8.00000000000000000000e+01,8.00000000000000044409e-01,2.00000000000000000000e+00,2.63000000000000011546e-01,2.19000000000000000222e-01,9.42999999999999949374e-01,
8.00000000000000000000e+01,8.00000000000000044409e-01,4.00000000000000000000e+00,2.41999999999999992895e-01,1.70000000000000012212e-01,9.42999999999999949374e-01,
8.00000000000000000000e+01,8.00000000000000044409e-01,6.00000000000000000000e+00,2.29000000000000009104e-01,1.37000000000000010658e-01,9.42999999999999949374e-01,
8.00000000000000000000e+01,8.00000000000000044409e-01,8.00000000000000000000e+00,2.20000000000000001110e-01,1.12000000000000002331e-01,9.42999999999999949374e-01,
8.00000000000000000000e+01,8.00000000000000044409e-01,1.00000000000000000000e+01,2.14999999999999996669e-01,9.70000000000000028866e-02,9.42999999999999949374e-01,
8.00000000000000000000e+01,8.00000000000000044409e-01,1.20000000000000000000e+01,2.09999999999999992228e-01,8.10000000000000025535e-02,9.42999999999999949374e-01,
8.00000000000000000000e+01,8.00000000000000044409e-01,1.40000000000000000000e+01,2.05999999999999988676e-01,6.80000000000000048850e-02,9.42999999999999949374e-01,
8.00000000000000000000e+01,8.00000000000000044409e-01,1.60000000000000000000e+01,2.03000000000000013767e-01,5.70000000000000020539e-02,9.42999999999999949374e-01,
8.00000000000000000000e+01,8.00000000000000044409e-01,1.80000000000000000000e+01,2.00000000000000011102e-01,5.00000000000000027756e-02,9.42999999999999949374e-01,
8.00000000000000000000e+01,8.00000000000000044409e-01,2.00000000000000000000e+01,1.99000000000000010214e-01,4.29999999999999965583e-02,9.42999999999999949374e-01,
8.00000000000000000000e+01,8.00000000000000044409e-01,2.20000000000000000000e+01,1.97000000000000008438e-01,3.59999999999999972800e-02,9.42999999999999949374e-01,
8.00000000000000000000e+01,8.00000000000000044409e-01,2.40000000000000000000e+01,1.96000000000000007550e-01,2.99999999999999988898e-02,9.42999999999999949374e-01,
8.00000000000000000000e+01,8.00000000000000044409e-01,2.60000000000000000000e+01,1.94000000000000005773e-01,2.59999999999999988065e-02,9.42999999999999949374e-01,
8.00000000000000000000e+01,8.00000000000000044409e-01,2.80000000000000000000e+01,1.93000000000000004885e-01,2.10000000000000013045e-02,9.42999999999999949374e-01,
8.00000000000000000000e+01,8.00000000000000044409e-01,3.00000000000000000000e+01,1.92000000000000003997e-01,1.79999999999999986400e-02,9.42999999999999949374e-01,
8.00000000000000000000e+01,8.00000000000000044409e-01,3.20000000000000000000e+01,1.91000000000000003109e-01,1.40000000000000002914e-02,9.42999999999999949374e-01,
8.00000000000000000000e+01,8.00000000000000044409e-01,3.40000000000000000000e+01,1.90000000000000002220e-01,1.00000000000000002082e-02,9.42999999999999949374e-01,
8.00000000000000000000e+01,8.00000000000000044409e-01,3.60000000000000000000e+01,1.89000000000000001332e-01,8.00000000000000016653e-03,9.42999999999999949374e-01,
8.00000000000000000000e+01,1.00000000000000000000e+00,2.00000000000000000000e+00,2.67699999999999993516e-01,2.28000000000000008216e-01,1.20999999999999996447e+00,
8.00000000000000000000e+01,1.00000000000000000000e+00,4.00000000000000000000e+00,2.45900000000000007461e-01,1.82799999999999990274e-01,1.20999999999999996447e+00,
8.00000000000000000000e+01,1.00000000000000000000e+00,6.00000000000000000000e+00,2.29000000000000009104e-01,1.46999999999999991784e-01,1.20999999999999996447e+00,
8.00000000000000000000e+01,1.00000000000000000000e+00,8.00000000000000000000e+00,2.19000000000000000222e-01,1.22800000000000006373e-01,1.20999999999999996447e+00,
8.00000000000000000000e+01,1.00000000000000000000e+00,1.00000000000000000000e+01,2.11999999999999994005e-01,1.02900000000000005351e-01,1.20999999999999996447e+00,
8.00000000000000000000e+01,1.00000000000000000000e+00,1.20000000000000000000e+01,2.06999999999999989564e-01,8.69000000000000050182e-02,1.20999999999999996447e+00,
8.00000000000000000000e+01,1.00000000000000000000e+00,1.40000000000000000000e+01,2.03800000000000008926e-01,7.44999999999999967804e-02,1.20999999999999996447e+00,
8.00000000000000000000e+01,1.00000000000000000000e+00,1.60000000000000000000e+01,2.00800000000000006262e-01,6.37999999999999956035e-02,1.20999999999999996447e+00,
8.00000000000000000000e+01,1.00000000000000000000e+00,1.80000000000000000000e+01,1.99099999999999999201e-01,5.63999999999999987454e-02,1.20999999999999996447e+00,
8.00000000000000000000e+01,1.00000000000000000000e+00,2.00000000000000000000e+01,1.97599999999999997868e-01,4.92999999999999966027e-02,1.20999999999999996447e+00,
8.00000000000000000000e+01,1.00000000000000000000e+00,2.20000000000000000000e+01,1.96500000000000007994e-01,4.35999999999999998668e-02,1.20999999999999996447e+00,
8.00000000000000000000e+01,1.00000000000000000000e+00,2.40000000000000000000e+01,1.95200000000000012390e-01,3.79999999999999990563e-02,1.20999999999999996447e+00,
8.00000000000000000000e+01,1.00000000000000000000e+00,2.60000000000000000000e+01,1.94200000000000011502e-01,3.25999999999999970357e-02,1.20999999999999996447e+00,
8.00000000000000000000e+01,1.00000000000000000000e+00,2.80000000000000000000e+01,1.93599999999999994316e-01,2.80999999999999999778e-02,1.20999999999999996447e+00,
8.00000000000000000000e+01,1.00000000000000000000e+00,3.00000000000000000000e+01,1.92799999999999999156e-01,2.40000000000000004996e-02,1.20999999999999996447e+00,
8.00000000000000000000e+01,1.00000000000000000000e+00,3.20000000000000000000e+01,1.93000000000000004885e-01,2.10000000000000013045e-02,1.20999999999999996447e+00,
8.00000000000000000000e+01,1.00000000000000000000e+00,3.40000000000000000000e+01,1.93000000000000004885e-01,1.89999999999999995282e-02,1.20999999999999996447e+00,
8.00000000000000000000e+01,1.00000000000000000000e+00,3.60000000000000000000e+01,1.93000000000000004885e-01,1.60000000000000003331e-02,1.20999999999999996447e+00,
8.00000000000000000000e+01,1.00000000000000000000e+00,3.80000000000000000000e+01,1.93000000000000004885e-01,1.40000000000000002914e-02,1.20999999999999996447e+00,
8.00000000000000000000e+01,1.00000000000000000000e+00,4.00000000000000000000e+01,1.93000000000000004885e-01,1.29999999999999994033e-02,1.20999999999999996447e+00,
8.00000000000000000000e+01,1.00000000000000000000e+00,4.20000000000000000000e+01,1.92000000000000003997e-01,1.09999999999999993616e-02,1.20999999999999996447e+00,
8.00000000000000000000e+01,1.00000000000000000000e+00,4.40000000000000000000e+01,1.92000000000000003997e-01,8.99999999999999931999e-03,1.20999999999999996447e+00,
8.00000000000000000000e+01,1.00000000000000000000e+00,4.60000000000000000000e+01,1.92000000000000003997e-01,7.00000000000000014572e-03,1.20999999999999996447e+00,
8.00000000000000000000e+01,1.00000000000000000000e+00,4.80000000000000000000e+01,1.92000000000000003997e-01,5.00000000000000010408e-03,1.20999999999999996447e+00,
8.00000000000000000000e+01,2.00000000000000000000e+00,2.00000000000000000000e+00,2.80299999999999993605e-01,2.56699999999999983746e-01,3.12599999999999961231e-02,
8.00000000000000000000e+01,2.00000000000000000000e+00,4.00000000000000000000e+00,2.60000000000000008882e-01,2.16200000000000003286e-01,3.12599999999999961231e-02,
8.00000000000000000000e+01,2.00000000000000000000e+00,6.00000000000000000000e+00,2.43999999999999994671e-01,1.83999999999999996891e-01,3.12599999999999961231e-02,
8.00000000000000000000e+01,2.00000000000000000000e+00,8.00000000000000000000e+00,2.29399999999999992806e-01,1.55099999999999987876e-01,3.12599999999999961231e-02,
8.00000000000000000000e+01,2.00000000000000000000e+00,1.00000000000000000000e+01,2.20000000000000001110e-01,1.33000000000000007105e-01,3.12599999999999961231e-02,
8.00000000000000000000e+01,2.00000000000000000000e+00,1.20000000000000000000e+01,2.13900000000000006795e-01,1.17000000000000006772e-01,3.12599999999999961231e-02,
8.00000000000000000000e+01,2.00000000000000000000e+00,1.40000000000000000000e+01,2.08699999999999996625e-01,1.02599999999999996758e-01,3.12599999999999961231e-02,
8.00000000000000000000e+01,2.00000000000000000000e+00,1.60000000000000000000e+01,2.05199999999999993516e-01,9.09999999999999975575e-02,3.12599999999999961231e-02,
8.00000000000000000000e+01,2.00000000000000000000e+00,1.80000000000000000000e+01,2.02100000000000001865e-01,8.07999999999999968248e-02,3.12599999999999961231e-02,
8.00000000000000000000e+01,2.00000000000000000000e+00,2.00000000000000000000e+01,1.99800000000000005373e-01,7.18000000000000027089e-02,3.12599999999999961231e-02,
8.00000000000000000000e+01,2.00000000000000000000e+00,2.20000000000000000000e+01,1.97800000000000003597e-01,6.42999999999999960476e-02,3.12599999999999961231e-02,
8.00000000000000000000e+01,2.00000000000000000000e+00,2.40000000000000000000e+01,1.96200000000000013278e-01,5.77999999999999972133e-02,3.12599999999999961231e-02,
8.00000000000000000000e+01,2.00000000000000000000e+00,2.60000000000000000000e+01,1.94899999999999989919e-01,5.19999999999999976130e-02,3.12599999999999961231e-02,
8.00000000000000000000e+01,2.00000000000000000000e+00,2.80000000000000000000e+01,1.93700000000000011058e-01,4.71000000000000029754e-02,3.12599999999999961231e-02,
8.00000000000000000000e+01,2.00000000000000000000e+00,3.00000000000000000000e+01,1.92500000000000004441e-01,4.20000000000000026090e-02,3.12599999999999961231e-02,
8.00000000000000000000e+01,2.00000000000000000000e+00,3.20000000000000000000e+01,1.91799999999999998268e-01,3.79000000000000031308e-02,3.12599999999999961231e-02,
8.00000000000000000000e+01,2.00000000000000000000e+00,3.40000000000000000000e+01,1.91099999999999992095e-01,3.44000000000000000222e-02,3.12599999999999961231e-02,
8.00000000000000000000e+01,2.00000000000000000000e+00,3.60000000000000000000e+01,1.90000000000000002220e-01,3.09999999999999997780e-02,3.12599999999999961231e-02,
8.00000000000000000000e+01,2.00000000000000000000e+00,3.80000000000000000000e+01,1.90000000000000002220e-01,2.80000000000000005829e-02,3.12599999999999961231e-02,
8.00000000000000000000e+01,2.00000000000000000000e+00,4.00000000000000000000e+01,1.90000000000000002220e-01,2.50000000000000013878e-02,3.12599999999999961231e-02,
8.00000000000000000000e+01,2.00000000000000000000e+00,4.20000000000000000000e+01,1.89000000000000001332e-01,2.19999999999999987232e-02,3.12599999999999961231e-02,
8.00000000000000000000e+01,2.00000000000000000000e+00,4.40000000000000000000e+01,1.89000000000000001332e-01,1.89999999999999995282e-02,3.12599999999999961231e-02,
8.00000000000000000000e+01,2.00000000000000000000e+00,4.60000000000000000000e+01,1.89000000000000001332e-01,1.60000000000000003331e-02,3.12599999999999961231e-02,
8.00000000000000000000e+01,2.00000000000000000000e+00,4.80000000000000000000e+01,1.88000000000000000444e-01,1.29999999999999994033e-02,3.12599999999999961231e-02,
8.00000000000000000000e+01,2.00000000000000000000e+00,5.00000000000000000000e+01,1.88000000000000000444e-01,1.00000000000000002082e-02,3.12599999999999961231e-02,
8.00000000000000000000e+01,3.00000000000000000000e+00,2.00000000000000000000e+00,2.84700000000000008615e-01,2.67000000000000015099e-01,6.55000000000000026645e-02,
8.00000000000000000000e+01,3.00000000000000000000e+00,4.00000000000000000000e+00,2.66000000000000014211e-01,2.31899999999999995026e-01,6.55000000000000026645e-02,
8.00000000000000000000e+01,3.00000000000000000000e+00,6.00000000000000000000e+00,2.51099999999999989875e-01,2.03100000000000002753e-01,6.55000000000000026645e-02,
8.00000000000000000000e+01,3.00000000000000000000e+00,8.00000000000000000000e+00,2.38699999999999995515e-01,1.78600000000000008749e-01,6.55000000000000026645e-02,
8.00000000000000000000e+01,3.00000000000000000000e+00,1.00000000000000000000e+01,2.27800000000000002487e-01,1.56500000000000000222e-01,6.55000000000000026645e-02,
8.00000000000000000000e+01,3.00000000000000000000e+00,1.20000000000000000000e+01,2.20599999999999990541e-01,1.40699999999999991740e-01,6.55000000000000026645e-02,
8.00000000000000000000e+01,3.00000000000000000000e+00,1.40000000000000000000e+01,2.14200000000000001510e-01,1.25000000000000000000e-01,6.55000000000000026645e-02,
8.00000000000000000000e+01,3.00000000000000000000e+00,1.60000000000000000000e+01,2.09199999999999997069e-01,1.11799999999999996603e-01,6.55000000000000026645e-02,
8.00000000000000000000e+01,3.00000000000000000000e+00,1.80000000000000000000e+01,2.05999999999999988676e-01,1.01999999999999993450e-01,6.55000000000000026645e-02,
8.00000000000000000000e+01,3.00000000000000000000e+00,2.00000000000000000000e+01,2.03000000000000013767e-01,9.29999999999999993339e-02,6.55000000000000026645e-02,
8.00000000000000000000e+01,3.00000000000000000000e+00,2.20000000000000000000e+01,2.00399999999999994804e-01,8.46999999999999975131e-02,6.55000000000000026645e-02,
8.00000000000000000000e+01,3.00000000000000000000e+00,2.40000000000000000000e+01,1.98199999999999987299e-01,7.72000000000000047296e-02,6.55000000000000026645e-02,
8.00000000000000000000e+01,3.00000000000000000000e+00,2.60000000000000000000e+01,1.96300000000000002265e-01,7.08000000000000018208e-02,6.55000000000000026645e-02,
8.00000000000000000000e+01,3.00000000000000000000e+00,2.80000000000000000000e+01,1.95000000000000006661e-01,6.50000000000000022204e-02,6.55000000000000026645e-02,
8.00000000000000000000e+01,3.00000000000000000000e+00,3.00000000000000000000e+01,1.93800000000000000044e-01,5.99000000000000018541e-02,6.55000000000000026645e-02,
8.00000000000000000000e+01,3.00000000000000000000e+00,3.20000000000000000000e+01,1.92599999999999993427e-01,5.41999999999999981792e-02,6.55000000000000026645e-02,
8.00000000000000000000e+01,3.00000000000000000000e+00,3.40000000000000000000e+01,1.91799999999999998268e-01,5.02999999999999974909e-02,6.55000000000000026645e-02,
8.00000000000000000000e+01,3.00000000000000000000e+00,3.60000000000000000000e+01,1.90000000000000002220e-01,4.59999999999999992228e-02,6.55000000000000026645e-02,
8.00000000000000000000e+01,3.00000000000000000000e+00,3.80000000000000000000e+01,1.90000000000000002220e-01,4.20000000000000026090e-02,6.55000000000000026645e-02,
8.00000000000000000000e+01,3.00000000000000000000e+00,4.00000000000000000000e+01,1.89000000000000001332e-01,3.79999999999999990563e-02,6.55000000000000026645e-02,
8.00000000000000000000e+01,3.00000000000000000000e+00,4.20000000000000000000e+01,1.89000000000000001332e-01,3.40000000000000024425e-02,6.55000000000000026645e-02,
8.00000000000000000000e+01,3.00000000000000000000e+00,4.40000000000000000000e+01,1.88000000000000000444e-01,3.09999999999999997780e-02,6.55000000000000026645e-02,
8.00000000000000000000e+01,3.00000000000000000000e+00,4.60000000000000000000e+01,1.88000000000000000444e-01,2.80000000000000005829e-02,6.55000000000000026645e-02,
8.00000000000000000000e+01,3.00000000000000000000e+00,4.80000000000000000000e+01,1.88000000000000000444e-01,2.50000000000000013878e-02,6.55000000000000026645e-02,
8.00000000000000000000e+01,3.00000000000000000000e+00,5.00000000000000000000e+01,1.88000000000000000444e-01,2.19999999999999987232e-02,6.55000000000000026645e-02,
8.00000000000000000000e+01,4.00000000000000000000e+00,2.00000000000000000000e+00,2.91100000000000025402e-01,2.80399999999999982592e-01,1.19999999999999995559e-01,
8.00000000000000000000e+01,4.00000000000000000000e+00,4.00000000000000000000e+00,2.75899999999999978595e-01,2.52199999999999979750e-01,1.19999999999999995559e-01,
8.00000000000000000000e+01,4.00000000000000000000e+00,6.00000000000000000000e+00,2.61799999999999977174e-01,2.26300000000000001155e-01,1.19999999999999995559e-01,
8.00000000000000000000e+01,4.00000000000000000000e+00,8.00000000000000000000e+00,2.49700000000000005285e-01,2.03800000000000008926e-01,1.19999999999999995559e-01,
8.00000000000000000000e+01,4.00000000000000000000e+00,1.00000000000000000000e+01,2.38800000000000012257e-01,1.83700000000000002176e-01,1.19999999999999995559e-01,
8.00000000000000000000e+01,4.00000000000000000000e+00,1.20000000000000000000e+01,2.29800000000000004263e-01,1.65899999999999991918e-01,1.19999999999999995559e-01,
8.00000000000000000000e+01,4.00000000000000000000e+00,1.40000000000000000000e+01,2.22000000000000002887e-01,1.50299999999999989164e-01,1.19999999999999995559e-01,
8.00000000000000000000e+01,4.00000000000000000000e+00,1.60000000000000000000e+01,2.16999999999999998446e-01,1.37300000000000005373e-01,1.19999999999999995559e-01,
8.00000000000000000000e+01,4.00000000000000000000e+00,1.80000000000000000000e+01,2.11999999999999994005e-01,1.25599999999999989431e-01,1.19999999999999995559e-01,
8.00000000000000000000e+01,4.00000000000000000000e+00,2.00000000000000000000e+01,2.07499999999999990008e-01,1.14000000000000004108e-01,1.19999999999999995559e-01,
8.00000000000000000000e+01,4.00000000000000000000e+00,2.20000000000000000000e+01,2.04800000000000009814e-01,1.06399999999999994582e-01,1.19999999999999995559e-01,
8.00000000000000000000e+01,4.00000000000000000000e+00,2.40000000000000000000e+01,2.02000000000000012879e-01,9.85000000000000042188e-02,1.19999999999999995559e-01,
8.00000000000000000000e+01,4.00000000000000000000e+00,2.60000000000000000000e+01,1.99399999999999993916e-01,9.03999999999999942490e-02,1.19999999999999995559e-01,
8.00000000000000000000e+01,4.00000000000000000000e+00,2.80000000000000000000e+01,1.97099999999999997424e-01,8.40000000000000052180e-02,1.19999999999999995559e-01,
8.00000000000000000000e+01,4.00000000000000000000e+00,3.00000000000000000000e+01,1.95200000000000012390e-01,7.77999999999999941602e-02,1.19999999999999995559e-01,
8.00000000000000000000e+01,4.00000000000000000000e+00,3.20000000000000000000e+01,1.92000000000000003997e-01,7.09999999999999936717e-02,1.19999999999999995559e-01,
8.00000000000000000000e+01,4.00000000000000000000e+00,3.40000000000000000000e+01,1.91000000000000003109e-01,6.40000000000000013323e-02,1.19999999999999995559e-01,
8.00000000000000000000e+01,4.00000000000000000000e+00,3.60000000000000000000e+01,1.89000000000000001332e-01,5.80000000000000029421e-02,1.19999999999999995559e-01,
8.00000000000000000000e+01,4.00000000000000000000e+00,3.80000000000000000000e+01,1.86999999999999999556e-01,5.19999999999999976130e-02,1.19999999999999995559e-01,
8.00000000000000000000e+01,4.00000000000000000000e+00,4.00000000000000000000e+01,1.83999999999999996891e-01,4.59999999999999992228e-02,1.19999999999999995559e-01,
8.00000000000000000000e+01,5.00000000000000000000e+00,2.00000000000000000000e+00,2.95899999999999996358e-01,2.90499999999999980460e-01,1.97699999999999986855e-01,
8.00000000000000000000e+01,5.00000000000000000000e+00,4.00000000000000000000e+00,2.82100000000000017408e-01,2.65900000000000025224e-01,1.97699999999999986855e-01,
8.00000000000000000000e+01,5.00000000000000000000e+00,6.00000000000000000000e+00,2.68600000000000005418e-01,2.41199999999999997735e-01,1.97699999999999986855e-01,
8.00000000000000000000e+01,5.00000000000000000000e+00,8.00000000000000000000e+00,2.57199999999999984190e-01,2.21099999999999990985e-01,1.97699999999999986855e-01,
8.00000000000000000000e+01,5.00000000000000000000e+00,1.00000000000000000000e+01,2.47799999999999992495e-01,2.03000000000000013767e-01,1.97699999999999986855e-01,
8.00000000000000000000e+01,5.00000000000000000000e+00,1.20000000000000000000e+01,2.38400000000000000799e-01,1.85700000000000003952e-01,1.97699999999999986855e-01,
8.00000000000000000000e+01,5.00000000000000000000e+00,1.40000000000000000000e+01,2.29899999999999993250e-01,1.69800000000000006484e-01,1.97699999999999986855e-01,
8.00000000000000000000e+01,5.00000000000000000000e+00,1.60000000000000000000e+01,2.22399999999999986589e-01,1.55499999999999999334e-01,1.97699999999999986855e-01,
8.00000000000000000000e+01,5.00000000000000000000e+00,1.80000000000000000000e+01,2.17400000000000009903e-01,1.44400000000000000577e-01,1.97699999999999986855e-01,
8.00000000000000000000e+01,5.00000000000000000000e+00,2.00000000000000000000e+01,2.12100000000000010747e-01,1.32899999999999990363e-01,1.97699999999999986855e-01,
8.00000000000000000000e+01,5.00000000000000000000e+00,2.20000000000000000000e+01,2.08199999999999996181e-01,1.22499999999999997780e-01,1.97699999999999986855e-01,
8.00000000000000000000e+01,5.00000000000000000000e+00,2.40000000000000000000e+01,2.03999999999999986899e-01,1.13000000000000003220e-01,1.97699999999999986855e-01,
8.00000000000000000000e+01,5.00000000000000000000e+00,2.60000000000000000000e+01,2.00000000000000011102e-01,1.02999999999999994338e-01,1.97699999999999986855e-01,
8.00000000000000000000e+01,5.00000000000000000000e+00,2.80000000000000000000e+01,1.97000000000000008438e-01,9.50000000000000011102e-02,1.97699999999999986855e-01,
8.00000000000000000000e+01,5.00000000000000000000e+00,3.00000000000000000000e+01,1.93000000000000004885e-01,8.59999999999999931166e-02,1.97699999999999986855e-01,
8.00000000000000000000e+01,5.00000000000000000000e+00,3.20000000000000000000e+01,1.89000000000000001332e-01,7.79999999999999998890e-02,1.97699999999999986855e-01,
8.00000000000000000000e+01,5.00000000000000000000e+00,3.40000000000000000000e+01,1.85999999999999998668e-01,7.09999999999999936717e-02,1.97699999999999986855e-01,
8.00000000000000000000e+01,5.00000000000000000000e+00,3.60000000000000000000e+01,1.82999999999999996003e-01,6.30000000000000004441e-02,1.97699999999999986855e-01,
8.00000000000000000000e+01,6.00000000000000000000e+00,2.00000000000000000000e+00,2.98800000000000010036e-01,2.96099999999999974332e-01,3.00300000000000011369e-01,
8.00000000000000000000e+01,6.00000000000000000000e+00,4.00000000000000000000e+00,2.86299999999999998934e-01,2.74699999999999999734e-01,3.00300000000000011369e-01,
8.00000000000000000000e+01,6.00000000000000000000e+00,6.00000000000000000000e+00,2.74000000000000021316e-01,2.53300000000000025135e-01,3.00300000000000011369e-01,
8.00000000000000000000e+01,6.00000000000000000000e+00,8.00000000000000000000e+00,2.63699999999999989964e-01,2.35199999999999992406e-01,3.00300000000000011369e-01,
8.00000000000000000000e+01,6.00000000000000000000e+00,1.00000000000000000000e+01,2.54000000000000003553e-01,2.17599999999999987876e-01,3.00300000000000011369e-01,
8.00000000000000000000e+01,6.00000000000000000000e+00,1.20000000000000000000e+01,2.43999999999999994671e-01,1.99800000000000005373e-01,3.00300000000000011369e-01,
8.00000000000000000000e+01,6.00000000000000000000e+00,1.40000000000000000000e+01,2.35199999999999992406e-01,1.83900000000000007905e-01,3.00300000000000011369e-01,
8.00000000000000000000e+01,6.00000000000000000000e+00,1.60000000000000000000e+01,2.26500000000000006883e-01,1.67099999999999998535e-01,3.00300000000000011369e-01,
8.00000000000000000000e+01,6.00000000000000000000e+00,1.80000000000000000000e+01,2.21000000000000001998e-01,1.55999999999999999778e-01,3.00300000000000011369e-01,
8.00000000000000000000e+01,6.00000000000000000000e+00,2.00000000000000000000e+01,2.13999999999999995781e-01,1.42999999999999988232e-01,3.00300000000000011369e-01,
8.00000000000000000000e+01,6.00000000000000000000e+00,2.20000000000000000000e+01,2.07999999999999990452e-01,1.32000000000000006217e-01,3.00300000000000011369e-01,
8.00000000000000000000e+01,6.00000000000000000000e+00,2.40000000000000000000e+01,2.03999999999999986899e-01,1.22999999999999998224e-01,3.00300000000000011369e-01,
8.00000000000000000000e+01,6.00000000000000000000e+00,2.60000000000000000000e+01,1.99000000000000010214e-01,1.11000000000000001443e-01,3.00300000000000011369e-01,
8.00000000000000000000e+01,6.00000000000000000000e+00,2.80000000000000000000e+01,1.94000000000000005773e-01,1.01000000000000006439e-01,3.00300000000000011369e-01,
8.00000000000000000000e+01,7.00000000000000000000e+00,2.00000000000000000000e+00,3.00499999999999989342e-01,2.99999999999999988898e-01,4.30600000000000038280e-01,
8.00000000000000000000e+01,7.00000000000000000000e+00,4.00000000000000000000e+00,2.88600000000000023181e-01,2.80100000000000015632e-01,4.30600000000000038280e-01,
8.00000000000000000000e+01,7.00000000000000000000e+00,6.00000000000000000000e+00,2.77600000000000013411e-01,2.61199999999999987743e-01,4.30600000000000038280e-01,
8.00000000000000000000e+01,7.00000000000000000000e+00,8.00000000000000000000e+00,2.67000000000000015099e-01,2.42499999999999993339e-01,4.30600000000000038280e-01,
8.00000000000000000000e+01,7.00000000000000000000e+00,1.00000000000000000000e+01,2.56299999999999972289e-01,2.24000000000000004663e-01,4.30600000000000038280e-01,
8.00000000000000000000e+01,7.00000000000000000000e+00,1.20000000000000000000e+01,2.46499999999999996891e-01,2.05800000000000010703e-01,4.30600000000000038280e-01,
8.00000000000000000000e+01,7.00000000000000000000e+00,1.40000000000000000000e+01,2.38999999999999990230e-01,1.91000000000000003109e-01,4.30600000000000038280e-01,
8.00000000000000000000e+01,7.00000000000000000000e+00,1.60000000000000000000e+01,2.32000000000000011768e-01,1.77999999999999991562e-01,4.30600000000000038280e-01,
8.00000000000000000000e+01,7.00000000000000000000e+00,1.80000000000000000000e+01,2.25000000000000005551e-01,1.66000000000000008660e-01,4.30600000000000038280e-01,
8.00000000000000000000e+01,7.00000000000000000000e+00,2.00000000000000000000e+01,2.19000000000000000222e-01,1.51999999999999996225e-01,4.30600000000000038280e-01,
8.00000000000000000000e+01,7.00000000000000000000e+00,2.20000000000000000000e+01,2.11999999999999994005e-01,1.40000000000000013323e-01,4.30600000000000038280e-01,
8.00000000000000000000e+01,8.00000000000000000000e+00,2.00000000000000000000e+00,3.02700000000000024603e-01,3.03499999999999992006e-01,5.90999999999999969802e-01,
8.00000000000000000000e+01,8.00000000000000000000e+00,4.00000000000000000000e+00,2.91100000000000025402e-01,2.84799999999999997602e-01,5.90999999999999969802e-01,
8.00000000000000000000e+01,8.00000000000000000000e+00,6.00000000000000000000e+00,2.79200000000000003730e-01,2.64900000000000024336e-01,5.90999999999999969802e-01,
8.00000000000000000000e+01,8.00000000000000000000e+00,8.00000000000000000000e+00,2.67699999999999993516e-01,2.44299999999999989386e-01,5.90999999999999969802e-01,
8.00000000000000000000e+01,8.00000000000000000000e+00,1.00000000000000000000e+01,2.57000000000000006217e-01,2.25000000000000005551e-01,5.90999999999999969802e-01,
8.00000000000000000000e+01,8.00000000000000000000e+00,1.20000000000000000000e+01,2.47999999999999998224e-01,2.10999999999999993117e-01,5.90999999999999969802e-01,
8.00000000000000000000e+01,8.00000000000000000000e+00,1.40000000000000000000e+01,2.39999999999999991118e-01,1.96000000000000007550e-01,5.90999999999999969802e-01,
8.00000000000000000000e+01,8.00000000000000000000e+00,1.60000000000000000000e+01,2.33000000000000012657e-01,1.84999999999999997780e-01,5.90999999999999969802e-01,
8.00000000000000000000e+01,9.00000000000000000000e+00,2.00000000000000000000e+00,3.03800000000000014477e-01,3.05400000000000004796e-01,7.86599999999999965894e-01,
8.00000000000000000000e+01,9.00000000000000000000e+00,4.00000000000000000000e+00,2.90999999999999980904e-01,2.84999999999999975575e-01,7.86599999999999965894e-01,
8.00000000000000000000e+01,9.00000000000000000000e+00,6.00000000000000000000e+00,2.78000000000000024869e-01,2.66000000000000014211e-01,7.86599999999999965894e-01,
8.00000000000000000000e+01,9.00000000000000000000e+00,8.00000000000000000000e+00,2.67000000000000015099e-01,2.44999999999999995559e-01,7.86599999999999965894e-01,
8.00000000000000000000e+01,9.00000000000000000000e+00,1.00000000000000000000e+01,2.56000000000000005329e-01,2.26000000000000006439e-01,7.86599999999999965894e-01,
8.00000000000000000000e+01,1.00000000000000000000e+01,2.00000000000000000000e+00,3.02999999999999991562e-01,3.06999999999999995115e-01,1.02569999999999983409e+00,
8.00000000000000000000e+01,1.00000000000000000000e+01,4.00000000000000000000e+00,2.90999999999999980904e-01,2.85999999999999976463e-01,1.02569999999999983409e+00,
8.00000000000000000000e+01,1.00000000000000000000e+01,6.00000000000000000000e+00,2.80000000000000026645e-01,2.68000000000000015987e-01,1.02569999999999983409e+00,
8.25000000000000000000e+01,2.00000000000000011102e-01,2.00000000000000000000e+00,2.50000000000000000000e-01,1.27000000000000001776e-01,2.36999999999999988454e-01,
8.25000000000000000000e+01,2.00000000000000011102e-01,4.00000000000000000000e+00,2.40999999999999992006e-01,8.99999999999999966693e-02,2.36999999999999988454e-01,
8.25000000000000000000e+01,2.00000000000000011102e-01,6.00000000000000000000e+00,2.35999999999999987566e-01,6.70000000000000039968e-02,2.36999999999999988454e-01,
8.25000000000000000000e+01,2.00000000000000011102e-01,8.00000000000000000000e+00,2.32000000000000011768e-01,5.19999999999999976130e-02,2.36999999999999988454e-01,
8.25000000000000000000e+01,2.00000000000000011102e-01,1.00000000000000000000e+01,2.31000000000000010880e-01,4.29999999999999965583e-02,2.36999999999999988454e-01,
8.25000000000000000000e+01,2.00000000000000011102e-01,1.20000000000000000000e+01,2.29000000000000009104e-01,3.50000000000000033307e-02,2.36999999999999988454e-01,
8.25000000000000000000e+01,2.00000000000000011102e-01,1.40000000000000000000e+01,2.28000000000000008216e-01,2.80000000000000005829e-02,2.36999999999999988454e-01,
8.25000000000000000000e+01,2.00000000000000011102e-01,1.60000000000000000000e+01,2.27000000000000007327e-01,2.19999999999999987232e-02,2.36999999999999988454e-01,
8.25000000000000000000e+01,2.00000000000000011102e-01,1.80000000000000000000e+01,2.26000000000000006439e-01,1.60000000000000003331e-02,2.36999999999999988454e-01,
8.25000000000000000000e+01,4.00000000000000022204e-01,2.00000000000000000000e+00,2.59000000000000007994e-01,1.76999999999999990674e-01,4.67000000000000026201e-01,
8.25000000000000000000e+01,4.00000000000000022204e-01,4.00000000000000000000e+00,2.45999999999999996447e-01,1.34000000000000007994e-01,4.67000000000000026201e-01,
8.25000000000000000000e+01,4.00000000000000022204e-01,6.00000000000000000000e+00,2.37999999999999989342e-01,1.03999999999999995226e-01,4.67000000000000026201e-01,
8.25000000000000000000e+01,4.00000000000000022204e-01,8.00000000000000000000e+00,2.33000000000000012657e-01,8.20000000000000034417e-02,4.67000000000000026201e-01,
8.25000000000000000000e+01,4.00000000000000022204e-01,1.00000000000000000000e+01,2.30000000000000009992e-01,6.40000000000000013323e-02,4.67000000000000026201e-01,
8.25000000000000000000e+01,4.00000000000000022204e-01,1.20000000000000000000e+01,2.27000000000000007327e-01,5.39999999999999993894e-02,4.67000000000000026201e-01,
8.25000000000000000000e+01,4.00000000000000022204e-01,1.40000000000000000000e+01,2.26000000000000006439e-01,4.49999999999999983347e-02,4.67000000000000026201e-01,
8.25000000000000000000e+01,4.00000000000000022204e-01,1.60000000000000000000e+01,2.24000000000000004663e-01,3.79999999999999990563e-02,4.67000000000000026201e-01,
8.25000000000000000000e+01,4.00000000000000022204e-01,1.80000000000000000000e+01,2.23000000000000003775e-01,3.09999999999999997780e-02,4.67000000000000026201e-01,
8.25000000000000000000e+01,4.00000000000000022204e-01,2.00000000000000000000e+01,2.22000000000000002887e-01,2.59999999999999988065e-02,4.67000000000000026201e-01,
8.25000000000000000000e+01,4.00000000000000022204e-01,2.20000000000000000000e+01,2.20000000000000001110e-01,2.00000000000000004163e-02,4.67000000000000026201e-01,
8.25000000000000000000e+01,4.00000000000000022204e-01,2.40000000000000000000e+01,2.19000000000000000222e-01,1.60000000000000003331e-02,4.67000000000000026201e-01,
8.25000000000000000000e+01,4.00000000000000022204e-01,2.60000000000000000000e+01,2.17999999999999999334e-01,1.00000000000000002082e-02,4.67000000000000026201e-01,
8.25000000000000000000e+01,5.99999999999999977796e-01,2.00000000000000000000e+00,2.72000000000000019540e-01,2.04999999999999987788e-01,6.98999999999999954703e-01,
8.25000000000000000000e+01,5.99999999999999977796e-01,4.00000000000000000000e+00,2.58000000000000007105e-01,1.60000000000000003331e-01,6.98999999999999954703e-01,
8.25000000000000000000e+01,5.99999999999999977796e-01,6.00000000000000000000e+00,2.50000000000000000000e-01,1.29000000000000003553e-01,6.98999999999999954703e-01,
8.25000000000000000000e+01,5.99999999999999977796e-01,8.00000000000000000000e+00,2.43999999999999994671e-01,1.03999999999999995226e-01,6.98999999999999954703e-01,
8.25000000000000000000e+01,5.99999999999999977796e-01,1.00000000000000000000e+01,2.39999999999999991118e-01,8.79999999999999948930e-02,6.98999999999999954703e-01,
8.25000000000000000000e+01,5.99999999999999977796e-01,1.20000000000000000000e+01,2.37999999999999989342e-01,7.49999999999999972244e-02,6.98999999999999954703e-01,
8.25000000000000000000e+01,5.99999999999999977796e-01,1.40000000000000000000e+01,2.34999999999999986677e-01,5.99999999999999977796e-02,6.98999999999999954703e-01,
8.25000000000000000000e+01,5.99999999999999977796e-01,1.60000000000000000000e+01,2.33000000000000012657e-01,5.29999999999999985012e-02,6.98999999999999954703e-01,
8.25000000000000000000e+01,5.99999999999999977796e-01,1.80000000000000000000e+01,2.32000000000000011768e-01,4.39999999999999974465e-02,6.98999999999999954703e-01,
8.25000000000000000000e+01,5.99999999999999977796e-01,2.00000000000000000000e+01,2.30000000000000009992e-01,3.79999999999999990563e-02,6.98999999999999954703e-01,
8.25000000000000000000e+01,5.99999999999999977796e-01,2.20000000000000000000e+01,2.29000000000000009104e-01,3.20000000000000006661e-02,6.98999999999999954703e-01,
8.25000000000000000000e+01,5.99999999999999977796e-01,2.40000000000000000000e+01,2.28000000000000008216e-01,2.69999999999999996947e-02,6.98999999999999954703e-01,
8.25000000000000000000e+01,5.99999999999999977796e-01,2.60000000000000000000e+01,2.27000000000000007327e-01,2.10000000000000013045e-02,6.98999999999999954703e-01,
8.25000000000000000000e+01,5.99999999999999977796e-01,2.80000000000000000000e+01,2.26000000000000006439e-01,1.40000000000000002914e-02,6.98999999999999954703e-01,
8.25000000000000000000e+01,8.00000000000000044409e-01,2.00000000000000000000e+00,2.77000000000000023981e-01,2.20000000000000001110e-01,9.42999999999999949374e-01,
8.25000000000000000000e+01,8.00000000000000044409e-01,4.00000000000000000000e+00,2.64000000000000012434e-01,1.73999999999999988010e-01,9.42999999999999949374e-01,
8.25000000000000000000e+01,8.00000000000000044409e-01,6.00000000000000000000e+00,2.55000000000000004441e-01,1.43999999999999989120e-01,9.42999999999999949374e-01,
8.25000000000000000000e+01,8.00000000000000044409e-01,8.00000000000000000000e+00,2.47999999999999998224e-01,1.19999999999999995559e-01,9.42999999999999949374e-01,
8.25000000000000000000e+01,8.00000000000000044409e-01,1.00000000000000000000e+01,2.44999999999999995559e-01,1.04999999999999996114e-01,9.42999999999999949374e-01,
8.25000000000000000000e+01,8.00000000000000044409e-01,1.20000000000000000000e+01,2.41999999999999992895e-01,8.99999999999999966693e-02,9.42999999999999949374e-01,
8.25000000000000000000e+01,8.00000000000000044409e-01,1.40000000000000000000e+01,2.37999999999999989342e-01,7.59999999999999981126e-02,9.42999999999999949374e-01,
8.25000000000000000000e+01,8.00000000000000044409e-01,1.60000000000000000000e+01,2.35999999999999987566e-01,6.40000000000000013323e-02,9.42999999999999949374e-01,
8.25000000000000000000e+01,8.00000000000000044409e-01,1.80000000000000000000e+01,2.34999999999999986677e-01,5.70000000000000020539e-02,9.42999999999999949374e-01,
8.25000000000000000000e+01,8.00000000000000044409e-01,2.00000000000000000000e+01,2.33000000000000012657e-01,5.00000000000000027756e-02,9.42999999999999949374e-01,
8.25000000000000000000e+01,8.00000000000000044409e-01,2.20000000000000000000e+01,2.32000000000000011768e-01,4.39999999999999974465e-02,9.42999999999999949374e-01,
8.25000000000000000000e+01,8.00000000000000044409e-01,2.40000000000000000000e+01,2.31000000000000010880e-01,3.79999999999999990563e-02,9.42999999999999949374e-01,
8.25000000000000000000e+01,8.00000000000000044409e-01,2.60000000000000000000e+01,2.30000000000000009992e-01,3.40000000000000024425e-02,9.42999999999999949374e-01,
8.25000000000000000000e+01,8.00000000000000044409e-01,2.80000000000000000000e+01,2.28000000000000008216e-01,2.80000000000000005829e-02,9.42999999999999949374e-01,
8.25000000000000000000e+01,8.00000000000000044409e-01,3.00000000000000000000e+01,2.28000000000000008216e-01,2.59999999999999988065e-02,9.42999999999999949374e-01,
8.25000000000000000000e+01,8.00000000000000044409e-01,3.20000000000000000000e+01,2.27000000000000007327e-01,2.19999999999999987232e-02,9.42999999999999949374e-01,
8.25000000000000000000e+01,8.00000000000000044409e-01,3.40000000000000000000e+01,2.27000000000000007327e-01,1.89999999999999995282e-02,9.42999999999999949374e-01,
8.25000000000000000000e+01,8.00000000000000044409e-01,3.60000000000000000000e+01,2.27000000000000007327e-01,1.49999999999999994449e-02,9.42999999999999949374e-01,
8.25000000000000000000e+01,1.00000000000000000000e+00,2.00000000000000000000e+00,2.80799999999999994049e-01,2.29599999999999998535e-01,1.20999999999999996447e+00,
8.25000000000000000000e+01,1.00000000000000000000e+00,4.00000000000000000000e+00,2.66799999999999981615e-01,1.87400000000000011013e-01,1.20999999999999996447e+00,
8.25000000000000000000e+01,1.00000000000000000000e+00,6.00000000000000000000e+00,2.57000000000000006217e-01,1.55900000000000010791e-01,1.20999999999999996447e+00,
8.25000000000000000000e+01,1.00000000000000000000e+00,8.00000000000000000000e+00,2.49599999999999988542e-01,1.30299999999999999156e-01,1.20999999999999996447e+00,
8.25000000000000000000e+01,1.00000000000000000000e+00,1.00000000000000000000e+01,2.44100000000000011413e-01,1.11199999999999993294e-01,1.20999999999999996447e+00,
8.25000000000000000000e+01,1.00000000000000000000e+00,1.20000000000000000000e+01,2.39400000000000001688e-01,9.40000000000000002220e-02,1.20999999999999996447e+00,
8.25000000000000000000e+01,1.00000000000000000000e+00,1.40000000000000000000e+01,2.36100000000000004308e-01,8.10000000000000025535e-02,1.20999999999999996447e+00,
8.25000000000000000000e+01,1.00000000000000000000e+00,1.60000000000000000000e+01,2.33100000000000001643e-01,6.95999999999999952038e-02,1.20999999999999996447e+00,
8.25000000000000000000e+01,1.00000000000000000000e+00,1.80000000000000000000e+01,2.31199999999999988853e-01,6.18000000000000007661e-02,1.20999999999999996447e+00,
8.25000000000000000000e+01,1.00000000000000000000e+00,2.00000000000000000000e+01,2.29500000000000009548e-01,5.41999999999999981792e-02,1.20999999999999996447e+00,
8.25000000000000000000e+01,1.00000000000000000000e+00,2.20000000000000000000e+01,2.27899999999999991473e-01,4.73000000000000017653e-02,1.20999999999999996447e+00,
8.25000000000000000000e+01,1.00000000000000000000e+00,2.40000000000000000000e+01,2.26599999999999995870e-01,4.17999999999999968803e-02,1.20999999999999996447e+00,
8.25000000000000000000e+01,1.00000000000000000000e+00,2.60000000000000000000e+01,2.25099999999999994538e-01,3.54999999999999968359e-02,1.20999999999999996447e+00,
8.25000000000000000000e+01,1.00000000000000000000e+00,2.80000000000000000000e+01,2.25000000000000005551e-01,3.09999999999999997780e-02,1.20999999999999996447e+00,
8.25000000000000000000e+01,1.00000000000000000000e+00,3.00000000000000000000e+01,2.24000000000000004663e-01,2.59999999999999988065e-02,1.20999999999999996447e+00,
8.25000000000000000000e+01,1.00000000000000000000e+00,3.20000000000000000000e+01,2.24000000000000004663e-01,2.19999999999999987232e-02,1.20999999999999996447e+00,
8.25000000000000000000e+01,1.00000000000000000000e+00,3.40000000000000000000e+01,2.23000000000000003775e-01,2.00000000000000004163e-02,1.20999999999999996447e+00,
8.25000000000000000000e+01,1.00000000000000000000e+00,3.60000000000000000000e+01,2.22000000000000002887e-01,1.79999999999999986400e-02,1.20999999999999996447e+00,
8.25000000000000000000e+01,1.00000000000000000000e+00,3.80000000000000000000e+01,2.22000000000000002887e-01,1.49999999999999994449e-02,1.20999999999999996447e+00,
8.25000000000000000000e+01,1.00000000000000000000e+00,4.00000000000000000000e+01,2.22000000000000002887e-01,1.29999999999999994033e-02,1.20999999999999996447e+00,
8.25000000000000000000e+01,1.00000000000000000000e+00,4.20000000000000000000e+01,2.22000000000000002887e-01,1.09999999999999993616e-02,1.20999999999999996447e+00,
8.25000000000000000000e+01,2.00000000000000000000e+00,2.00000000000000000000e+00,2.89200000000000012612e-01,2.58299999999999974065e-01,3.12599999999999961231e-02,
8.25000000000000000000e+01,2.00000000000000000000e+00,4.00000000000000000000e+00,2.75799999999999989608e-01,2.20799999999999996270e-01,3.12599999999999961231e-02,
8.25000000000000000000e+01,2.00000000000000000000e+00,6.00000000000000000000e+00,2.66100000000000003197e-01,1.92099999999999992983e-01,3.12599999999999961231e-02,
8.25000000000000000000e+01,2.00000000000000000000e+00,8.00000000000000000000e+00,2.57000000000000006217e-01,1.63500000000000006439e-01,3.12599999999999961231e-02,
8.25000000000000000000e+01,2.00000000000000000000e+00,1.00000000000000000000e+01,2.50099999999999988987e-01,1.42199999999999993072e-01,3.12599999999999961231e-02,
8.25000000000000000000e+01,2.00000000000000000000e+00,1.20000000000000000000e+01,2.44900000000000006573e-01,1.24499999999999999556e-01,3.12599999999999961231e-02,
8.25000000000000000000e+01,2.00000000000000000000e+00,1.40000000000000000000e+01,2.40600000000000008304e-01,1.10000000000000000555e-01,3.12599999999999961231e-02,
8.25000000000000000000e+01,2.00000000000000000000e+00,1.60000000000000000000e+01,2.37199999999999994182e-01,9.80000000000000037748e-02,3.12599999999999961231e-02,
8.25000000000000000000e+01,2.00000000000000000000e+00,1.80000000000000000000e+01,2.34499999999999986233e-01,8.73000000000000025979e-02,3.12599999999999961231e-02,
8.25000000000000000000e+01,2.00000000000000000000e+00,2.00000000000000000000e+01,2.32000000000000011768e-01,7.78999999999999970246e-02,3.12599999999999961231e-02,
8.25000000000000000000e+01,2.00000000000000000000e+00,2.20000000000000000000e+01,2.29800000000000004263e-01,6.95999999999999952038e-02,3.12599999999999961231e-02,
8.25000000000000000000e+01,2.00000000000000000000e+00,2.40000000000000000000e+01,2.27700000000000013500e-01,6.21000000000000024203e-02,3.12599999999999961231e-02,
8.25000000000000000000e+01,2.00000000000000000000e+00,2.60000000000000000000e+01,2.26000000000000006439e-01,5.55000000000000007216e-02,3.12599999999999961231e-02,
8.25000000000000000000e+01,2.00000000000000000000e+00,2.80000000000000000000e+01,2.24500000000000005107e-01,4.90999999999999978129e-02,3.12599999999999961231e-02,
8.25000000000000000000e+01,2.00000000000000000000e+00,3.00000000000000000000e+01,2.23099999999999992761e-01,4.32000000000000022871e-02,3.12599999999999961231e-02,
8.25000000000000000000e+01,2.00000000000000000000e+00,3.20000000000000000000e+01,2.22000000000000002887e-01,3.79999999999999990563e-02,3.12599999999999961231e-02,
8.25000000000000000000e+01,2.00000000000000000000e+00,3.40000000000000000000e+01,2.21000000000000001998e-01,3.50000000000000033307e-02,3.12599999999999961231e-02,
8.25000000000000000000e+01,2.00000000000000000000e+00,3.60000000000000000000e+01,2.20000000000000001110e-01,3.09999999999999997780e-02,3.12599999999999961231e-02,
8.25000000000000000000e+01,2.00000000000000000000e+00,3.80000000000000000000e+01,2.19000000000000000222e-01,2.80000000000000005829e-02,3.12599999999999961231e-02,
8.25000000000000000000e+01,2.00000000000000000000e+00,4.00000000000000000000e+01,2.19000000000000000222e-01,2.50000000000000013878e-02,3.12599999999999961231e-02,
8.25000000000000000000e+01,2.00000000000000000000e+00,4.20000000000000000000e+01,2.17999999999999999334e-01,2.19999999999999987232e-02,3.12599999999999961231e-02,
8.25000000000000000000e+01,2.00000000000000000000e+00,4.40000000000000000000e+01,2.16999999999999998446e-01,1.89999999999999995282e-02,3.12599999999999961231e-02,
8.25000000000000000000e+01,3.00000000000000000000e+00,2.00000000000000000000e+00,2.92200000000000015277e-01,2.68000000000000015987e-01,6.55000000000000026645e-02,
8.25000000000000000000e+01,3.00000000000000000000e+00,4.00000000000000000000e+00,2.79200000000000003730e-01,2.34199999999999991518e-01,6.55000000000000026645e-02,
8.25000000000000000000e+01,3.00000000000000000000e+00,6.00000000000000000000e+00,2.69100000000000005862e-01,2.07199999999999995293e-01,6.55000000000000026645e-02,
8.25000000000000000000e+01,3.00000000000000000000e+00,8.00000000000000000000e+00,2.61500000000000010214e-01,1.84499999999999997335e-01,6.55000000000000026645e-02,
8.25000000000000000000e+01,3.00000000000000000000e+00,1.00000000000000000000e+01,2.54800000000000026468e-01,1.63800000000000001155e-01,6.55000000000000026645e-02,
8.25000000000000000000e+01,3.00000000000000000000e+00,1.20000000000000000000e+01,2.49799999999999994271e-01,1.47999999999999992673e-01,6.55000000000000026645e-02,
8.25000000000000000000e+01,3.00000000000000000000e+00,1.40000000000000000000e+01,2.44900000000000006573e-01,1.32500000000000006661e-01,6.55000000000000026645e-02,
8.25000000000000000000e+01,3.00000000000000000000e+00,1.60000000000000000000e+01,2.40999999999999992006e-01,1.19800000000000003708e-01,6.55000000000000026645e-02,
8.25000000000000000000e+01,3.00000000000000000000e+00,1.80000000000000000000e+01,2.37999999999999989342e-01,1.09399999999999997247e-01,6.55000000000000026645e-02,
8.25000000000000000000e+01,3.00000000000000000000e+00,2.00000000000000000000e+01,2.35399999999999998135e-01,1.00300000000000000266e-01,6.55000000000000026645e-02,
8.25000000000000000000e+01,3.00000000000000000000e+00,2.20000000000000000000e+01,2.32899999999999995914e-01,9.11000000000000004219e-02,6.55000000000000026645e-02,
8.25000000000000000000e+01,3.00000000000000000000e+00,2.40000000000000000000e+01,2.30500000000000010436e-01,8.31999999999999961808e-02,6.55000000000000026645e-02,
8.25000000000000000000e+01,3.00000000000000000000e+00,2.60000000000000000000e+01,2.28599999999999997646e-01,7.64999999999999985567e-02,6.55000000000000026645e-02,
8.25000000000000000000e+01,3.00000000000000000000e+00,2.80000000000000000000e+01,2.26800000000000001599e-01,6.98000000000000009326e-02,6.55000000000000026645e-02,
8.25000000000000000000e+01,3.00000000000000000000e+00,3.00000000000000000000e+01,2.25200000000000011280e-01,6.37999999999999956035e-02,6.55000000000000026645e-02,
8.25000000000000000000e+01,3.00000000000000000000e+00,3.20000000000000000000e+01,2.24200000000000010392e-01,5.87000000000000021760e-02,6.55000000000000026645e-02,
8.25000000000000000000e+01,3.00000000000000000000e+00,3.40000000000000000000e+01,2.23000000000000003775e-01,5.43000000000000010436e-02,6.55000000000000026645e-02,
8.25000000000000000000e+01,3.00000000000000000000e+00,3.60000000000000000000e+01,2.22000000000000002887e-01,4.80000000000000009992e-02,6.55000000000000026645e-02,
8.25000000000000000000e+01,3.00000000000000000000e+00,3.80000000000000000000e+01,2.21000000000000001998e-01,4.39999999999999974465e-02,6.55000000000000026645e-02,
8.25000000000000000000e+01,3.00000000000000000000e+00,4.00000000000000000000e+01,2.20000000000000001110e-01,4.00000000000000008327e-02,6.55000000000000026645e-02,
8.25000000000000000000e+01,3.00000000000000000000e+00,4.20000000000000000000e+01,2.20000000000000001110e-01,3.50000000000000033307e-02,6.55000000000000026645e-02,
8.25000000000000000000e+01,3.00000000000000000000e+00,4.40000000000000000000e+01,2.19000000000000000222e-01,3.20000000000000006661e-02,6.55000000000000026645e-02,
8.25000000000000000000e+01,3.00000000000000000000e+00,4.60000000000000000000e+01,2.17999999999999999334e-01,2.80000000000000005829e-02,6.55000000000000026645e-02,
8.25000000000000000000e+01,4.00000000000000000000e+00,2.00000000000000000000e+00,2.96200000000000018829e-01,2.80700000000000005063e-01,1.19999999999999995559e-01,
8.25000000000000000000e+01,4.00000000000000000000e+00,4.00000000000000000000e+00,2.85499999999999976019e-01,2.53099999999999991651e-01,1.19999999999999995559e-01,
8.25000000000000000000e+01,4.00000000000000000000e+00,6.00000000000000000000e+00,2.76299999999999990052e-01,2.30000000000000009992e-01,1.19999999999999995559e-01,
8.25000000000000000000e+01,4.00000000000000000000e+00,8.00000000000000000000e+00,2.68500000000000016431e-01,2.08900000000000002354e-01,1.19999999999999995559e-01,
8.25000000000000000000e+01,4.00000000000000000000e+00,1.00000000000000000000e+01,2.61900000000000021672e-01,1.90299999999999996936e-01,1.19999999999999995559e-01,
8.25000000000000000000e+01,4.00000000000000000000e+00,1.20000000000000000000e+01,2.55900000000000016342e-01,1.72999999999999987121e-01,1.19999999999999995559e-01,
8.25000000000000000000e+01,4.00000000000000000000e+00,1.40000000000000000000e+01,2.50900000000000011902e-01,1.58500000000000001998e-01,1.19999999999999995559e-01,
8.25000000000000000000e+01,4.00000000000000000000e+00,1.60000000000000000000e+01,2.46700000000000002620e-01,1.45199999999999995737e-01,1.19999999999999995559e-01,
8.25000000000000000000e+01,4.00000000000000000000e+00,1.80000000000000000000e+01,2.42999999999999993783e-01,1.33200000000000012834e-01,1.19999999999999995559e-01,
8.25000000000000000000e+01,4.00000000000000000000e+00,2.00000000000000000000e+01,2.39400000000000001688e-01,1.22100000000000000200e-01,1.19999999999999995559e-01,
8.25000000000000000000e+01,4.00000000000000000000e+00,2.20000000000000000000e+01,2.37100000000000005196e-01,1.14299999999999998823e-01,1.19999999999999995559e-01,
8.25000000000000000000e+01,4.00000000000000000000e+00,2.40000000000000000000e+01,2.34800000000000008704e-01,1.06200000000000002731e-01,1.19999999999999995559e-01,
8.25000000000000000000e+01,4.00000000000000000000e+00,2.60000000000000000000e+01,2.32199999999999989742e-01,9.77999999999999980460e-02,1.19999999999999995559e-01,
8.25000000000000000000e+01,4.00000000000000000000e+00,2.80000000000000000000e+01,2.30199999999999987965e-01,9.08999999999999946931e-02,1.19999999999999995559e-01,
8.25000000000000000000e+01,4.00000000000000000000e+00,3.00000000000000000000e+01,2.28500000000000008660e-01,8.46999999999999975131e-02,1.19999999999999995559e-01,
8.25000000000000000000e+01,4.00000000000000000000e+00,3.20000000000000000000e+01,2.26500000000000006883e-01,7.73999999999999965805e-02,1.19999999999999995559e-01,
8.25000000000000000000e+01,4.00000000000000000000e+00,3.40000000000000000000e+01,2.24000000000000004663e-01,7.00000000000000066613e-02,1.19999999999999995559e-01,
8.25000000000000000000e+01,4.00000000000000000000e+00,3.60000000000000000000e+01,2.22000000000000002887e-01,6.40000000000000013323e-02,1.19999999999999995559e-01,
8.25000000000000000000e+01,4.00000000000000000000e+00,3.80000000000000000000e+01,2.20000000000000001110e-01,5.70000000000000020539e-02,1.19999999999999995559e-01,
8.25000000000000000000e+01,4.00000000000000000000e+00,4.00000000000000000000e+01,2.17999999999999999334e-01,5.09999999999999967248e-02,1.19999999999999995559e-01,
8.25000000000000000000e+01,5.00000000000000000000e+00,2.00000000000000000000e+00,2.99999999999999988898e-01,2.91200000000000014388e-01,1.97699999999999986855e-01,
8.25000000000000000000e+01,5.00000000000000000000e+00,4.00000000000000000000e+00,2.89800000000000002043e-01,2.66699999999999992628e-01,1.97699999999999986855e-01,
8.25000000000000000000e+01,5.00000000000000000000e+00,6.00000000000000000000e+00,2.80600000000000016076e-01,2.44400000000000006128e-01,1.97699999999999986855e-01,
8.25000000000000000000e+01,5.00000000000000000000e+00,8.00000000000000000000e+00,2.72799999999999986944e-01,2.24000000000000004663e-01,1.97699999999999986855e-01,
8.25000000000000000000e+01,5.00000000000000000000e+00,1.00000000000000000000e+01,2.66500000000000014655e-01,2.07499999999999990008e-01,1.97699999999999986855e-01,
8.25000000000000000000e+01,5.00000000000000000000e+00,1.20000000000000000000e+01,2.60799999999999976286e-01,1.91299999999999997824e-01,1.97699999999999986855e-01,
8.25000000000000000000e+01,5.00000000000000000000e+00,1.40000000000000000000e+01,2.56000000000000005329e-01,1.77400000000000002132e-01,1.97699999999999986855e-01,
8.25000000000000000000e+01,5.00000000000000000000e+00,1.60000000000000000000e+01,2.51500000000000001332e-01,1.64399999999999990585e-01,1.97699999999999986855e-01,
8.25000000000000000000e+01,5.00000000000000000000e+00,1.80000000000000000000e+01,2.47599999999999986766e-01,1.53200000000000002842e-01,1.97699999999999986855e-01,
8.25000000000000000000e+01,5.00000000000000000000e+00,2.00000000000000000000e+01,2.43799999999999988942e-01,1.41899999999999998357e-01,1.97699999999999986855e-01,
8.25000000000000000000e+01,5.00000000000000000000e+00,2.20000000000000000000e+01,2.40199999999999996847e-01,1.31500000000000005773e-01,1.97699999999999986855e-01,
8.25000000000000000000e+01,5.00000000000000000000e+00,2.40000000000000000000e+01,2.37199999999999994182e-01,1.22300000000000005929e-01,1.97699999999999986855e-01,
8.25000000000000000000e+01,5.00000000000000000000e+00,2.60000000000000000000e+01,2.34800000000000008704e-01,1.14000000000000004108e-01,1.97699999999999986855e-01,
8.25000000000000000000e+01,5.00000000000000000000e+00,2.80000000000000000000e+01,2.31000000000000010880e-01,1.03999999999999995226e-01,1.97699999999999986855e-01,
8.25000000000000000000e+01,5.00000000000000000000e+00,3.00000000000000000000e+01,2.29000000000000009104e-01,9.70000000000000028866e-02,1.97699999999999986855e-01,
8.25000000000000000000e+01,5.00000000000000000000e+00,3.20000000000000000000e+01,2.26000000000000006439e-01,8.79999999999999948930e-02,1.97699999999999986855e-01,
8.25000000000000000000e+01,5.00000000000000000000e+00,3.40000000000000000000e+01,2.23000000000000003775e-01,8.00000000000000016653e-02,1.97699999999999986855e-01,
8.25000000000000000000e+01,5.00000000000000000000e+00,3.60000000000000000000e+01,2.21000000000000001998e-01,7.19999999999999945599e-02,1.97699999999999986855e-01,
8.25000000000000000000e+01,5.00000000000000000000e+00,3.80000000000000000000e+01,2.19000000000000000222e-01,6.60000000000000031086e-02,1.97699999999999986855e-01,
8.25000000000000000000e+01,6.00000000000000000000e+00,2.00000000000000000000e+00,3.01599999999999979217e-01,2.95999999999999985345e-01,3.00300000000000011369e-01,
8.25000000000000000000e+01,6.00000000000000000000e+00,4.00000000000000000000e+00,2.93200000000000016165e-01,2.75899999999999978595e-01,3.00300000000000011369e-01,
8.25000000000000000000e+01,6.00000000000000000000e+00,6.00000000000000000000e+00,2.84200000000000008171e-01,2.55000000000000004441e-01,3.00300000000000011369e-01,
8.25000000000000000000e+01,6.00000000000000000000e+00,8.00000000000000000000e+00,2.77000000000000023981e-01,2.37199999999999994182e-01,3.00300000000000011369e-01,
8.25000000000000000000e+01,6.00000000000000000000e+00,1.00000000000000000000e+01,2.70299999999999984723e-01,2.20400000000000012568e-01,3.00300000000000011369e-01,
8.25000000000000000000e+01,6.00000000000000000000e+00,1.20000000000000000000e+01,2.64699999999999990852e-01,2.05199999999999993516e-01,3.00300000000000011369e-01,
8.25000000000000000000e+01,6.00000000000000000000e+00,1.40000000000000000000e+01,2.59299999999999974953e-01,1.90899999999999986366e-01,3.00300000000000011369e-01,
8.25000000000000000000e+01,6.00000000000000000000e+00,1.60000000000000000000e+01,2.54800000000000026468e-01,1.76800000000000012701e-01,3.00300000000000011369e-01,
8.25000000000000000000e+01,6.00000000000000000000e+00,1.80000000000000000000e+01,2.50400000000000011458e-01,1.65800000000000002931e-01,3.00300000000000011369e-01,
8.25000000000000000000e+01,6.00000000000000000000e+00,2.00000000000000000000e+01,2.45999999999999996447e-01,1.52999999999999997113e-01,3.00300000000000011369e-01,
8.25000000000000000000e+01,6.00000000000000000000e+00,2.20000000000000000000e+01,2.41999999999999992895e-01,1.41999999999999987343e-01,3.00300000000000011369e-01,
8.25000000000000000000e+01,6.00000000000000000000e+00,2.40000000000000000000e+01,2.38999999999999990230e-01,1.32000000000000006217e-01,3.00300000000000011369e-01,
8.25000000000000000000e+01,6.00000000000000000000e+00,2.60000000000000000000e+01,2.34999999999999986677e-01,1.20999999999999996447e-01,3.00300000000000011369e-01,
8.25000000000000000000e+01,6.00000000000000000000e+00,2.80000000000000000000e+01,2.31000000000000010880e-01,1.12000000000000002331e-01,3.00300000000000011369e-01,
8.25000000000000000000e+01,6.00000000000000000000e+00,3.00000000000000000000e+01,2.28000000000000008216e-01,1.01999999999999993450e-01,3.00300000000000011369e-01,
8.25000000000000000000e+01,6.00000000000000000000e+00,3.20000000000000000000e+01,2.25000000000000005551e-01,9.29999999999999993339e-02,3.00300000000000011369e-01,
8.25000000000000000000e+01,7.00000000000000000000e+00,2.00000000000000000000e+00,3.03099999999999980549e-01,2.99999999999999988898e-01,4.30600000000000038280e-01,
8.25000000000000000000e+01,7.00000000000000000000e+00,4.00000000000000000000e+00,2.94999999999999984457e-01,2.81000000000000027534e-01,4.30600000000000038280e-01,
8.25000000000000000000e+01,7.00000000000000000000e+00,6.00000000000000000000e+00,2.87299999999999999822e-01,2.63299999999999978506e-01,4.30600000000000038280e-01,
8.25000000000000000000e+01,7.00000000000000000000e+00,8.00000000000000000000e+00,2.79899999999999982148e-01,2.45900000000000007461e-01,4.30600000000000038280e-01,
8.25000000000000000000e+01,7.00000000000000000000e+00,1.00000000000000000000e+01,2.72899999999999975930e-01,2.28899999999999992362e-01,4.30600000000000038280e-01,
8.25000000000000000000e+01,7.00000000000000000000e+00,1.20000000000000000000e+01,2.66400000000000025668e-01,2.12700000000000000178e-01,4.30600000000000038280e-01,
8.25000000000000000000e+01,7.00000000000000000000e+00,1.40000000000000000000e+01,2.61000000000000009770e-01,1.98000000000000009326e-01,4.30600000000000038280e-01,
8.25000000000000000000e+01,7.00000000000000000000e+00,1.60000000000000000000e+01,2.56000000000000005329e-01,1.84999999999999997780e-01,4.30600000000000038280e-01,
8.25000000000000000000e+01,7.00000000000000000000e+00,1.80000000000000000000e+01,2.52000000000000001776e-01,1.75999999999999989786e-01,4.30600000000000038280e-01,
8.25000000000000000000e+01,7.00000000000000000000e+00,2.00000000000000000000e+01,2.47999999999999998224e-01,1.62000000000000005107e-01,4.30600000000000038280e-01,
8.25000000000000000000e+01,7.00000000000000000000e+00,2.20000000000000000000e+01,2.43999999999999994671e-01,1.49999999999999994449e-01,4.30600000000000038280e-01,
8.25000000000000000000e+01,7.00000000000000000000e+00,2.40000000000000000000e+01,2.39999999999999991118e-01,1.40000000000000013323e-01,4.30600000000000038280e-01,
8.25000000000000000000e+01,8.00000000000000000000e+00,2.00000000000000000000e+00,3.04800000000000015365e-01,3.03999999999999992450e-01,5.90999999999999969802e-01,
8.25000000000000000000e+01,8.00000000000000000000e+00,4.00000000000000000000e+00,2.96200000000000018829e-01,2.84999999999999975575e-01,5.90999999999999969802e-01,
8.25000000000000000000e+01,8.00000000000000000000e+00,6.00000000000000000000e+00,2.88100000000000022737e-01,2.67100000000000004086e-01,5.90999999999999969802e-01,
8.25000000000000000000e+01,8.00000000000000000000e+00,8.00000000000000000000e+00,2.80000000000000026645e-01,2.48799999999999993383e-01,5.90999999999999969802e-01,
8.25000000000000000000e+01,8.00000000000000000000e+00,1.00000000000000000000e+01,2.74000000000000021316e-01,2.31000000000000010880e-01,5.90999999999999969802e-01,
8.25000000000000000000e+01,8.00000000000000000000e+00,1.20000000000000000000e+01,2.68000000000000015987e-01,2.17999999999999999334e-01,5.90999999999999969802e-01,
8.25000000000000000000e+01,8.00000000000000000000e+00,1.40000000000000000000e+01,2.63000000000000011546e-01,2.03999999999999986899e-01,5.90999999999999969802e-01,
8.25000000000000000000e+01,8.00000000000000000000e+00,1.60000000000000000000e+01,2.59000000000000007994e-01,1.94000000000000005773e-01,5.90999999999999969802e-01,
8.25000000000000000000e+01,8.00000000000000000000e+00,1.80000000000000000000e+01,2.55000000000000004441e-01,1.82999999999999996003e-01,5.90999999999999969802e-01,
8.25000000000000000000e+01,9.00000000000000000000e+00,2.00000000000000000000e+00,3.04999999999999993339e-01,3.05099999999999982325e-01,7.86599999999999965894e-01,
8.25000000000000000000e+01,9.00000000000000000000e+00,4.00000000000000000000e+00,2.96300000000000007816e-01,2.86499999999999976907e-01,7.86599999999999965894e-01,
8.25000000000000000000e+01,9.00000000000000000000e+00,6.00000000000000000000e+00,2.87999999999999978240e-01,2.68000000000000015987e-01,7.86599999999999965894e-01,
8.25000000000000000000e+01,9.00000000000000000000e+00,8.00000000000000000000e+00,2.80000000000000026645e-01,2.48999999999999999112e-01,7.86599999999999965894e-01,
8.25000000000000000000e+01,9.00000000000000000000e+00,1.00000000000000000000e+01,2.73000000000000020428e-01,2.30000000000000009992e-01,7.86599999999999965894e-01,
8.25000000000000000000e+01,1.00000000000000000000e+01,2.00000000000000000000e+00,3.04999999999999993339e-01,3.06999999999999995115e-01,1.02569999999999983409e+00,
8.25000000000000000000e+01,1.00000000000000000000e+01,4.00000000000000000000e+00,2.95999999999999985345e-01,2.87999999999999978240e-01,1.02569999999999983409e+00,
8.25000000000000000000e+01,1.00000000000000000000e+01,6.00000000000000000000e+00,2.88999999999999979128e-01,2.70000000000000017764e-01,1.02569999999999983409e+00,
8.50000000000000000000e+01,2.00000000000000011102e-01,2.00000000000000000000e+00,2.75000000000000022204e-01,1.29000000000000003553e-01,2.36999999999999988454e-01,
8.50000000000000000000e+01,2.00000000000000011102e-01,4.00000000000000000000e+00,2.69000000000000016875e-01,9.29999999999999993339e-02,2.36999999999999988454e-01,
8.50000000000000000000e+01,2.00000000000000011102e-01,6.00000000000000000000e+00,2.66000000000000014211e-01,7.19999999999999945599e-02,2.36999999999999988454e-01,
8.50000000000000000000e+01,2.00000000000000011102e-01,8.00000000000000000000e+00,2.64000000000000012434e-01,5.60000000000000011657e-02,2.36999999999999988454e-01,
8.50000000000000000000e+01,2.00000000000000011102e-01,1.00000000000000000000e+01,2.63000000000000011546e-01,4.70000000000000001110e-02,2.36999999999999988454e-01,
8.50000000000000000000e+01,2.00000000000000011102e-01,1.20000000000000000000e+01,2.63000000000000011546e-01,3.89999999999999999445e-02,2.36999999999999988454e-01,
8.50000000000000000000e+01,2.00000000000000011102e-01,1.40000000000000000000e+01,2.62000000000000010658e-01,3.20000000000000006661e-02,2.36999999999999988454e-01,
8.50000000000000000000e+01,4.00000000000000022204e-01,2.00000000000000000000e+00,2.81000000000000027534e-01,1.81999999999999995115e-01,4.67000000000000026201e-01,
8.50000000000000000000e+01,4.00000000000000022204e-01,4.00000000000000000000e+00,2.72000000000000019540e-01,1.38000000000000011546e-01,4.67000000000000026201e-01,
8.50000000000000000000e+01,4.00000000000000022204e-01,6.00000000000000000000e+00,2.65000000000000013323e-01,1.10000000000000000555e-01,4.67000000000000026201e-01,
8.50000000000000000000e+01,4.00000000000000022204e-01,8.00000000000000000000e+00,2.60000000000000008882e-01,8.69999999999999940048e-02,4.67000000000000026201e-01,
8.50000000000000000000e+01,4.00000000000000022204e-01,1.00000000000000000000e+01,2.57000000000000006217e-01,6.90000000000000057732e-02,4.67000000000000026201e-01,
8.50000000000000000000e+01,4.00000000000000022204e-01,1.20000000000000000000e+01,2.53000000000000002665e-01,5.70000000000000020539e-02,4.67000000000000026201e-01,
8.50000000000000000000e+01,4.00000000000000022204e-01,1.40000000000000000000e+01,2.52000000000000001776e-01,4.80000000000000009992e-02,4.67000000000000026201e-01,
8.50000000000000000000e+01,4.00000000000000022204e-01,1.60000000000000000000e+01,2.50000000000000000000e-01,4.00000000000000008327e-02,4.67000000000000026201e-01,
8.50000000000000000000e+01,4.00000000000000022204e-01,1.80000000000000000000e+01,2.47999999999999998224e-01,3.40000000000000024425e-02,4.67000000000000026201e-01,
8.50000000000000000000e+01,4.00000000000000022204e-01,2.00000000000000000000e+01,2.46999999999999997335e-01,2.80000000000000005829e-02,4.67000000000000026201e-01,
8.50000000000000000000e+01,5.99999999999999977796e-01,2.00000000000000000000e+00,2.86999999999999977351e-01,2.06999999999999989564e-01,6.98999999999999954703e-01,
8.50000000000000000000e+01,5.99999999999999977796e-01,4.00000000000000000000e+00,2.80000000000000026645e-01,1.66000000000000008660e-01,6.98999999999999954703e-01,
8.50000000000000000000e+01,5.99999999999999977796e-01,6.00000000000000000000e+00,2.74000000000000021316e-01,1.36000000000000009770e-01,6.98999999999999954703e-01,
8.50000000000000000000e+01,5.99999999999999977796e-01,8.00000000000000000000e+00,2.70000000000000017764e-01,1.10000000000000000555e-01,6.98999999999999954703e-01,
8.50000000000000000000e+01,5.99999999999999977796e-01,1.00000000000000000000e+01,2.68000000000000015987e-01,9.40000000000000002220e-02,6.98999999999999954703e-01,
8.50000000000000000000e+01,5.99999999999999977796e-01,1.20000000000000000000e+01,2.66000000000000014211e-01,8.00000000000000016653e-02,6.98999999999999954703e-01,
8.50000000000000000000e+01,5.99999999999999977796e-01,1.40000000000000000000e+01,2.64000000000000012434e-01,6.50000000000000022204e-02,6.98999999999999954703e-01,
8.50000000000000000000e+01,5.99999999999999977796e-01,1.60000000000000000000e+01,2.63000000000000011546e-01,5.60000000000000011657e-02,6.98999999999999954703e-01,
8.50000000000000000000e+01,5.99999999999999977796e-01,1.80000000000000000000e+01,2.62000000000000010658e-01,4.59999999999999992228e-02,6.98999999999999954703e-01,
8.50000000000000000000e+01,5.99999999999999977796e-01,2.00000000000000000000e+01,2.61000000000000009770e-01,4.10000000000000017208e-02,6.98999999999999954703e-01,
8.50000000000000000000e+01,5.99999999999999977796e-01,2.20000000000000000000e+01,2.60000000000000008882e-01,3.40000000000000024425e-02,6.98999999999999954703e-01,
8.50000000000000000000e+01,5.99999999999999977796e-01,2.40000000000000000000e+01,2.60000000000000008882e-01,2.99999999999999988898e-02,6.98999999999999954703e-01,
8.50000000000000000000e+01,8.00000000000000044409e-01,2.00000000000000000000e+00,2.91999999999999981792e-01,2.24000000000000004663e-01,9.42999999999999949374e-01,
8.50000000000000000000e+01,8.00000000000000044409e-01,4.00000000000000000000e+00,2.82999999999999973799e-01,1.78999999999999992450e-01,9.42999999999999949374e-01,
8.50000000000000000000e+01,8.00000000000000044409e-01,6.00000000000000000000e+00,2.79000000000000025757e-01,1.50999999999999995337e-01,9.42999999999999949374e-01,
8.50000000000000000000e+01,8.00000000000000044409e-01,8.00000000000000000000e+00,2.75000000000000022204e-01,1.27000000000000001776e-01,9.42999999999999949374e-01,
8.50000000000000000000e+01,8.00000000000000044409e-01,1.00000000000000000000e+01,2.69000000000000016875e-01,1.12000000000000002331e-01,9.42999999999999949374e-01,
8.50000000000000000000e+01,8.00000000000000044409e-01,1.20000000000000000000e+01,2.66000000000000014211e-01,9.50000000000000011102e-02,9.42999999999999949374e-01,
8.50000000000000000000e+01,8.00000000000000044409e-01,1.40000000000000000000e+01,2.63000000000000011546e-01,8.00000000000000016653e-02,9.42999999999999949374e-01,
8.50000000000000000000e+01,8.00000000000000044409e-01,1.60000000000000000000e+01,2.62000000000000010658e-01,6.90000000000000057732e-02,9.42999999999999949374e-01,
8.50000000000000000000e+01,8.00000000000000044409e-01,1.80000000000000000000e+01,2.60000000000000008882e-01,6.19999999999999995559e-02,9.42999999999999949374e-01,
8.50000000000000000000e+01,8.00000000000000044409e-01,2.00000000000000000000e+01,2.58000000000000007105e-01,5.60000000000000011657e-02,9.42999999999999949374e-01,
8.50000000000000000000e+01,8.00000000000000044409e-01,2.20000000000000000000e+01,2.57000000000000006217e-01,4.90000000000000018874e-02,9.42999999999999949374e-01,
8.50000000000000000000e+01,8.00000000000000044409e-01,2.40000000000000000000e+01,2.56000000000000005329e-01,4.39999999999999974465e-02,9.42999999999999949374e-01,
8.50000000000000000000e+01,8.00000000000000044409e-01,2.60000000000000000000e+01,2.56000000000000005329e-01,3.89999999999999999445e-02,9.42999999999999949374e-01,
8.50000000000000000000e+01,8.00000000000000044409e-01,2.80000000000000000000e+01,2.55000000000000004441e-01,3.50000000000000033307e-02,9.42999999999999949374e-01,
8.50000000000000000000e+01,8.00000000000000044409e-01,3.00000000000000000000e+01,2.54000000000000003553e-01,2.99999999999999988898e-02,9.42999999999999949374e-01,
8.50000000000000000000e+01,1.00000000000000000000e+00,2.00000000000000000000e+00,2.93600000000000027622e-01,2.33000000000000012657e-01,1.20999999999999996447e+00,
8.50000000000000000000e+01,1.00000000000000000000e+00,4.00000000000000000000e+00,2.85399999999999987033e-01,1.92700000000000010170e-01,1.20999999999999996447e+00,
8.50000000000000000000e+01,1.00000000000000000000e+00,6.00000000000000000000e+00,2.79399999999999981704e-01,1.62800000000000000266e-01,1.20999999999999996447e+00,
8.50000000000000000000e+01,1.00000000000000000000e+00,8.00000000000000000000e+00,2.74199999999999999289e-01,1.37500000000000011102e-01,1.20999999999999996447e+00,
8.50000000000000000000e+01,1.00000000000000000000e+00,1.00000000000000000000e+01,2.70100000000000006750e-01,1.17800000000000001932e-01,1.20999999999999996447e+00,
8.50000000000000000000e+01,1.00000000000000000000e+00,1.20000000000000000000e+01,2.67000000000000015099e-01,1.00599999999999994982e-01,1.20999999999999996447e+00,
8.50000000000000000000e+01,1.00000000000000000000e+00,1.40000000000000000000e+01,2.64500000000000012879e-01,8.63000000000000017097e-02,1.20999999999999996447e+00,
8.50000000000000000000e+01,1.00000000000000000000e+00,1.60000000000000000000e+01,2.62500000000000011102e-01,7.45999999999999996447e-02,1.20999999999999996447e+00,
8.50000000000000000000e+01,1.00000000000000000000e+00,1.80000000000000000000e+01,2.61199999999999987743e-01,6.66999999999999954037e-02,1.20999999999999996447e+00,
8.50000000000000000000e+01,1.00000000000000000000e+00,2.00000000000000000000e+01,2.60099999999999997868e-01,5.85999999999999993117e-02,1.20999999999999996447e+00,
8.50000000000000000000e+01,1.00000000000000000000e+00,2.20000000000000000000e+01,2.59000000000000007994e-01,5.09000000000000007994e-02,1.20999999999999996447e+00,
8.50000000000000000000e+01,1.00000000000000000000e+00,2.40000000000000000000e+01,2.58000000000000007105e-01,4.59999999999999992228e-02,1.20999999999999996447e+00,
8.50000000000000000000e+01,1.00000000000000000000e+00,2.60000000000000000000e+01,2.58000000000000007105e-01,3.89999999999999999445e-02,1.20999999999999996447e+00,
8.50000000000000000000e+01,1.00000000000000000000e+00,2.80000000000000000000e+01,2.57000000000000006217e-01,3.40000000000000024425e-02,1.20999999999999996447e+00,
8.50000000000000000000e+01,1.00000000000000000000e+00,3.00000000000000000000e+01,2.56000000000000005329e-01,2.80000000000000005829e-02,1.20999999999999996447e+00,
8.50000000000000000000e+01,1.00000000000000000000e+00,3.20000000000000000000e+01,2.56000000000000005329e-01,2.40000000000000004996e-02,1.20999999999999996447e+00,
8.50000000000000000000e+01,2.00000000000000000000e+00,2.00000000000000000000e+00,2.98399999999999998579e-01,2.61199999999999987743e-01,3.12599999999999961231e-02,
8.50000000000000000000e+01,2.00000000000000000000e+00,4.00000000000000000000e+00,2.90800000000000002931e-01,2.26099999999999995426e-01,3.12599999999999961231e-02,
8.50000000000000000000e+01,2.00000000000000000000e+00,6.00000000000000000000e+00,2.84999999999999975575e-01,1.99199999999999988187e-01,3.12599999999999961231e-02,
8.50000000000000000000e+01,2.00000000000000000000e+00,8.00000000000000000000e+00,2.79100000000000014744e-01,1.70699999999999990630e-01,3.12599999999999961231e-02,
8.50000000000000000000e+01,2.00000000000000000000e+00,1.00000000000000000000e+01,2.74799999999999988720e-01,1.49999999999999994449e-01,3.12599999999999961231e-02,
8.50000000000000000000e+01,2.00000000000000000000e+00,1.20000000000000000000e+01,2.70899999999999974154e-01,1.32000000000000006217e-01,3.12599999999999961231e-02,
8.50000000000000000000e+01,2.00000000000000000000e+00,1.40000000000000000000e+01,2.67600000000000004530e-01,1.16300000000000000600e-01,3.12599999999999961231e-02,
8.50000000000000000000e+01,2.00000000000000000000e+00,1.60000000000000000000e+01,2.65199999999999991296e-01,1.04499999999999995670e-01,3.12599999999999961231e-02,
8.50000000000000000000e+01,2.00000000000000000000e+00,1.80000000000000000000e+01,2.63199999999999989519e-01,9.34999999999999997780e-02,3.12599999999999961231e-02,
8.50000000000000000000e+01,2.00000000000000000000e+00,2.00000000000000000000e+01,2.61199999999999987743e-01,8.37999999999999994893e-02,3.12599999999999961231e-02,
8.50000000000000000000e+01,2.00000000000000000000e+00,2.20000000000000000000e+01,2.59699999999999986411e-01,7.49999999999999972244e-02,3.12599999999999961231e-02,
8.50000000000000000000e+01,2.00000000000000000000e+00,2.40000000000000000000e+01,2.58199999999999985079e-01,6.69000000000000011324e-02,3.12599999999999961231e-02,
8.50000000000000000000e+01,2.00000000000000000000e+00,2.60000000000000000000e+01,2.56900000000000017231e-01,5.94000000000000014100e-02,3.12599999999999961231e-02,
8.50000000000000000000e+01,2.00000000000000000000e+00,2.80000000000000000000e+01,2.55900000000000016342e-01,5.24999999999999980571e-02,3.12599999999999961231e-02,
8.50000000000000000000e+01,2.00000000000000000000e+00,3.00000000000000000000e+01,2.55000000000000004441e-01,4.49999999999999983347e-02,3.12599999999999961231e-02,
8.50000000000000000000e+01,2.00000000000000000000e+00,3.20000000000000000000e+01,2.54000000000000003553e-01,3.89999999999999999445e-02,3.12599999999999961231e-02,
8.50000000000000000000e+01,2.00000000000000000000e+00,3.40000000000000000000e+01,2.53000000000000002665e-01,3.50000000000000033307e-02,3.12599999999999961231e-02,
8.50000000000000000000e+01,2.00000000000000000000e+00,3.60000000000000000000e+01,2.52000000000000001776e-01,3.09999999999999997780e-02,3.12599999999999961231e-02,
8.50000000000000000000e+01,3.00000000000000000000e+00,2.00000000000000000000e+00,2.99700000000000021938e-01,2.70000000000000017764e-01,6.55000000000000026645e-02,
8.50000000000000000000e+01,3.00000000000000000000e+00,4.00000000000000000000e+00,2.92800000000000004707e-01,2.38600000000000006528e-01,6.55000000000000026645e-02,
8.50000000000000000000e+01,3.00000000000000000000e+00,6.00000000000000000000e+00,2.86999999999999977351e-01,2.13499999999999995337e-01,6.55000000000000026645e-02,
8.50000000000000000000e+01,3.00000000000000000000e+00,8.00000000000000000000e+00,2.81899999999999983924e-01,1.91000000000000003109e-01,6.55000000000000026645e-02,
8.50000000000000000000e+01,3.00000000000000000000e+00,1.00000000000000000000e+01,2.77200000000000001954e-01,1.70699999999999990630e-01,6.55000000000000026645e-02,
8.50000000000000000000e+01,3.00000000000000000000e+00,1.20000000000000000000e+01,2.73899999999999976819e-01,1.53900000000000009015e-01,6.55000000000000026645e-02,
8.50000000000000000000e+01,3.00000000000000000000e+00,1.40000000000000000000e+01,2.70699999999999996181e-01,1.39699999999999990852e-01,6.55000000000000026645e-02,
8.50000000000000000000e+01,3.00000000000000000000e+00,1.60000000000000000000e+01,2.68000000000000015987e-01,1.27200000000000007505e-01,6.55000000000000026645e-02,
8.50000000000000000000e+01,3.00000000000000000000e+00,1.80000000000000000000e+01,2.65699999999999991740e-01,1.16300000000000000600e-01,6.55000000000000026645e-02,
8.50000000000000000000e+01,3.00000000000000000000e+00,2.00000000000000000000e+01,2.63900000000000023448e-01,1.07399999999999995470e-01,6.55000000000000026645e-02,
8.50000000000000000000e+01,3.00000000000000000000e+00,2.20000000000000000000e+01,2.62000000000000010658e-01,9.77999999999999980460e-02,6.55000000000000026645e-02,
8.50000000000000000000e+01,3.00000000000000000000e+00,2.40000000000000000000e+01,2.60199999999999986855e-01,8.90999999999999986455e-02,6.55000000000000026645e-02,
8.50000000000000000000e+01,3.00000000000000000000e+00,2.60000000000000000000e+01,2.59000000000000007994e-01,8.21999999999999952927e-02,6.55000000000000026645e-02,
8.50000000000000000000e+01,3.00000000000000000000e+00,2.80000000000000000000e+01,2.57900000000000018119e-01,7.49999999999999972244e-02,6.55000000000000026645e-02,
8.50000000000000000000e+01,3.00000000000000000000e+00,3.00000000000000000000e+01,2.56799999999999972733e-01,6.90000000000000057732e-02,6.55000000000000026645e-02,
8.50000000000000000000e+01,3.00000000000000000000e+00,3.20000000000000000000e+01,2.55699999999999982858e-01,6.30000000000000004441e-02,6.55000000000000026645e-02,
8.50000000000000000000e+01,3.00000000000000000000e+00,3.40000000000000000000e+01,2.55000000000000004441e-01,5.60000000000000011657e-02,6.55000000000000026645e-02,
8.50000000000000000000e+01,3.00000000000000000000e+00,3.60000000000000000000e+01,2.54000000000000003553e-01,5.09999999999999967248e-02,6.55000000000000026645e-02,
8.50000000000000000000e+01,3.00000000000000000000e+00,3.80000000000000000000e+01,2.53000000000000002665e-01,4.59999999999999992228e-02,6.55000000000000026645e-02,
8.50000000000000000000e+01,3.00000000000000000000e+00,4.00000000000000000000e+01,2.52000000000000001776e-01,4.10000000000000017208e-02,6.55000000000000026645e-02,
8.50000000000000000000e+01,3.00000000000000000000e+00,4.20000000000000000000e+01,2.51000000000000000888e-01,3.59999999999999972800e-02,6.55000000000000026645e-02,
8.50000000000000000000e+01,4.00000000000000000000e+00,2.00000000000000000000e+00,3.02200000000000024158e-01,2.82499999999999973355e-01,1.19999999999999995559e-01,
8.50000000000000000000e+01,4.00000000000000000000e+00,4.00000000000000000000e+00,2.95800000000000007372e-01,2.56500000000000005773e-01,1.19999999999999995559e-01,
8.50000000000000000000e+01,4.00000000000000000000e+00,6.00000000000000000000e+00,2.90300000000000002487e-01,2.34699999999999991962e-01,1.19999999999999995559e-01,
8.50000000000000000000e+01,4.00000000000000000000e+00,8.00000000000000000000e+00,2.85499999999999976019e-01,2.14999999999999996669e-01,1.19999999999999995559e-01,
8.50000000000000000000e+01,4.00000000000000000000e+00,1.00000000000000000000e+01,2.81399999999999983480e-01,1.96700000000000013722e-01,1.19999999999999995559e-01,
8.50000000000000000000e+01,4.00000000000000000000e+00,1.20000000000000000000e+01,2.77799999999999991385e-01,1.80799999999999988498e-01,1.19999999999999995559e-01,
8.50000000000000000000e+01,4.00000000000000000000e+00,1.40000000000000000000e+01,2.74699999999999999734e-01,1.66000000000000008660e-01,1.19999999999999995559e-01,
8.50000000000000000000e+01,4.00000000000000000000e+00,1.60000000000000000000e+01,2.71799999999999986056e-01,1.51999999999999996225e-01,1.19999999999999995559e-01,
8.50000000000000000000e+01,4.00000000000000000000e+00,1.80000000000000000000e+01,2.69299999999999983835e-01,1.40800000000000008482e-01,1.19999999999999995559e-01,
8.50000000000000000000e+01,4.00000000000000000000e+00,2.00000000000000000000e+01,2.67000000000000015099e-01,1.30000000000000004441e-01,1.19999999999999995559e-01,
8.50000000000000000000e+01,4.00000000000000000000e+00,2.20000000000000000000e+01,2.65199999999999991296e-01,1.21800000000000005485e-01,1.19999999999999995559e-01,
8.50000000000000000000e+01,4.00000000000000000000e+00,2.40000000000000000000e+01,2.63500000000000011990e-01,1.13199999999999995071e-01,1.19999999999999995559e-01,
8.50000000000000000000e+01,4.00000000000000000000e+00,2.60000000000000000000e+01,2.61799999999999977174e-01,1.05200000000000001843e-01,1.19999999999999995559e-01,
8.50000000000000000000e+01,4.00000000000000000000e+00,2.80000000000000000000e+01,2.60000000000000008882e-01,9.71000000000000057510e-02,1.19999999999999995559e-01,
8.50000000000000000000e+01,4.00000000000000000000e+00,3.00000000000000000000e+01,2.58799999999999974509e-01,9.07000000000000028422e-02,1.19999999999999995559e-01,
8.50000000000000000000e+01,4.00000000000000000000e+00,3.20000000000000000000e+01,2.57400000000000017675e-01,8.32999999999999990452e-02,1.19999999999999995559e-01,
8.50000000000000000000e+01,4.00000000000000000000e+00,3.40000000000000000000e+01,2.56000000000000005329e-01,7.39999999999999963363e-02,1.19999999999999995559e-01,
8.50000000000000000000e+01,4.00000000000000000000e+00,3.60000000000000000000e+01,2.55000000000000004441e-01,6.90000000000000057732e-02,1.19999999999999995559e-01,
8.50000000000000000000e+01,4.00000000000000000000e+00,3.80000000000000000000e+01,2.54000000000000003553e-01,6.30000000000000004441e-02,1.19999999999999995559e-01,
8.50000000000000000000e+01,4.00000000000000000000e+00,4.00000000000000000000e+01,2.54000000000000003553e-01,5.60000000000000011657e-02,1.19999999999999995559e-01,
8.50000000000000000000e+01,5.00000000000000000000e+00,2.00000000000000000000e+00,3.04499999999999992895e-01,2.92800000000000004707e-01,1.97699999999999986855e-01,
8.50000000000000000000e+01,5.00000000000000000000e+00,4.00000000000000000000e+00,2.98599999999999976552e-01,2.69899999999999973266e-01,1.97699999999999986855e-01,
8.50000000000000000000e+01,5.00000000000000000000e+00,6.00000000000000000000e+00,2.93200000000000016165e-01,2.48700000000000004396e-01,1.97699999999999986855e-01,
8.50000000000000000000e+01,5.00000000000000000000e+00,8.00000000000000000000e+00,2.88499999999999978684e-01,2.29599999999999998535e-01,1.97699999999999986855e-01,
8.50000000000000000000e+01,5.00000000000000000000e+00,1.00000000000000000000e+01,2.84499999999999975131e-01,2.13700000000000001066e-01,1.97699999999999986855e-01,
8.50000000000000000000e+01,5.00000000000000000000e+00,1.20000000000000000000e+01,2.80600000000000016076e-01,1.97699999999999986855e-01,1.97699999999999986855e-01,
8.50000000000000000000e+01,5.00000000000000000000e+00,1.40000000000000000000e+01,2.77500000000000024425e-01,1.84700000000000003064e-01,1.97699999999999986855e-01,
8.50000000000000000000e+01,5.00000000000000000000e+00,1.60000000000000000000e+01,2.74399999999999977263e-01,1.71800000000000008260e-01,1.97699999999999986855e-01,
8.50000000000000000000e+01,5.00000000000000000000e+00,1.80000000000000000000e+01,2.71799999999999986056e-01,1.60399999999999987033e-01,1.97699999999999986855e-01,
8.50000000000000000000e+01,5.00000000000000000000e+00,2.00000000000000000000e+01,2.69399999999999972822e-01,1.49900000000000005462e-01,1.97699999999999986855e-01,
8.50000000000000000000e+01,5.00000000000000000000e+00,2.20000000000000000000e+01,2.67299999999999982059e-01,1.39800000000000007594e-01,1.97699999999999986855e-01,
8.50000000000000000000e+01,5.00000000000000000000e+00,2.40000000000000000000e+01,2.65199999999999991296e-01,1.30399999999999988143e-01,1.97699999999999986855e-01,
8.50000000000000000000e+01,5.00000000000000000000e+00,2.60000000000000000000e+01,2.63500000000000011990e-01,1.22399999999999994915e-01,1.97699999999999986855e-01,
8.50000000000000000000e+01,5.00000000000000000000e+00,2.80000000000000000000e+01,2.61799999999999977174e-01,1.13500000000000003664e-01,1.97699999999999986855e-01,
8.50000000000000000000e+01,5.00000000000000000000e+00,3.00000000000000000000e+01,2.59000000000000007994e-01,1.04999999999999996114e-01,1.97699999999999986855e-01,
8.50000000000000000000e+01,5.00000000000000000000e+00,3.20000000000000000000e+01,2.56000000000000005329e-01,9.60000000000000019984e-02,1.97699999999999986855e-01,
8.50000000000000000000e+01,5.00000000000000000000e+00,3.40000000000000000000e+01,2.55000000000000004441e-01,8.79999999999999948930e-02,1.97699999999999986855e-01,
8.50000000000000000000e+01,5.00000000000000000000e+00,3.60000000000000000000e+01,2.53000000000000002665e-01,8.10000000000000025535e-02,1.97699999999999986855e-01,
8.50000000000000000000e+01,5.00000000000000000000e+00,3.80000000000000000000e+01,2.52000000000000001776e-01,7.49999999999999972244e-02,1.97699999999999986855e-01,
8.50000000000000000000e+01,5.00000000000000000000e+00,4.00000000000000000000e+01,2.51000000000000000888e-01,6.90000000000000057732e-02,1.97699999999999986855e-01,
8.50000000000000000000e+01,6.00000000000000000000e+00,2.00000000000000000000e+00,3.04999999999999993339e-01,2.96700000000000019273e-01,3.00300000000000011369e-01,
8.50000000000000000000e+01,6.00000000000000000000e+00,4.00000000000000000000e+00,3.00099999999999977884e-01,2.77799999999999991385e-01,3.00300000000000011369e-01,
8.50000000000000000000e+01,6.00000000000000000000e+00,6.00000000000000000000e+00,2.94999999999999984457e-01,2.58500000000000007550e-01,3.00300000000000011369e-01,
8.50000000000000000000e+01,6.00000000000000000000e+00,8.00000000000000000000e+00,2.90499999999999980460e-01,2.42100000000000009637e-01,3.00300000000000011369e-01,
8.50000000000000000000e+01,6.00000000000000000000e+00,1.00000000000000000000e+01,2.86200000000000009948e-01,2.26000000000000006439e-01,3.00300000000000011369e-01,
8.50000000000000000000e+01,6.00000000000000000000e+00,1.20000000000000000000e+01,2.82899999999999984812e-01,2.12100000000000010747e-01,3.00300000000000011369e-01,
8.50000000000000000000e+01,6.00000000000000000000e+00,1.40000000000000000000e+01,2.79399999999999981704e-01,1.97899999999999992584e-01,3.00300000000000011369e-01,
8.50000000000000000000e+01,6.00000000000000000000e+00,1.60000000000000000000e+01,2.76100000000000012079e-01,1.85200000000000003508e-01,3.00300000000000011369e-01,
8.50000000000000000000e+01,6.00000000000000000000e+00,1.80000000000000000000e+01,2.73100000000000009415e-01,1.73800000000000010036e-01,3.00300000000000011369e-01,
8.50000000000000000000e+01,6.00000000000000000000e+00,2.00000000000000000000e+01,2.70199999999999995737e-01,1.62099999999999994094e-01,3.00300000000000011369e-01,
8.50000000000000000000e+01,6.00000000000000000000e+00,2.20000000000000000000e+01,2.67000000000000015099e-01,1.48999999999999993561e-01,3.00300000000000011369e-01,
8.50000000000000000000e+01,6.00000000000000000000e+00,2.40000000000000000000e+01,2.65000000000000013323e-01,1.40000000000000013323e-01,3.00300000000000011369e-01,
8.50000000000000000000e+01,6.00000000000000000000e+00,2.60000000000000000000e+01,2.63000000000000011546e-01,1.30000000000000004441e-01,3.00300000000000011369e-01,
8.50000000000000000000e+01,6.00000000000000000000e+00,2.80000000000000000000e+01,2.60000000000000008882e-01,1.19999999999999995559e-01,3.00300000000000011369e-01,
8.50000000000000000000e+01,6.00000000000000000000e+00,3.00000000000000000000e+01,2.58000000000000007105e-01,1.11000000000000001443e-01,3.00300000000000011369e-01,
8.50000000000000000000e+01,6.00000000000000000000e+00,3.20000000000000000000e+01,2.56000000000000005329e-01,1.02999999999999994338e-01,3.00300000000000011369e-01,
8.50000000000000000000e+01,6.00000000000000000000e+00,3.40000000000000000000e+01,2.54000000000000003553e-01,9.50000000000000011102e-02,3.00300000000000011369e-01,
8.50000000000000000000e+01,6.00000000000000000000e+00,3.60000000000000000000e+01,2.52000000000000001776e-01,8.89999999999999957812e-02,3.00300000000000011369e-01,
8.50000000000000000000e+01,7.00000000000000000000e+00,2.00000000000000000000e+00,3.05900000000000005240e-01,3.00999999999999989786e-01,4.30600000000000038280e-01,
8.50000000000000000000e+01,7.00000000000000000000e+00,4.00000000000000000000e+00,3.00900000000000000799e-01,2.83100000000000018296e-01,4.30600000000000038280e-01,
8.50000000000000000000e+01,7.00000000000000000000e+00,6.00000000000000000000e+00,2.96099999999999974332e-01,2.66299999999999981171e-01,4.30600000000000038280e-01,
8.50000000000000000000e+01,7.00000000000000000000e+00,8.00000000000000000000e+00,2.91800000000000003819e-01,2.50400000000000011458e-01,4.30600000000000038280e-01,
8.50000000000000000000e+01,7.00000000000000000000e+00,1.00000000000000000000e+01,2.87200000000000010836e-01,2.34300000000000008260e-01,4.30600000000000038280e-01,
8.50000000000000000000e+01,7.00000000000000000000e+00,1.20000000000000000000e+01,2.83299999999999996270e-01,2.19700000000000006395e-01,4.30600000000000038280e-01,
8.50000000000000000000e+01,7.00000000000000000000e+00,1.40000000000000000000e+01,2.80100000000000015632e-01,2.06800000000000011591e-01,4.30600000000000038280e-01,
8.50000000000000000000e+01,7.00000000000000000000e+00,1.60000000000000000000e+01,2.77000000000000023981e-01,1.94000000000000005773e-01,4.30600000000000038280e-01,
8.50000000000000000000e+01,7.00000000000000000000e+00,1.80000000000000000000e+01,2.74000000000000021316e-01,1.81999999999999995115e-01,4.30600000000000038280e-01,
8.50000000000000000000e+01,7.00000000000000000000e+00,2.00000000000000000000e+01,2.71000000000000018652e-01,1.70000000000000012212e-01,4.30600000000000038280e-01,
8.50000000000000000000e+01,7.00000000000000000000e+00,2.20000000000000000000e+01,2.68000000000000015987e-01,1.58000000000000001554e-01,4.30600000000000038280e-01,
8.50000000000000000000e+01,7.00000000000000000000e+00,2.40000000000000000000e+01,2.65000000000000013323e-01,1.47999999999999992673e-01,4.30600000000000038280e-01,
8.50000000000000000000e+01,7.00000000000000000000e+00,2.60000000000000000000e+01,2.62000000000000010658e-01,1.37000000000000010658e-01,4.30600000000000038280e-01,
8.50000000000000000000e+01,7.00000000000000000000e+00,2.80000000000000000000e+01,2.60000000000000008882e-01,1.28000000000000002665e-01,4.30600000000000038280e-01,
8.50000000000000000000e+01,8.00000000000000000000e+00,2.00000000000000000000e+00,3.06499999999999994671e-01,3.04700000000000026379e-01,5.90999999999999969802e-01,
8.50000000000000000000e+01,8.00000000000000000000e+00,4.00000000000000000000e+00,3.01200000000000023270e-01,2.86799999999999999378e-01,5.90999999999999969802e-01,
8.50000000000000000000e+01,8.00000000000000000000e+00,6.00000000000000000000e+00,2.96300000000000007816e-01,2.70399999999999973710e-01,5.90999999999999969802e-01,
8.50000000000000000000e+01,8.00000000000000000000e+00,8.00000000000000000000e+00,2.91399999999999992362e-01,2.53400000000000014122e-01,5.90999999999999969802e-01,
8.50000000000000000000e+01,8.00000000000000000000e+00,1.00000000000000000000e+01,2.86999999999999977351e-01,2.37999999999999989342e-01,5.90999999999999969802e-01,
8.50000000000000000000e+01,8.00000000000000000000e+00,1.20000000000000000000e+01,2.82999999999999973799e-01,2.24000000000000004663e-01,5.90999999999999969802e-01,
8.50000000000000000000e+01,8.00000000000000000000e+00,1.40000000000000000000e+01,2.80000000000000026645e-01,2.10999999999999993117e-01,5.90999999999999969802e-01,
8.50000000000000000000e+01,8.00000000000000000000e+00,1.60000000000000000000e+01,2.78000000000000024869e-01,2.01000000000000011990e-01,5.90999999999999969802e-01,
8.50000000000000000000e+01,8.00000000000000000000e+00,1.80000000000000000000e+01,2.76000000000000023093e-01,1.91000000000000003109e-01,5.90999999999999969802e-01,
8.50000000000000000000e+01,8.00000000000000000000e+00,2.00000000000000000000e+01,2.73000000000000020428e-01,1.78999999999999992450e-01,5.90999999999999969802e-01,
8.50000000000000000000e+01,8.00000000000000000000e+00,2.20000000000000000000e+01,2.70000000000000017764e-01,1.68000000000000010436e-01,5.90999999999999969802e-01,
8.50000000000000000000e+01,9.00000000000000000000e+00,2.00000000000000000000e+00,3.06699999999999972644e-01,3.05999999999999994227e-01,7.86599999999999965894e-01,
8.50000000000000000000e+01,9.00000000000000000000e+00,4.00000000000000000000e+00,3.00300000000000011369e-01,2.86999999999999977351e-01,7.86599999999999965894e-01,
8.50000000000000000000e+01,9.00000000000000000000e+00,6.00000000000000000000e+00,2.95999999999999985345e-01,2.71000000000000018652e-01,7.86599999999999965894e-01,
8.50000000000000000000e+01,9.00000000000000000000e+00,8.00000000000000000000e+00,2.91999999999999981792e-01,2.53000000000000002665e-01,7.86599999999999965894e-01,
8.50000000000000000000e+01,9.00000000000000000000e+00,1.00000000000000000000e+01,2.85999999999999976463e-01,2.34999999999999986677e-01,7.86599999999999965894e-01,
8.50000000000000000000e+01,9.00000000000000000000e+00,1.20000000000000000000e+01,2.83999999999999974687e-01,2.21000000000000001998e-01,7.86599999999999965894e-01,
8.50000000000000000000e+01,9.00000000000000000000e+00,1.40000000000000000000e+01,2.81000000000000027534e-01,2.07999999999999990452e-01,7.86599999999999965894e-01,
8.50000000000000000000e+01,1.00000000000000000000e+01,2.00000000000000000000e+00,3.06999999999999995115e-01,3.06999999999999995115e-01,1.02569999999999983409e+00,
8.50000000000000000000e+01,1.00000000000000000000e+01,4.00000000000000000000e+00,3.01999999999999990674e-01,2.88999999999999979128e-01,1.02569999999999983409e+00,
8.50000000000000000000e+01,1.00000000000000000000e+01,6.00000000000000000000e+00,2.97999999999999987121e-01,2.74000000000000021316e-01,1.02569999999999983409e+00,
8.50000000000000000000e+01,1.00000000000000000000e+01,8.00000000000000000000e+00,2.93999999999999983569e-01,2.58000000000000007105e-01,1.02569999999999983409e+00,
8.75000000000000000000e+01,2.00000000000000011102e-01,2.00000000000000000000e+00,2.87999999999999978240e-01,1.31000000000000005329e-01,2.36999999999999988454e-01,
8.75000000000000000000e+01,2.00000000000000011102e-01,4.00000000000000000000e+00,2.82999999999999973799e-01,9.40000000000000002220e-02,2.36999999999999988454e-01,
8.75000000000000000000e+01,2.00000000000000011102e-01,6.00000000000000000000e+00,2.80000000000000026645e-01,7.39999999999999963363e-02,2.36999999999999988454e-01,
8.75000000000000000000e+01,2.00000000000000011102e-01,8.00000000000000000000e+00,2.77000000000000023981e-01,5.80000000000000029421e-02,2.36999999999999988454e-01,
8.75000000000000000000e+01,2.00000000000000011102e-01,1.00000000000000000000e+01,2.76000000000000023093e-01,4.90000000000000018874e-02,2.36999999999999988454e-01,
8.75000000000000000000e+01,2.00000000000000011102e-01,1.20000000000000000000e+01,2.75000000000000022204e-01,4.00000000000000008327e-02,2.36999999999999988454e-01,
8.75000000000000000000e+01,4.00000000000000022204e-01,2.00000000000000000000e+00,2.95999999999999985345e-01,1.84999999999999997780e-01,4.67000000000000026201e-01,
8.75000000000000000000e+01,4.00000000000000022204e-01,4.00000000000000000000e+00,2.88999999999999979128e-01,1.41999999999999987343e-01,4.67000000000000026201e-01,
8.75000000000000000000e+01,4.00000000000000022204e-01,6.00000000000000000000e+00,2.83999999999999974687e-01,1.14000000000000004108e-01,4.67000000000000026201e-01,
8.75000000000000000000e+01,4.00000000000000022204e-01,8.00000000000000000000e+00,2.80000000000000026645e-01,9.09999999999999975575e-02,4.67000000000000026201e-01,
8.75000000000000000000e+01,4.00000000000000022204e-01,1.00000000000000000000e+01,2.76000000000000023093e-01,7.19999999999999945599e-02,4.67000000000000026201e-01,
8.75000000000000000000e+01,4.00000000000000022204e-01,1.20000000000000000000e+01,2.73000000000000020428e-01,5.89999999999999968914e-02,4.67000000000000026201e-01,
8.75000000000000000000e+01,4.00000000000000022204e-01,1.40000000000000000000e+01,2.72000000000000019540e-01,4.90000000000000018874e-02,4.67000000000000026201e-01,
8.75000000000000000000e+01,4.00000000000000022204e-01,1.60000000000000000000e+01,2.70000000000000017764e-01,4.20000000000000026090e-02,4.67000000000000026201e-01,
8.75000000000000000000e+01,4.00000000000000022204e-01,1.80000000000000000000e+01,2.69000000000000016875e-01,3.40000000000000024425e-02,4.67000000000000026201e-01,
8.75000000000000000000e+01,5.99999999999999977796e-01,2.00000000000000000000e+00,3.00999999999999989786e-01,2.10999999999999993117e-01,6.98999999999999954703e-01,
8.75000000000000000000e+01,5.99999999999999977796e-01,4.00000000000000000000e+00,2.95999999999999985345e-01,1.70000000000000012212e-01,6.98999999999999954703e-01,
8.75000000000000000000e+01,5.99999999999999977796e-01,6.00000000000000000000e+00,2.91999999999999981792e-01,1.40999999999999986455e-01,6.98999999999999954703e-01,
8.75000000000000000000e+01,5.99999999999999977796e-01,8.00000000000000000000e+00,2.87999999999999978240e-01,1.15000000000000004996e-01,6.98999999999999954703e-01,
8.75000000000000000000e+01,5.99999999999999977796e-01,1.00000000000000000000e+01,2.83999999999999974687e-01,9.80000000000000037748e-02,6.98999999999999954703e-01,
8.75000000000000000000e+01,5.99999999999999977796e-01,1.20000000000000000000e+01,2.81000000000000027534e-01,8.30000000000000043299e-02,6.98999999999999954703e-01,
8.75000000000000000000e+01,5.99999999999999977796e-01,1.40000000000000000000e+01,2.79000000000000025757e-01,6.70000000000000039968e-02,6.98999999999999954703e-01,
8.75000000000000000000e+01,5.99999999999999977796e-01,1.60000000000000000000e+01,2.77000000000000023981e-01,5.60000000000000011657e-02,6.98999999999999954703e-01,
8.75000000000000000000e+01,5.99999999999999977796e-01,1.80000000000000000000e+01,2.76000000000000023093e-01,4.90000000000000018874e-02,6.98999999999999954703e-01,
8.75000000000000000000e+01,5.99999999999999977796e-01,2.00000000000000000000e+01,2.75000000000000022204e-01,4.20000000000000026090e-02,6.98999999999999954703e-01,
8.75000000000000000000e+01,8.00000000000000044409e-01,2.00000000000000000000e+00,3.03999999999999992450e-01,2.28000000000000008216e-01,9.42999999999999949374e-01,
8.75000000000000000000e+01,8.00000000000000044409e-01,4.00000000000000000000e+00,2.97999999999999987121e-01,1.83999999999999996891e-01,9.42999999999999949374e-01,
8.75000000000000000000e+01,8.00000000000000044409e-01,6.00000000000000000000e+00,2.93999999999999983569e-01,1.55999999999999999778e-01,9.42999999999999949374e-01,
8.75000000000000000000e+01,8.00000000000000044409e-01,8.00000000000000000000e+00,2.90999999999999980904e-01,1.32000000000000006217e-01,9.42999999999999949374e-01,
8.75000000000000000000e+01,8.00000000000000044409e-01,1.00000000000000000000e+01,2.89999999999999980016e-01,1.17999999999999993783e-01,9.42999999999999949374e-01,
8.75000000000000000000e+01,8.00000000000000044409e-01,1.20000000000000000000e+01,2.86999999999999977351e-01,1.01000000000000006439e-01,9.42999999999999949374e-01,
8.75000000000000000000e+01,8.00000000000000044409e-01,1.40000000000000000000e+01,2.83999999999999974687e-01,8.40000000000000052180e-02,9.42999999999999949374e-01,
8.75000000000000000000e+01,8.00000000000000044409e-01,1.60000000000000000000e+01,2.82999999999999973799e-01,7.19999999999999945599e-02,9.42999999999999949374e-01,
8.75000000000000000000e+01,8.00000000000000044409e-01,1.80000000000000000000e+01,2.81000000000000027534e-01,6.60000000000000031086e-02,9.42999999999999949374e-01,
8.75000000000000000000e+01,8.00000000000000044409e-01,2.00000000000000000000e+01,2.80000000000000026645e-01,5.99999999999999977796e-02,9.42999999999999949374e-01,
8.75000000000000000000e+01,8.00000000000000044409e-01,2.20000000000000000000e+01,2.79000000000000025757e-01,5.39999999999999993894e-02,9.42999999999999949374e-01,
8.75000000000000000000e+01,8.00000000000000044409e-01,2.40000000000000000000e+01,2.78000000000000024869e-01,4.90000000000000018874e-02,9.42999999999999949374e-01,
8.75000000000000000000e+01,8.00000000000000044409e-01,2.60000000000000000000e+01,2.78000000000000024869e-01,4.39999999999999974465e-02,9.42999999999999949374e-01,
8.75000000000000000000e+01,1.00000000000000000000e+00,2.00000000000000000000e+00,3.02999999999999991562e-01,2.36100000000000004308e-01,1.20999999999999996447e+00,
8.75000000000000000000e+01,1.00000000000000000000e+00,4.00000000000000000000e+00,2.99099999999999976996e-01,1.97399999999999992140e-01,1.20999999999999996447e+00,
8.75000000000000000000e+01,1.00000000000000000000e+00,6.00000000000000000000e+00,2.95999999999999985345e-01,1.68199999999999988409e-01,1.20999999999999996447e+00,
8.75000000000000000000e+01,1.00000000000000000000e+00,8.00000000000000000000e+00,2.93200000000000016165e-01,1.42899999999999999245e-01,1.20999999999999996447e+00,
8.75000000000000000000e+01,1.00000000000000000000e+00,1.00000000000000000000e+01,2.90499999999999980460e-01,1.22899999999999995359e-01,1.20999999999999996447e+00,
8.75000000000000000000e+01,1.00000000000000000000e+00,1.20000000000000000000e+01,2.88399999999999989697e-01,1.05899999999999994138e-01,1.20999999999999996447e+00,
8.75000000000000000000e+01,1.00000000000000000000e+00,1.40000000000000000000e+01,2.86799999999999999378e-01,9.03000000000000052625e-02,1.20999999999999996447e+00,
8.75000000000000000000e+01,1.00000000000000000000e+00,1.60000000000000000000e+01,2.85200000000000009059e-01,7.90000000000000007772e-02,1.20999999999999996447e+00,
8.75000000000000000000e+01,1.00000000000000000000e+00,1.80000000000000000000e+01,2.84100000000000019185e-01,7.05999999999999960920e-02,1.20999999999999996447e+00,
8.75000000000000000000e+01,1.00000000000000000000e+00,2.00000000000000000000e+01,2.83100000000000018296e-01,6.25000000000000000000e-02,1.20999999999999996447e+00,
8.75000000000000000000e+01,1.00000000000000000000e+00,2.20000000000000000000e+01,2.81999999999999972911e-01,5.50000000000000002776e-02,1.20999999999999996447e+00,
8.75000000000000000000e+01,1.00000000000000000000e+00,2.40000000000000000000e+01,2.81999999999999972911e-01,4.90000000000000018874e-02,1.20999999999999996447e+00,
8.75000000000000000000e+01,1.00000000000000000000e+00,2.60000000000000000000e+01,2.81000000000000027534e-01,4.20000000000000026090e-02,1.20999999999999996447e+00,
8.75000000000000000000e+01,2.00000000000000000000e+00,2.00000000000000000000e+00,3.07099999999999984102e-01,2.64699999999999990852e-01,3.12599999999999961231e-02,
8.75000000000000000000e+01,2.00000000000000000000e+00,4.00000000000000000000e+00,3.04800000000000015365e-01,2.32100000000000000755e-01,3.12599999999999961231e-02,
8.75000000000000000000e+01,2.00000000000000000000e+00,6.00000000000000000000e+00,3.02499999999999991118e-01,2.05800000000000010703e-01,3.12599999999999961231e-02,
8.75000000000000000000e+01,2.00000000000000000000e+00,8.00000000000000000000e+00,2.99999999999999988898e-01,1.78100000000000008304e-01,3.12599999999999961231e-02,
8.75000000000000000000e+01,2.00000000000000000000e+00,1.00000000000000000000e+01,2.97899999999999998135e-01,1.56900000000000011680e-01,3.12599999999999961231e-02,
8.75000000000000000000e+01,2.00000000000000000000e+00,1.20000000000000000000e+01,2.95599999999999973888e-01,1.39199999999999990408e-01,3.12599999999999961231e-02,
8.75000000000000000000e+01,2.00000000000000000000e+00,1.40000000000000000000e+01,2.93800000000000005596e-01,1.23499999999999998668e-01,3.12599999999999961231e-02,
8.75000000000000000000e+01,2.00000000000000000000e+00,1.60000000000000000000e+01,2.92200000000000015277e-01,1.10600000000000003864e-01,3.12599999999999961231e-02,
8.75000000000000000000e+01,2.00000000000000000000e+00,1.80000000000000000000e+01,2.91200000000000014388e-01,9.95000000000000051070e-02,3.12599999999999961231e-02,
8.75000000000000000000e+01,2.00000000000000000000e+00,2.00000000000000000000e+01,2.90200000000000013500e-01,9.00999999999999995337e-02,3.12599999999999961231e-02,
8.75000000000000000000e+01,2.00000000000000000000e+00,2.20000000000000000000e+01,2.88999999999999979128e-01,7.98999999999999988010e-02,3.12599999999999961231e-02,
8.75000000000000000000e+01,2.00000000000000000000e+00,2.40000000000000000000e+01,2.88200000000000011724e-01,7.19000000000000055733e-02,3.12599999999999961231e-02,
8.75000000000000000000e+01,2.00000000000000000000e+00,2.60000000000000000000e+01,2.86999999999999977351e-01,6.40000000000000013323e-02,3.12599999999999961231e-02,
8.75000000000000000000e+01,2.00000000000000000000e+00,2.80000000000000000000e+01,2.85999999999999976463e-01,5.50000000000000002776e-02,3.12599999999999961231e-02,
8.75000000000000000000e+01,2.00000000000000000000e+00,3.00000000000000000000e+01,2.83999999999999974687e-01,4.59999999999999992228e-02,3.12599999999999961231e-02,
8.75000000000000000000e+01,3.00000000000000000000e+00,2.00000000000000000000e+00,3.08800000000000018918e-01,2.74000000000000021316e-01,6.55000000000000026645e-02,
8.75000000000000000000e+01,3.00000000000000000000e+00,4.00000000000000000000e+00,3.07199999999999973088e-01,2.44799999999999989830e-01,6.55000000000000026645e-02,
8.75000000000000000000e+01,3.00000000000000000000e+00,6.00000000000000000000e+00,3.05700000000000027267e-01,2.20799999999999996270e-01,6.55000000000000026645e-02,
8.75000000000000000000e+01,3.00000000000000000000e+00,8.00000000000000000000e+00,3.03700000000000025491e-01,1.98099999999999998312e-01,6.55000000000000026645e-02,
8.75000000000000000000e+01,3.00000000000000000000e+00,1.00000000000000000000e+01,3.01999999999999990674e-01,1.79400000000000003908e-01,6.55000000000000026645e-02,
8.75000000000000000000e+01,3.00000000000000000000e+00,1.20000000000000000000e+01,3.00300000000000011369e-01,1.61799999999999999378e-01,6.55000000000000026645e-02,
8.75000000000000000000e+01,3.00000000000000000000e+00,1.40000000000000000000e+01,2.99200000000000021494e-01,1.47499999999999992228e-01,6.55000000000000026645e-02,
8.75000000000000000000e+01,3.00000000000000000000e+00,1.60000000000000000000e+01,2.98099999999999976108e-01,1.35599999999999998312e-01,6.55000000000000026645e-02,
8.75000000000000000000e+01,3.00000000000000000000e+00,1.80000000000000000000e+01,2.96899999999999997247e-01,1.23899999999999996247e-01,6.55000000000000026645e-02,
8.75000000000000000000e+01,3.00000000000000000000e+00,2.00000000000000000000e+01,2.96099999999999974332e-01,1.15099999999999993983e-01,6.55000000000000026645e-02,
8.75000000000000000000e+01,3.00000000000000000000e+00,2.20000000000000000000e+01,2.95300000000000006928e-01,1.05700000000000002287e-01,6.55000000000000026645e-02,
8.75000000000000000000e+01,3.00000000000000000000e+00,2.40000000000000000000e+01,2.94399999999999995026e-01,9.66999999999999942935e-02,6.55000000000000026645e-02,
8.75000000000000000000e+01,3.00000000000000000000e+00,2.60000000000000000000e+01,2.93800000000000005596e-01,8.92000000000000015099e-02,6.55000000000000026645e-02,
8.75000000000000000000e+01,3.00000000000000000000e+00,2.80000000000000000000e+01,2.92999999999999982681e-01,8.11999999999999944045e-02,6.55000000000000026645e-02,
8.75000000000000000000e+01,3.00000000000000000000e+00,3.00000000000000000000e+01,2.92200000000000015277e-01,7.49999999999999972244e-02,6.55000000000000026645e-02,
8.75000000000000000000e+01,3.00000000000000000000e+00,3.20000000000000000000e+01,2.91999999999999981792e-01,6.70000000000000039968e-02,6.55000000000000026645e-02,
8.75000000000000000000e+01,3.00000000000000000000e+00,3.40000000000000000000e+01,2.90999999999999980904e-01,5.99999999999999977796e-02,6.55000000000000026645e-02,
8.75000000000000000000e+01,3.00000000000000000000e+00,3.60000000000000000000e+01,2.89999999999999980016e-01,5.39999999999999993894e-02,6.55000000000000026645e-02,
8.75000000000000000000e+01,3.00000000000000000000e+00,3.80000000000000000000e+01,2.88999999999999979128e-01,4.80000000000000009992e-02,6.55000000000000026645e-02,
8.75000000000000000000e+01,4.00000000000000000000e+00,2.00000000000000000000e+00,3.09300000000000019362e-01,2.85899999999999987477e-01,1.19999999999999995559e-01,
8.75000000000000000000e+01,4.00000000000000000000e+00,4.00000000000000000000e+00,3.08400000000000007461e-01,2.62199999999999988631e-01,1.19999999999999995559e-01,
8.75000000000000000000e+01,4.00000000000000000000e+00,6.00000000000000000000e+00,3.07599999999999984546e-01,2.41600000000000009193e-01,1.19999999999999995559e-01,
8.75000000000000000000e+01,4.00000000000000000000e+00,8.00000000000000000000e+00,3.06599999999999983658e-01,2.22799999999999998046e-01,1.19999999999999995559e-01,
8.75000000000000000000e+01,4.00000000000000000000e+00,1.00000000000000000000e+01,3.05599999999999982769e-01,2.05999999999999988676e-01,1.19999999999999995559e-01,
8.75000000000000000000e+01,4.00000000000000000000e+00,1.20000000000000000000e+01,3.04499999999999992895e-01,1.90500000000000002665e-01,1.19999999999999995559e-01,
8.75000000000000000000e+01,4.00000000000000000000e+00,1.40000000000000000000e+01,3.03499999999999992006e-01,1.75499999999999989342e-01,1.19999999999999995559e-01,
8.75000000000000000000e+01,4.00000000000000000000e+00,1.60000000000000000000e+01,3.02800000000000013589e-01,1.62099999999999994094e-01,1.19999999999999995559e-01,
8.75000000000000000000e+01,4.00000000000000000000e+00,1.80000000000000000000e+01,3.01599999999999979217e-01,1.49999999999999994449e-01,1.19999999999999995559e-01,
8.75000000000000000000e+01,4.00000000000000000000e+00,2.00000000000000000000e+01,3.00999999999999989786e-01,1.39600000000000001865e-01,1.19999999999999995559e-01,
8.75000000000000000000e+01,4.00000000000000000000e+00,2.20000000000000000000e+01,3.00099999999999977884e-01,1.30599999999999993872e-01,1.19999999999999995559e-01,
8.75000000000000000000e+01,4.00000000000000000000e+00,2.40000000000000000000e+01,2.99300000000000010481e-01,1.22499999999999997780e-01,1.19999999999999995559e-01,
8.75000000000000000000e+01,4.00000000000000000000e+00,2.60000000000000000000e+01,2.98599999999999976552e-01,1.13500000000000003664e-01,1.19999999999999995559e-01,
8.75000000000000000000e+01,4.00000000000000000000e+00,2.80000000000000000000e+01,2.97899999999999998135e-01,1.06200000000000002731e-01,1.19999999999999995559e-01,
8.75000000000000000000e+01,4.00000000000000000000e+00,3.00000000000000000000e+01,2.96899999999999997247e-01,9.79000000000000009104e-02,1.19999999999999995559e-01,
8.75000000000000000000e+01,4.00000000000000000000e+00,3.20000000000000000000e+01,2.96200000000000018829e-01,9.05999999999999999778e-02,1.19999999999999995559e-01,
8.75000000000000000000e+01,4.00000000000000000000e+00,3.40000000000000000000e+01,2.94999999999999984457e-01,8.20000000000000034417e-02,1.19999999999999995559e-01,
8.75000000000000000000e+01,4.00000000000000000000e+00,3.60000000000000000000e+01,2.94999999999999984457e-01,7.49999999999999972244e-02,1.19999999999999995559e-01,
8.75000000000000000000e+01,4.00000000000000000000e+00,3.80000000000000000000e+01,2.93999999999999983569e-01,6.90000000000000057732e-02,1.19999999999999995559e-01,
8.75000000000000000000e+01,4.00000000000000000000e+00,4.00000000000000000000e+01,2.92999999999999982681e-01,6.19999999999999995559e-02,1.19999999999999995559e-01,
8.75000000000000000000e+01,5.00000000000000000000e+00,2.00000000000000000000e+00,3.10300000000000020250e-01,2.95899999999999996358e-01,1.97699999999999986855e-01,
8.75000000000000000000e+01,5.00000000000000000000e+00,4.00000000000000000000e+00,3.09999999999999997780e-01,2.75000000000000022204e-01,1.97699999999999986855e-01,
8.75000000000000000000e+01,5.00000000000000000000e+00,6.00000000000000000000e+00,3.09300000000000019362e-01,2.55500000000000004885e-01,1.97699999999999986855e-01,
8.75000000000000000000e+01,5.00000000000000000000e+00,8.00000000000000000000e+00,3.08699999999999974420e-01,2.37499999999999988898e-01,1.97699999999999986855e-01,
8.75000000000000000000e+01,5.00000000000000000000e+00,1.00000000000000000000e+01,3.07999999999999996003e-01,2.23000000000000003775e-01,1.97699999999999986855e-01,
8.75000000000000000000e+01,5.00000000000000000000e+00,1.20000000000000000000e+01,3.07099999999999984102e-01,2.07999999999999990452e-01,1.97699999999999986855e-01,
8.75000000000000000000e+01,5.00000000000000000000e+00,1.40000000000000000000e+01,3.06800000000000017142e-01,1.95099999999999995648e-01,1.97699999999999986855e-01,
8.75000000000000000000e+01,5.00000000000000000000e+00,1.60000000000000000000e+01,3.05999999999999994227e-01,1.82999999999999996003e-01,1.97699999999999986855e-01,
8.75000000000000000000e+01,5.00000000000000000000e+00,1.80000000000000000000e+01,3.05200000000000026823e-01,1.71100000000000002087e-01,1.97699999999999986855e-01,
8.75000000000000000000e+01,5.00000000000000000000e+00,2.00000000000000000000e+01,3.04200000000000025935e-01,1.60599999999999992761e-01,1.97699999999999986855e-01,
8.75000000000000000000e+01,5.00000000000000000000e+00,2.20000000000000000000e+01,3.03800000000000014477e-01,1.49999999999999994449e-01,1.97699999999999986855e-01,
8.75000000000000000000e+01,5.00000000000000000000e+00,2.40000000000000000000e+01,3.02999999999999991562e-01,1.42300000000000009814e-01,1.97699999999999986855e-01,
8.75000000000000000000e+01,5.00000000000000000000e+00,2.60000000000000000000e+01,3.02200000000000024158e-01,1.33099999999999996092e-01,1.97699999999999986855e-01,
8.75000000000000000000e+01,5.00000000000000000000e+00,2.80000000000000000000e+01,3.01800000000000012701e-01,1.25299999999999994715e-01,1.97699999999999986855e-01,
8.75000000000000000000e+01,5.00000000000000000000e+00,3.00000000000000000000e+01,3.00999999999999989786e-01,1.17000000000000006772e-01,1.97699999999999986855e-01,
8.75000000000000000000e+01,5.00000000000000000000e+00,3.20000000000000000000e+01,2.99999999999999988898e-01,1.07999999999999998779e-01,1.97699999999999986855e-01,
8.75000000000000000000e+01,5.00000000000000000000e+00,3.40000000000000000000e+01,2.99999999999999988898e-01,1.00000000000000005551e-01,1.97699999999999986855e-01,
8.75000000000000000000e+01,5.00000000000000000000e+00,3.60000000000000000000e+01,2.98999999999999988010e-01,9.29999999999999993339e-02,1.97699999999999986855e-01,
8.75000000000000000000e+01,5.00000000000000000000e+00,3.80000000000000000000e+01,2.97999999999999987121e-01,8.79999999999999948930e-02,1.97699999999999986855e-01,
8.75000000000000000000e+01,5.00000000000000000000e+00,4.00000000000000000000e+01,2.97999999999999987121e-01,8.10000000000000025535e-02,1.97699999999999986855e-01,
8.75000000000000000000e+01,6.00000000000000000000e+00,2.00000000000000000000e+00,3.10699999999999976197e-01,2.99300000000000010481e-01,3.00300000000000011369e-01,
8.75000000000000000000e+01,6.00000000000000000000e+00,4.00000000000000000000e+00,3.10699999999999976197e-01,2.83100000000000018296e-01,3.00300000000000011369e-01,
8.75000000000000000000e+01,6.00000000000000000000e+00,6.00000000000000000000e+00,3.10099999999999986766e-01,2.65000000000000013323e-01,3.00300000000000011369e-01,
8.75000000000000000000e+01,6.00000000000000000000e+00,8.00000000000000000000e+00,3.09900000000000008793e-01,2.50199999999999977973e-01,3.00300000000000011369e-01,
8.75000000000000000000e+01,6.00000000000000000000e+00,1.00000000000000000000e+01,3.09199999999999974865e-01,2.34999999999999986677e-01,3.00300000000000011369e-01,
8.75000000000000000000e+01,6.00000000000000000000e+00,1.20000000000000000000e+01,3.08999999999999996891e-01,2.22200000000000008615e-01,3.00300000000000011369e-01,
8.75000000000000000000e+01,6.00000000000000000000e+00,1.40000000000000000000e+01,3.08400000000000007461e-01,2.09499999999999991784e-01,3.00300000000000011369e-01,
8.75000000000000000000e+01,6.00000000000000000000e+00,1.60000000000000000000e+01,3.07999999999999996003e-01,1.97599999999999997868e-01,3.00300000000000011369e-01,
8.75000000000000000000e+01,6.00000000000000000000e+00,1.80000000000000000000e+01,3.07499999999999995559e-01,1.86999999999999999556e-01,3.00300000000000011369e-01,
8.75000000000000000000e+01,6.00000000000000000000e+00,2.00000000000000000000e+01,3.06900000000000006128e-01,1.74499999999999988454e-01,3.00300000000000011369e-01,
8.75000000000000000000e+01,6.00000000000000000000e+00,2.20000000000000000000e+01,3.06200000000000027711e-01,1.63800000000000001155e-01,3.00300000000000011369e-01,
8.75000000000000000000e+01,6.00000000000000000000e+00,2.40000000000000000000e+01,3.05800000000000016254e-01,1.54700000000000004174e-01,3.00300000000000011369e-01,
8.75000000000000000000e+01,6.00000000000000000000e+00,2.60000000000000000000e+01,3.04999999999999993339e-01,1.43999999999999989120e-01,3.00300000000000011369e-01,
8.75000000000000000000e+01,6.00000000000000000000e+00,2.80000000000000000000e+01,3.03999999999999992450e-01,1.36000000000000009770e-01,3.00300000000000011369e-01,
8.75000000000000000000e+01,6.00000000000000000000e+00,3.00000000000000000000e+01,3.02999999999999991562e-01,1.26000000000000000888e-01,3.00300000000000011369e-01,
8.75000000000000000000e+01,6.00000000000000000000e+00,3.20000000000000000000e+01,3.01999999999999990674e-01,1.17999999999999993783e-01,3.00300000000000011369e-01,
8.75000000000000000000e+01,6.00000000000000000000e+00,3.40000000000000000000e+01,3.00999999999999989786e-01,1.11000000000000001443e-01,3.00300000000000011369e-01,
8.75000000000000000000e+01,6.00000000000000000000e+00,3.60000000000000000000e+01,3.00999999999999989786e-01,1.04999999999999996114e-01,3.00300000000000011369e-01,
8.75000000000000000000e+01,7.00000000000000000000e+00,2.00000000000000000000e+00,3.10900000000000009681e-01,3.03700000000000025491e-01,4.30600000000000038280e-01,
8.75000000000000000000e+01,7.00000000000000000000e+00,4.00000000000000000000e+00,3.11099999999999987654e-01,2.87999999999999978240e-01,4.30600000000000038280e-01,
8.75000000000000000000e+01,7.00000000000000000000e+00,6.00000000000000000000e+00,3.11099999999999987654e-01,2.73000000000000020428e-01,4.30600000000000038280e-01,
8.75000000000000000000e+01,7.00000000000000000000e+00,8.00000000000000000000e+00,3.10900000000000009681e-01,2.58400000000000018563e-01,4.30600000000000038280e-01,
8.75000000000000000000e+01,7.00000000000000000000e+00,1.00000000000000000000e+01,3.10800000000000020695e-01,2.44200000000000000400e-01,4.30600000000000038280e-01,
8.75000000000000000000e+01,7.00000000000000000000e+00,1.20000000000000000000e+01,3.10400000000000009237e-01,2.32000000000000011768e-01,4.30600000000000038280e-01,
8.75000000000000000000e+01,7.00000000000000000000e+00,1.40000000000000000000e+01,3.10099999999999986766e-01,2.19200000000000005951e-01,4.30600000000000038280e-01,
8.75000000000000000000e+01,7.00000000000000000000e+00,1.60000000000000000000e+01,3.09900000000000008793e-01,2.07400000000000001021e-01,4.30600000000000038280e-01,
8.75000000000000000000e+01,7.00000000000000000000e+00,1.80000000000000000000e+01,3.09300000000000019362e-01,1.96200000000000013278e-01,4.30600000000000038280e-01,
8.75000000000000000000e+01,7.00000000000000000000e+00,2.00000000000000000000e+01,3.07999999999999996003e-01,1.84999999999999997780e-01,4.30600000000000038280e-01,
8.75000000000000000000e+01,7.00000000000000000000e+00,2.20000000000000000000e+01,3.07999999999999996003e-01,1.73999999999999988010e-01,4.30600000000000038280e-01,
8.75000000000000000000e+01,7.00000000000000000000e+00,2.40000000000000000000e+01,3.06999999999999995115e-01,1.64000000000000006883e-01,4.30600000000000038280e-01,
8.75000000000000000000e+01,7.00000000000000000000e+00,2.60000000000000000000e+01,3.05999999999999994227e-01,1.53999999999999998002e-01,4.30600000000000038280e-01,
8.75000000000000000000e+01,7.00000000000000000000e+00,2.80000000000000000000e+01,3.04999999999999993339e-01,1.44999999999999990008e-01,4.30600000000000038280e-01,
8.75000000000000000000e+01,7.00000000000000000000e+00,3.00000000000000000000e+01,3.03999999999999992450e-01,1.36000000000000009770e-01,4.30600000000000038280e-01,
8.75000000000000000000e+01,8.00000000000000000000e+00,2.00000000000000000000e+00,3.10699999999999976197e-01,3.06999999999999995115e-01,5.90999999999999969802e-01,
8.75000000000000000000e+01,8.00000000000000000000e+00,4.00000000000000000000e+00,3.11400000000000010125e-01,2.91499999999999981348e-01,5.90999999999999969802e-01,
8.75000000000000000000e+01,8.00000000000000000000e+00,6.00000000000000000000e+00,3.11400000000000010125e-01,2.78500000000000025313e-01,5.90999999999999969802e-01,
8.75000000000000000000e+01,8.00000000000000000000e+00,8.00000000000000000000e+00,3.11599999999999988098e-01,2.62600000000000000089e-01,5.90999999999999969802e-01,
8.75000000000000000000e+01,8.00000000000000000000e+00,1.00000000000000000000e+01,3.11599999999999988098e-01,2.49700000000000005285e-01,5.90999999999999969802e-01,
8.75000000000000000000e+01,8.00000000000000000000e+00,1.20000000000000000000e+01,3.11699999999999977085e-01,2.36999999999999988454e-01,5.90999999999999969802e-01,
8.75000000000000000000e+01,8.00000000000000000000e+00,1.40000000000000000000e+01,3.10999999999999998668e-01,2.24000000000000004663e-01,5.90999999999999969802e-01,
8.75000000000000000000e+01,8.00000000000000000000e+00,1.60000000000000000000e+01,3.10999999999999998668e-01,2.13999999999999995781e-01,5.90999999999999969802e-01,
8.75000000000000000000e+01,8.00000000000000000000e+00,1.80000000000000000000e+01,3.10999999999999998668e-01,2.03999999999999986899e-01,5.90999999999999969802e-01,
8.75000000000000000000e+01,8.00000000000000000000e+00,2.00000000000000000000e+01,3.10999999999999998668e-01,1.94000000000000005773e-01,5.90999999999999969802e-01,
8.75000000000000000000e+01,8.00000000000000000000e+00,2.20000000000000000000e+01,3.10999999999999998668e-01,1.83999999999999996891e-01,5.90999999999999969802e-01,
8.75000000000000000000e+01,8.00000000000000000000e+00,2.40000000000000000000e+01,3.10999999999999998668e-01,1.72999999999999987121e-01,5.90999999999999969802e-01,
8.75000000000000000000e+01,8.00000000000000000000e+00,2.60000000000000000000e+01,3.10999999999999998668e-01,1.62000000000000005107e-01,5.90999999999999969802e-01,
8.75000000000000000000e+01,9.00000000000000000000e+00,2.00000000000000000000e+00,3.10699999999999976197e-01,3.08099999999999984990e-01,7.86599999999999965894e-01,
8.75000000000000000000e+01,9.00000000000000000000e+00,4.00000000000000000000e+00,3.11699999999999977085e-01,2.92800000000000004707e-01,7.86599999999999965894e-01,
8.75000000000000000000e+01,9.00000000000000000000e+00,6.00000000000000000000e+00,3.11999999999999999556e-01,2.78799999999999992273e-01,7.86599999999999965894e-01,
8.75000000000000000000e+01,9.00000000000000000000e+00,8.00000000000000000000e+00,3.10999999999999998668e-01,2.62000000000000010658e-01,7.86599999999999965894e-01,
8.75000000000000000000e+01,9.00000000000000000000e+00,1.00000000000000000000e+01,3.09999999999999997780e-01,2.46999999999999997335e-01,7.86599999999999965894e-01,
8.75000000000000000000e+01,9.00000000000000000000e+00,1.20000000000000000000e+01,3.07999999999999996003e-01,2.33000000000000012657e-01,7.86599999999999965894e-01,
8.75000000000000000000e+01,9.00000000000000000000e+00,1.40000000000000000000e+01,3.05999999999999994227e-01,2.20000000000000001110e-01,7.86599999999999965894e-01,
8.75000000000000000000e+01,9.00000000000000000000e+00,1.60000000000000000000e+01,3.04999999999999993339e-01,2.07999999999999990452e-01,7.86599999999999965894e-01,
8.75000000000000000000e+01,1.00000000000000000000e+01,2.00000000000000000000e+00,3.09999999999999997780e-01,3.07999999999999996003e-01,1.02569999999999983409e+00,
8.75000000000000000000e+01,1.00000000000000000000e+01,4.00000000000000000000e+00,3.10999999999999998668e-01,2.93999999999999983569e-01,1.02569999999999983409e+00,
8.75000000000000000000e+01,1.00000000000000000000e+01,6.00000000000000000000e+00,3.10999999999999998668e-01,2.80000000000000026645e-01,1.02569999999999983409e+00,
8.75000000000000000000e+01,1.00000000000000000000e+01,8.00000000000000000000e+00,3.10999999999999998668e-01,2.66000000000000014211e-01,1.02569999999999983409e+00,
9.00000000000000000000e+01,2.00000000000000011102e-01,2.00000000000000000000e+00,2.99999999999999988898e-01,1.34000000000000007994e-01,2.36999999999999988454e-01,
9.00000000000000000000e+01,2.00000000000000011102e-01,4.00000000000000000000e+00,2.95999999999999985345e-01,9.70000000000000028866e-02,2.36999999999999988454e-01,
9.00000000000000000000e+01,2.00000000000000011102e-01,6.00000000000000000000e+00,2.92999999999999982681e-01,7.49999999999999972244e-02,2.36999999999999988454e-01,
9.00000000000000000000e+01,2.00000000000000011102e-01,8.00000000000000000000e+00,2.90999999999999980904e-01,5.99999999999999977796e-02,2.36999999999999988454e-01,
9.00000000000000000000e+01,2.00000000000000011102e-01,1.00000000000000000000e+01,2.89999999999999980016e-01,5.09999999999999967248e-02,2.36999999999999988454e-01,
9.00000000000000000000e+01,4.00000000000000022204e-01,2.00000000000000000000e+00,3.08999999999999996891e-01,1.89000000000000001332e-01,4.67000000000000026201e-01,
9.00000000000000000000e+01,4.00000000000000022204e-01,4.00000000000000000000e+00,3.03999999999999992450e-01,1.45999999999999990896e-01,4.67000000000000026201e-01,
9.00000000000000000000e+01,4.00000000000000022204e-01,6.00000000000000000000e+00,3.01999999999999990674e-01,1.18999999999999994671e-01,4.67000000000000026201e-01,
9.00000000000000000000e+01,4.00000000000000022204e-01,8.00000000000000000000e+00,2.97999999999999987121e-01,9.50000000000000011102e-02,4.67000000000000026201e-01,
9.00000000000000000000e+01,4.00000000000000022204e-01,1.00000000000000000000e+01,2.95999999999999985345e-01,7.29999999999999954481e-02,4.67000000000000026201e-01,
9.00000000000000000000e+01,4.00000000000000022204e-01,1.20000000000000000000e+01,2.93999999999999983569e-01,6.09999999999999986677e-02,4.67000000000000026201e-01,
9.00000000000000000000e+01,4.00000000000000022204e-01,1.40000000000000000000e+01,2.92999999999999982681e-01,5.19999999999999976130e-02,4.67000000000000026201e-01,
9.00000000000000000000e+01,4.00000000000000022204e-01,1.60000000000000000000e+01,2.90999999999999980904e-01,4.29999999999999965583e-02,4.67000000000000026201e-01,
9.00000000000000000000e+01,5.99999999999999977796e-01,2.00000000000000000000e+00,3.10999999999999998668e-01,2.13999999999999995781e-01,6.98999999999999954703e-01,
9.00000000000000000000e+01,5.99999999999999977796e-01,4.00000000000000000000e+00,3.07999999999999996003e-01,1.73999999999999988010e-01,6.98999999999999954703e-01,
9.00000000000000000000e+01,5.99999999999999977796e-01,6.00000000000000000000e+00,3.05999999999999994227e-01,1.44999999999999990008e-01,6.98999999999999954703e-01,
9.00000000000000000000e+01,5.99999999999999977796e-01,8.00000000000000000000e+00,3.03999999999999992450e-01,1.18999999999999994671e-01,6.98999999999999954703e-01,
9.00000000000000000000e+01,5.99999999999999977796e-01,1.00000000000000000000e+01,3.01999999999999990674e-01,1.01000000000000006439e-01,6.98999999999999954703e-01,
9.00000000000000000000e+01,5.99999999999999977796e-01,1.20000000000000000000e+01,3.00999999999999989786e-01,8.69999999999999940048e-02,6.98999999999999954703e-01,
9.00000000000000000000e+01,5.99999999999999977796e-01,1.40000000000000000000e+01,2.98999999999999988010e-01,6.90000000000000057732e-02,6.98999999999999954703e-01,
9.00000000000000000000e+01,5.99999999999999977796e-01,1.60000000000000000000e+01,2.97999999999999987121e-01,5.99999999999999977796e-02,6.98999999999999954703e-01,
9.00000000000000000000e+01,5.99999999999999977796e-01,1.80000000000000000000e+01,2.96999999999999986233e-01,5.09999999999999967248e-02,6.98999999999999954703e-01,
9.00000000000000000000e+01,8.00000000000000044409e-01,2.00000000000000000000e+00,3.11999999999999999556e-01,2.32000000000000011768e-01,9.42999999999999949374e-01,
9.00000000000000000000e+01,8.00000000000000044409e-01,4.00000000000000000000e+00,3.09999999999999997780e-01,1.89000000000000001332e-01,9.42999999999999949374e-01,
9.00000000000000000000e+01,8.00000000000000044409e-01,6.00000000000000000000e+00,3.08999999999999996891e-01,1.62000000000000005107e-01,9.42999999999999949374e-01,
9.00000000000000000000e+01,8.00000000000000044409e-01,8.00000000000000000000e+00,3.07999999999999996003e-01,1.37000000000000010658e-01,9.42999999999999949374e-01,
9.00000000000000000000e+01,8.00000000000000044409e-01,1.00000000000000000000e+01,3.06999999999999995115e-01,1.22999999999999998224e-01,9.42999999999999949374e-01,
9.00000000000000000000e+01,8.00000000000000044409e-01,1.20000000000000000000e+01,3.05999999999999994227e-01,1.05999999999999997002e-01,9.42999999999999949374e-01,
9.00000000000000000000e+01,8.00000000000000044409e-01,1.40000000000000000000e+01,3.03999999999999992450e-01,8.89999999999999957812e-02,9.42999999999999949374e-01,
9.00000000000000000000e+01,8.00000000000000044409e-01,1.60000000000000000000e+01,3.02999999999999991562e-01,7.79999999999999998890e-02,9.42999999999999949374e-01,
9.00000000000000000000e+01,8.00000000000000044409e-01,1.80000000000000000000e+01,3.01999999999999990674e-01,7.09999999999999936717e-02,9.42999999999999949374e-01,
9.00000000000000000000e+01,8.00000000000000044409e-01,2.00000000000000000000e+01,3.01999999999999990674e-01,6.50000000000000022204e-02,9.42999999999999949374e-01,
9.00000000000000000000e+01,8.00000000000000044409e-01,2.20000000000000000000e+01,3.01999999999999990674e-01,5.89999999999999968914e-02,9.42999999999999949374e-01,
9.00000000000000000000e+01,8.00000000000000044409e-01,2.40000000000000000000e+01,3.01999999999999990674e-01,5.29999999999999985012e-02,9.42999999999999949374e-01,
9.00000000000000000000e+01,1.00000000000000000000e+00,2.00000000000000000000e+00,3.13199999999999978417e-01,2.40400000000000002576e-01,1.20999999999999996447e+00,
9.00000000000000000000e+01,1.00000000000000000000e+00,4.00000000000000000000e+00,3.13199999999999978417e-01,2.03199999999999991740e-01,1.20999999999999996447e+00,
9.00000000000000000000e+01,1.00000000000000000000e+00,6.00000000000000000000e+00,3.12599999999999988987e-01,1.73699999999999993294e-01,1.20999999999999996447e+00,
9.00000000000000000000e+01,1.00000000000000000000e+00,8.00000000000000000000e+00,3.11400000000000010125e-01,1.48100000000000009415e-01,1.20999999999999996447e+00,
9.00000000000000000000e+01,1.00000000000000000000e+00,1.00000000000000000000e+01,3.10199999999999975753e-01,1.28200000000000008393e-01,1.20999999999999996447e+00,
9.00000000000000000000e+01,1.00000000000000000000e+00,1.20000000000000000000e+01,3.09400000000000008349e-01,1.11000000000000001443e-01,1.20999999999999996447e+00,
9.00000000000000000000e+01,1.00000000000000000000e+00,1.40000000000000000000e+01,3.08400000000000007461e-01,9.52000000000000068390e-02,1.20999999999999996447e+00,
9.00000000000000000000e+01,1.00000000000000000000e+00,1.60000000000000000000e+01,3.07800000000000018030e-01,8.39000000000000023537e-02,1.20999999999999996447e+00,
9.00000000000000000000e+01,1.00000000000000000000e+00,1.80000000000000000000e+01,3.06900000000000006128e-01,7.48000000000000053735e-02,1.20999999999999996447e+00,
9.00000000000000000000e+01,1.00000000000000000000e+00,2.00000000000000000000e+01,3.06999999999999995115e-01,6.60000000000000031086e-02,1.20999999999999996447e+00,
9.00000000000000000000e+01,1.00000000000000000000e+00,2.20000000000000000000e+01,3.05999999999999994227e-01,5.80000000000000029421e-02,1.20999999999999996447e+00,
9.00000000000000000000e+01,1.00000000000000000000e+00,2.40000000000000000000e+01,3.04999999999999993339e-01,5.09999999999999967248e-02,1.20999999999999996447e+00,
9.00000000000000000000e+01,2.00000000000000000000e+00,2.00000000000000000000e+00,3.16099999999999992095e-01,2.69100000000000005862e-01,3.12599999999999961231e-02,
9.00000000000000000000e+01,2.00000000000000000000e+00,4.00000000000000000000e+00,3.18900000000000016787e-01,2.38999999999999990230e-01,3.12599999999999961231e-02,
9.00000000000000000000e+01,2.00000000000000000000e+00,6.00000000000000000000e+00,3.20699999999999985079e-01,2.13200000000000000622e-01,3.12599999999999961231e-02,
9.00000000000000000000e+01,2.00000000000000000000e+00,8.00000000000000000000e+00,3.21900000000000019451e-01,1.86200000000000004396e-01,3.12599999999999961231e-02,
9.00000000000000000000e+01,2.00000000000000000000e+00,1.00000000000000000000e+01,3.23000000000000009326e-01,1.65899999999999991918e-01,3.12599999999999961231e-02,
9.00000000000000000000e+01,2.00000000000000000000e+00,1.20000000000000000000e+01,3.23299999999999976286e-01,1.47699999999999997957e-01,3.12599999999999961231e-02,
9.00000000000000000000e+01,2.00000000000000000000e+00,1.40000000000000000000e+01,3.23500000000000009770e-01,1.31700000000000011502e-01,3.12599999999999961231e-02,
9.00000000000000000000e+01,2.00000000000000000000e+00,1.60000000000000000000e+01,3.23500000000000009770e-01,1.18099999999999996647e-01,3.12599999999999961231e-02,
9.00000000000000000000e+01,2.00000000000000000000e+00,1.80000000000000000000e+01,3.23299999999999976286e-01,1.06300000000000005596e-01,3.12599999999999961231e-02,
9.00000000000000000000e+01,2.00000000000000000000e+00,2.00000000000000000000e+01,3.23099999999999998312e-01,9.61999999999999938494e-02,3.12599999999999961231e-02,
9.00000000000000000000e+01,2.00000000000000000000e+00,2.20000000000000000000e+01,3.23000000000000009326e-01,8.60999999999999959810e-02,3.12599999999999961231e-02,
9.00000000000000000000e+01,2.00000000000000000000e+00,2.40000000000000000000e+01,3.22000000000000008438e-01,7.59999999999999981126e-02,3.12599999999999961231e-02,
9.00000000000000000000e+01,2.00000000000000000000e+00,2.60000000000000000000e+01,3.22000000000000008438e-01,6.80000000000000048850e-02,3.12599999999999961231e-02,
9.00000000000000000000e+01,2.00000000000000000000e+00,2.80000000000000000000e+01,3.22000000000000008438e-01,5.80000000000000029421e-02,3.12599999999999961231e-02,
9.00000000000000000000e+01,3.00000000000000000000e+00,2.00000000000000000000e+00,3.17000000000000003997e-01,2.79000000000000025757e-01,6.55000000000000026645e-02,
9.00000000000000000000e+01,3.00000000000000000000e+00,4.00000000000000000000e+00,3.21400000000000019007e-01,2.51699999999999979305e-01,6.55000000000000026645e-02,
9.00000000000000000000e+01,3.00000000000000000000e+00,6.00000000000000000000e+00,3.24299999999999977174e-01,2.29300000000000003819e-01,6.55000000000000026645e-02,
9.00000000000000000000e+01,3.00000000000000000000e+00,8.00000000000000000000e+00,3.26900000000000023892e-01,2.07499999999999990008e-01,6.55000000000000026645e-02,
9.00000000000000000000e+01,3.00000000000000000000e+00,1.00000000000000000000e+01,3.28600000000000003197e-01,1.88900000000000012346e-01,6.55000000000000026645e-02,
9.00000000000000000000e+01,3.00000000000000000000e+00,1.20000000000000000000e+01,3.30100000000000004530e-01,1.71500000000000013545e-01,6.55000000000000026645e-02,
9.00000000000000000000e+01,3.00000000000000000000e+00,1.40000000000000000000e+01,3.30900000000000027445e-01,1.57200000000000006395e-01,6.55000000000000026645e-02,
9.00000000000000000000e+01,3.00000000000000000000e+00,1.60000000000000000000e+01,3.32000000000000017319e-01,1.45600000000000007194e-01,6.55000000000000026645e-02,
9.00000000000000000000e+01,3.00000000000000000000e+00,1.80000000000000000000e+01,3.32899999999999973710e-01,1.33200000000000012834e-01,6.55000000000000026645e-02,
9.00000000000000000000e+01,3.00000000000000000000e+00,2.00000000000000000000e+01,3.33199999999999996181e-01,1.23999999999999999112e-01,6.55000000000000026645e-02,
9.00000000000000000000e+01,3.00000000000000000000e+00,2.20000000000000000000e+01,3.34000000000000019096e-01,1.14599999999999993539e-01,6.55000000000000026645e-02,
9.00000000000000000000e+01,3.00000000000000000000e+00,2.40000000000000000000e+01,3.34100000000000008082e-01,1.05499999999999996558e-01,6.55000000000000026645e-02,
9.00000000000000000000e+01,3.00000000000000000000e+00,2.60000000000000000000e+01,3.34299999999999986056e-01,9.77999999999999980460e-02,6.55000000000000026645e-02,
9.00000000000000000000e+01,3.00000000000000000000e+00,2.80000000000000000000e+01,3.35000000000000019984e-01,8.79999999999999948930e-02,6.55000000000000026645e-02,
9.00000000000000000000e+01,3.00000000000000000000e+00,3.00000000000000000000e+01,3.35000000000000019984e-01,8.10000000000000025535e-02,6.55000000000000026645e-02,
9.00000000000000000000e+01,3.00000000000000000000e+00,3.20000000000000000000e+01,3.35000000000000019984e-01,7.19999999999999945599e-02,6.55000000000000026645e-02,
9.00000000000000000000e+01,3.00000000000000000000e+00,3.40000000000000000000e+01,3.35000000000000019984e-01,6.30000000000000004441e-02,6.55000000000000026645e-02,
9.00000000000000000000e+01,4.00000000000000000000e+00,2.00000000000000000000e+00,3.16199999999999981082e-01,2.90200000000000013500e-01,1.19999999999999995559e-01,
9.00000000000000000000e+01,4.00000000000000000000e+00,4.00000000000000000000e+00,3.21000000000000007550e-01,2.68600000000000005418e-01,1.19999999999999995559e-01,
9.00000000000000000000e+01,4.00000000000000000000e+00,6.00000000000000000000e+00,3.24799999999999977618e-01,2.49299999999999993827e-01,1.19999999999999995559e-01,
9.00000000000000000000e+01,4.00000000000000000000e+00,8.00000000000000000000e+00,3.28000000000000013767e-01,2.31800000000000006040e-01,1.19999999999999995559e-01,
9.00000000000000000000e+01,4.00000000000000000000e+00,1.00000000000000000000e+01,3.30600000000000004974e-01,2.16200000000000003286e-01,1.19999999999999995559e-01,
9.00000000000000000000e+01,4.00000000000000000000e+00,1.20000000000000000000e+01,3.33100000000000007194e-01,2.01399999999999995692e-01,1.19999999999999995559e-01,
9.00000000000000000000e+01,4.00000000000000000000e+00,1.40000000000000000000e+01,3.35100000000000008971e-01,1.87500000000000000000e-01,1.19999999999999995559e-01,
9.00000000000000000000e+01,4.00000000000000000000e+00,1.60000000000000000000e+01,3.37000000000000021760e-01,1.75600000000000006084e-01,1.19999999999999995559e-01,
9.00000000000000000000e+01,4.00000000000000000000e+00,1.80000000000000000000e+01,3.38600000000000012079e-01,1.62599999999999994538e-01,1.19999999999999995559e-01,
9.00000000000000000000e+01,4.00000000000000000000e+00,2.00000000000000000000e+01,3.40000000000000024425e-01,1.49999999999999994449e-01,1.19999999999999995559e-01,
9.00000000000000000000e+01,4.00000000000000000000e+00,2.20000000000000000000e+01,3.41100000000000014300e-01,1.42399999999999998801e-01,1.19999999999999995559e-01,
9.00000000000000000000e+01,4.00000000000000000000e+00,2.40000000000000000000e+01,3.42100000000000015188e-01,1.33700000000000013278e-01,1.19999999999999995559e-01,
9.00000000000000000000e+01,4.00000000000000000000e+00,2.60000000000000000000e+01,3.42799999999999993605e-01,1.24799999999999994271e-01,1.19999999999999995559e-01,
9.00000000000000000000e+01,4.00000000000000000000e+00,2.80000000000000000000e+01,3.43200000000000005063e-01,1.17199999999999998623e-01,1.19999999999999995559e-01,
9.00000000000000000000e+01,4.00000000000000000000e+00,3.00000000000000000000e+01,3.43999999999999972466e-01,1.07999999999999998779e-01,1.19999999999999995559e-01,
9.00000000000000000000e+01,4.00000000000000000000e+00,3.20000000000000000000e+01,3.44999999999999973355e-01,1.00000000000000005551e-01,1.19999999999999995559e-01,
9.00000000000000000000e+01,4.00000000000000000000e+00,3.40000000000000000000e+01,3.45999999999999974243e-01,9.29999999999999993339e-02,1.19999999999999995559e-01,
9.00000000000000000000e+01,4.00000000000000000000e+00,3.60000000000000000000e+01,3.45999999999999974243e-01,8.50000000000000061062e-02,1.19999999999999995559e-01,
9.00000000000000000000e+01,4.00000000000000000000e+00,3.80000000000000000000e+01,3.46999999999999975131e-01,7.79999999999999998890e-02,1.19999999999999995559e-01,
9.00000000000000000000e+01,5.00000000000000000000e+00,2.00000000000000000000e+00,3.14800000000000024247e-01,2.98599999999999976552e-01,1.97699999999999986855e-01,
9.00000000000000000000e+01,5.00000000000000000000e+00,4.00000000000000000000e+00,3.19799999999999973177e-01,2.80700000000000005063e-01,1.97699999999999986855e-01,
9.00000000000000000000e+01,5.00000000000000000000e+00,6.00000000000000000000e+00,3.24299999999999977174e-01,2.63000000000000011546e-01,1.97699999999999986855e-01,
9.00000000000000000000e+01,5.00000000000000000000e+00,8.00000000000000000000e+00,3.28000000000000013767e-01,2.46400000000000007905e-01,1.97699999999999986855e-01,
9.00000000000000000000e+01,5.00000000000000000000e+00,1.00000000000000000000e+01,3.30799999999999982947e-01,2.32800000000000006928e-01,1.97699999999999986855e-01,
9.00000000000000000000e+01,5.00000000000000000000e+00,1.20000000000000000000e+01,3.33500000000000018652e-01,2.18700000000000005507e-01,1.97699999999999986855e-01,
9.00000000000000000000e+01,5.00000000000000000000e+00,1.40000000000000000000e+01,3.36000000000000020872e-01,2.06600000000000005862e-01,1.97699999999999986855e-01,
9.00000000000000000000e+01,5.00000000000000000000e+00,1.60000000000000000000e+01,3.38200000000000000622e-01,1.95099999999999995648e-01,1.97699999999999986855e-01,
9.00000000000000000000e+01,5.00000000000000000000e+00,1.80000000000000000000e+01,3.40100000000000013411e-01,1.83999999999999996891e-01,1.97699999999999986855e-01,
9.00000000000000000000e+01,5.00000000000000000000e+00,2.00000000000000000000e+01,3.42200000000000004174e-01,1.73499999999999987566e-01,1.97699999999999986855e-01,
9.00000000000000000000e+01,5.00000000000000000000e+00,2.20000000000000000000e+01,3.43700000000000005507e-01,1.64399999999999990585e-01,1.97699999999999986855e-01,
9.00000000000000000000e+01,5.00000000000000000000e+00,2.40000000000000000000e+01,3.44999999999999973355e-01,1.55499999999999999334e-01,1.97699999999999986855e-01,
9.00000000000000000000e+01,5.00000000000000000000e+00,2.60000000000000000000e+01,3.46799999999999997158e-01,1.45999999999999990896e-01,1.97699999999999986855e-01,
9.00000000000000000000e+01,5.00000000000000000000e+00,2.80000000000000000000e+01,3.47799999999999998046e-01,1.38800000000000006706e-01,1.97699999999999986855e-01,
9.00000000000000000000e+01,5.00000000000000000000e+00,3.00000000000000000000e+01,3.48999999999999976907e-01,1.30799999999999999600e-01,1.97699999999999986855e-01,
9.00000000000000000000e+01,5.00000000000000000000e+00,3.20000000000000000000e+01,3.49999999999999977796e-01,1.23999999999999999112e-01,1.97699999999999986855e-01,
9.00000000000000000000e+01,5.00000000000000000000e+00,3.40000000000000000000e+01,3.50999999999999978684e-01,1.15000000000000004996e-01,1.97699999999999986855e-01,
9.00000000000000000000e+01,5.00000000000000000000e+00,3.60000000000000000000e+01,3.51999999999999979572e-01,1.06999999999999997891e-01,1.97699999999999986855e-01,
9.00000000000000000000e+01,5.00000000000000000000e+00,3.80000000000000000000e+01,3.52999999999999980460e-01,1.01999999999999993450e-01,1.97699999999999986855e-01,
9.00000000000000000000e+01,5.00000000000000000000e+00,4.00000000000000000000e+01,3.53999999999999981348e-01,9.60000000000000019984e-02,1.97699999999999986855e-01,
9.00000000000000000000e+01,6.00000000000000000000e+00,2.00000000000000000000e+00,3.14599999999999990763e-01,3.01800000000000012701e-01,3.00300000000000011369e-01,
9.00000000000000000000e+01,6.00000000000000000000e+00,4.00000000000000000000e+00,3.18099999999999993872e-01,2.87100000000000021849e-01,3.00300000000000011369e-01,
9.00000000000000000000e+01,6.00000000000000000000e+00,6.00000000000000000000e+00,3.22599999999999997868e-01,2.71600000000000008082e-01,3.00300000000000011369e-01,
9.00000000000000000000e+01,6.00000000000000000000e+00,8.00000000000000000000e+00,3.25900000000000023004e-01,2.58400000000000018563e-01,3.00300000000000011369e-01,
9.00000000000000000000e+01,6.00000000000000000000e+00,1.00000000000000000000e+01,3.29299999999999981615e-01,2.44999999999999995559e-01,3.00300000000000011369e-01,
9.00000000000000000000e+01,6.00000000000000000000e+00,1.20000000000000000000e+01,3.32100000000000006306e-01,2.32899999999999995914e-01,3.00300000000000011369e-01,
9.00000000000000000000e+01,6.00000000000000000000e+00,1.40000000000000000000e+01,3.34899999999999975486e-01,2.20299999999999995826e-01,3.00300000000000011369e-01,
9.00000000000000000000e+01,6.00000000000000000000e+00,1.60000000000000000000e+01,3.37000000000000021760e-01,2.09499999999999991784e-01,3.00300000000000011369e-01,
9.00000000000000000000e+01,6.00000000000000000000e+00,1.80000000000000000000e+01,3.38799999999999990052e-01,1.99500000000000010658e-01,3.00300000000000011369e-01,
9.00000000000000000000e+01,6.00000000000000000000e+00,2.00000000000000000000e+01,3.40899999999999980815e-01,1.88200000000000006173e-01,3.00300000000000011369e-01,
9.00000000000000000000e+01,6.00000000000000000000e+00,2.20000000000000000000e+01,3.42600000000000015632e-01,1.78499999999999992006e-01,3.00300000000000011369e-01,
9.00000000000000000000e+01,6.00000000000000000000e+00,2.40000000000000000000e+01,3.44100000000000016964e-01,1.69800000000000006484e-01,3.00300000000000011369e-01,
9.00000000000000000000e+01,6.00000000000000000000e+00,2.60000000000000000000e+01,3.45700000000000007283e-01,1.60399999999999987033e-01,3.00300000000000011369e-01,
9.00000000000000000000e+01,6.00000000000000000000e+00,2.80000000000000000000e+01,3.46999999999999975131e-01,1.50999999999999995337e-01,3.00300000000000011369e-01,
9.00000000000000000000e+01,6.00000000000000000000e+00,3.00000000000000000000e+01,3.48999999999999976907e-01,1.43999999999999989120e-01,3.00300000000000011369e-01,
9.00000000000000000000e+01,6.00000000000000000000e+00,3.20000000000000000000e+01,3.49999999999999977796e-01,1.36000000000000009770e-01,3.00300000000000011369e-01,
9.00000000000000000000e+01,6.00000000000000000000e+00,3.40000000000000000000e+01,3.50999999999999978684e-01,1.29000000000000003553e-01,3.00300000000000011369e-01,
9.00000000000000000000e+01,6.00000000000000000000e+00,3.60000000000000000000e+01,3.51999999999999979572e-01,1.22999999999999998224e-01,3.00300000000000011369e-01,
9.00000000000000000000e+01,7.00000000000000000000e+00,2.00000000000000000000e+00,3.13800000000000023359e-01,3.05400000000000004796e-01,4.30600000000000038280e-01,
9.00000000000000000000e+01,7.00000000000000000000e+00,4.00000000000000000000e+00,3.18099999999999993872e-01,2.91999999999999981792e-01,4.30600000000000038280e-01,
9.00000000000000000000e+01,7.00000000000000000000e+00,6.00000000000000000000e+00,3.22099999999999997424e-01,2.78600000000000014300e-01,4.30600000000000038280e-01,
9.00000000000000000000e+01,7.00000000000000000000e+00,8.00000000000000000000e+00,3.25600000000000000533e-01,2.65400000000000024780e-01,4.30600000000000038280e-01,
9.00000000000000000000e+01,7.00000000000000000000e+00,1.00000000000000000000e+01,3.28799999999999981171e-01,2.53099999999999991651e-01,4.30600000000000038280e-01,
9.00000000000000000000e+01,7.00000000000000000000e+00,1.20000000000000000000e+01,3.31399999999999972378e-01,2.42299999999999987610e-01,4.30600000000000038280e-01,
9.00000000000000000000e+01,7.00000000000000000000e+00,1.40000000000000000000e+01,3.34100000000000008082e-01,2.30800000000000005151e-01,4.30600000000000038280e-01,
9.00000000000000000000e+01,7.00000000000000000000e+00,1.60000000000000000000e+01,3.36799999999999988276e-01,2.19200000000000005951e-01,4.30600000000000038280e-01,
9.00000000000000000000e+01,7.00000000000000000000e+00,1.80000000000000000000e+01,3.39100000000000012523e-01,2.08800000000000013367e-01,4.30600000000000038280e-01,
9.00000000000000000000e+01,7.00000000000000000000e+00,2.00000000000000000000e+01,3.41000000000000025313e-01,1.98800000000000004485e-01,4.30600000000000038280e-01,
9.00000000000000000000e+01,7.00000000000000000000e+00,2.20000000000000000000e+01,3.43000000000000027089e-01,1.88299999999999995159e-01,4.30600000000000038280e-01,
9.00000000000000000000e+01,7.00000000000000000000e+00,2.40000000000000000000e+01,3.43999999999999972466e-01,1.78999999999999992450e-01,4.30600000000000038280e-01,
9.00000000000000000000e+01,7.00000000000000000000e+00,2.60000000000000000000e+01,3.43999999999999972466e-01,1.70000000000000012212e-01,4.30600000000000038280e-01,
9.00000000000000000000e+01,7.00000000000000000000e+00,2.80000000000000000000e+01,3.44999999999999973355e-01,1.62000000000000005107e-01,4.30600000000000038280e-01,
9.00000000000000000000e+01,7.00000000000000000000e+00,3.00000000000000000000e+01,3.45999999999999974243e-01,1.53999999999999998002e-01,4.30600000000000038280e-01,
9.00000000000000000000e+01,8.00000000000000000000e+00,2.00000000000000000000e+00,3.13099999999999989431e-01,3.08400000000000007461e-01,5.90999999999999969802e-01,
9.00000000000000000000e+01,8.00000000000000000000e+00,4.00000000000000000000e+00,3.17500000000000004441e-01,2.95499999999999984901e-01,5.90999999999999969802e-01,
9.00000000000000000000e+01,8.00000000000000000000e+00,6.00000000000000000000e+00,3.21299999999999974509e-01,2.82899999999999984812e-01,5.90999999999999969802e-01,
9.00000000000000000000e+01,8.00000000000000000000e+00,8.00000000000000000000e+00,3.25000000000000011102e-01,2.70000000000000017764e-01,5.90999999999999969802e-01,
9.00000000000000000000e+01,8.00000000000000000000e+00,1.00000000000000000000e+01,3.28199999999999991740e-01,2.58199999999999985079e-01,5.90999999999999969802e-01,
9.00000000000000000000e+01,8.00000000000000000000e+00,1.20000000000000000000e+01,3.31199999999999994404e-01,2.46999999999999997335e-01,5.90999999999999969802e-01,
9.00000000000000000000e+01,8.00000000000000000000e+00,1.40000000000000000000e+01,3.34199999999999997069e-01,2.34899999999999997691e-01,5.90999999999999969802e-01,
9.00000000000000000000e+01,8.00000000000000000000e+00,1.60000000000000000000e+01,3.37000000000000021760e-01,2.25000000000000005551e-01,5.90999999999999969802e-01,
9.00000000000000000000e+01,8.00000000000000000000e+00,1.80000000000000000000e+01,3.39000000000000023537e-01,2.16999999999999998446e-01,5.90999999999999969802e-01,
9.00000000000000000000e+01,8.00000000000000000000e+00,2.00000000000000000000e+01,3.41000000000000025313e-01,2.06999999999999989564e-01,5.90999999999999969802e-01,
9.00000000000000000000e+01,8.00000000000000000000e+00,2.20000000000000000000e+01,3.43999999999999972466e-01,1.96000000000000007550e-01,5.90999999999999969802e-01,
9.00000000000000000000e+01,8.00000000000000000000e+00,2.40000000000000000000e+01,3.45999999999999974243e-01,1.85999999999999998668e-01,5.90999999999999969802e-01,
9.00000000000000000000e+01,8.00000000000000000000e+00,2.60000000000000000000e+01,3.47999999999999976019e-01,1.75999999999999989786e-01,5.90999999999999969802e-01,
9.00000000000000000000e+01,9.00000000000000000000e+00,2.00000000000000000000e+00,3.12800000000000022471e-01,3.09400000000000008349e-01,7.86599999999999965894e-01,
9.00000000000000000000e+01,9.00000000000000000000e+00,4.00000000000000000000e+00,3.17599999999999993427e-01,2.96599999999999974776e-01,7.86599999999999965894e-01,
9.00000000000000000000e+01,9.00000000000000000000e+00,6.00000000000000000000e+00,3.21799999999999974953e-01,2.84499999999999975131e-01,7.86599999999999965894e-01,
9.00000000000000000000e+01,9.00000000000000000000e+00,8.00000000000000000000e+00,3.26000000000000011990e-01,2.70000000000000017764e-01,7.86599999999999965894e-01,
9.00000000000000000000e+01,9.00000000000000000000e+00,1.00000000000000000000e+01,3.30000000000000015543e-01,2.57000000000000006217e-01,7.86599999999999965894e-01,
9.00000000000000000000e+01,9.00000000000000000000e+00,1.20000000000000000000e+01,3.34000000000000019096e-01,2.45999999999999996447e-01,7.86599999999999965894e-01,
9.00000000000000000000e+01,9.00000000000000000000e+00,1.40000000000000000000e+01,3.36000000000000020872e-01,2.34999999999999986677e-01,7.86599999999999965894e-01,
9.00000000000000000000e+01,9.00000000000000000000e+00,1.60000000000000000000e+01,3.39000000000000023537e-01,2.24000000000000004663e-01,7.86599999999999965894e-01,
9.00000000000000000000e+01,1.00000000000000000000e+01,2.00000000000000000000e+00,3.13000000000000000444e-01,3.08999999999999996891e-01,1.02569999999999983409e+00,
9.00000000000000000000e+01,1.00000000000000000000e+01,4.00000000000000000000e+00,3.17000000000000003997e-01,2.96999999999999986233e-01,1.02569999999999983409e+00,
9.00000000000000000000e+01,1.00000000000000000000e+01,6.00000000000000000000e+00,3.21000000000000007550e-01,2.83999999999999974687e-01,1.02569999999999983409e+00,
9.00000000000000000000e+01,1.00000000000000000000e+01,8.00000000000000000000e+00,3.26000000000000011990e-01,2.73000000000000020428e-01,1.02569999999999983409e+00,
9.00000000000000000000e+01,1.00000000000000000000e+01,1.00000000000000000000e+01,3.28000000000000013767e-01,2.64000000000000012434e-01,1.02569999999999983409e+00,
9.25000000000000000000e+01,2.00000000000000011102e-01,2.00000000000000000000e+00,3.15000000000000002220e-01,1.37000000000000010658e-01,2.36999999999999988454e-01,
9.25000000000000000000e+01,2.00000000000000011102e-01,4.00000000000000000000e+00,3.13000000000000000444e-01,1.00000000000000005551e-01,2.36999999999999988454e-01,
9.25000000000000000000e+01,2.00000000000000011102e-01,6.00000000000000000000e+00,3.11999999999999999556e-01,7.79999999999999998890e-02,2.36999999999999988454e-01,
9.25000000000000000000e+01,2.00000000000000011102e-01,8.00000000000000000000e+00,3.09999999999999997780e-01,6.40000000000000013323e-02,2.36999999999999988454e-01,
9.25000000000000000000e+01,2.00000000000000011102e-01,1.00000000000000000000e+01,3.09999999999999997780e-01,5.29999999999999985012e-02,2.36999999999999988454e-01,
9.25000000000000000000e+01,4.00000000000000022204e-01,2.00000000000000000000e+00,3.20000000000000006661e-01,1.93000000000000004885e-01,4.67000000000000026201e-01,
9.25000000000000000000e+01,4.00000000000000022204e-01,4.00000000000000000000e+00,3.20000000000000006661e-01,1.50999999999999995337e-01,4.67000000000000026201e-01,
9.25000000000000000000e+01,4.00000000000000022204e-01,6.00000000000000000000e+00,3.20000000000000006661e-01,1.22999999999999998224e-01,4.67000000000000026201e-01,
9.25000000000000000000e+01,4.00000000000000022204e-01,8.00000000000000000000e+00,3.20000000000000006661e-01,1.00000000000000005551e-01,4.67000000000000026201e-01,
9.25000000000000000000e+01,4.00000000000000022204e-01,1.00000000000000000000e+01,3.20000000000000006661e-01,7.79999999999999998890e-02,4.67000000000000026201e-01,
9.25000000000000000000e+01,4.00000000000000022204e-01,1.20000000000000000000e+01,3.20000000000000006661e-01,6.50000000000000022204e-02,4.67000000000000026201e-01,
9.25000000000000000000e+01,4.00000000000000022204e-01,1.40000000000000000000e+01,3.20000000000000006661e-01,5.39999999999999993894e-02,4.67000000000000026201e-01,
9.25000000000000000000e+01,5.99999999999999977796e-01,2.00000000000000000000e+00,3.22000000000000008438e-01,2.17999999999999999334e-01,6.98999999999999954703e-01,
9.25000000000000000000e+01,5.99999999999999977796e-01,4.00000000000000000000e+00,3.24000000000000010214e-01,1.78999999999999992450e-01,6.98999999999999954703e-01,
9.25000000000000000000e+01,5.99999999999999977796e-01,6.00000000000000000000e+00,3.25000000000000011102e-01,1.50999999999999995337e-01,6.98999999999999954703e-01,
9.25000000000000000000e+01,5.99999999999999977796e-01,8.00000000000000000000e+00,3.26000000000000011990e-01,1.25000000000000000000e-01,6.98999999999999954703e-01,
9.25000000000000000000e+01,5.99999999999999977796e-01,1.00000000000000000000e+01,3.26000000000000011990e-01,1.05999999999999997002e-01,6.98999999999999954703e-01,
9.25000000000000000000e+01,5.99999999999999977796e-01,1.20000000000000000000e+01,3.26000000000000011990e-01,9.19999999999999984457e-02,6.98999999999999954703e-01,
9.25000000000000000000e+01,5.99999999999999977796e-01,1.40000000000000000000e+01,3.26000000000000011990e-01,7.29999999999999954481e-02,6.98999999999999954703e-01,
9.25000000000000000000e+01,5.99999999999999977796e-01,1.60000000000000000000e+01,3.25000000000000011102e-01,6.19999999999999995559e-02,6.98999999999999954703e-01,
9.25000000000000000000e+01,8.00000000000000044409e-01,2.00000000000000000000e+00,3.22000000000000008438e-01,2.35999999999999987566e-01,9.42999999999999949374e-01,
9.25000000000000000000e+01,8.00000000000000044409e-01,4.00000000000000000000e+00,3.26000000000000011990e-01,1.95000000000000006661e-01,9.42999999999999949374e-01,
9.25000000000000000000e+01,8.00000000000000044409e-01,6.00000000000000000000e+00,3.28000000000000013767e-01,1.68000000000000010436e-01,9.42999999999999949374e-01,
9.25000000000000000000e+01,8.00000000000000044409e-01,8.00000000000000000000e+00,3.29000000000000014655e-01,1.43999999999999989120e-01,9.42999999999999949374e-01,
9.25000000000000000000e+01,8.00000000000000044409e-01,1.00000000000000000000e+01,3.29000000000000014655e-01,1.29000000000000003553e-01,9.42999999999999949374e-01,
9.25000000000000000000e+01,8.00000000000000044409e-01,1.20000000000000000000e+01,3.30000000000000015543e-01,1.11000000000000001443e-01,9.42999999999999949374e-01,
9.25000000000000000000e+01,8.00000000000000044409e-01,1.40000000000000000000e+01,3.30000000000000015543e-01,9.29999999999999993339e-02,9.42999999999999949374e-01,
9.25000000000000000000e+01,8.00000000000000044409e-01,1.60000000000000000000e+01,3.31000000000000016431e-01,8.40000000000000052180e-02,9.42999999999999949374e-01,
9.25000000000000000000e+01,8.00000000000000044409e-01,1.80000000000000000000e+01,3.31000000000000016431e-01,7.69999999999999990008e-02,9.42999999999999949374e-01,
9.25000000000000000000e+01,8.00000000000000044409e-01,2.00000000000000000000e+01,3.31000000000000016431e-01,7.00000000000000066613e-02,9.42999999999999949374e-01,
9.25000000000000000000e+01,8.00000000000000044409e-01,2.20000000000000000000e+01,3.31000000000000016431e-01,6.50000000000000022204e-02,9.42999999999999949374e-01,
9.25000000000000000000e+01,1.00000000000000000000e+00,2.00000000000000000000e+00,3.24000000000000010214e-01,2.45900000000000007461e-01,1.20999999999999996447e+00,
9.25000000000000000000e+01,1.00000000000000000000e+00,4.00000000000000000000e+00,3.29000000000000014655e-01,2.09499999999999991784e-01,1.20999999999999996447e+00,
9.25000000000000000000e+01,1.00000000000000000000e+00,6.00000000000000000000e+00,3.32100000000000006306e-01,1.81100000000000010969e-01,1.20999999999999996447e+00,
9.25000000000000000000e+01,1.00000000000000000000e+00,8.00000000000000000000e+00,3.34199999999999997069e-01,1.55099999999999987876e-01,1.20999999999999996447e+00,
9.25000000000000000000e+01,1.00000000000000000000e+00,1.00000000000000000000e+01,3.35399999999999975930e-01,1.35099999999999997868e-01,1.20999999999999996447e+00,
9.25000000000000000000e+01,1.00000000000000000000e+00,1.20000000000000000000e+01,3.36100000000000009859e-01,1.18099999999999996647e-01,1.20999999999999996447e+00,
9.25000000000000000000e+01,1.00000000000000000000e+00,1.40000000000000000000e+01,3.36799999999999988276e-01,1.01999999999999993450e-01,1.20999999999999996447e+00,
9.25000000000000000000e+01,1.00000000000000000000e+00,1.60000000000000000000e+01,3.36799999999999988276e-01,9.02000000000000023981e-02,1.20999999999999996447e+00,
9.25000000000000000000e+01,1.00000000000000000000e+00,1.80000000000000000000e+01,3.37000000000000021760e-01,8.00000000000000016653e-02,1.20999999999999996447e+00,
9.25000000000000000000e+01,1.00000000000000000000e+00,2.00000000000000000000e+01,3.36000000000000020872e-01,7.00000000000000066613e-02,1.20999999999999996447e+00,
9.25000000000000000000e+01,1.00000000000000000000e+00,2.20000000000000000000e+01,3.36000000000000020872e-01,6.09999999999999986677e-02,1.20999999999999996447e+00,
9.25000000000000000000e+01,2.00000000000000000000e+00,2.00000000000000000000e+00,3.27900000000000024780e-01,2.75399999999999978151e-01,3.12599999999999961231e-02,
9.25000000000000000000e+01,2.00000000000000000000e+00,4.00000000000000000000e+00,3.38200000000000000622e-01,2.49599999999999988542e-01,3.12599999999999961231e-02,
9.25000000000000000000e+01,2.00000000000000000000e+00,6.00000000000000000000e+00,3.46999999999999975131e-01,2.25899999999999989697e-01,3.12599999999999961231e-02,
9.25000000000000000000e+01,2.00000000000000000000e+00,8.00000000000000000000e+00,3.55499999999999982681e-01,2.00300000000000005818e-01,3.12599999999999961231e-02,
9.25000000000000000000e+01,2.00000000000000000000e+00,1.00000000000000000000e+01,3.61700000000000021494e-01,1.79999999999999993339e-01,3.12599999999999961231e-02,
9.25000000000000000000e+01,2.00000000000000000000e+00,1.20000000000000000000e+01,3.66800000000000014921e-01,1.61799999999999999378e-01,3.12599999999999961231e-02,
9.25000000000000000000e+01,2.00000000000000000000e+00,1.40000000000000000000e+01,3.71099999999999985434e-01,1.44900000000000001021e-01,3.12599999999999961231e-02,
9.25000000000000000000e+01,2.00000000000000000000e+00,1.60000000000000000000e+01,3.74800000000000022027e-01,1.31000000000000005329e-01,3.12599999999999961231e-02,
9.25000000000000000000e+01,2.00000000000000000000e+00,1.80000000000000000000e+01,3.77800000000000024691e-01,1.18800000000000002820e-01,3.12599999999999961231e-02,
9.25000000000000000000e+01,2.00000000000000000000e+00,2.00000000000000000000e+01,3.80199999999999982414e-01,1.07999999999999998779e-01,3.12599999999999961231e-02,
9.25000000000000000000e+01,2.00000000000000000000e+00,2.20000000000000000000e+01,3.83000000000000007105e-01,9.60000000000000019984e-02,3.12599999999999961231e-02,
9.25000000000000000000e+01,2.00000000000000000000e+00,2.40000000000000000000e+01,3.86000000000000009770e-01,8.59999999999999931166e-02,3.12599999999999961231e-02,
9.25000000000000000000e+01,2.00000000000000000000e+00,2.60000000000000000000e+01,3.88000000000000011546e-01,7.59999999999999981126e-02,3.12599999999999961231e-02,
9.25000000000000000000e+01,3.00000000000000000000e+00,2.00000000000000000000e+00,3.27199999999999990852e-01,2.86100000000000020961e-01,6.55000000000000026645e-02,
9.25000000000000000000e+01,3.00000000000000000000e+00,4.00000000000000000000e+00,3.40000000000000024425e-01,2.62400000000000022116e-01,6.55000000000000026645e-02,
9.25000000000000000000e+01,3.00000000000000000000e+00,6.00000000000000000000e+00,3.50100000000000022293e-01,2.42499999999999993339e-01,6.55000000000000026645e-02,
9.25000000000000000000e+01,3.00000000000000000000e+00,8.00000000000000000000e+00,3.59800000000000008704e-01,2.23299999999999998490e-01,6.55000000000000026645e-02,
9.25000000000000000000e+01,3.00000000000000000000e+00,1.00000000000000000000e+01,3.68099999999999982769e-01,2.05399999999999999245e-01,6.55000000000000026645e-02,
9.25000000000000000000e+01,3.00000000000000000000e+00,1.20000000000000000000e+01,3.75400000000000011458e-01,1.89799999999999996492e-01,6.55000000000000026645e-02,
9.25000000000000000000e+01,3.00000000000000000000e+00,1.40000000000000000000e+01,3.81799999999999972733e-01,1.75800000000000011813e-01,6.55000000000000026645e-02,
9.25000000000000000000e+01,3.00000000000000000000e+00,1.60000000000000000000e+01,3.87600000000000000089e-01,1.62899999999999989253e-01,6.55000000000000026645e-02,
9.25000000000000000000e+01,3.00000000000000000000e+00,1.80000000000000000000e+01,3.92900000000000027001e-01,1.50600000000000011635e-01,6.55000000000000026645e-02,
9.25000000000000000000e+01,3.00000000000000000000e+00,2.00000000000000000000e+01,3.96899999999999975042e-01,1.41300000000000008926e-01,6.55000000000000026645e-02,
9.25000000000000000000e+01,3.00000000000000000000e+00,2.20000000000000000000e+01,4.01799999999999990496e-01,1.30399999999999988143e-01,6.55000000000000026645e-02,
9.25000000000000000000e+01,3.00000000000000000000e+00,2.40000000000000000000e+01,4.05000000000000026645e-01,1.21999999999999997335e-01,6.55000000000000026645e-02,
9.25000000000000000000e+01,3.00000000000000000000e+00,2.60000000000000000000e+01,4.07999999999999973799e-01,1.14000000000000004108e-01,6.55000000000000026645e-02,
9.25000000000000000000e+01,3.00000000000000000000e+00,2.80000000000000000000e+01,4.13999999999999979128e-01,1.01999999999999993450e-01,6.55000000000000026645e-02,
9.25000000000000000000e+01,3.00000000000000000000e+00,3.00000000000000000000e+01,4.16999999999999981792e-01,9.40000000000000002220e-02,6.55000000000000026645e-02,
9.25000000000000000000e+01,4.00000000000000000000e+00,2.00000000000000000000e+00,3.23099999999999998312e-01,2.95099999999999973443e-01,1.19999999999999995559e-01,
9.25000000000000000000e+01,4.00000000000000000000e+00,4.00000000000000000000e+00,3.34000000000000019096e-01,2.77000000000000023981e-01,1.19999999999999995559e-01,
9.25000000000000000000e+01,4.00000000000000000000e+00,6.00000000000000000000e+00,3.44200000000000005951e-01,2.59500000000000008438e-01,1.19999999999999995559e-01,
9.25000000000000000000e+01,4.00000000000000000000e+00,8.00000000000000000000e+00,3.53300000000000002931e-01,2.43799999999999988942e-01,1.19999999999999995559e-01,
9.25000000000000000000e+01,4.00000000000000000000e+00,1.00000000000000000000e+01,3.60800000000000009592e-01,2.30099999999999998979e-01,1.19999999999999995559e-01,
9.25000000000000000000e+01,4.00000000000000000000e+00,1.20000000000000000000e+01,3.68300000000000016254e-01,2.16200000000000003286e-01,1.19999999999999995559e-01,
9.25000000000000000000e+01,4.00000000000000000000e+00,1.40000000000000000000e+01,3.74800000000000022027e-01,2.03899999999999997913e-01,1.19999999999999995559e-01,
9.25000000000000000000e+01,4.00000000000000000000e+00,1.60000000000000000000e+01,3.80699999999999982858e-01,1.92299999999999998712e-01,1.19999999999999995559e-01,
9.25000000000000000000e+01,4.00000000000000000000e+00,1.80000000000000000000e+01,3.86500000000000010214e-01,1.80199999999999999067e-01,1.19999999999999995559e-01,
9.25000000000000000000e+01,4.00000000000000000000e+00,2.00000000000000000000e+01,3.92600000000000004530e-01,1.67899999999999993694e-01,1.19999999999999995559e-01,
9.25000000000000000000e+01,4.00000000000000000000e+00,2.20000000000000000000e+01,3.96699999999999997069e-01,1.59299999999999997158e-01,1.19999999999999995559e-01,
9.25000000000000000000e+01,4.00000000000000000000e+00,2.40000000000000000000e+01,4.01100000000000012079e-01,1.50400000000000005906e-01,1.19999999999999995559e-01,
9.25000000000000000000e+01,4.00000000000000000000e+00,2.60000000000000000000e+01,4.04799999999999993161e-01,1.42800000000000010258e-01,1.19999999999999995559e-01,
9.25000000000000000000e+01,4.00000000000000000000e+00,2.80000000000000000000e+01,4.08999999999999974687e-01,1.34000000000000007994e-01,1.19999999999999995559e-01,
9.25000000000000000000e+01,4.00000000000000000000e+00,3.00000000000000000000e+01,4.13999999999999979128e-01,1.21999999999999997335e-01,1.19999999999999995559e-01,
9.25000000000000000000e+01,4.00000000000000000000e+00,3.20000000000000000000e+01,4.16999999999999981792e-01,1.15000000000000004996e-01,1.19999999999999995559e-01,
9.25000000000000000000e+01,4.00000000000000000000e+00,3.40000000000000000000e+01,4.18999999999999983569e-01,1.07999999999999998779e-01,1.19999999999999995559e-01,
9.25000000000000000000e+01,5.00000000000000000000e+00,2.00000000000000000000e+00,3.19900000000000017675e-01,3.01900000000000001688e-01,1.97699999999999986855e-01,
9.25000000000000000000e+01,5.00000000000000000000e+00,4.00000000000000000000e+00,3.29799999999999982059e-01,2.86899999999999988365e-01,1.97699999999999986855e-01,
9.25000000000000000000e+01,5.00000000000000000000e+00,6.00000000000000000000e+00,3.39600000000000012967e-01,2.71799999999999986056e-01,1.97699999999999986855e-01,
9.25000000000000000000e+01,5.00000000000000000000e+00,8.00000000000000000000e+00,3.48999999999999976907e-01,2.57000000000000006217e-01,1.97699999999999986855e-01,
9.25000000000000000000e+01,5.00000000000000000000e+00,1.00000000000000000000e+01,3.55999999999999983125e-01,2.45200000000000001288e-01,1.97699999999999986855e-01,
9.25000000000000000000e+01,5.00000000000000000000e+00,1.20000000000000000000e+01,3.63499999999999989786e-01,2.32500000000000012212e-01,1.97699999999999986855e-01,
9.25000000000000000000e+01,5.00000000000000000000e+00,1.40000000000000000000e+01,3.70300000000000018030e-01,2.21099999999999990985e-01,1.97699999999999986855e-01,
9.25000000000000000000e+01,5.00000000000000000000e+00,1.60000000000000000000e+01,3.76300000000000023359e-01,2.10799999999999987388e-01,1.97699999999999986855e-01,
9.25000000000000000000e+01,5.00000000000000000000e+00,1.80000000000000000000e+01,3.82099999999999995204e-01,2.00699999999999989519e-01,1.97699999999999986855e-01,
9.25000000000000000000e+01,5.00000000000000000000e+00,2.00000000000000000000e+01,3.87299999999999977618e-01,1.90899999999999986366e-01,1.97699999999999986855e-01,
9.25000000000000000000e+01,5.00000000000000000000e+00,2.20000000000000000000e+01,3.92400000000000026557e-01,1.81400000000000005684e-01,1.97699999999999986855e-01,
9.25000000000000000000e+01,5.00000000000000000000e+00,2.40000000000000000000e+01,3.96500000000000019096e-01,1.73800000000000010036e-01,1.97699999999999986855e-01,
9.25000000000000000000e+01,5.00000000000000000000e+00,2.60000000000000000000e+01,4.01100000000000012079e-01,1.65200000000000013500e-01,1.97699999999999986855e-01,
9.25000000000000000000e+01,5.00000000000000000000e+00,2.80000000000000000000e+01,4.05000000000000026645e-01,1.57000000000000000666e-01,1.97699999999999986855e-01,
9.25000000000000000000e+01,5.00000000000000000000e+00,3.00000000000000000000e+01,4.08999999999999974687e-01,1.48999999999999993561e-01,1.97699999999999986855e-01,
9.25000000000000000000e+01,5.00000000000000000000e+00,3.20000000000000000000e+01,4.12999999999999978240e-01,1.41999999999999987343e-01,1.97699999999999986855e-01,
9.25000000000000000000e+01,5.00000000000000000000e+00,3.40000000000000000000e+01,4.15999999999999980904e-01,1.35000000000000008882e-01,1.97699999999999986855e-01,
9.25000000000000000000e+01,5.00000000000000000000e+00,3.60000000000000000000e+01,4.20999999999999985345e-01,1.26000000000000000888e-01,1.97699999999999986855e-01,
9.25000000000000000000e+01,6.00000000000000000000e+00,2.00000000000000000000e+00,3.18799999999999972289e-01,3.04800000000000015365e-01,3.00300000000000011369e-01,
9.25000000000000000000e+01,6.00000000000000000000e+00,4.00000000000000000000e+00,3.27199999999999990852e-01,2.92899999999999993694e-01,3.00300000000000011369e-01,
9.25000000000000000000e+01,6.00000000000000000000e+00,6.00000000000000000000e+00,3.36199999999999998845e-01,2.79899999999999982148e-01,3.00300000000000011369e-01,
9.25000000000000000000e+01,6.00000000000000000000e+00,8.00000000000000000000e+00,3.43700000000000005507e-01,2.68799999999999983391e-01,3.00300000000000011369e-01,
9.25000000000000000000e+01,6.00000000000000000000e+00,1.00000000000000000000e+01,3.50899999999999989697e-01,2.57799999999999973621e-01,3.00300000000000011369e-01,
9.25000000000000000000e+01,6.00000000000000000000e+00,1.20000000000000000000e+01,3.58200000000000018385e-01,2.46200000000000002176e-01,3.00300000000000011369e-01,
9.25000000000000000000e+01,6.00000000000000000000e+00,1.40000000000000000000e+01,3.65200000000000024603e-01,2.35499999999999987121e-01,3.00300000000000011369e-01,
9.25000000000000000000e+01,6.00000000000000000000e+00,1.60000000000000000000e+01,3.71800000000000019362e-01,2.25099999999999994538e-01,3.00300000000000011369e-01,
9.25000000000000000000e+01,6.00000000000000000000e+00,1.80000000000000000000e+01,3.77300000000000024247e-01,2.15799999999999991829e-01,3.00300000000000011369e-01,
9.25000000000000000000e+01,6.00000000000000000000e+00,2.00000000000000000000e+01,3.83299999999999974065e-01,2.05600000000000004974e-01,3.00300000000000011369e-01,
9.25000000000000000000e+01,6.00000000000000000000e+00,2.20000000000000000000e+01,3.87699999999999989075e-01,1.97800000000000003597e-01,3.00300000000000011369e-01,
9.25000000000000000000e+01,6.00000000000000000000e+00,2.40000000000000000000e+01,3.92699999999999993516e-01,1.89200000000000007061e-01,3.00300000000000011369e-01,
9.25000000000000000000e+01,6.00000000000000000000e+00,2.60000000000000000000e+01,3.97000000000000019540e-01,1.80999999999999994227e-01,3.00300000000000011369e-01,
9.25000000000000000000e+01,6.00000000000000000000e+00,2.80000000000000000000e+01,4.01000000000000023093e-01,1.73999999999999988010e-01,3.00300000000000011369e-01,
9.25000000000000000000e+01,6.00000000000000000000e+00,3.00000000000000000000e+01,4.06000000000000027534e-01,1.66000000000000008660e-01,3.00300000000000011369e-01,
9.25000000000000000000e+01,6.00000000000000000000e+00,3.20000000000000000000e+01,4.09999999999999975575e-01,1.59000000000000002442e-01,3.00300000000000011369e-01,
9.25000000000000000000e+01,6.00000000000000000000e+00,3.40000000000000000000e+01,4.12999999999999978240e-01,1.52999999999999997113e-01,3.00300000000000011369e-01,
9.25000000000000000000e+01,6.00000000000000000000e+00,3.60000000000000000000e+01,4.15999999999999980904e-01,1.47999999999999992673e-01,3.00300000000000011369e-01,
9.25000000000000000000e+01,7.00000000000000000000e+00,2.00000000000000000000e+00,3.17000000000000003997e-01,3.07599999999999984546e-01,4.30600000000000038280e-01,
9.25000000000000000000e+01,7.00000000000000000000e+00,4.00000000000000000000e+00,3.25400000000000022560e-01,2.97099999999999975220e-01,4.30600000000000038280e-01,
9.25000000000000000000e+01,7.00000000000000000000e+00,6.00000000000000000000e+00,3.33799999999999985612e-01,2.85399999999999987033e-01,4.30600000000000038280e-01,
9.25000000000000000000e+01,7.00000000000000000000e+00,8.00000000000000000000e+00,3.41700000000000003730e-01,2.74500000000000021760e-01,4.30600000000000038280e-01,
9.25000000000000000000e+01,7.00000000000000000000e+00,1.00000000000000000000e+01,3.48700000000000009948e-01,2.64799999999999979838e-01,4.30600000000000038280e-01,
9.25000000000000000000e+01,7.00000000000000000000e+00,1.20000000000000000000e+01,3.55499999999999982681e-01,2.54500000000000003997e-01,4.30600000000000038280e-01,
9.25000000000000000000e+01,7.00000000000000000000e+00,1.40000000000000000000e+01,3.61999999999999988454e-01,2.44799999999999989830e-01,4.30600000000000038280e-01,
9.25000000000000000000e+01,7.00000000000000000000e+00,1.60000000000000000000e+01,3.68800000000000016698e-01,2.34199999999999991518e-01,4.30600000000000038280e-01,
9.25000000000000000000e+01,7.00000000000000000000e+00,1.80000000000000000000e+01,3.75099999999999988987e-01,2.24099999999999993650e-01,4.30600000000000038280e-01,
9.25000000000000000000e+01,7.00000000000000000000e+00,2.00000000000000000000e+01,3.81099999999999994316e-01,2.14299999999999990496e-01,4.30600000000000038280e-01,
9.25000000000000000000e+01,7.00000000000000000000e+00,2.20000000000000000000e+01,3.85000000000000008882e-01,2.05999999999999988676e-01,4.30600000000000038280e-01,
9.25000000000000000000e+01,7.00000000000000000000e+00,2.40000000000000000000e+01,3.89000000000000012434e-01,2.00000000000000011102e-01,4.30600000000000038280e-01,
9.25000000000000000000e+01,7.00000000000000000000e+00,2.60000000000000000000e+01,3.94000000000000016875e-01,1.92000000000000003997e-01,4.30600000000000038280e-01,
9.25000000000000000000e+01,7.00000000000000000000e+00,2.80000000000000000000e+01,3.98000000000000020428e-01,1.83999999999999996891e-01,4.30600000000000038280e-01,
9.25000000000000000000e+01,7.00000000000000000000e+00,3.00000000000000000000e+01,4.02000000000000023981e-01,1.77999999999999991562e-01,4.30600000000000038280e-01,
9.25000000000000000000e+01,8.00000000000000000000e+00,2.00000000000000000000e+00,3.15400000000000013678e-01,3.09999999999999997780e-01,5.90999999999999969802e-01,
9.25000000000000000000e+01,8.00000000000000000000e+00,4.00000000000000000000e+00,3.23900000000000021227e-01,2.99999999999999988898e-01,5.90999999999999969802e-01,
9.25000000000000000000e+01,8.00000000000000000000e+00,6.00000000000000000000e+00,3.32699999999999995737e-01,2.89800000000000002043e-01,5.90999999999999969802e-01,
9.25000000000000000000e+01,8.00000000000000000000e+00,8.00000000000000000000e+00,3.40600000000000013856e-01,2.79299999999999992717e-01,5.90999999999999969802e-01,
9.25000000000000000000e+01,8.00000000000000000000e+00,1.00000000000000000000e+01,3.47899999999999987033e-01,2.69899999999999973266e-01,5.90999999999999969802e-01,
9.25000000000000000000e+01,8.00000000000000000000e+00,1.20000000000000000000e+01,3.55200000000000015721e-01,2.59400000000000019451e-01,5.90999999999999969802e-01,
9.25000000000000000000e+01,8.00000000000000000000e+00,1.40000000000000000000e+01,3.62099999999999977440e-01,2.49599999999999988542e-01,5.90999999999999969802e-01,
9.25000000000000000000e+01,8.00000000000000000000e+00,1.60000000000000000000e+01,3.68999999999999994671e-01,2.39999999999999991118e-01,5.90999999999999969802e-01,
9.25000000000000000000e+01,8.00000000000000000000e+00,1.80000000000000000000e+01,3.72999999999999998224e-01,2.33000000000000012657e-01,5.90999999999999969802e-01,
9.25000000000000000000e+01,8.00000000000000000000e+00,2.00000000000000000000e+01,3.79000000000000003553e-01,2.24000000000000004663e-01,5.90999999999999969802e-01,
9.25000000000000000000e+01,8.00000000000000000000e+00,2.20000000000000000000e+01,3.85000000000000008882e-01,2.14999999999999996669e-01,5.90999999999999969802e-01,
9.25000000000000000000e+01,8.00000000000000000000e+00,2.40000000000000000000e+01,3.89000000000000012434e-01,2.05999999999999988676e-01,5.90999999999999969802e-01,
9.25000000000000000000e+01,8.00000000000000000000e+00,2.60000000000000000000e+01,3.94000000000000016875e-01,1.97000000000000008438e-01,5.90999999999999969802e-01,
9.25000000000000000000e+01,9.00000000000000000000e+00,2.00000000000000000000e+00,3.14900000000000013234e-01,3.10800000000000020695e-01,7.86599999999999965894e-01,
9.25000000000000000000e+01,9.00000000000000000000e+00,4.00000000000000000000e+00,3.23400000000000020783e-01,3.00999999999999989786e-01,7.86599999999999965894e-01,
9.25000000000000000000e+01,9.00000000000000000000e+00,6.00000000000000000000e+00,3.32199999999999995293e-01,2.90999999999999980904e-01,7.86599999999999965894e-01,
9.25000000000000000000e+01,9.00000000000000000000e+00,8.00000000000000000000e+00,3.40000000000000024425e-01,2.80000000000000026645e-01,7.86599999999999965894e-01,
9.25000000000000000000e+01,9.00000000000000000000e+00,1.00000000000000000000e+01,3.48999999999999976907e-01,2.71000000000000018652e-01,7.86599999999999965894e-01,
9.25000000000000000000e+01,9.00000000000000000000e+00,1.20000000000000000000e+01,3.55999999999999983125e-01,2.61000000000000009770e-01,7.86599999999999965894e-01,
9.25000000000000000000e+01,9.00000000000000000000e+00,1.40000000000000000000e+01,3.63999999999999990230e-01,2.51000000000000000888e-01,7.86599999999999965894e-01,
9.25000000000000000000e+01,9.00000000000000000000e+00,1.60000000000000000000e+01,3.70999999999999996447e-01,2.42999999999999993783e-01,7.86599999999999965894e-01,
9.25000000000000000000e+01,1.00000000000000000000e+01,2.00000000000000000000e+00,3.15000000000000002220e-01,3.10999999999999998668e-01,1.02569999999999983409e+00,
9.25000000000000000000e+01,1.00000000000000000000e+01,4.00000000000000000000e+00,3.23000000000000009326e-01,3.00999999999999989786e-01,1.02569999999999983409e+00,
9.25000000000000000000e+01,1.00000000000000000000e+01,6.00000000000000000000e+00,3.32000000000000017319e-01,2.90999999999999980904e-01,1.02569999999999983409e+00,
9.25000000000000000000e+01,1.00000000000000000000e+01,8.00000000000000000000e+00,3.39000000000000023537e-01,2.81999999999999972911e-01,1.02569999999999983409e+00,
9.25000000000000000000e+01,1.00000000000000000000e+01,1.00000000000000000000e+01,3.43999999999999972466e-01,2.75000000000000022204e-01,1.02569999999999983409e+00,
9.50000000000000000000e+01,2.00000000000000011102e-01,2.00000000000000000000e+00,3.37000000000000021760e-01,1.42999999999999988232e-01,2.36999999999999988454e-01,
9.50000000000000000000e+01,2.00000000000000011102e-01,4.00000000000000000000e+00,3.41000000000000025313e-01,1.05999999999999997002e-01,2.36999999999999988454e-01,
9.50000000000000000000e+01,2.00000000000000011102e-01,6.00000000000000000000e+00,3.42000000000000026201e-01,8.40000000000000052180e-02,2.36999999999999988454e-01,
9.50000000000000000000e+01,2.00000000000000011102e-01,8.00000000000000000000e+00,3.42000000000000026201e-01,6.90000000000000057732e-02,2.36999999999999988454e-01,
9.50000000000000000000e+01,4.00000000000000022204e-01,2.00000000000000000000e+00,3.37000000000000021760e-01,1.99000000000000010214e-01,4.67000000000000026201e-01,
9.50000000000000000000e+01,4.00000000000000022204e-01,4.00000000000000000000e+00,3.43999999999999972466e-01,1.58000000000000001554e-01,4.67000000000000026201e-01,
9.50000000000000000000e+01,4.00000000000000022204e-01,6.00000000000000000000e+00,3.47999999999999976019e-01,1.31000000000000005329e-01,4.67000000000000026201e-01,
9.50000000000000000000e+01,4.00000000000000022204e-01,8.00000000000000000000e+00,3.49999999999999977796e-01,1.05999999999999997002e-01,4.67000000000000026201e-01,
9.50000000000000000000e+01,4.00000000000000022204e-01,1.00000000000000000000e+01,3.52999999999999980460e-01,8.20000000000000034417e-02,4.67000000000000026201e-01,
9.50000000000000000000e+01,4.00000000000000022204e-01,1.20000000000000000000e+01,3.52999999999999980460e-01,7.00000000000000066613e-02,4.67000000000000026201e-01,
9.50000000000000000000e+01,5.99999999999999977796e-01,2.00000000000000000000e+00,3.37000000000000021760e-01,2.26000000000000006439e-01,6.98999999999999954703e-01,
9.50000000000000000000e+01,5.99999999999999977796e-01,4.00000000000000000000e+00,3.46999999999999975131e-01,1.89000000000000001332e-01,6.98999999999999954703e-01,
9.50000000000000000000e+01,5.99999999999999977796e-01,6.00000000000000000000e+00,3.53999999999999981348e-01,1.59000000000000002442e-01,6.98999999999999954703e-01,
9.50000000000000000000e+01,5.99999999999999977796e-01,8.00000000000000000000e+00,3.58999999999999985789e-01,1.35000000000000008882e-01,6.98999999999999954703e-01,
9.50000000000000000000e+01,5.99999999999999977796e-01,1.00000000000000000000e+01,3.62999999999999989342e-01,1.14000000000000004108e-01,6.98999999999999954703e-01,
9.50000000000000000000e+01,5.99999999999999977796e-01,1.20000000000000000000e+01,3.65999999999999992006e-01,9.90000000000000046629e-02,6.98999999999999954703e-01,
9.50000000000000000000e+01,5.99999999999999977796e-01,1.40000000000000000000e+01,3.69999999999999995559e-01,8.00000000000000016653e-02,6.98999999999999954703e-01,
9.50000000000000000000e+01,5.99999999999999977796e-01,1.60000000000000000000e+01,3.72999999999999998224e-01,6.80000000000000048850e-02,6.98999999999999954703e-01,
9.50000000000000000000e+01,8.00000000000000044409e-01,2.00000000000000000000e+00,3.36000000000000020872e-01,2.42999999999999993783e-01,9.42999999999999949374e-01,
9.50000000000000000000e+01,8.00000000000000044409e-01,4.00000000000000000000e+00,3.46999999999999975131e-01,2.05999999999999988676e-01,9.42999999999999949374e-01,
9.50000000000000000000e+01,8.00000000000000044409e-01,6.00000000000000000000e+00,3.54999999999999982236e-01,1.78999999999999992450e-01,9.42999999999999949374e-01,
9.50000000000000000000e+01,8.00000000000000044409e-01,8.00000000000000000000e+00,3.61999999999999988454e-01,1.53999999999999998002e-01,9.42999999999999949374e-01,
9.50000000000000000000e+01,8.00000000000000044409e-01,1.00000000000000000000e+01,3.65999999999999992006e-01,1.39000000000000012434e-01,9.42999999999999949374e-01,
9.50000000000000000000e+01,8.00000000000000044409e-01,1.20000000000000000000e+01,3.69999999999999995559e-01,1.19999999999999995559e-01,9.42999999999999949374e-01,
9.50000000000000000000e+01,8.00000000000000044409e-01,1.40000000000000000000e+01,3.72999999999999998224e-01,1.04999999999999996114e-01,9.42999999999999949374e-01,
9.50000000000000000000e+01,8.00000000000000044409e-01,1.60000000000000000000e+01,3.76000000000000000888e-01,9.40000000000000002220e-02,9.42999999999999949374e-01,
9.50000000000000000000e+01,8.00000000000000044409e-01,1.80000000000000000000e+01,3.78000000000000002665e-01,8.59999999999999931166e-02,9.42999999999999949374e-01,
9.50000000000000000000e+01,8.00000000000000044409e-01,2.00000000000000000000e+01,3.79000000000000003553e-01,8.10000000000000025535e-02,9.42999999999999949374e-01,
9.50000000000000000000e+01,1.00000000000000000000e+00,2.00000000000000000000e+00,3.37799999999999989164e-01,2.54199999999999981526e-01,1.20999999999999996447e+00,
9.50000000000000000000e+01,1.00000000000000000000e+00,4.00000000000000000000e+00,3.50300000000000000266e-01,2.19599999999999989653e-01,1.20999999999999996447e+00,
9.50000000000000000000e+01,1.00000000000000000000e+00,6.00000000000000000000e+00,3.58800000000000007816e-01,1.92000000000000003997e-01,1.20999999999999996447e+00,
9.50000000000000000000e+01,1.00000000000000000000e+00,8.00000000000000000000e+00,3.65999999999999992006e-01,1.66199999999999986633e-01,1.20999999999999996447e+00,
9.50000000000000000000e+01,1.00000000000000000000e+00,1.00000000000000000000e+01,3.72699999999999975753e-01,1.45800000000000012923e-01,1.20999999999999996447e+00,
9.50000000000000000000e+01,1.00000000000000000000e+00,1.20000000000000000000e+01,3.77199999999999979750e-01,1.28299999999999997380e-01,1.20999999999999996447e+00,
9.50000000000000000000e+01,1.00000000000000000000e+00,1.40000000000000000000e+01,3.81099999999999994316e-01,1.13799999999999998379e-01,1.20999999999999996447e+00,
9.50000000000000000000e+01,1.00000000000000000000e+00,1.60000000000000000000e+01,3.84000000000000007994e-01,1.01999999999999993450e-01,1.20999999999999996447e+00,
9.50000000000000000000e+01,1.00000000000000000000e+00,1.80000000000000000000e+01,3.86000000000000009770e-01,9.19999999999999984457e-02,1.20999999999999996447e+00,
9.50000000000000000000e+01,1.00000000000000000000e+00,2.00000000000000000000e+01,3.89000000000000012434e-01,7.90000000000000007772e-02,1.20999999999999996447e+00,
9.50000000000000000000e+01,2.00000000000000000000e+00,2.00000000000000000000e+00,3.38299999999999989608e-01,2.82899999999999984812e-01,3.12599999999999961231e-02,
9.50000000000000000000e+01,2.00000000000000000000e+00,4.00000000000000000000e+00,3.55800000000000005151e-01,2.59699999999999986411e-01,3.12599999999999961231e-02,
9.50000000000000000000e+01,2.00000000000000000000e+00,6.00000000000000000000e+00,3.70800000000000018474e-01,2.37999999999999989342e-01,3.12599999999999961231e-02,
9.50000000000000000000e+01,2.00000000000000000000e+00,8.00000000000000000000e+00,3.85799999999999976286e-01,2.13999999999999995781e-01,3.12599999999999961231e-02,
9.50000000000000000000e+01,2.00000000000000000000e+00,1.00000000000000000000e+01,3.97100000000000008527e-01,1.93899999999999989031e-01,3.12599999999999961231e-02,
9.50000000000000000000e+01,2.00000000000000000000e+00,1.20000000000000000000e+01,4.07999999999999973799e-01,1.76400000000000001243e-01,3.12599999999999961231e-02,
9.50000000000000000000e+01,2.00000000000000000000e+00,1.40000000000000000000e+01,4.17999999999999982681e-01,1.59799999999999997602e-01,3.12599999999999961231e-02,
9.50000000000000000000e+01,2.00000000000000000000e+00,1.60000000000000000000e+01,4.26900000000000001688e-01,1.45400000000000001465e-01,3.12599999999999961231e-02,
9.50000000000000000000e+01,2.00000000000000000000e+00,1.80000000000000000000e+01,4.33800000000000018918e-01,1.34000000000000007994e-01,3.12599999999999961231e-02,
9.50000000000000000000e+01,2.00000000000000000000e+00,2.00000000000000000000e+01,4.42000000000000003997e-01,1.20999999999999996447e-01,3.12599999999999961231e-02,
9.50000000000000000000e+01,2.00000000000000000000e+00,2.20000000000000000000e+01,4.48000000000000009326e-01,1.10000000000000000555e-01,3.12599999999999961231e-02,
9.50000000000000000000e+01,3.00000000000000000000e+00,2.00000000000000000000e+00,3.37000000000000021760e-01,2.93999999999999983569e-01,6.55000000000000026645e-02,
9.50000000000000000000e+01,3.00000000000000000000e+00,4.00000000000000000000e+00,3.58599999999999974332e-01,2.74199999999999999289e-01,6.55000000000000026645e-02,
9.50000000000000000000e+01,3.00000000000000000000e+00,6.00000000000000000000e+00,3.76500000000000001332e-01,2.56900000000000017231e-01,6.55000000000000026645e-02,
9.50000000000000000000e+01,3.00000000000000000000e+00,8.00000000000000000000e+00,3.93000000000000015987e-01,2.39499999999999990674e-01,6.55000000000000026645e-02,
9.50000000000000000000e+01,3.00000000000000000000e+00,1.00000000000000000000e+01,4.07299999999999995381e-01,2.23500000000000004219e-01,6.55000000000000026645e-02,
9.50000000000000000000e+01,3.00000000000000000000e+00,1.20000000000000000000e+01,4.19899999999999995470e-01,2.08900000000000002354e-01,6.55000000000000026645e-02,
9.50000000000000000000e+01,3.00000000000000000000e+00,1.40000000000000000000e+01,4.31300000000000016698e-01,1.94399999999999989475e-01,6.55000000000000026645e-02,
9.50000000000000000000e+01,3.00000000000000000000e+00,1.60000000000000000000e+01,4.41800000000000026024e-01,1.80900000000000005240e-01,6.55000000000000026645e-02,
9.50000000000000000000e+01,3.00000000000000000000e+00,1.80000000000000000000e+01,4.50299999999999978062e-01,1.69500000000000011768e-01,6.55000000000000026645e-02,
9.50000000000000000000e+01,3.00000000000000000000e+00,2.00000000000000000000e+01,4.57699999999999995737e-01,1.59299999999999997158e-01,6.55000000000000026645e-02,
9.50000000000000000000e+01,3.00000000000000000000e+00,2.20000000000000000000e+01,4.67000000000000026201e-01,1.44999999999999990008e-01,6.55000000000000026645e-02,
9.50000000000000000000e+01,3.00000000000000000000e+00,2.40000000000000000000e+01,4.71999999999999975131e-01,1.36000000000000009770e-01,6.55000000000000026645e-02,
9.50000000000000000000e+01,3.00000000000000000000e+00,2.60000000000000000000e+01,4.78999999999999981348e-01,1.27000000000000001776e-01,6.55000000000000026645e-02,
9.50000000000000000000e+01,4.00000000000000000000e+00,2.00000000000000000000e+00,3.31000000000000016431e-01,3.00999999999999989786e-01,1.19999999999999995559e-01,
9.50000000000000000000e+01,4.00000000000000000000e+00,4.00000000000000000000e+00,3.49100000000000021405e-01,2.87200000000000010836e-01,1.19999999999999995559e-01,
9.50000000000000000000e+01,4.00000000000000000000e+00,6.00000000000000000000e+00,3.67099999999999981881e-01,2.73299999999999987388e-01,1.19999999999999995559e-01,
9.50000000000000000000e+01,4.00000000000000000000e+00,8.00000000000000000000e+00,3.83299999999999974065e-01,2.60000000000000008882e-01,1.19999999999999995559e-01,
9.50000000000000000000e+01,4.00000000000000000000e+00,1.00000000000000000000e+01,3.96000000000000018652e-01,2.48900000000000010125e-01,1.19999999999999995559e-01,
9.50000000000000000000e+01,4.00000000000000000000e+00,1.20000000000000000000e+01,4.10399999999999987033e-01,2.36100000000000004308e-01,1.19999999999999995559e-01,
9.50000000000000000000e+01,4.00000000000000000000e+00,1.40000000000000000000e+01,4.22499999999999986677e-01,2.24899999999999988809e-01,1.19999999999999995559e-01,
9.50000000000000000000e+01,4.00000000000000000000e+00,1.60000000000000000000e+01,4.33900000000000007905e-01,2.13900000000000006795e-01,1.19999999999999995559e-01,
9.50000000000000000000e+01,4.00000000000000000000e+00,1.80000000000000000000e+01,4.45500000000000007105e-01,2.02300000000000007594e-01,1.19999999999999995559e-01,
9.50000000000000000000e+01,4.00000000000000000000e+00,2.00000000000000000000e+01,4.57100000000000006306e-01,1.90599999999999991651e-01,1.19999999999999995559e-01,
9.50000000000000000000e+01,4.00000000000000000000e+00,2.20000000000000000000e+01,4.65600000000000013856e-01,1.82100000000000011857e-01,1.19999999999999995559e-01,
9.50000000000000000000e+01,4.00000000000000000000e+00,2.40000000000000000000e+01,4.72999999999999976019e-01,1.71999999999999986233e-01,1.19999999999999995559e-01,
9.50000000000000000000e+01,4.00000000000000000000e+00,2.60000000000000000000e+01,4.81999999999999984013e-01,1.62000000000000005107e-01,1.19999999999999995559e-01,
9.50000000000000000000e+01,4.00000000000000000000e+00,2.80000000000000000000e+01,4.88999999999999990230e-01,1.53999999999999998002e-01,1.19999999999999995559e-01,
9.50000000000000000000e+01,4.00000000000000000000e+00,3.00000000000000000000e+01,4.98999999999999999112e-01,1.42999999999999988232e-01,1.19999999999999995559e-01,
9.50000000000000000000e+01,5.00000000000000000000e+00,2.00000000000000000000e+00,3.25600000000000000533e-01,3.06499999999999994671e-01,1.97699999999999986855e-01,
9.50000000000000000000e+01,5.00000000000000000000e+00,4.00000000000000000000e+00,3.42100000000000015188e-01,2.95399999999999995914e-01,1.97699999999999986855e-01,
9.50000000000000000000e+01,5.00000000000000000000e+00,6.00000000000000000000e+00,3.58499999999999985345e-01,2.84200000000000008171e-01,1.97699999999999986855e-01,
9.50000000000000000000e+01,5.00000000000000000000e+00,8.00000000000000000000e+00,3.74800000000000022027e-01,2.72899999999999975930e-01,1.97699999999999986855e-01,
9.50000000000000000000e+01,5.00000000000000000000e+00,1.00000000000000000000e+01,3.88000000000000011546e-01,2.63000000000000011546e-01,1.97699999999999986855e-01,
9.50000000000000000000e+01,5.00000000000000000000e+00,1.20000000000000000000e+01,4.02200000000000001954e-01,2.52300000000000024247e-01,1.97699999999999986855e-01,
9.50000000000000000000e+01,5.00000000000000000000e+00,1.40000000000000000000e+01,4.14200000000000012612e-01,2.42799999999999988054e-01,1.97699999999999986855e-01,
9.50000000000000000000e+01,5.00000000000000000000e+00,1.60000000000000000000e+01,4.26099999999999978773e-01,2.33100000000000001643e-01,1.97699999999999986855e-01,
9.50000000000000000000e+01,5.00000000000000000000e+00,1.80000000000000000000e+01,4.37199999999999977529e-01,2.24200000000000010392e-01,1.97699999999999986855e-01,
9.50000000000000000000e+01,5.00000000000000000000e+00,2.00000000000000000000e+01,4.48400000000000020783e-01,2.14999999999999996669e-01,1.97699999999999986855e-01,
9.50000000000000000000e+01,5.00000000000000000000e+00,2.20000000000000000000e+01,4.58100000000000007194e-01,2.06800000000000011591e-01,1.97699999999999986855e-01,
9.50000000000000000000e+01,5.00000000000000000000e+00,2.40000000000000000000e+01,4.68299999999999994049e-01,1.97800000000000003597e-01,1.97699999999999986855e-01,
9.50000000000000000000e+01,5.00000000000000000000e+00,2.60000000000000000000e+01,4.75999999999999978684e-01,1.90000000000000002220e-01,1.97699999999999986855e-01,
9.50000000000000000000e+01,5.00000000000000000000e+00,2.80000000000000000000e+01,4.82999999999999984901e-01,1.82999999999999996003e-01,1.97699999999999986855e-01,
9.50000000000000000000e+01,5.00000000000000000000e+00,3.00000000000000000000e+01,4.90999999999999992006e-01,1.75999999999999989786e-01,1.97699999999999986855e-01,
9.50000000000000000000e+01,5.00000000000000000000e+00,3.20000000000000000000e+01,4.97999999999999998224e-01,1.69000000000000011324e-01,1.97699999999999986855e-01,
9.50000000000000000000e+01,6.00000000000000000000e+00,2.00000000000000000000e+00,3.23199999999999987299e-01,3.08499999999999996447e-01,3.00300000000000011369e-01,
9.50000000000000000000e+01,6.00000000000000000000e+00,4.00000000000000000000e+00,3.37100000000000010747e-01,3.00099999999999977884e-01,3.00300000000000011369e-01,
9.50000000000000000000e+01,6.00000000000000000000e+00,6.00000000000000000000e+00,3.51999999999999979572e-01,2.90399999999999991473e-01,3.00300000000000011369e-01,
9.50000000000000000000e+01,6.00000000000000000000e+00,8.00000000000000000000e+00,3.64800000000000013145e-01,2.81999999999999972911e-01,3.00300000000000011369e-01,
9.50000000000000000000e+01,6.00000000000000000000e+00,1.00000000000000000000e+01,3.76900000000000012790e-01,2.73799999999999987832e-01,3.00300000000000011369e-01,
9.50000000000000000000e+01,6.00000000000000000000e+00,1.20000000000000000000e+01,3.90000000000000013323e-01,2.64600000000000001865e-01,3.00300000000000011369e-01,
9.50000000000000000000e+01,6.00000000000000000000e+00,1.40000000000000000000e+01,4.02299999999999990941e-01,2.55199999999999982414e-01,3.00300000000000011369e-01,
9.50000000000000000000e+01,6.00000000000000000000e+00,1.60000000000000000000e+01,4.13600000000000023181e-01,2.46700000000000002620e-01,3.00300000000000011369e-01,
9.50000000000000000000e+01,6.00000000000000000000e+00,1.80000000000000000000e+01,4.24499999999999988454e-01,2.38199999999999995071e-01,3.00300000000000011369e-01,
9.50000000000000000000e+01,6.00000000000000000000e+00,2.00000000000000000000e+01,4.36800000000000021583e-01,2.28300000000000002931e-01,3.00300000000000011369e-01,
9.50000000000000000000e+01,6.00000000000000000000e+00,2.20000000000000000000e+01,4.44900000000000017675e-01,2.21899999999999986144e-01,3.00300000000000011369e-01,
9.50000000000000000000e+01,6.00000000000000000000e+00,2.40000000000000000000e+01,4.52000000000000012879e-01,2.14999999999999996669e-01,3.00300000000000011369e-01,
9.50000000000000000000e+01,6.00000000000000000000e+00,2.60000000000000000000e+01,4.62000000000000021760e-01,2.06999999999999989564e-01,3.00300000000000011369e-01,
9.50000000000000000000e+01,6.00000000000000000000e+00,2.80000000000000000000e+01,4.68000000000000027089e-01,2.01000000000000011990e-01,3.00300000000000011369e-01,
9.50000000000000000000e+01,6.00000000000000000000e+00,3.00000000000000000000e+01,4.73999999999999976907e-01,1.96000000000000007550e-01,3.00300000000000011369e-01,
9.50000000000000000000e+01,6.00000000000000000000e+00,3.20000000000000000000e+01,4.80999999999999983125e-01,1.89000000000000001332e-01,3.00300000000000011369e-01,
9.50000000000000000000e+01,7.00000000000000000000e+00,2.00000000000000000000e+00,3.20599999999999996092e-01,3.10400000000000009237e-01,4.30600000000000038280e-01,
9.50000000000000000000e+01,7.00000000000000000000e+00,4.00000000000000000000e+00,3.33199999999999996181e-01,3.03200000000000025047e-01,4.30600000000000038280e-01,
9.50000000000000000000e+01,7.00000000000000000000e+00,6.00000000000000000000e+00,3.46999999999999975131e-01,2.94899999999999995470e-01,4.30600000000000038280e-01,
9.50000000000000000000e+01,7.00000000000000000000e+00,8.00000000000000000000e+00,3.60300000000000009148e-01,2.86899999999999988365e-01,4.30600000000000038280e-01,
9.50000000000000000000e+01,7.00000000000000000000e+00,1.00000000000000000000e+01,3.71300000000000018918e-01,2.79799999999999993161e-01,4.30600000000000038280e-01,
9.50000000000000000000e+01,7.00000000000000000000e+00,1.20000000000000000000e+01,3.84099999999999996980e-01,2.71000000000000018652e-01,4.30600000000000038280e-01,
9.50000000000000000000e+01,7.00000000000000000000e+00,1.40000000000000000000e+01,3.95799999999999985167e-01,2.62799999999999978062e-01,4.30600000000000038280e-01,
9.50000000000000000000e+01,7.00000000000000000000e+00,1.60000000000000000000e+01,4.07600000000000017852e-01,2.54000000000000003553e-01,4.30600000000000038280e-01,
9.50000000000000000000e+01,7.00000000000000000000e+00,1.80000000000000000000e+01,4.18600000000000027622e-01,2.45900000000000007461e-01,4.30600000000000038280e-01,
9.50000000000000000000e+01,7.00000000000000000000e+00,2.00000000000000000000e+01,4.25999999999999989786e-01,2.38999999999999990230e-01,4.30600000000000038280e-01,
9.50000000000000000000e+01,7.00000000000000000000e+00,2.20000000000000000000e+01,4.35999999999999998668e-01,2.32000000000000011768e-01,4.30600000000000038280e-01,
9.50000000000000000000e+01,7.00000000000000000000e+00,2.40000000000000000000e+01,4.43000000000000004885e-01,2.26000000000000006439e-01,4.30600000000000038280e-01,
9.50000000000000000000e+01,7.00000000000000000000e+00,2.60000000000000000000e+01,4.52000000000000012879e-01,2.16999999999999998446e-01,4.30600000000000038280e-01,
9.50000000000000000000e+01,7.00000000000000000000e+00,2.80000000000000000000e+01,4.60000000000000019984e-01,2.10999999999999993117e-01,4.30600000000000038280e-01,
9.50000000000000000000e+01,8.00000000000000000000e+00,2.00000000000000000000e+00,3.18000000000000004885e-01,3.11999999999999999556e-01,5.90999999999999969802e-01,
9.50000000000000000000e+01,8.00000000000000000000e+00,4.00000000000000000000e+00,3.30799999999999982947e-01,3.05200000000000026823e-01,5.90999999999999969802e-01,
9.50000000000000000000e+01,8.00000000000000000000e+00,6.00000000000000000000e+00,3.43999999999999972466e-01,2.97800000000000009148e-01,5.90999999999999969802e-01,
9.50000000000000000000e+01,8.00000000000000000000e+00,8.00000000000000000000e+00,3.56999999999999984013e-01,2.89999999999999980016e-01,5.90999999999999969802e-01,
9.50000000000000000000e+01,8.00000000000000000000e+00,1.00000000000000000000e+01,3.68499999999999994227e-01,2.82799999999999995826e-01,5.90999999999999969802e-01,
9.50000000000000000000e+01,8.00000000000000000000e+00,1.20000000000000000000e+01,3.81799999999999972733e-01,2.74199999999999999289e-01,5.90999999999999969802e-01,
9.50000000000000000000e+01,8.00000000000000000000e+00,1.40000000000000000000e+01,3.93000000000000015987e-01,2.67000000000000015099e-01,5.90999999999999969802e-01,
9.50000000000000000000e+01,8.00000000000000000000e+00,1.60000000000000000000e+01,4.02000000000000023981e-01,2.60000000000000008882e-01,5.90999999999999969802e-01,
9.50000000000000000000e+01,8.00000000000000000000e+00,1.80000000000000000000e+01,4.10999999999999976463e-01,2.53000000000000002665e-01,5.90999999999999969802e-01,
9.50000000000000000000e+01,8.00000000000000000000e+00,2.00000000000000000000e+01,4.19999999999999984457e-01,2.44999999999999995559e-01,5.90999999999999969802e-01,
9.50000000000000000000e+01,8.00000000000000000000e+00,2.20000000000000000000e+01,4.28999999999999992450e-01,2.36999999999999988454e-01,5.90999999999999969802e-01,
9.50000000000000000000e+01,8.00000000000000000000e+00,2.40000000000000000000e+01,4.36999999999999999556e-01,2.30000000000000009992e-01,5.90999999999999969802e-01,
9.50000000000000000000e+01,9.00000000000000000000e+00,2.00000000000000000000e+00,3.17199999999999981970e-01,3.12599999999999988987e-01,7.86599999999999965894e-01,
9.50000000000000000000e+01,9.00000000000000000000e+00,4.00000000000000000000e+00,3.30100000000000004530e-01,3.05999999999999994227e-01,7.86599999999999965894e-01,
9.50000000000000000000e+01,9.00000000000000000000e+00,6.00000000000000000000e+00,3.43100000000000016076e-01,2.98800000000000010036e-01,7.86599999999999965894e-01,
9.50000000000000000000e+01,9.00000000000000000000e+00,8.00000000000000000000e+00,3.54999999999999982236e-01,2.91999999999999981792e-01,7.86599999999999965894e-01,
9.50000000000000000000e+01,9.00000000000000000000e+00,1.00000000000000000000e+01,3.67999999999999993783e-01,2.83999999999999974687e-01,7.86599999999999965894e-01,
9.50000000000000000000e+01,9.00000000000000000000e+00,1.20000000000000000000e+01,3.80000000000000004441e-01,2.76000000000000023093e-01,7.86599999999999965894e-01,
9.50000000000000000000e+01,9.00000000000000000000e+00,1.40000000000000000000e+01,3.89000000000000012434e-01,2.69000000000000016875e-01,7.86599999999999965894e-01,
9.50000000000000000000e+01,9.00000000000000000000e+00,1.60000000000000000000e+01,4.00000000000000022204e-01,2.63000000000000011546e-01,7.86599999999999965894e-01,
9.50000000000000000000e+01,1.00000000000000000000e+01,2.00000000000000000000e+00,3.18000000000000004885e-01,3.13000000000000000444e-01,1.02569999999999983409e+00,
9.50000000000000000000e+01,1.00000000000000000000e+01,4.00000000000000000000e+00,3.32000000000000017319e-01,3.06999999999999995115e-01,1.02569999999999983409e+00,
9.50000000000000000000e+01,1.00000000000000000000e+01,6.00000000000000000000e+00,3.44999999999999973355e-01,2.99999999999999988898e-01,1.02569999999999983409e+00,
9.50000000000000000000e+01,1.00000000000000000000e+01,8.00000000000000000000e+00,3.54999999999999982236e-01,2.92999999999999982681e-01,1.02569999999999983409e+00,
9.50000000000000000000e+01,1.00000000000000000000e+01,1.00000000000000000000e+01,3.62999999999999989342e-01,2.87999999999999978240e-01,1.02569999999999983409e+00,
9.75000000000000000000e+01,2.00000000000000011102e-01,2.00000000000000000000e+00,3.69999999999999995559e-01,1.51999999999999996225e-01,2.36999999999999988454e-01,
9.75000000000000000000e+01,2.00000000000000011102e-01,4.00000000000000000000e+00,3.81000000000000005329e-01,1.15000000000000004996e-01,2.36999999999999988454e-01,
9.75000000000000000000e+01,2.00000000000000011102e-01,6.00000000000000000000e+00,3.88000000000000011546e-01,9.29999999999999993339e-02,2.36999999999999988454e-01,
9.75000000000000000000e+01,2.00000000000000011102e-01,8.00000000000000000000e+00,3.93000000000000015987e-01,7.69999999999999990008e-02,2.36999999999999988454e-01,
9.75000000000000000000e+01,4.00000000000000022204e-01,2.00000000000000000000e+00,3.59999999999999986677e-01,2.08999999999999991340e-01,4.67000000000000026201e-01,
9.75000000000000000000e+01,4.00000000000000022204e-01,4.00000000000000000000e+00,3.73999999999999999112e-01,1.69000000000000011324e-01,4.67000000000000026201e-01,
9.75000000000000000000e+01,4.00000000000000022204e-01,6.00000000000000000000e+00,3.84000000000000007994e-01,1.40999999999999986455e-01,4.67000000000000026201e-01,
9.75000000000000000000e+01,4.00000000000000022204e-01,8.00000000000000000000e+00,3.91000000000000014211e-01,1.17000000000000006772e-01,4.67000000000000026201e-01,
9.75000000000000000000e+01,4.00000000000000022204e-01,1.00000000000000000000e+01,3.98000000000000020428e-01,8.99999999999999966693e-02,4.67000000000000026201e-01,
9.75000000000000000000e+01,5.99999999999999977796e-01,2.00000000000000000000e+00,3.54999999999999982236e-01,2.35999999999999987566e-01,6.98999999999999954703e-01,
9.75000000000000000000e+01,5.99999999999999977796e-01,4.00000000000000000000e+00,3.72999999999999998224e-01,2.00000000000000011102e-01,6.98999999999999954703e-01,
9.75000000000000000000e+01,5.99999999999999977796e-01,6.00000000000000000000e+00,3.87000000000000010658e-01,1.70000000000000012212e-01,6.98999999999999954703e-01,
9.75000000000000000000e+01,5.99999999999999977796e-01,8.00000000000000000000e+00,3.97000000000000019540e-01,1.45999999999999990896e-01,6.98999999999999954703e-01,
9.75000000000000000000e+01,5.99999999999999977796e-01,1.00000000000000000000e+01,4.06000000000000027534e-01,1.23999999999999999112e-01,6.98999999999999954703e-01,
9.75000000000000000000e+01,5.99999999999999977796e-01,1.20000000000000000000e+01,4.12999999999999978240e-01,1.05999999999999997002e-01,6.98999999999999954703e-01,
9.75000000000000000000e+01,5.99999999999999977796e-01,1.40000000000000000000e+01,4.20999999999999985345e-01,8.69999999999999940048e-02,6.98999999999999954703e-01,
9.75000000000000000000e+01,8.00000000000000044409e-01,2.00000000000000000000e+00,3.49999999999999977796e-01,2.51000000000000000888e-01,9.42999999999999949374e-01,
9.75000000000000000000e+01,8.00000000000000044409e-01,4.00000000000000000000e+00,3.68999999999999994671e-01,2.16999999999999998446e-01,9.42999999999999949374e-01,
9.75000000000000000000e+01,8.00000000000000044409e-01,6.00000000000000000000e+00,3.84000000000000007994e-01,1.90000000000000002220e-01,9.42999999999999949374e-01,
9.75000000000000000000e+01,8.00000000000000044409e-01,8.00000000000000000000e+00,3.97000000000000019540e-01,1.65000000000000007772e-01,9.42999999999999949374e-01,
9.75000000000000000000e+01,8.00000000000000044409e-01,1.00000000000000000000e+01,4.05000000000000026645e-01,1.48999999999999993561e-01,9.42999999999999949374e-01,
9.75000000000000000000e+01,8.00000000000000044409e-01,1.20000000000000000000e+01,4.12999999999999978240e-01,1.32000000000000006217e-01,9.42999999999999949374e-01,
9.75000000000000000000e+01,8.00000000000000044409e-01,1.40000000000000000000e+01,4.20999999999999985345e-01,1.15000000000000004996e-01,9.42999999999999949374e-01,
9.75000000000000000000e+01,8.00000000000000044409e-01,1.60000000000000000000e+01,4.26999999999999990674e-01,1.03999999999999995226e-01,9.42999999999999949374e-01,
9.75000000000000000000e+01,1.00000000000000000000e+00,2.00000000000000000000e+00,3.49799999999999999822e-01,2.61699999999999988187e-01,1.20999999999999996447e+00,
9.75000000000000000000e+01,1.00000000000000000000e+00,4.00000000000000000000e+00,3.70499999999999996003e-01,2.30000000000000009992e-01,1.20999999999999996447e+00,
9.75000000000000000000e+01,1.00000000000000000000e+00,6.00000000000000000000e+00,3.86500000000000010214e-01,2.03600000000000003197e-01,1.20999999999999996447e+00,
9.75000000000000000000e+01,1.00000000000000000000e+00,8.00000000000000000000e+00,4.00500000000000022649e-01,1.79299999999999987166e-01,1.20999999999999996447e+00,
9.75000000000000000000e+01,1.00000000000000000000e+00,1.00000000000000000000e+01,4.13200000000000011724e-01,1.58000000000000001554e-01,1.20999999999999996447e+00,
9.75000000000000000000e+01,1.00000000000000000000e+00,1.20000000000000000000e+01,4.23999999999999988010e-01,1.40000000000000013323e-01,1.20999999999999996447e+00,
9.75000000000000000000e+01,1.00000000000000000000e+00,1.40000000000000000000e+01,4.32999999999999996003e-01,1.25000000000000000000e-01,1.20999999999999996447e+00,
9.75000000000000000000e+01,1.00000000000000000000e+00,1.60000000000000000000e+01,4.40000000000000002220e-01,1.13000000000000003220e-01,1.20999999999999996447e+00,
9.75000000000000000000e+01,2.00000000000000000000e+00,2.00000000000000000000e+00,3.45899999999999985256e-01,2.89200000000000012612e-01,3.12599999999999961231e-02,
9.75000000000000000000e+01,2.00000000000000000000e+00,4.00000000000000000000e+00,3.70199999999999973532e-01,2.68299999999999982947e-01,3.12599999999999961231e-02,
9.75000000000000000000e+01,2.00000000000000000000e+00,6.00000000000000000000e+00,3.91799999999999981615e-01,2.48999999999999999112e-01,3.12599999999999961231e-02,
9.75000000000000000000e+01,2.00000000000000000000e+00,8.00000000000000000000e+00,4.13700000000000012168e-01,2.27599999999999996758e-01,3.12599999999999961231e-02,
9.75000000000000000000e+01,2.00000000000000000000e+00,1.00000000000000000000e+01,4.32099999999999984102e-01,2.08199999999999996181e-01,3.12599999999999961231e-02,
9.75000000000000000000e+01,2.00000000000000000000e+00,1.20000000000000000000e+01,4.48099999999999998312e-01,1.90299999999999996936e-01,3.12599999999999961231e-02,
9.75000000000000000000e+01,2.00000000000000000000e+00,1.40000000000000000000e+01,4.62399999999999977707e-01,1.73699999999999993294e-01,3.12599999999999961231e-02,
9.75000000000000000000e+01,2.00000000000000000000e+00,1.60000000000000000000e+01,4.74399999999999988365e-01,1.59500000000000002887e-01,3.12599999999999961231e-02,
9.75000000000000000000e+01,2.00000000000000000000e+00,1.80000000000000000000e+01,4.84999999999999986677e-01,1.45999999999999990896e-01,3.12599999999999961231e-02,
9.75000000000000000000e+01,2.00000000000000000000e+00,2.00000000000000000000e+01,4.96999999999999997335e-01,1.32000000000000006217e-01,3.12599999999999961231e-02,
9.75000000000000000000e+01,3.00000000000000000000e+00,2.00000000000000000000e+00,3.44999999999999973355e-01,3.00099999999999977884e-01,6.55000000000000026645e-02,
9.75000000000000000000e+01,3.00000000000000000000e+00,4.00000000000000000000e+00,3.73900000000000010125e-01,2.85100000000000020073e-01,6.55000000000000026645e-02,
9.75000000000000000000e+01,3.00000000000000000000e+00,6.00000000000000000000e+00,3.99000000000000021316e-01,2.70799999999999985167e-01,6.55000000000000026645e-02,
9.75000000000000000000e+01,3.00000000000000000000e+00,8.00000000000000000000e+00,4.23399999999999998579e-01,2.55599999999999993872e-01,6.55000000000000026645e-02,
9.75000000000000000000e+01,3.00000000000000000000e+00,1.00000000000000000000e+01,4.44500000000000006217e-01,2.41900000000000003908e-01,6.55000000000000026645e-02,
9.75000000000000000000e+01,3.00000000000000000000e+00,1.20000000000000000000e+01,4.65399999999999980371e-01,2.27300000000000002043e-01,6.55000000000000026645e-02,
9.75000000000000000000e+01,3.00000000000000000000e+00,1.40000000000000000000e+01,4.83099999999999973888e-01,2.13999999999999995781e-01,6.55000000000000026645e-02,
9.75000000000000000000e+01,3.00000000000000000000e+00,1.60000000000000000000e+01,4.99099999999999988098e-01,2.01100000000000000977e-01,6.55000000000000026645e-02,
9.75000000000000000000e+01,3.00000000000000000000e+00,1.80000000000000000000e+01,5.13000000000000011546e-01,1.89299999999999996048e-01,6.55000000000000026645e-02,
9.75000000000000000000e+01,3.00000000000000000000e+00,2.00000000000000000000e+01,5.28000000000000024869e-01,1.77999999999999991562e-01,6.55000000000000026645e-02,
9.75000000000000000000e+01,3.00000000000000000000e+00,2.20000000000000000000e+01,5.42000000000000037303e-01,1.65000000000000007772e-01,6.55000000000000026645e-02,
9.75000000000000000000e+01,4.00000000000000000000e+00,2.00000000000000000000e+00,3.37100000000000010747e-01,3.06099999999999983213e-01,1.19999999999999995559e-01,
9.75000000000000000000e+01,4.00000000000000000000e+00,4.00000000000000000000e+00,3.61200000000000021050e-01,2.96300000000000007816e-01,1.19999999999999995559e-01,
9.75000000000000000000e+01,4.00000000000000000000e+00,6.00000000000000000000e+00,3.85000000000000008882e-01,2.85899999999999987477e-01,1.19999999999999995559e-01,
9.75000000000000000000e+01,4.00000000000000000000e+00,8.00000000000000000000e+00,4.07200000000000006395e-01,2.75000000000000022204e-01,1.19999999999999995559e-01,
9.75000000000000000000e+01,4.00000000000000000000e+00,1.00000000000000000000e+01,4.25900000000000000799e-01,2.65100000000000002309e-01,1.19999999999999995559e-01,
9.75000000000000000000e+01,4.00000000000000000000e+00,1.20000000000000000000e+01,4.45000000000000006661e-01,2.54099999999999992539e-01,1.19999999999999995559e-01,
9.75000000000000000000e+01,4.00000000000000000000e+00,1.40000000000000000000e+01,4.62899999999999978151e-01,2.43699999999999999956e-01,1.19999999999999995559e-01,
9.75000000000000000000e+01,4.00000000000000000000e+00,1.60000000000000000000e+01,4.79899999999999993250e-01,2.32899999999999995914e-01,1.19999999999999995559e-01,
9.75000000000000000000e+01,4.00000000000000000000e+00,1.80000000000000000000e+01,4.96499999999999996891e-01,2.21700000000000008171e-01,1.19999999999999995559e-01,
9.75000000000000000000e+01,4.00000000000000000000e+00,2.00000000000000000000e+01,5.13000000000000011546e-01,2.10100000000000008971e-01,1.19999999999999995559e-01,
9.75000000000000000000e+01,4.00000000000000000000e+00,2.20000000000000000000e+01,5.23000000000000020428e-01,2.02000000000000012879e-01,1.19999999999999995559e-01,
9.75000000000000000000e+01,4.00000000000000000000e+00,2.40000000000000000000e+01,5.36000000000000031974e-01,1.92000000000000003997e-01,1.19999999999999995559e-01,
9.75000000000000000000e+01,4.00000000000000000000e+00,2.60000000000000000000e+01,5.49000000000000043521e-01,1.80999999999999994227e-01,1.19999999999999995559e-01,
9.75000000000000000000e+01,5.00000000000000000000e+00,2.00000000000000000000e+00,3.29600000000000004086e-01,3.09800000000000019806e-01,1.97699999999999986855e-01,
9.75000000000000000000e+01,5.00000000000000000000e+00,4.00000000000000000000e+00,3.51499999999999979128e-01,3.02400000000000002132e-01,1.97699999999999986855e-01,
9.75000000000000000000e+01,5.00000000000000000000e+00,6.00000000000000000000e+00,3.72599999999999986766e-01,2.94099999999999972555e-01,1.97699999999999986855e-01,
9.75000000000000000000e+01,5.00000000000000000000e+00,8.00000000000000000000e+00,3.93199999999999993960e-01,2.85200000000000009059e-01,1.97699999999999986855e-01,
9.75000000000000000000e+01,5.00000000000000000000e+00,1.00000000000000000000e+01,4.10799999999999998490e-01,2.77299999999999990941e-01,1.97699999999999986855e-01,
9.75000000000000000000e+01,5.00000000000000000000e+00,1.20000000000000000000e+01,4.30300000000000015810e-01,2.67500000000000015543e-01,1.97699999999999986855e-01,
9.75000000000000000000e+01,5.00000000000000000000e+00,1.40000000000000000000e+01,4.45400000000000018119e-01,2.59599999999999997424e-01,1.97699999999999986855e-01,
9.75000000000000000000e+01,5.00000000000000000000e+00,1.60000000000000000000e+01,4.61699999999999999289e-01,2.50599999999999989431e-01,1.97699999999999986855e-01,
9.75000000000000000000e+01,5.00000000000000000000e+00,1.80000000000000000000e+01,4.76100000000000023181e-01,2.42100000000000009637e-01,1.97699999999999986855e-01,
9.75000000000000000000e+01,5.00000000000000000000e+00,2.00000000000000000000e+01,4.91499999999999992450e-01,2.33000000000000012657e-01,1.97699999999999986855e-01,
9.75000000000000000000e+01,5.00000000000000000000e+00,2.20000000000000000000e+01,5.04499999999999948486e-01,2.24799999999999999822e-01,1.97699999999999986855e-01,
9.75000000000000000000e+01,5.00000000000000000000e+00,2.40000000000000000000e+01,5.17000000000000015099e-01,2.16999999999999998446e-01,1.97699999999999986855e-01,
9.75000000000000000000e+01,5.00000000000000000000e+00,2.60000000000000000000e+01,5.26000000000000023093e-01,2.09999999999999992228e-01,1.97699999999999986855e-01,
9.75000000000000000000e+01,5.00000000000000000000e+00,2.80000000000000000000e+01,5.36000000000000031974e-01,2.03999999999999986899e-01,1.97699999999999986855e-01,
9.75000000000000000000e+01,5.00000000000000000000e+00,3.00000000000000000000e+01,5.46000000000000040856e-01,1.97000000000000008438e-01,1.97699999999999986855e-01,
9.75000000000000000000e+01,6.00000000000000000000e+00,2.00000000000000000000e+00,3.26100000000000000977e-01,3.11300000000000021139e-01,3.00300000000000011369e-01,
9.75000000000000000000e+01,6.00000000000000000000e+00,4.00000000000000000000e+00,3.43899999999999983480e-01,3.05599999999999982769e-01,3.00300000000000011369e-01,
9.75000000000000000000e+01,6.00000000000000000000e+00,6.00000000000000000000e+00,3.63499999999999989786e-01,2.98700000000000021050e-01,3.00300000000000011369e-01,
9.75000000000000000000e+01,6.00000000000000000000e+00,8.00000000000000000000e+00,3.79099999999999992539e-01,2.92899999999999993694e-01,3.00300000000000011369e-01,
9.75000000000000000000e+01,6.00000000000000000000e+00,1.00000000000000000000e+01,3.96000000000000018652e-01,2.85999999999999976463e-01,3.00300000000000011369e-01,
9.75000000000000000000e+01,6.00000000000000000000e+00,1.20000000000000000000e+01,4.12499999999999977796e-01,2.78399999999999980815e-01,3.00300000000000011369e-01,
9.75000000000000000000e+01,6.00000000000000000000e+00,1.40000000000000000000e+01,4.28499999999999992006e-01,2.70500000000000018208e-01,3.00300000000000011369e-01,
9.75000000000000000000e+01,6.00000000000000000000e+00,1.60000000000000000000e+01,4.44799999999999973177e-01,2.62199999999999988631e-01,3.00300000000000011369e-01,
9.75000000000000000000e+01,6.00000000000000000000e+00,1.80000000000000000000e+01,4.58100000000000007194e-01,2.54900000000000015454e-01,3.00300000000000011369e-01,
9.75000000000000000000e+01,6.00000000000000000000e+00,2.00000000000000000000e+01,4.73499999999999976463e-01,2.46400000000000007905e-01,3.00300000000000011369e-01,
9.75000000000000000000e+01,6.00000000000000000000e+00,2.20000000000000000000e+01,4.85999999999999987566e-01,2.39999999999999991118e-01,3.00300000000000011369e-01,
9.75000000000000000000e+01,6.00000000000000000000e+00,2.40000000000000000000e+01,4.95999999999999996447e-01,2.33000000000000012657e-01,3.00300000000000011369e-01,
9.75000000000000000000e+01,6.00000000000000000000e+00,2.60000000000000000000e+01,5.05000000000000004441e-01,2.27000000000000007327e-01,3.00300000000000011369e-01,
9.75000000000000000000e+01,6.00000000000000000000e+00,2.80000000000000000000e+01,5.13000000000000011546e-01,2.21000000000000001998e-01,3.00300000000000011369e-01,
9.75000000000000000000e+01,6.00000000000000000000e+00,3.00000000000000000000e+01,5.19000000000000016875e-01,2.15999999999999997558e-01,3.00300000000000011369e-01,
9.75000000000000000000e+01,7.00000000000000000000e+00,2.00000000000000000000e+00,3.23199999999999987299e-01,3.12500000000000000000e-01,4.30600000000000038280e-01,
9.75000000000000000000e+01,7.00000000000000000000e+00,4.00000000000000000000e+00,3.38899999999999979039e-01,3.07900000000000007017e-01,4.30600000000000038280e-01,
9.75000000000000000000e+01,7.00000000000000000000e+00,6.00000000000000000000e+00,3.56200000000000016609e-01,3.02200000000000024158e-01,4.30600000000000038280e-01,
9.75000000000000000000e+01,7.00000000000000000000e+00,8.00000000000000000000e+00,3.72199999999999975309e-01,2.96300000000000007816e-01,4.30600000000000038280e-01,
9.75000000000000000000e+01,7.00000000000000000000e+00,1.00000000000000000000e+01,3.87099999999999999645e-01,2.90600000000000024958e-01,4.30600000000000038280e-01,
9.75000000000000000000e+01,7.00000000000000000000e+00,1.20000000000000000000e+01,4.04000000000000025757e-01,2.83399999999999985256e-01,4.30600000000000038280e-01,
9.75000000000000000000e+01,7.00000000000000000000e+00,1.40000000000000000000e+01,4.19499999999999984013e-01,2.76200000000000001066e-01,4.30600000000000038280e-01,
9.75000000000000000000e+01,7.00000000000000000000e+00,1.60000000000000000000e+01,4.34599999999999986322e-01,2.68899999999999972378e-01,4.30600000000000038280e-01,
9.75000000000000000000e+01,7.00000000000000000000e+00,1.80000000000000000000e+01,4.48000000000000009326e-01,2.61000000000000009770e-01,4.30600000000000038280e-01,
9.75000000000000000000e+01,7.00000000000000000000e+00,2.00000000000000000000e+01,4.60000000000000019984e-01,2.55000000000000004441e-01,4.30600000000000038280e-01,
9.75000000000000000000e+01,7.00000000000000000000e+00,2.20000000000000000000e+01,4.70999999999999974243e-01,2.48999999999999999112e-01,4.30600000000000038280e-01,
9.75000000000000000000e+01,7.00000000000000000000e+00,2.40000000000000000000e+01,4.80999999999999983125e-01,2.42999999999999993783e-01,4.30600000000000038280e-01,
9.75000000000000000000e+01,7.00000000000000000000e+00,2.60000000000000000000e+01,4.90999999999999992006e-01,2.35999999999999987566e-01,4.30600000000000038280e-01,
9.75000000000000000000e+01,8.00000000000000000000e+00,2.00000000000000000000e+00,3.20000000000000006661e-01,3.13599999999999989875e-01,5.90999999999999969802e-01,
9.75000000000000000000e+01,8.00000000000000000000e+00,4.00000000000000000000e+00,3.36000000000000020872e-01,3.09199999999999974865e-01,5.90999999999999969802e-01,
9.75000000000000000000e+01,8.00000000000000000000e+00,6.00000000000000000000e+00,3.52100000000000024070e-01,3.04200000000000025935e-01,5.90999999999999969802e-01,
9.75000000000000000000e+01,8.00000000000000000000e+00,8.00000000000000000000e+00,3.68200000000000027267e-01,2.98300000000000009592e-01,5.90999999999999969802e-01,
9.75000000000000000000e+01,8.00000000000000000000e+00,1.00000000000000000000e+01,3.83000000000000007105e-01,2.92999999999999982681e-01,5.90999999999999969802e-01,
9.75000000000000000000e+01,8.00000000000000000000e+00,1.20000000000000000000e+01,4.00200000000000000178e-01,2.85899999999999987477e-01,5.90999999999999969802e-01,
9.75000000000000000000e+01,8.00000000000000000000e+00,1.40000000000000000000e+01,4.13999999999999979128e-01,2.80000000000000026645e-01,5.90999999999999969802e-01,
9.75000000000000000000e+01,8.00000000000000000000e+00,1.60000000000000000000e+01,4.25999999999999989786e-01,2.74000000000000021316e-01,5.90999999999999969802e-01,
9.75000000000000000000e+01,8.00000000000000000000e+00,1.80000000000000000000e+01,4.38000000000000000444e-01,2.67000000000000015099e-01,5.90999999999999969802e-01,
9.75000000000000000000e+01,8.00000000000000000000e+00,2.00000000000000000000e+01,4.49000000000000010214e-01,2.61000000000000009770e-01,5.90999999999999969802e-01,
9.75000000000000000000e+01,8.00000000000000000000e+00,2.20000000000000000000e+01,4.60000000000000019984e-01,2.55000000000000004441e-01,5.90999999999999969802e-01,
9.75000000000000000000e+01,9.00000000000000000000e+00,2.00000000000000000000e+00,3.19000000000000005773e-01,3.14099999999999990319e-01,7.86599999999999965894e-01,
9.75000000000000000000e+01,9.00000000000000000000e+00,4.00000000000000000000e+00,3.35000000000000019984e-01,3.09900000000000008793e-01,7.86599999999999965894e-01,
9.75000000000000000000e+01,9.00000000000000000000e+00,6.00000000000000000000e+00,3.51200000000000012168e-01,3.05200000000000026823e-01,7.86599999999999965894e-01,
9.75000000000000000000e+01,9.00000000000000000000e+00,8.00000000000000000000e+00,3.63999999999999990230e-01,2.99999999999999988898e-01,7.86599999999999965894e-01,
9.75000000000000000000e+01,9.00000000000000000000e+00,1.00000000000000000000e+01,3.82000000000000006217e-01,2.94999999999999984457e-01,7.86599999999999965894e-01,
9.75000000000000000000e+01,9.00000000000000000000e+00,1.20000000000000000000e+01,3.97000000000000019540e-01,2.88999999999999979128e-01,7.86599999999999965894e-01,
9.75000000000000000000e+01,9.00000000000000000000e+00,1.40000000000000000000e+01,4.09999999999999975575e-01,2.83999999999999974687e-01,7.86599999999999965894e-01,
9.75000000000000000000e+01,1.00000000000000000000e+01,2.00000000000000000000e+00,3.20000000000000006661e-01,3.14000000000000001332e-01,1.02569999999999983409e+00,
9.75000000000000000000e+01,1.00000000000000000000e+01,4.00000000000000000000e+00,3.35000000000000019984e-01,3.09999999999999997780e-01,1.02569999999999983409e+00,
9.75000000000000000000e+01,1.00000000000000000000e+01,6.00000000000000000000e+00,3.50999999999999978684e-01,3.04999999999999993339e-01,1.02569999999999983409e+00,
9.75000000000000000000e+01,1.00000000000000000000e+01,8.00000000000000000000e+00,3.64999999999999991118e-01,3.00999999999999989786e-01,1.02569999999999983409e+00,
